  0
SECTION
  2
HEADER
  9
$ACADVER
  1
AC1032
  9
$ACADMAINTVER
 90
       55
  9
$DWGCODEPAGE
  3
ANSI_1251
  9
$LASTSAVEDBY
  1
Lecoo
  9
$REQUIREDVERSIONS
160
                 0
  9
$INSBASE
 10
0.0
 20
0.0
 30
0.0
  9
$EXTMIN
 10
1.000000000000000E+20
 20
1.000000000000000E+20
 30
1.000000000000000E+20
  9
$EXTMAX
 10
0.0
 20
0.0
 30
0.0
  9
$LIMMIN
 10
-122.046360753302
 20
7158.928639246698
  9
$LIMMAX
 10
7115.096360753301
 20
14396.0713607533
  9
$ORTHOMODE
 70
     0
  9
$REGENMODE
 70
     1
  9
$FILLMODE
 70
     1
  9
$QTEXTMODE
 70
     0
  9
$MIRRTEXT
 70
     0
  9
$LTSCALE
 40
1.0
  9
$ATTMODE
 70
     1
  9
$TEXTSIZE
 40
1.0
  9
$TRACEWID
 40
0.05
  9
$TEXTSTYLE
  7
Standard
  9
$CLAYER
  8
0
  9
$CELTYPE
  6
Continuous
  9
$CECOLOR
 62
     7
  9
$CELTSCALE
 40
0.4
  9
$DISPSILH
 70
     0
  9
$DIMSCALE
 40
1.0
  9
$DIMASZ
 40
1.0
  9
$DIMEXO
 40
0.5
  9
$DIMDLI
 40
0.0
  9
$DIMRND
 40
0.0
  9
$DIMDLE
 40
0.0
  9
$DIMEXE
 40
0.5
  9
$DIMTP
 40
0.0
  9
$DIMTM
 40
0.0
  9
$DIMTXT
 40
1.0
  9
$DIMCEN
 40
0.09
  9
$DIMTSZ
 40
0.0
  9
$DIMTOL
 70
     0
  9
$DIMLIM
 70
     0
  9
$DIMTIH
 70
     0
  9
$DIMTOH
 70
     0
  9
$DIMSE1
 70
     0
  9
$DIMSE2
 70
     0
  9
$DIMTAD
 70
     1
  9
$DIMZIN
 70
    11
  9
$DIMBLK
  1
TerminatorOpen_0.5
  9
$DIMASO
 70
     1
  9
$DIMSHO
 70
     1
  9
$DIMPOST
  1

  9
$DIMAPOST
  1

  9
$DIMALT
 70
     0
  9
$DIMALTD
 70
     4
  9
$DIMALTF
 40
25.4
  9
$DIMLFAC
 40
1.0
  9
$DIMTOFL
 70
     0
  9
$DIMTVP
 40
0.0
  9
$DIMTIX
 70
     0
  9
$DIMSOXD
 70
     0
  9
$DIMSAH
 70
     0
  9
$DIMBLK1
  1

  9
$DIMBLK2
  1

  9
$DIMSTYLE
  2
Standard
  9
$DIMCLRD
 70
     0
  9
$DIMCLRE
 70
     0
  9
$DIMCLRT
 70
     0
  9
$DIMTFAC
 40
1.0
  9
$DIMGAP
 40
0.5
  9
$DIMJUST
 70
     0
  9
$DIMSD1
 70
     0
  9
$DIMSD2
 70
     0
  9
$DIMTOLJ
 70
     1
  9
$DIMTZIN
 70
    11
  9
$DIMALTZ
 70
    15
  9
$DIMALTTZ
 70
    15
  9
$DIMUPT
 70
     0
  9
$DIMDEC
 70
     4
  9
$DIMTDEC
 70
     4
  9
$DIMALTU
 70
     2
  9
$DIMALTTD
 70
     4
  9
$DIMTXSTY
  7
Style-RUSSIAN_1251
  9
$DIMAUNIT
 70
     0
  9
$DIMADEC
 70
     4
  9
$DIMALTRND
 40
0.0
  9
$DIMAZIN
 70
     3
  9
$DIMDSEP
 70
    46
  9
$DIMATFIT
 70
     1
  9
$DIMFRAC
 70
     0
  9
$DIMLDRBLK
  1
TerminatorOpen_0.5
  9
$DIMLUNIT
 70
     2
  9
$DIMLWD
 70
    -2
  9
$DIMLWE
 70
    -2
  9
$DIMTMOVE
 70
     0
  9
$DIMFXL
 40
1.0
  9
$DIMFXLON
 70
     0
  9
$DIMJOGANG
 40
0.7853981633974483
  9
$DIMTFILL
 70
     0
  9
$DIMTFILLCLR
 70
     0
  9
$DIMARCSYM
 70
     0
  9
$DIMLTYPE
  6

  9
$DIMLTEX1
  6

  9
$DIMLTEX2
  6

  9
$DIMTXTDIRECTION
 70
     0
  9
$LUNITS
 70
     2
  9
$LUPREC
 70
     6
  9
$SKETCHINC
 40
0.1
  9
$FILLETRAD
 40
0.0
  9
$AUNITS
 70
     0
  9
$AUPREC
 70
     4
  9
$MENU
  1
.
  9
$ELEVATION
 40
0.0
  9
$PELEVATION
 40
0.0
  9
$THICKNESS
 40
0.0
  9
$LIMCHECK
 70
     0
  9
$CHAMFERA
 40
0.0
  9
$CHAMFERB
 40
0.0
  9
$CHAMFERC
 40
0.0
  9
$CHAMFERD
 40
0.0
  9
$SKPOLY
 70
     0
  9
$TDCREATE
 40
2454144.903024017
  9
$TDUCREATE
 40
2454144.778024017
  9
$TDUPDATE
 40
2461308.661829781
  9
$TDUUPDATE
 40
2461308.536829781
  9
$TDINDWG
 40
0.0803733912
  9
$TDUSRTIMER
 40
0.080373206
  9
$USRTIMER
 70
     1
  9
$ANGBASE
 50
0.0
  9
$ANGDIR
 70
     0
  9
$PDMODE
 70
     0
  9
$PDSIZE
 40
0.0
  9
$PLINEWID
 40
0.0
  9
$SPLFRAME
 70
     0
  9
$SPLINETYPE
 70
     6
  9
$SPLINESEGS
 70
     8
  9
$HANDSEED
  5
1791
  9
$SURFTAB1
 70
     6
  9
$SURFTAB2
 70
     6
  9
$SURFTYPE
 70
     6
  9
$SURFU
 70
     6
  9
$SURFV
 70
     6
  9
$UCSBASE
  2

  9
$UCSNAME
  2

  9
$UCSORG
 10
0.0
 20
0.0
 30
0.0
  9
$UCSXDIR
 10
1.0
 20
0.0
 30
0.0
  9
$UCSYDIR
 10
0.0
 20
1.0
 30
0.0
  9
$UCSORTHOREF
  2

  9
$UCSORTHOVIEW
 70
     0
  9
$UCSORGTOP
 10
0.0
 20
0.0
 30
0.0
  9
$UCSORGBOTTOM
 10
0.0
 20
0.0
 30
0.0
  9
$UCSORGLEFT
 10
0.0
 20
0.0
 30
0.0
  9
$UCSORGRIGHT
 10
0.0
 20
0.0
 30
0.0
  9
$UCSORGFRONT
 10
0.0
 20
0.0
 30
0.0
  9
$UCSORGBACK
 10
0.0
 20
0.0
 30
0.0
  9
$PUCSBASE
  2

  9
$PUCSNAME
  2

  9
$PUCSORG
 10
0.0
 20
0.0
 30
0.0
  9
$PUCSXDIR
 10
1.0
 20
0.0
 30
0.0
  9
$PUCSYDIR
 10
0.0
 20
1.0
 30
0.0
  9
$PUCSORTHOREF
  2

  9
$PUCSORTHOVIEW
 70
     0
  9
$PUCSORGTOP
 10
0.0
 20
0.0
 30
0.0
  9
$PUCSORGBOTTOM
 10
0.0
 20
0.0
 30
0.0
  9
$PUCSORGLEFT
 10
0.0
 20
0.0
 30
0.0
  9
$PUCSORGRIGHT
 10
0.0
 20
0.0
 30
0.0
  9
$PUCSORGFRONT
 10
0.0
 20
0.0
 30
0.0
  9
$PUCSORGBACK
 10
0.0
 20
0.0
 30
0.0
  9
$USERI1
 70
     0
  9
$USERI2
 70
     0
  9
$USERI3
 70
     0
  9
$USERI4
 70
     0
  9
$USERI5
 70
     0
  9
$USERR1
 40
0.0
  9
$USERR2
 40
0.0
  9
$USERR3
 40
0.0
  9
$USERR4
 40
0.0
  9
$USERR5
 40
0.0
  9
$WORLDVIEW
 70
     1
  9
$SHADEDGE
 70
     3
  9
$SHADEDIF
 70
    70
  9
$TILEMODE
 70
     1
  9
$MAXACTVP
 70
    64
  9
$PINSBASE
 10
0.0
 20
0.0
 30
0.0
  9
$PLIMCHECK
 70
     0
  9
$PEXTMIN
 10
1.049999952316284
 20
0.7999999523162842
 30
0.0
  9
$PEXTMAX
 10
9.449999570846556
 20
7.199999570846557
 30
0.0
  9
$PLIMMIN
 10
-0.2500002402958907
 20
-0.2499999962453767
  9
$PLIMMAX
 10
10.74999951940822
 20
8.249999763458732
  9
$UNITMODE
 70
     0
  9
$VISRETAIN
 70
     1
  9
$PLINEGEN
 70
     0
  9
$PSLTSCALE
 70
     0
  9
$TREEDEPTH
 70
  3020
  9
$CMLSTYLE
  2
ТРУБА_4_БД_20М_ПР200
  9
$CMLJUST
 70
     0
  9
$CMLSCALE
 40
1.0
  9
$PROXYGRAPHICS
 70
     1
  9
$MEASUREMENT
 70
     0
  9
$CELWEIGHT
370
    -1
  9
$ENDCAPS
280
     0
  9
$JOINSTYLE
280
     0
  9
$LWDISPLAY
290
     1
  9
$INSUNITS
 70
     6
  9
$HYPERLINKBASE
  1

  9
$STYLESHEET
  1

  9
$XEDIT
290
     1
  9
$CEPSNTYPE
380
     0
  9
$PSTYLEMODE
290
     1
  9
$FINGERPRINTGUID
  2
{9FBB9989-F51A-4747-999F-486C09E1EE0B}
  9
$VERSIONGUID
  2
{4EA5D6E9-A71F-BE4F-A197-C30B1DADDCB1}
  9
$EXTNAMES
290
     1
  9
$PSVPSCALE
 40
0.0
  9
$OLESTARTUP
290
     0
  9
$SORTENTS
280
   127
  9
$INDEXCTL
280
     0
  9
$HIDETEXT
280
     1
  9
$XCLIPFRAME
280
     2
  9
$HALOGAP
280
     0
  9
$OBSCOLOR
 70
   257
  9
$OBSLTYPE
280
     0
  9
$INTERSECTIONDISPLAY
280
     0
  9
$INTERSECTIONCOLOR
 70
   257
  9
$DIMASSOC
280
     1
  9
$PROJECTNAME
  1

  9
$CAMERADISPLAY
290
     0
  9
$LENSLENGTH
 40
50.0
  9
$CAMERAHEIGHT
 40
0.0
  9
$STEPSPERSEC
 40
2.0
  9
$STEPSIZE
 40
6.0
  9
$3DDWFPREC
 40
2.0
  9
$PSOLWIDTH
 40
0.25
  9
$PSOLHEIGHT
 40
4.0
  9
$LOFTANG1
 40
1.570796326794897
  9
$LOFTANG2
 40
1.570796326794897
  9
$LOFTMAG1
 40
0.0
  9
$LOFTMAG2
 40
0.0
  9
$LOFTPARAM
 70
     7
  9
$LOFTNORMALS
280
     1
  9
$LATITUDE
 40
37.795
  9
$LONGITUDE
 40
-122.394
  9
$NORTHDIRECTION
 40
0.0
  9
$TIMEZONE
 70
 -8000
  9
$LIGHTGLYPHDISPLAY
280
     1
  9
$TILEMODELIGHTSYNCH
280
     1
  9
$CMATERIAL
347
39
  9
$SOLIDHIST
280
     1
  9
$SHOWHIST
280
     1
  9
$DWFFRAME
280
     2
  9
$DGNFRAME
280
     0
  9
$REALWORLDSCALE
290
     1
  9
$INTERFERECOLOR
 62
     1
  9
$INTERFEREOBJVS
345
57
  9
$INTERFEREVPVS
346
58
  9
$CSHADOW
280
     0
  9
$SHADOWPLANELOCATION
 40
0.0
  0
ENDSEC
  0
SECTION
  2
CLASSES
  0
CLASS
  1
ACDBDICTIONARYWDFLT
  2
AcDbDictionaryWithDefault
  3
ObjectDBX Classes
 90
        0
 91
        3
280
     0
281
     0
  0
CLASS
  1
ACDBPLACEHOLDER
  2
AcDbPlaceHolder
  3
ObjectDBX Classes
 90
        0
 91
        1
280
     0
281
     0
  0
CLASS
  1
LAYOUT
  2
AcDbLayout
  3
ObjectDBX Classes
 90
        0
 91
        1
280
     0
281
     0
  0
CLASS
  1
DICTIONARYVAR
  2
AcDbDictionaryVar
  3
ObjectDBX Classes
 90
        0
 91
        3
280
     0
281
     0
  0
CLASS
  1
TABLESTYLE
  2
AcDbTableStyle
  3
ObjectDBX Classes
 90
     4095
 91
        3
280
     0
281
     0
  0
CLASS
  1
MATERIAL
  2
AcDbMaterial
  3
ObjectDBX Classes
 90
     1153
 91
        3
280
     0
281
     0
  0
CLASS
  1
VISUALSTYLE
  2
AcDbVisualStyle
  3
ObjectDBX Classes
 90
     4095
 91
        3
280
     0
281
     0
  0
CLASS
  1
SCALE
  2
AcDbScale
  3
ObjectDBX Classes
 90
     1153
 91
        3
280
     0
281
     0
  0
CLASS
  1
MLEADERSTYLE
  2
AcDbMLeaderStyle
  3
ACDB_MLEADERSTYLE_CLASS
 90
     4095
 91
        3
280
     0
281
     0
  0
CLASS
  1
EXACXREFPANELOBJECT
  2
ExAcXREFPanelObject
  3
EXAC_ESW
 90
     1025
 91
        1
280
     1
281
     0
  0
CLASS
  1
NPOCOLLECTION
  2
AcDbImpNonPersistentObjectsCollection
  3
ObjectDBX Classes
 90
     1153
 91
        1
280
     1
281
     0
  0
CLASS
  1
CELLSTYLEMAP
  2
AcDbCellStyleMap
  3
ObjectDBX Classes
 90
     1152
 91
        3
280
     0
281
     0
  0
CLASS
  1
ACDBSECTIONVIEWSTYLE
  2
AcDbSectionViewStyle
  3
ObjectDBX Classes
 90
     1025
 91
        3
280
     0
281
     0
  0
CLASS
  1
ACDBDETAILVIEWSTYLE
  2
AcDbDetailViewStyle
  3
ObjectDBX Classes
 90
     1025
 91
        3
280
     0
281
     0
  0
CLASS
  1
SORTENTSTABLE
  2
AcDbSortentsTable
  3
ObjectDBX Classes
 90
        0
 91
        3
280
     0
281
     0
  0
ENDSEC
  0
SECTION
  2
TABLES
  0
TABLE
  2
VPORT
  5
2E
330
0
100
AcDbSymbolTable
 70
     1
  0
VPORT
  5
2F
330
2E
100
AcDbSymbolTableRecord
100
AcDbViewportTableRecord
  2
*ACTIVE
 70
     0
 10
0.0
 20
0.0
 11
1.0
 21
1.0
 12
3393.960534488047
 22
10394.94120026839
 13
0.0
 23
0.0
 14
1.0
 24
1.0
 15
50.0
 25
50.0
 16
0.0
 26
0.0
 36
1.0
 17
0.0
 27
0.0
 37
0.0
 40
1699.667153728578
 41
1.044328552803129
 42
50.0
 43
0.0
 44
0.0
 50
0.0
 51
0.0
 71
     0
 72
   100
 73
     1
 74
     0
 75
     0
 76
     0
 77
     0
 78
     1
281
     0
 65
     1
110
0.0
120
0.0
130
0.0
111
1.0
121
0.0
131
0.0
112
0.0
122
1.0
132
0.0
 79
     0
146
0.0
348
689
 60
     3
 61
     5
292
     1
282
     1
141
0.0
142
0.0
 63
   250
421
  3355443
1001
ACAD_NAV_VCDISPLAY
1070
     3
  0
ENDTAB
  0
TABLE
  2
LTYPE
  5
29
330
0
100
AcDbSymbolTable
 70
     1
  0
LTYPE
  5
2A
330
29
100
AcDbSymbolTableRecord
100
AcDbLinetypeTableRecord
  2
ByBlock
 70
     0
  3

 72
    65
 73
     0
 40
0.0
  0
LTYPE
  5
2B
330
29
100
AcDbSymbolTableRecord
100
AcDbLinetypeTableRecord
  2
ByLayer
 70
     0
  3

 72
    65
 73
     0
 40
0.0
  0
LTYPE
  5
13
330
29
100
AcDbSymbolTableRecord
100
AcDbLinetypeTableRecord
  2
Continuous
 70
     0
  3
Solid line
 72
    65
 73
     0
 40
0.0
  0
ENDTAB
  0
TABLE
  2
LAYER
  5
21
102
{ACAD_XDICTIONARY
360
22
102
}
330
0
100
AcDbSymbolTable
 70
     5
  0
LAYER
  5
4
102
{ACAD_XDICTIONARY
360
5
102
}
330
21
100
AcDbSymbolTableRecord
100
AcDbLayerTableRecord
  2
0
 70
     0
 62
     7
  6
Continuous
370
     9
390
7
347
A
348
0
1001
AcCmTransparency
1071
 33554687
  0
LAYER
  5
7C
330
21
100
AcDbSymbolTableRecord
100
AcDbLayerTableRecord
  2
Рамки
 70
     0
 62
     7
  6
Continuous
370
     9
390
7
347
A
348
0
1001
AcCmTransparency
1071
 33554687
  0
LAYER
  5
65E
330
21
100
AcDbSymbolTableRecord
100
AcDbLayerTableRecord
  2
Подписи рамок
 70
     0
 62
     7
  6
Continuous
370
     9
390
7
347
A
348
0
1001
AcCmTransparency
1071
 33554687
  0
LAYER
  5
7E
330
21
100
AcDbSymbolTableRecord
100
AcDbLayerTableRecord
  2
Координатные кресты
 70
     0
 62
     7
  6
Continuous
370
     9
390
7
347
A
348
0
1001
AcCmTransparency
1071
 33554687
  0
LAYER
  5
65C
330
21
100
AcDbSymbolTableRecord
100
AcDbLayerTableRecord
  2
Граница заказа
 70
     0
 62
     7
  6
Continuous
370
     9
390
7
347
A
348
0
1001
AcCmTransparency
1071
 33554687
  0
ENDTAB
  0
TABLE
  2
STYLE
  5
26
330
0
100
AcDbSymbolTable
 70
     3
  0
STYLE
  5
27
330
26
100
AcDbSymbolTableRecord
100
AcDbTextStyleTableRecord
  2
Standard
 70
     0
 40
0.0
 41
1.0
 50
0.0
 71
     0
 42
1.0
  3
txt
  4

  0
STYLE
  5
4D
330
26
100
AcDbSymbolTableRecord
100
AcDbTextStyleTableRecord
  2
Style-RUSSIAN_1251
 70
     0
 40
0.0
 41
1.0
 50
0.0
 71
     0
 42
1.0
  3
RUSSIAN_1251.shx
  4

  0
STYLE
  5
65F
330
26
100
AcDbSymbolTableRecord
100
AcDbTextStyleTableRecord
  2
Style-RUSSIAN_1251 I 0.00000
 70
     0
 40
0.0
 41
1.0
 50
0.0
 71
     0
 42
1.0
  3
RUSSIAN_1251.shx
  4

  0
ENDTAB
  0
TABLE
  2
VIEW
  5
2C
330
0
100
AcDbSymbolTable
 70
     0
  0
ENDTAB
  0
TABLE
  2
UCS
  5
2D
330
0
100
AcDbSymbolTable
 70
     0
  0
ENDTAB
  0
TABLE
  2
APPID
  5
30
330
0
100
AcDbSymbolTable
 70
    10
  0
APPID
  5
31
330
30
100
AcDbSymbolTableRecord
100
AcDbRegAppTableRecord
  2
ACAD
 70
     0
  0
APPID
  5
20
330
30
100
AcDbSymbolTableRecord
100
AcDbRegAppTableRecord
  2
ACAD_PSEXT
 70
     0
  0
APPID
  5
14
330
30
100
AcDbSymbolTableRecord
100
AcDbRegAppTableRecord
  2
AcCmTransparency
 70
     0
  0
APPID
  5
89D
330
30
100
AcDbSymbolTableRecord
100
AcDbRegAppTableRecord
  2
ACAD_NAV_VCDISPLAY
 70
     0
  0
APPID
  5
8A5
330
30
100
AcDbSymbolTableRecord
100
AcDbRegAppTableRecord
  2
AcadAnnotative
 70
     0
  0
APPID
  5
8A6
330
30
100
AcDbSymbolTableRecord
100
AcDbRegAppTableRecord
  2
ACAD_DSTYLE_DIMJAG
 70
     0
  0
APPID
  5
8A7
330
30
100
AcDbSymbolTableRecord
100
AcDbRegAppTableRecord
  2
ACAD_DSTYLE_DIMTALN
 70
     0
  0
APPID
  5
8A8
330
30
100
AcDbSymbolTableRecord
100
AcDbRegAppTableRecord
  2
AcAecLayerStandard
 70
     0
  0
APPID
  5
8A9
330
30
100
AcDbSymbolTableRecord
100
AcDbRegAppTableRecord
  2
PLOTTRANSPARENCY
 70
     0
  0
APPID
  5
9FD
330
30
100
AcDbSymbolTableRecord
100
AcDbRegAppTableRecord
  2
ACAD_EXEMPT_FROM_CAD_STANDARDS
 70
     0
  0
ENDTAB
  0
TABLE
  2
DIMSTYLE
  5
32
330
0
100
AcDbSymbolTable
 70
     1
100
AcDbDimStyleTable
  0
DIMSTYLE
105
33
330
32
100
AcDbSymbolTableRecord
100
AcDbDimStyleTableRecord
  2
Standard
 70
     0
178
     0
340
27
  0
ENDTAB
  0
TABLE
  2
BLOCK_RECORD
  5
1
330
0
100
AcDbSymbolTable
 70
   172
  0
BLOCK_RECORD
  5
2
102
{ACAD_XDICTIONARY
360
667
102
}
330
1
100
AcDbSymbolTableRecord
100
AcDbBlockTableRecord
  2
*Model_Space
340
16
 70
     0
280
     1
281
     0
  0
BLOCK_RECORD
  5
1A
330
1
100
AcDbSymbolTableRecord
100
AcDbBlockTableRecord
  2
*Paper_Space
340
1D
 70
     0
280
     1
281
     0
  0
BLOCK_RECORD
  5
4E
330
1
100
AcDbSymbolTableRecord
100
AcDbBlockTableRecord
  2
TerminatorOpen_0.5
340
0
 70
     0
280
     1
281
     0
  0
BLOCK_RECORD
  5
E65
330
1
100
AcDbSymbolTableRecord
100
AcDbBlockTableRecord
  2
KREST
340
0
 70
     0
280
     1
281
     0
  0
BLOCK_RECORD
  5
E6A
330
1
100
AcDbSymbolTableRecord
100
AcDbBlockTableRecord
  2
KREST_1
340
0
 70
     0
280
     1
281
     0
  0
BLOCK_RECORD
  5
E6F
330
1
100
AcDbSymbolTableRecord
100
AcDbBlockTableRecord
  2
KREST_2
340
0
 70
     0
280
     1
281
     0
  0
BLOCK_RECORD
  5
E74
330
1
100
AcDbSymbolTableRecord
100
AcDbBlockTableRecord
  2
KREST_3
340
0
 70
     0
280
     1
281
     0
  0
BLOCK_RECORD
  5
E79
330
1
100
AcDbSymbolTableRecord
100
AcDbBlockTableRecord
  2
KREST_4
340
0
 70
     0
280
     1
281
     0
  0
BLOCK_RECORD
  5
E7E
330
1
100
AcDbSymbolTableRecord
100
AcDbBlockTableRecord
  2
KREST_5
340
0
 70
     0
280
     1
281
     0
  0
BLOCK_RECORD
  5
E83
330
1
100
AcDbSymbolTableRecord
100
AcDbBlockTableRecord
  2
KREST_6
340
0
 70
     0
280
     1
281
     0
  0
BLOCK_RECORD
  5
E88
330
1
100
AcDbSymbolTableRecord
100
AcDbBlockTableRecord
  2
KREST_7
340
0
 70
     0
280
     1
281
     0
  0
BLOCK_RECORD
  5
E8D
330
1
100
AcDbSymbolTableRecord
100
AcDbBlockTableRecord
  2
KREST_8
340
0
 70
     0
280
     1
281
     0
  0
BLOCK_RECORD
  5
E92
330
1
100
AcDbSymbolTableRecord
100
AcDbBlockTableRecord
  2
KREST_9
340
0
 70
     0
280
     1
281
     0
  0
BLOCK_RECORD
  5
E97
330
1
100
AcDbSymbolTableRecord
100
AcDbBlockTableRecord
  2
KREST_10
340
0
 70
     0
280
     1
281
     0
  0
BLOCK_RECORD
  5
E9C
330
1
100
AcDbSymbolTableRecord
100
AcDbBlockTableRecord
  2
KREST_11
340
0
 70
     0
280
     1
281
     0
  0
BLOCK_RECORD
  5
EA1
330
1
100
AcDbSymbolTableRecord
100
AcDbBlockTableRecord
  2
KREST_12
340
0
 70
     0
280
     1
281
     0
  0
BLOCK_RECORD
  5
EA6
330
1
100
AcDbSymbolTableRecord
100
AcDbBlockTableRecord
  2
KREST_13
340
0
 70
     0
280
     1
281
     0
  0
BLOCK_RECORD
  5
EAB
330
1
100
AcDbSymbolTableRecord
100
AcDbBlockTableRecord
  2
KREST_14
340
0
 70
     0
280
     1
281
     0
  0
BLOCK_RECORD
  5
EB0
330
1
100
AcDbSymbolTableRecord
100
AcDbBlockTableRecord
  2
KREST_15
340
0
 70
     0
280
     1
281
     0
  0
BLOCK_RECORD
  5
EB5
330
1
100
AcDbSymbolTableRecord
100
AcDbBlockTableRecord
  2
KREST_16
340
0
 70
     0
280
     1
281
     0
  0
BLOCK_RECORD
  5
EBA
330
1
100
AcDbSymbolTableRecord
100
AcDbBlockTableRecord
  2
KREST_17
340
0
 70
     0
280
     1
281
     0
  0
BLOCK_RECORD
  5
EBF
330
1
100
AcDbSymbolTableRecord
100
AcDbBlockTableRecord
  2
KREST_18
340
0
 70
     0
280
     1
281
     0
  0
BLOCK_RECORD
  5
EC4
330
1
100
AcDbSymbolTableRecord
100
AcDbBlockTableRecord
  2
KREST_19
340
0
 70
     0
280
     1
281
     0
  0
BLOCK_RECORD
  5
EC9
330
1
100
AcDbSymbolTableRecord
100
AcDbBlockTableRecord
  2
KREST_20
340
0
 70
     0
280
     1
281
     0
  0
BLOCK_RECORD
  5
ECE
330
1
100
AcDbSymbolTableRecord
100
AcDbBlockTableRecord
  2
KREST_21
340
0
 70
     0
280
     1
281
     0
  0
BLOCK_RECORD
  5
ED3
330
1
100
AcDbSymbolTableRecord
100
AcDbBlockTableRecord
  2
KREST_22
340
0
 70
     0
280
     1
281
     0
  0
BLOCK_RECORD
  5
ED8
330
1
100
AcDbSymbolTableRecord
100
AcDbBlockTableRecord
  2
KREST_23
340
0
 70
     0
280
     1
281
     0
  0
BLOCK_RECORD
  5
EDD
330
1
100
AcDbSymbolTableRecord
100
AcDbBlockTableRecord
  2
KREST_24
340
0
 70
     0
280
     1
281
     0
  0
BLOCK_RECORD
  5
EE2
330
1
100
AcDbSymbolTableRecord
100
AcDbBlockTableRecord
  2
KREST_25
340
0
 70
     0
280
     1
281
     0
  0
BLOCK_RECORD
  5
EE7
330
1
100
AcDbSymbolTableRecord
100
AcDbBlockTableRecord
  2
KREST_26
340
0
 70
     0
280
     1
281
     0
  0
BLOCK_RECORD
  5
EEC
330
1
100
AcDbSymbolTableRecord
100
AcDbBlockTableRecord
  2
KREST_27
340
0
 70
     0
280
     1
281
     0
  0
BLOCK_RECORD
  5
EF1
330
1
100
AcDbSymbolTableRecord
100
AcDbBlockTableRecord
  2
KREST_28
340
0
 70
     0
280
     1
281
     0
  0
BLOCK_RECORD
  5
EF6
330
1
100
AcDbSymbolTableRecord
100
AcDbBlockTableRecord
  2
KREST_29
340
0
 70
     0
280
     1
281
     0
  0
BLOCK_RECORD
  5
EFB
330
1
100
AcDbSymbolTableRecord
100
AcDbBlockTableRecord
  2
KREST_30
340
0
 70
     0
280
     1
281
     0
  0
BLOCK_RECORD
  5
F00
330
1
100
AcDbSymbolTableRecord
100
AcDbBlockTableRecord
  2
KREST_31
340
0
 70
     0
280
     1
281
     0
  0
BLOCK_RECORD
  5
F05
330
1
100
AcDbSymbolTableRecord
100
AcDbBlockTableRecord
  2
KREST_32
340
0
 70
     0
280
     1
281
     0
  0
BLOCK_RECORD
  5
F0A
330
1
100
AcDbSymbolTableRecord
100
AcDbBlockTableRecord
  2
KREST_33
340
0
 70
     0
280
     1
281
     0
  0
BLOCK_RECORD
  5
F0F
330
1
100
AcDbSymbolTableRecord
100
AcDbBlockTableRecord
  2
KREST_34
340
0
 70
     0
280
     1
281
     0
  0
BLOCK_RECORD
  5
F14
330
1
100
AcDbSymbolTableRecord
100
AcDbBlockTableRecord
  2
KREST_35
340
0
 70
     0
280
     1
281
     0
  0
BLOCK_RECORD
  5
F19
330
1
100
AcDbSymbolTableRecord
100
AcDbBlockTableRecord
  2
KREST_36
340
0
 70
     0
280
     1
281
     0
  0
BLOCK_RECORD
  5
F1E
330
1
100
AcDbSymbolTableRecord
100
AcDbBlockTableRecord
  2
KREST_37
340
0
 70
     0
280
     1
281
     0
  0
BLOCK_RECORD
  5
F23
330
1
100
AcDbSymbolTableRecord
100
AcDbBlockTableRecord
  2
KREST_38
340
0
 70
     0
280
     1
281
     0
  0
BLOCK_RECORD
  5
F28
330
1
100
AcDbSymbolTableRecord
100
AcDbBlockTableRecord
  2
KREST_39
340
0
 70
     0
280
     1
281
     0
  0
BLOCK_RECORD
  5
F2D
330
1
100
AcDbSymbolTableRecord
100
AcDbBlockTableRecord
  2
KREST_40
340
0
 70
     0
280
     1
281
     0
  0
BLOCK_RECORD
  5
F32
330
1
100
AcDbSymbolTableRecord
100
AcDbBlockTableRecord
  2
KREST_41
340
0
 70
     0
280
     1
281
     0
  0
BLOCK_RECORD
  5
F37
330
1
100
AcDbSymbolTableRecord
100
AcDbBlockTableRecord
  2
KREST_42
340
0
 70
     0
280
     1
281
     0
  0
BLOCK_RECORD
  5
F3C
330
1
100
AcDbSymbolTableRecord
100
AcDbBlockTableRecord
  2
KREST_43
340
0
 70
     0
280
     1
281
     0
  0
BLOCK_RECORD
  5
F41
330
1
100
AcDbSymbolTableRecord
100
AcDbBlockTableRecord
  2
KREST_44
340
0
 70
     0
280
     1
281
     0
  0
BLOCK_RECORD
  5
F46
330
1
100
AcDbSymbolTableRecord
100
AcDbBlockTableRecord
  2
KREST_45
340
0
 70
     0
280
     1
281
     0
  0
BLOCK_RECORD
  5
F4B
330
1
100
AcDbSymbolTableRecord
100
AcDbBlockTableRecord
  2
KREST_46
340
0
 70
     0
280
     1
281
     0
  0
BLOCK_RECORD
  5
F50
330
1
100
AcDbSymbolTableRecord
100
AcDbBlockTableRecord
  2
KREST_47
340
0
 70
     0
280
     1
281
     0
  0
BLOCK_RECORD
  5
F55
330
1
100
AcDbSymbolTableRecord
100
AcDbBlockTableRecord
  2
KREST_48
340
0
 70
     0
280
     1
281
     0
  0
BLOCK_RECORD
  5
F5A
330
1
100
AcDbSymbolTableRecord
100
AcDbBlockTableRecord
  2
KREST_49
340
0
 70
     0
280
     1
281
     0
  0
BLOCK_RECORD
  5
F5F
330
1
100
AcDbSymbolTableRecord
100
AcDbBlockTableRecord
  2
KREST_50
340
0
 70
     0
280
     1
281
     0
  0
BLOCK_RECORD
  5
F64
330
1
100
AcDbSymbolTableRecord
100
AcDbBlockTableRecord
  2
KREST_51
340
0
 70
     0
280
     1
281
     0
  0
BLOCK_RECORD
  5
F69
330
1
100
AcDbSymbolTableRecord
100
AcDbBlockTableRecord
  2
KREST_52
340
0
 70
     0
280
     1
281
     0
  0
BLOCK_RECORD
  5
F6E
330
1
100
AcDbSymbolTableRecord
100
AcDbBlockTableRecord
  2
KREST_53
340
0
 70
     0
280
     1
281
     0
  0
BLOCK_RECORD
  5
F73
330
1
100
AcDbSymbolTableRecord
100
AcDbBlockTableRecord
  2
KREST_54
340
0
 70
     0
280
     1
281
     0
  0
BLOCK_RECORD
  5
F78
330
1
100
AcDbSymbolTableRecord
100
AcDbBlockTableRecord
  2
KREST_55
340
0
 70
     0
280
     1
281
     0
  0
BLOCK_RECORD
  5
F7D
330
1
100
AcDbSymbolTableRecord
100
AcDbBlockTableRecord
  2
KREST_56
340
0
 70
     0
280
     1
281
     0
  0
BLOCK_RECORD
  5
F82
330
1
100
AcDbSymbolTableRecord
100
AcDbBlockTableRecord
  2
KREST_57
340
0
 70
     0
280
     1
281
     0
  0
BLOCK_RECORD
  5
F87
330
1
100
AcDbSymbolTableRecord
100
AcDbBlockTableRecord
  2
KREST_58
340
0
 70
     0
280
     1
281
     0
  0
BLOCK_RECORD
  5
F8C
330
1
100
AcDbSymbolTableRecord
100
AcDbBlockTableRecord
  2
KREST_59
340
0
 70
     0
280
     1
281
     0
  0
BLOCK_RECORD
  5
F91
330
1
100
AcDbSymbolTableRecord
100
AcDbBlockTableRecord
  2
KREST_60
340
0
 70
     0
280
     1
281
     0
  0
BLOCK_RECORD
  5
F96
330
1
100
AcDbSymbolTableRecord
100
AcDbBlockTableRecord
  2
KREST_61
340
0
 70
     0
280
     1
281
     0
  0
BLOCK_RECORD
  5
F9B
330
1
100
AcDbSymbolTableRecord
100
AcDbBlockTableRecord
  2
KREST_62
340
0
 70
     0
280
     1
281
     0
  0
BLOCK_RECORD
  5
FA0
330
1
100
AcDbSymbolTableRecord
100
AcDbBlockTableRecord
  2
KREST_63
340
0
 70
     0
280
     1
281
     0
  0
BLOCK_RECORD
  5
FA5
330
1
100
AcDbSymbolTableRecord
100
AcDbBlockTableRecord
  2
KREST_64
340
0
 70
     0
280
     1
281
     0
  0
BLOCK_RECORD
  5
FAA
330
1
100
AcDbSymbolTableRecord
100
AcDbBlockTableRecord
  2
KREST_65
340
0
 70
     0
280
     1
281
     0
  0
BLOCK_RECORD
  5
FAF
330
1
100
AcDbSymbolTableRecord
100
AcDbBlockTableRecord
  2
KREST_66
340
0
 70
     0
280
     1
281
     0
  0
BLOCK_RECORD
  5
FB4
330
1
100
AcDbSymbolTableRecord
100
AcDbBlockTableRecord
  2
KREST_67
340
0
 70
     0
280
     1
281
     0
  0
BLOCK_RECORD
  5
FB9
330
1
100
AcDbSymbolTableRecord
100
AcDbBlockTableRecord
  2
KREST_68
340
0
 70
     0
280
     1
281
     0
  0
BLOCK_RECORD
  5
FBE
330
1
100
AcDbSymbolTableRecord
100
AcDbBlockTableRecord
  2
KREST_69
340
0
 70
     0
280
     1
281
     0
  0
BLOCK_RECORD
  5
FC3
330
1
100
AcDbSymbolTableRecord
100
AcDbBlockTableRecord
  2
KREST_70
340
0
 70
     0
280
     1
281
     0
  0
BLOCK_RECORD
  5
FC8
330
1
100
AcDbSymbolTableRecord
100
AcDbBlockTableRecord
  2
KREST_71
340
0
 70
     0
280
     1
281
     0
  0
BLOCK_RECORD
  5
FCD
330
1
100
AcDbSymbolTableRecord
100
AcDbBlockTableRecord
  2
KREST_72
340
0
 70
     0
280
     1
281
     0
  0
BLOCK_RECORD
  5
FD2
330
1
100
AcDbSymbolTableRecord
100
AcDbBlockTableRecord
  2
KREST_73
340
0
 70
     0
280
     1
281
     0
  0
BLOCK_RECORD
  5
FD7
330
1
100
AcDbSymbolTableRecord
100
AcDbBlockTableRecord
  2
KREST_74
340
0
 70
     0
280
     1
281
     0
  0
BLOCK_RECORD
  5
FDC
330
1
100
AcDbSymbolTableRecord
100
AcDbBlockTableRecord
  2
KREST_75
340
0
 70
     0
280
     1
281
     0
  0
BLOCK_RECORD
  5
FE1
330
1
100
AcDbSymbolTableRecord
100
AcDbBlockTableRecord
  2
KREST_76
340
0
 70
     0
280
     1
281
     0
  0
BLOCK_RECORD
  5
FE6
330
1
100
AcDbSymbolTableRecord
100
AcDbBlockTableRecord
  2
KREST_77
340
0
 70
     0
280
     1
281
     0
  0
BLOCK_RECORD
  5
FEB
330
1
100
AcDbSymbolTableRecord
100
AcDbBlockTableRecord
  2
KREST_78
340
0
 70
     0
280
     1
281
     0
  0
BLOCK_RECORD
  5
FF0
330
1
100
AcDbSymbolTableRecord
100
AcDbBlockTableRecord
  2
KREST_79
340
0
 70
     0
280
     1
281
     0
  0
BLOCK_RECORD
  5
FF5
330
1
100
AcDbSymbolTableRecord
100
AcDbBlockTableRecord
  2
KREST_80
340
0
 70
     0
280
     1
281
     0
  0
BLOCK_RECORD
  5
FFA
330
1
100
AcDbSymbolTableRecord
100
AcDbBlockTableRecord
  2
KREST_81
340
0
 70
     0
280
     1
281
     0
  0
BLOCK_RECORD
  5
FFF
330
1
100
AcDbSymbolTableRecord
100
AcDbBlockTableRecord
  2
KREST_82
340
0
 70
     0
280
     1
281
     0
  0
BLOCK_RECORD
  5
1004
330
1
100
AcDbSymbolTableRecord
100
AcDbBlockTableRecord
  2
KREST_83
340
0
 70
     0
280
     1
281
     0
  0
BLOCK_RECORD
  5
1009
330
1
100
AcDbSymbolTableRecord
100
AcDbBlockTableRecord
  2
KREST_84
340
0
 70
     0
280
     1
281
     0
  0
BLOCK_RECORD
  5
100E
330
1
100
AcDbSymbolTableRecord
100
AcDbBlockTableRecord
  2
KREST_85
340
0
 70
     0
280
     1
281
     0
  0
BLOCK_RECORD
  5
1013
330
1
100
AcDbSymbolTableRecord
100
AcDbBlockTableRecord
  2
KREST_86
340
0
 70
     0
280
     1
281
     0
  0
BLOCK_RECORD
  5
1018
330
1
100
AcDbSymbolTableRecord
100
AcDbBlockTableRecord
  2
KREST_87
340
0
 70
     0
280
     1
281
     0
  0
BLOCK_RECORD
  5
101D
330
1
100
AcDbSymbolTableRecord
100
AcDbBlockTableRecord
  2
KREST_88
340
0
 70
     0
280
     1
281
     0
  0
BLOCK_RECORD
  5
1022
330
1
100
AcDbSymbolTableRecord
100
AcDbBlockTableRecord
  2
KREST_89
340
0
 70
     0
280
     1
281
     0
  0
BLOCK_RECORD
  5
1027
330
1
100
AcDbSymbolTableRecord
100
AcDbBlockTableRecord
  2
KREST_90
340
0
 70
     0
280
     1
281
     0
  0
BLOCK_RECORD
  5
102C
330
1
100
AcDbSymbolTableRecord
100
AcDbBlockTableRecord
  2
KREST_91
340
0
 70
     0
280
     1
281
     0
  0
BLOCK_RECORD
  5
1031
330
1
100
AcDbSymbolTableRecord
100
AcDbBlockTableRecord
  2
KREST_92
340
0
 70
     0
280
     1
281
     0
  0
BLOCK_RECORD
  5
1036
330
1
100
AcDbSymbolTableRecord
100
AcDbBlockTableRecord
  2
KREST_93
340
0
 70
     0
280
     1
281
     0
  0
BLOCK_RECORD
  5
103B
330
1
100
AcDbSymbolTableRecord
100
AcDbBlockTableRecord
  2
KREST_94
340
0
 70
     0
280
     1
281
     0
  0
BLOCK_RECORD
  5
1040
330
1
100
AcDbSymbolTableRecord
100
AcDbBlockTableRecord
  2
KREST_95
340
0
 70
     0
280
     1
281
     0
  0
BLOCK_RECORD
  5
1045
330
1
100
AcDbSymbolTableRecord
100
AcDbBlockTableRecord
  2
KREST_96
340
0
 70
     0
280
     1
281
     0
  0
BLOCK_RECORD
  5
104A
330
1
100
AcDbSymbolTableRecord
100
AcDbBlockTableRecord
  2
KREST_97
340
0
 70
     0
280
     1
281
     0
  0
BLOCK_RECORD
  5
104F
330
1
100
AcDbSymbolTableRecord
100
AcDbBlockTableRecord
  2
KREST_98
340
0
 70
     0
280
     1
281
     0
  0
BLOCK_RECORD
  5
1054
330
1
100
AcDbSymbolTableRecord
100
AcDbBlockTableRecord
  2
KREST_99
340
0
 70
     0
280
     1
281
     0
  0
BLOCK_RECORD
  5
1059
330
1
100
AcDbSymbolTableRecord
100
AcDbBlockTableRecord
  2
KREST_100
340
0
 70
     0
280
     1
281
     0
  0
BLOCK_RECORD
  5
105E
330
1
100
AcDbSymbolTableRecord
100
AcDbBlockTableRecord
  2
KREST_101
340
0
 70
     0
280
     1
281
     0
  0
BLOCK_RECORD
  5
1063
330
1
100
AcDbSymbolTableRecord
100
AcDbBlockTableRecord
  2
KREST_102
340
0
 70
     0
280
     1
281
     0
  0
BLOCK_RECORD
  5
1068
330
1
100
AcDbSymbolTableRecord
100
AcDbBlockTableRecord
  2
KREST_103
340
0
 70
     0
280
     1
281
     0
  0
BLOCK_RECORD
  5
106D
330
1
100
AcDbSymbolTableRecord
100
AcDbBlockTableRecord
  2
KREST_104
340
0
 70
     0
280
     1
281
     0
  0
BLOCK_RECORD
  5
1072
330
1
100
AcDbSymbolTableRecord
100
AcDbBlockTableRecord
  2
KREST_105
340
0
 70
     0
280
     1
281
     0
  0
BLOCK_RECORD
  5
1077
330
1
100
AcDbSymbolTableRecord
100
AcDbBlockTableRecord
  2
KREST_106
340
0
 70
     0
280
     1
281
     0
  0
BLOCK_RECORD
  5
107C
330
1
100
AcDbSymbolTableRecord
100
AcDbBlockTableRecord
  2
KREST_107
340
0
 70
     0
280
     1
281
     0
  0
BLOCK_RECORD
  5
1081
330
1
100
AcDbSymbolTableRecord
100
AcDbBlockTableRecord
  2
KREST_108
340
0
 70
     0
280
     1
281
     0
  0
BLOCK_RECORD
  5
1086
330
1
100
AcDbSymbolTableRecord
100
AcDbBlockTableRecord
  2
KREST_109
340
0
 70
     0
280
     1
281
     0
  0
BLOCK_RECORD
  5
108B
330
1
100
AcDbSymbolTableRecord
100
AcDbBlockTableRecord
  2
KREST_110
340
0
 70
     0
280
     1
281
     0
  0
BLOCK_RECORD
  5
1090
330
1
100
AcDbSymbolTableRecord
100
AcDbBlockTableRecord
  2
KREST_111
340
0
 70
     0
280
     1
281
     0
  0
BLOCK_RECORD
  5
1095
330
1
100
AcDbSymbolTableRecord
100
AcDbBlockTableRecord
  2
KREST_112
340
0
 70
     0
280
     1
281
     0
  0
BLOCK_RECORD
  5
109A
330
1
100
AcDbSymbolTableRecord
100
AcDbBlockTableRecord
  2
KREST_113
340
0
 70
     0
280
     1
281
     0
  0
BLOCK_RECORD
  5
109F
330
1
100
AcDbSymbolTableRecord
100
AcDbBlockTableRecord
  2
KREST_114
340
0
 70
     0
280
     1
281
     0
  0
BLOCK_RECORD
  5
10A4
330
1
100
AcDbSymbolTableRecord
100
AcDbBlockTableRecord
  2
KREST_115
340
0
 70
     0
280
     1
281
     0
  0
BLOCK_RECORD
  5
10A9
330
1
100
AcDbSymbolTableRecord
100
AcDbBlockTableRecord
  2
KREST_116
340
0
 70
     0
280
     1
281
     0
  0
BLOCK_RECORD
  5
10AE
330
1
100
AcDbSymbolTableRecord
100
AcDbBlockTableRecord
  2
KREST_117
340
0
 70
     0
280
     1
281
     0
  0
BLOCK_RECORD
  5
10B3
330
1
100
AcDbSymbolTableRecord
100
AcDbBlockTableRecord
  2
KREST_118
340
0
 70
     0
280
     1
281
     0
  0
BLOCK_RECORD
  5
10B8
330
1
100
AcDbSymbolTableRecord
100
AcDbBlockTableRecord
  2
KREST_119
340
0
 70
     0
280
     1
281
     0
  0
BLOCK_RECORD
  5
10BD
330
1
100
AcDbSymbolTableRecord
100
AcDbBlockTableRecord
  2
KREST_120
340
0
 70
     0
280
     1
281
     0
  0
BLOCK_RECORD
  5
10C2
330
1
100
AcDbSymbolTableRecord
100
AcDbBlockTableRecord
  2
KREST_121
340
0
 70
     0
280
     1
281
     0
  0
BLOCK_RECORD
  5
10C7
330
1
100
AcDbSymbolTableRecord
100
AcDbBlockTableRecord
  2
KREST_122
340
0
 70
     0
280
     1
281
     0
  0
BLOCK_RECORD
  5
10CC
330
1
100
AcDbSymbolTableRecord
100
AcDbBlockTableRecord
  2
KREST_123
340
0
 70
     0
280
     1
281
     0
  0
BLOCK_RECORD
  5
10D1
330
1
100
AcDbSymbolTableRecord
100
AcDbBlockTableRecord
  2
KREST_124
340
0
 70
     0
280
     1
281
     0
  0
BLOCK_RECORD
  5
10D6
330
1
100
AcDbSymbolTableRecord
100
AcDbBlockTableRecord
  2
KREST_125
340
0
 70
     0
280
     1
281
     0
  0
BLOCK_RECORD
  5
10DB
330
1
100
AcDbSymbolTableRecord
100
AcDbBlockTableRecord
  2
KREST_126
340
0
 70
     0
280
     1
281
     0
  0
BLOCK_RECORD
  5
10E0
330
1
100
AcDbSymbolTableRecord
100
AcDbBlockTableRecord
  2
KREST_127
340
0
 70
     0
280
     1
281
     0
  0
BLOCK_RECORD
  5
10E5
330
1
100
AcDbSymbolTableRecord
100
AcDbBlockTableRecord
  2
KREST_128
340
0
 70
     0
280
     1
281
     0
  0
BLOCK_RECORD
  5
10EA
330
1
100
AcDbSymbolTableRecord
100
AcDbBlockTableRecord
  2
KREST_129
340
0
 70
     0
280
     1
281
     0
  0
BLOCK_RECORD
  5
10EF
330
1
100
AcDbSymbolTableRecord
100
AcDbBlockTableRecord
  2
KREST_130
340
0
 70
     0
280
     1
281
     0
  0
BLOCK_RECORD
  5
10F4
330
1
100
AcDbSymbolTableRecord
100
AcDbBlockTableRecord
  2
KREST_131
340
0
 70
     0
280
     1
281
     0
  0
BLOCK_RECORD
  5
10F9
330
1
100
AcDbSymbolTableRecord
100
AcDbBlockTableRecord
  2
KREST_132
340
0
 70
     0
280
     1
281
     0
  0
BLOCK_RECORD
  5
10FE
330
1
100
AcDbSymbolTableRecord
100
AcDbBlockTableRecord
  2
KREST_133
340
0
 70
     0
280
     1
281
     0
  0
BLOCK_RECORD
  5
1103
330
1
100
AcDbSymbolTableRecord
100
AcDbBlockTableRecord
  2
KREST_134
340
0
 70
     0
280
     1
281
     0
  0
BLOCK_RECORD
  5
1108
330
1
100
AcDbSymbolTableRecord
100
AcDbBlockTableRecord
  2
KREST_135
340
0
 70
     0
280
     1
281
     0
  0
BLOCK_RECORD
  5
110D
330
1
100
AcDbSymbolTableRecord
100
AcDbBlockTableRecord
  2
KREST_136
340
0
 70
     0
280
     1
281
     0
  0
BLOCK_RECORD
  5
1112
330
1
100
AcDbSymbolTableRecord
100
AcDbBlockTableRecord
  2
KREST_137
340
0
 70
     0
280
     1
281
     0
  0
BLOCK_RECORD
  5
1117
330
1
100
AcDbSymbolTableRecord
100
AcDbBlockTableRecord
  2
KREST_138
340
0
 70
     0
280
     1
281
     0
  0
BLOCK_RECORD
  5
111C
330
1
100
AcDbSymbolTableRecord
100
AcDbBlockTableRecord
  2
KREST_139
340
0
 70
     0
280
     1
281
     0
  0
BLOCK_RECORD
  5
1121
330
1
100
AcDbSymbolTableRecord
100
AcDbBlockTableRecord
  2
KREST_140
340
0
 70
     0
280
     1
281
     0
  0
BLOCK_RECORD
  5
1126
330
1
100
AcDbSymbolTableRecord
100
AcDbBlockTableRecord
  2
KREST_141
340
0
 70
     0
280
     1
281
     0
  0
BLOCK_RECORD
  5
112B
330
1
100
AcDbSymbolTableRecord
100
AcDbBlockTableRecord
  2
KREST_142
340
0
 70
     0
280
     1
281
     0
  0
BLOCK_RECORD
  5
1130
330
1
100
AcDbSymbolTableRecord
100
AcDbBlockTableRecord
  2
KREST_143
340
0
 70
     0
280
     1
281
     0
  0
BLOCK_RECORD
  5
1135
330
1
100
AcDbSymbolTableRecord
100
AcDbBlockTableRecord
  2
KREST_144
340
0
 70
     0
280
     1
281
     0
  0
BLOCK_RECORD
  5
113A
330
1
100
AcDbSymbolTableRecord
100
AcDbBlockTableRecord
  2
KREST_145
340
0
 70
     0
280
     1
281
     0
  0
BLOCK_RECORD
  5
113F
330
1
100
AcDbSymbolTableRecord
100
AcDbBlockTableRecord
  2
KREST_146
340
0
 70
     0
280
     1
281
     0
  0
BLOCK_RECORD
  5
1144
330
1
100
AcDbSymbolTableRecord
100
AcDbBlockTableRecord
  2
KREST_147
340
0
 70
     0
280
     1
281
     0
  0
BLOCK_RECORD
  5
1149
330
1
100
AcDbSymbolTableRecord
100
AcDbBlockTableRecord
  2
KREST_148
340
0
 70
     0
280
     1
281
     0
  0
BLOCK_RECORD
  5
114E
330
1
100
AcDbSymbolTableRecord
100
AcDbBlockTableRecord
  2
KREST_149
340
0
 70
     0
280
     1
281
     0
  0
BLOCK_RECORD
  5
1153
330
1
100
AcDbSymbolTableRecord
100
AcDbBlockTableRecord
  2
KREST_150
340
0
 70
     0
280
     1
281
     0
  0
BLOCK_RECORD
  5
1158
330
1
100
AcDbSymbolTableRecord
100
AcDbBlockTableRecord
  2
KREST_151
340
0
 70
     0
280
     1
281
     0
  0
BLOCK_RECORD
  5
115D
330
1
100
AcDbSymbolTableRecord
100
AcDbBlockTableRecord
  2
KREST_152
340
0
 70
     0
280
     1
281
     0
  0
BLOCK_RECORD
  5
1162
330
1
100
AcDbSymbolTableRecord
100
AcDbBlockTableRecord
  2
KREST_153
340
0
 70
     0
280
     1
281
     0
  0
BLOCK_RECORD
  5
1167
330
1
100
AcDbSymbolTableRecord
100
AcDbBlockTableRecord
  2
KREST_154
340
0
 70
     0
280
     1
281
     0
  0
BLOCK_RECORD
  5
116C
330
1
100
AcDbSymbolTableRecord
100
AcDbBlockTableRecord
  2
KREST_155
340
0
 70
     0
280
     1
281
     0
  0
BLOCK_RECORD
  5
1171
330
1
100
AcDbSymbolTableRecord
100
AcDbBlockTableRecord
  2
KREST_156
340
0
 70
     0
280
     1
281
     0
  0
BLOCK_RECORD
  5
1176
330
1
100
AcDbSymbolTableRecord
100
AcDbBlockTableRecord
  2
KREST_157
340
0
 70
     0
280
     1
281
     0
  0
BLOCK_RECORD
  5
117B
330
1
100
AcDbSymbolTableRecord
100
AcDbBlockTableRecord
  2
KREST_158
340
0
 70
     0
280
     1
281
     0
  0
BLOCK_RECORD
  5
1180
330
1
100
AcDbSymbolTableRecord
100
AcDbBlockTableRecord
  2
KREST_159
340
0
 70
     0
280
     1
281
     0
  0
BLOCK_RECORD
  5
1185
330
1
100
AcDbSymbolTableRecord
100
AcDbBlockTableRecord
  2
KREST_160
340
0
 70
     0
280
     1
281
     0
  0
BLOCK_RECORD
  5
118A
330
1
100
AcDbSymbolTableRecord
100
AcDbBlockTableRecord
  2
KREST_161
340
0
 70
     0
280
     1
281
     0
  0
BLOCK_RECORD
  5
118F
330
1
100
AcDbSymbolTableRecord
100
AcDbBlockTableRecord
  2
KREST_162
340
0
 70
     0
280
     1
281
     0
  0
BLOCK_RECORD
  5
1194
330
1
100
AcDbSymbolTableRecord
100
AcDbBlockTableRecord
  2
KREST_163
340
0
 70
     0
280
     1
281
     0
  0
BLOCK_RECORD
  5
1199
330
1
100
AcDbSymbolTableRecord
100
AcDbBlockTableRecord
  2
KREST_164
340
0
 70
     0
280
     1
281
     0
  0
BLOCK_RECORD
  5
119E
330
1
100
AcDbSymbolTableRecord
100
AcDbBlockTableRecord
  2
KREST_165
340
0
 70
     0
280
     1
281
     0
  0
BLOCK_RECORD
  5
11A3
330
1
100
AcDbSymbolTableRecord
100
AcDbBlockTableRecord
  2
KREST_166
340
0
 70
     0
280
     1
281
     0
  0
BLOCK_RECORD
  5
11A8
330
1
100
AcDbSymbolTableRecord
100
AcDbBlockTableRecord
  2
KREST_167
340
0
 70
     0
280
     1
281
     0
  0
BLOCK_RECORD
  5
11AD
330
1
100
AcDbSymbolTableRecord
100
AcDbBlockTableRecord
  2
KREST_168
340
0
 70
     0
280
     1
281
     0
  0
BLOCK_RECORD
  5
11B2
330
1
100
AcDbSymbolTableRecord
100
AcDbBlockTableRecord
  2
KREST_169
340
0
 70
     0
280
     1
281
     0
  0
BLOCK_RECORD
  5
11B7
330
1
100
AcDbSymbolTableRecord
100
AcDbBlockTableRecord
  2
KREST_170
340
0
 70
     0
280
     1
281
     0
  0
ENDTAB
  0
ENDSEC
  0
SECTION
  2
BLOCKS
  0
BLOCK
  5
3
330
2
100
AcDbEntity
  8
0
100
AcDbBlockBegin
  2
*Model_Space
 70
     0
 10
0.0
 20
0.0
 30
0.0
  3
*Model_Space
  1

  0
ENDBLK
  5
15
330
2
100
AcDbEntity
  8
0
100
AcDbBlockEnd
  0
BLOCK
  5
1B
330
1A
100
AcDbEntity
 67
     1
  8
0
100
AcDbBlockBegin
  2
*Paper_Space
 70
     0
 10
0.0
 20
0.0
 30
0.0
  3
*Paper_Space
  1

  0
ENDBLK
  5
1C
330
1A
100
AcDbEntity
 67
     1
  8
0
100
AcDbBlockEnd
  0
BLOCK
  5
4F
330
4E
100
AcDbEntity
  8
0
 62
     7
 48
0.4
370
    25
100
AcDbBlockBegin
  2
TerminatorOpen_0.5
 70
     0
 10
0.0
 20
0.0
 30
0.0
  3
TerminatorOpen_0.5
  1

  0
LINE
  5
50
330
4E
100
AcDbEntity
  8
0
  6
ByBlock
 62
     0
370
    -2
100
AcDbLine
 10
0.0
 20
0.0
 30
0.0
 11
-1.0
 21
0.0
 31
0.0
  0
LINE
  5
51
330
4E
100
AcDbEntity
  8
0
  6
ByBlock
 62
     0
370
    -2
100
AcDbLine
 10
0.0
 20
0.0
 30
0.0
 11
-1.0
 21
0.25
 31
0.0
  0
LINE
  5
52
330
4E
100
AcDbEntity
  8
0
  6
ByBlock
 62
     0
370
    -2
100
AcDbLine
 10
0.0
 20
0.0
 30
0.0
 11
-1.0
 21
-0.25
 31
0.0
  0
ENDBLK
  5
53
330
4E
100
AcDbEntity
  8
0
 62
     7
 48
0.4
370
    25
100
AcDbBlockEnd
  0
BLOCK
  5
E66
330
E65
100
AcDbEntity
  8
0
 62
     7
 48
0.4
370
    25
100
AcDbBlockBegin
  2
KREST
 70
     0
 10
0.0
 20
0.0
 30
0.0
  3
KREST
  1

  0
LINE
  5
E67
330
E65
100
AcDbEntity
  8
Координатные кресты
  6
Continuous
 62
     7
370
    25
100
AcDbLine
 10
-2.5
 20
0.0
 30
0.0
 11
2.5
 21
0.0
 31
0.0
  0
LINE
  5
E68
330
E65
100
AcDbEntity
  8
Координатные кресты
  6
Continuous
 62
     7
370
    25
100
AcDbLine
 10
0.0
 20
-2.5
 30
0.0
 11
0.0
 21
2.5
 31
0.0
  0
ENDBLK
  5
E69
330
E65
100
AcDbEntity
  8
0
 62
     7
 48
0.4
370
    25
100
AcDbBlockEnd
  0
BLOCK
  5
E6B
330
E6A
100
AcDbEntity
  8
0
 62
     7
 48
0.4
370
    25
100
AcDbBlockBegin
  2
KREST_1
 70
     0
 10
0.0
 20
0.0
 30
0.0
  3
KREST_1
  1

  0
LINE
  5
E6C
330
E6A
100
AcDbEntity
  8
Координатные кресты
  6
Continuous
 62
     7
370
    25
100
AcDbLine
 10
-2.5
 20
0.0
 30
0.0
 11
2.5
 21
0.0
 31
0.0
  0
LINE
  5
E6D
330
E6A
100
AcDbEntity
  8
Координатные кресты
  6
Continuous
 62
     7
370
    25
100
AcDbLine
 10
0.0
 20
-2.5
 30
0.0
 11
0.0
 21
2.5
 31
0.0
  0
ENDBLK
  5
E6E
330
E6A
100
AcDbEntity
  8
0
 62
     7
 48
0.4
370
    25
100
AcDbBlockEnd
  0
BLOCK
  5
E70
330
E6F
100
AcDbEntity
  8
0
 62
     7
 48
0.4
370
    25
100
AcDbBlockBegin
  2
KREST_2
 70
     0
 10
0.0
 20
0.0
 30
0.0
  3
KREST_2
  1

  0
LINE
  5
E71
330
E6F
100
AcDbEntity
  8
Координатные кресты
  6
Continuous
 62
     7
370
    25
100
AcDbLine
 10
-2.5
 20
0.0
 30
0.0
 11
2.5
 21
0.0
 31
0.0
  0
LINE
  5
E72
330
E6F
100
AcDbEntity
  8
Координатные кресты
  6
Continuous
 62
     7
370
    25
100
AcDbLine
 10
0.0
 20
-2.5
 30
0.0
 11
0.0
 21
2.5
 31
0.0
  0
ENDBLK
  5
E73
330
E6F
100
AcDbEntity
  8
0
 62
     7
 48
0.4
370
    25
100
AcDbBlockEnd
  0
BLOCK
  5
E75
330
E74
100
AcDbEntity
  8
0
 62
     7
 48
0.4
370
    25
100
AcDbBlockBegin
  2
KREST_3
 70
     0
 10
0.0
 20
0.0
 30
0.0
  3
KREST_3
  1

  0
LINE
  5
E76
330
E74
100
AcDbEntity
  8
Координатные кресты
  6
Continuous
 62
     7
370
    25
100
AcDbLine
 10
-2.5
 20
0.0
 30
0.0
 11
2.5
 21
0.0
 31
0.0
  0
LINE
  5
E77
330
E74
100
AcDbEntity
  8
Координатные кресты
  6
Continuous
 62
     7
370
    25
100
AcDbLine
 10
0.0
 20
-2.5
 30
0.0
 11
0.0
 21
2.5
 31
0.0
  0
ENDBLK
  5
E78
330
E74
100
AcDbEntity
  8
0
 62
     7
 48
0.4
370
    25
100
AcDbBlockEnd
  0
BLOCK
  5
E7A
330
E79
100
AcDbEntity
  8
0
 62
     7
 48
0.4
370
    25
100
AcDbBlockBegin
  2
KREST_4
 70
     0
 10
0.0
 20
0.0
 30
0.0
  3
KREST_4
  1

  0
LINE
  5
E7B
330
E79
100
AcDbEntity
  8
Координатные кресты
  6
Continuous
 62
     7
370
    25
100
AcDbLine
 10
-2.5
 20
0.0
 30
0.0
 11
2.5
 21
0.0
 31
0.0
  0
LINE
  5
E7C
330
E79
100
AcDbEntity
  8
Координатные кресты
  6
Continuous
 62
     7
370
    25
100
AcDbLine
 10
0.0
 20
-2.5
 30
0.0
 11
0.0
 21
2.5
 31
0.0
  0
ENDBLK
  5
E7D
330
E79
100
AcDbEntity
  8
0
 62
     7
 48
0.4
370
    25
100
AcDbBlockEnd
  0
BLOCK
  5
E7F
330
E7E
100
AcDbEntity
  8
0
 62
     7
 48
0.4
370
    25
100
AcDbBlockBegin
  2
KREST_5
 70
     0
 10
0.0
 20
0.0
 30
0.0
  3
KREST_5
  1

  0
LINE
  5
E80
330
E7E
100
AcDbEntity
  8
Координатные кресты
  6
Continuous
 62
     7
370
    25
100
AcDbLine
 10
-2.5
 20
0.0
 30
0.0
 11
2.5
 21
0.0
 31
0.0
  0
LINE
  5
E81
330
E7E
100
AcDbEntity
  8
Координатные кресты
  6
Continuous
 62
     7
370
    25
100
AcDbLine
 10
0.0
 20
-2.5
 30
0.0
 11
0.0
 21
2.5
 31
0.0
  0
ENDBLK
  5
E82
330
E7E
100
AcDbEntity
  8
0
 62
     7
 48
0.4
370
    25
100
AcDbBlockEnd
  0
BLOCK
  5
E84
330
E83
100
AcDbEntity
  8
0
 62
     7
 48
0.4
370
    25
100
AcDbBlockBegin
  2
KREST_6
 70
     0
 10
0.0
 20
0.0
 30
0.0
  3
KREST_6
  1

  0
LINE
  5
E85
330
E83
100
AcDbEntity
  8
Координатные кресты
  6
Continuous
 62
     7
370
    25
100
AcDbLine
 10
-2.5
 20
0.0
 30
0.0
 11
2.5
 21
0.0
 31
0.0
  0
LINE
  5
E86
330
E83
100
AcDbEntity
  8
Координатные кресты
  6
Continuous
 62
     7
370
    25
100
AcDbLine
 10
0.0
 20
-2.5
 30
0.0
 11
0.0
 21
2.5
 31
0.0
  0
ENDBLK
  5
E87
330
E83
100
AcDbEntity
  8
0
 62
     7
 48
0.4
370
    25
100
AcDbBlockEnd
  0
BLOCK
  5
E89
330
E88
100
AcDbEntity
  8
0
 62
     7
 48
0.4
370
    25
100
AcDbBlockBegin
  2
KREST_7
 70
     0
 10
0.0
 20
0.0
 30
0.0
  3
KREST_7
  1

  0
LINE
  5
E8A
330
E88
100
AcDbEntity
  8
Координатные кресты
  6
Continuous
 62
     7
370
    25
100
AcDbLine
 10
-2.5
 20
0.0
 30
0.0
 11
2.5
 21
0.0
 31
0.0
  0
LINE
  5
E8B
330
E88
100
AcDbEntity
  8
Координатные кресты
  6
Continuous
 62
     7
370
    25
100
AcDbLine
 10
0.0
 20
-2.5
 30
0.0
 11
0.0
 21
2.5
 31
0.0
  0
ENDBLK
  5
E8C
330
E88
100
AcDbEntity
  8
0
 62
     7
 48
0.4
370
    25
100
AcDbBlockEnd
  0
BLOCK
  5
E8E
330
E8D
100
AcDbEntity
  8
0
 62
     7
 48
0.4
370
    25
100
AcDbBlockBegin
  2
KREST_8
 70
     0
 10
0.0
 20
0.0
 30
0.0
  3
KREST_8
  1

  0
LINE
  5
E8F
330
E8D
100
AcDbEntity
  8
Координатные кресты
  6
Continuous
 62
     7
370
    25
100
AcDbLine
 10
-2.5
 20
0.0
 30
0.0
 11
2.5
 21
0.0
 31
0.0
  0
LINE
  5
E90
330
E8D
100
AcDbEntity
  8
Координатные кресты
  6
Continuous
 62
     7
370
    25
100
AcDbLine
 10
0.0
 20
-2.5
 30
0.0
 11
0.0
 21
2.5
 31
0.0
  0
ENDBLK
  5
E91
330
E8D
100
AcDbEntity
  8
0
 62
     7
 48
0.4
370
    25
100
AcDbBlockEnd
  0
BLOCK
  5
E93
330
E92
100
AcDbEntity
  8
0
 62
     7
 48
0.4
370
    25
100
AcDbBlockBegin
  2
KREST_9
 70
     0
 10
0.0
 20
0.0
 30
0.0
  3
KREST_9
  1

  0
LINE
  5
E94
330
E92
100
AcDbEntity
  8
Координатные кресты
  6
Continuous
 62
     7
370
    25
100
AcDbLine
 10
-2.5
 20
0.0
 30
0.0
 11
2.5
 21
0.0
 31
0.0
  0
LINE
  5
E95
330
E92
100
AcDbEntity
  8
Координатные кресты
  6
Continuous
 62
     7
370
    25
100
AcDbLine
 10
0.0
 20
-2.5
 30
0.0
 11
0.0
 21
2.5
 31
0.0
  0
ENDBLK
  5
E96
330
E92
100
AcDbEntity
  8
0
 62
     7
 48
0.4
370
    25
100
AcDbBlockEnd
  0
BLOCK
  5
E98
330
E97
100
AcDbEntity
  8
0
 62
     7
 48
0.4
370
    25
100
AcDbBlockBegin
  2
KREST_10
 70
     0
 10
0.0
 20
0.0
 30
0.0
  3
KREST_10
  1

  0
LINE
  5
E99
330
E97
100
AcDbEntity
  8
Координатные кресты
  6
Continuous
 62
     7
370
    25
100
AcDbLine
 10
-2.5
 20
0.0
 30
0.0
 11
2.5
 21
0.0
 31
0.0
  0
LINE
  5
E9A
330
E97
100
AcDbEntity
  8
Координатные кресты
  6
Continuous
 62
     7
370
    25
100
AcDbLine
 10
0.0
 20
-2.5
 30
0.0
 11
0.0
 21
2.5
 31
0.0
  0
ENDBLK
  5
E9B
330
E97
100
AcDbEntity
  8
0
 62
     7
 48
0.4
370
    25
100
AcDbBlockEnd
  0
BLOCK
  5
E9D
330
E9C
100
AcDbEntity
  8
0
 62
     7
 48
0.4
370
    25
100
AcDbBlockBegin
  2
KREST_11
 70
     0
 10
0.0
 20
0.0
 30
0.0
  3
KREST_11
  1

  0
LINE
  5
E9E
330
E9C
100
AcDbEntity
  8
Координатные кресты
  6
Continuous
 62
     7
370
    25
100
AcDbLine
 10
-2.5
 20
0.0
 30
0.0
 11
2.5
 21
0.0
 31
0.0
  0
LINE
  5
E9F
330
E9C
100
AcDbEntity
  8
Координатные кресты
  6
Continuous
 62
     7
370
    25
100
AcDbLine
 10
0.0
 20
-2.5
 30
0.0
 11
0.0
 21
2.5
 31
0.0
  0
ENDBLK
  5
EA0
330
E9C
100
AcDbEntity
  8
0
 62
     7
 48
0.4
370
    25
100
AcDbBlockEnd
  0
BLOCK
  5
EA2
330
EA1
100
AcDbEntity
  8
0
 62
     7
 48
0.4
370
    25
100
AcDbBlockBegin
  2
KREST_12
 70
     0
 10
0.0
 20
0.0
 30
0.0
  3
KREST_12
  1

  0
LINE
  5
EA3
330
EA1
100
AcDbEntity
  8
Координатные кресты
  6
Continuous
 62
     7
370
    25
100
AcDbLine
 10
-2.5
 20
0.0
 30
0.0
 11
2.5
 21
0.0
 31
0.0
  0
LINE
  5
EA4
330
EA1
100
AcDbEntity
  8
Координатные кресты
  6
Continuous
 62
     7
370
    25
100
AcDbLine
 10
0.0
 20
-2.5
 30
0.0
 11
0.0
 21
2.5
 31
0.0
  0
ENDBLK
  5
EA5
330
EA1
100
AcDbEntity
  8
0
 62
     7
 48
0.4
370
    25
100
AcDbBlockEnd
  0
BLOCK
  5
EA7
330
EA6
100
AcDbEntity
  8
0
 62
     7
 48
0.4
370
    25
100
AcDbBlockBegin
  2
KREST_13
 70
     0
 10
0.0
 20
0.0
 30
0.0
  3
KREST_13
  1

  0
LINE
  5
EA8
330
EA6
100
AcDbEntity
  8
Координатные кресты
  6
Continuous
 62
     7
370
    25
100
AcDbLine
 10
-2.5
 20
0.0
 30
0.0
 11
2.5
 21
0.0
 31
0.0
  0
LINE
  5
EA9
330
EA6
100
AcDbEntity
  8
Координатные кресты
  6
Continuous
 62
     7
370
    25
100
AcDbLine
 10
0.0
 20
-2.5
 30
0.0
 11
0.0
 21
2.5
 31
0.0
  0
ENDBLK
  5
EAA
330
EA6
100
AcDbEntity
  8
0
 62
     7
 48
0.4
370
    25
100
AcDbBlockEnd
  0
BLOCK
  5
EAC
330
EAB
100
AcDbEntity
  8
0
 62
     7
 48
0.4
370
    25
100
AcDbBlockBegin
  2
KREST_14
 70
     0
 10
0.0
 20
0.0
 30
0.0
  3
KREST_14
  1

  0
LINE
  5
EAD
330
EAB
100
AcDbEntity
  8
Координатные кресты
  6
Continuous
 62
     7
370
    25
100
AcDbLine
 10
-2.5
 20
0.0
 30
0.0
 11
2.5
 21
0.0
 31
0.0
  0
LINE
  5
EAE
330
EAB
100
AcDbEntity
  8
Координатные кресты
  6
Continuous
 62
     7
370
    25
100
AcDbLine
 10
0.0
 20
-2.5
 30
0.0
 11
0.0
 21
2.5
 31
0.0
  0
ENDBLK
  5
EAF
330
EAB
100
AcDbEntity
  8
0
 62
     7
 48
0.4
370
    25
100
AcDbBlockEnd
  0
BLOCK
  5
EB1
330
EB0
100
AcDbEntity
  8
0
 62
     7
 48
0.4
370
    25
100
AcDbBlockBegin
  2
KREST_15
 70
     0
 10
0.0
 20
0.0
 30
0.0
  3
KREST_15
  1

  0
LINE
  5
EB2
330
EB0
100
AcDbEntity
  8
Координатные кресты
  6
Continuous
 62
     7
370
    25
100
AcDbLine
 10
-2.5
 20
0.0
 30
0.0
 11
2.5
 21
0.0
 31
0.0
  0
LINE
  5
EB3
330
EB0
100
AcDbEntity
  8
Координатные кресты
  6
Continuous
 62
     7
370
    25
100
AcDbLine
 10
0.0
 20
-2.5
 30
0.0
 11
0.0
 21
2.5
 31
0.0
  0
ENDBLK
  5
EB4
330
EB0
100
AcDbEntity
  8
0
 62
     7
 48
0.4
370
    25
100
AcDbBlockEnd
  0
BLOCK
  5
EB6
330
EB5
100
AcDbEntity
  8
0
 62
     7
 48
0.4
370
    25
100
AcDbBlockBegin
  2
KREST_16
 70
     0
 10
0.0
 20
0.0
 30
0.0
  3
KREST_16
  1

  0
LINE
  5
EB7
330
EB5
100
AcDbEntity
  8
Координатные кресты
  6
Continuous
 62
     7
370
    25
100
AcDbLine
 10
-2.5
 20
0.0
 30
0.0
 11
2.5
 21
0.0
 31
0.0
  0
LINE
  5
EB8
330
EB5
100
AcDbEntity
  8
Координатные кресты
  6
Continuous
 62
     7
370
    25
100
AcDbLine
 10
0.0
 20
-2.5
 30
0.0
 11
0.0
 21
2.5
 31
0.0
  0
ENDBLK
  5
EB9
330
EB5
100
AcDbEntity
  8
0
 62
     7
 48
0.4
370
    25
100
AcDbBlockEnd
  0
BLOCK
  5
EBB
330
EBA
100
AcDbEntity
  8
0
 62
     7
 48
0.4
370
    25
100
AcDbBlockBegin
  2
KREST_17
 70
     0
 10
0.0
 20
0.0
 30
0.0
  3
KREST_17
  1

  0
LINE
  5
EBC
330
EBA
100
AcDbEntity
  8
Координатные кресты
  6
Continuous
 62
     7
370
    25
100
AcDbLine
 10
-2.5
 20
0.0
 30
0.0
 11
2.5
 21
0.0
 31
0.0
  0
LINE
  5
EBD
330
EBA
100
AcDbEntity
  8
Координатные кресты
  6
Continuous
 62
     7
370
    25
100
AcDbLine
 10
0.0
 20
-2.5
 30
0.0
 11
0.0
 21
2.5
 31
0.0
  0
ENDBLK
  5
EBE
330
EBA
100
AcDbEntity
  8
0
 62
     7
 48
0.4
370
    25
100
AcDbBlockEnd
  0
BLOCK
  5
EC0
330
EBF
100
AcDbEntity
  8
0
 62
     7
 48
0.4
370
    25
100
AcDbBlockBegin
  2
KREST_18
 70
     0
 10
0.0
 20
0.0
 30
0.0
  3
KREST_18
  1

  0
LINE
  5
EC1
330
EBF
100
AcDbEntity
  8
Координатные кресты
  6
Continuous
 62
     7
370
    25
100
AcDbLine
 10
-2.5
 20
0.0
 30
0.0
 11
2.5
 21
0.0
 31
0.0
  0
LINE
  5
EC2
330
EBF
100
AcDbEntity
  8
Координатные кресты
  6
Continuous
 62
     7
370
    25
100
AcDbLine
 10
0.0
 20
-2.5
 30
0.0
 11
0.0
 21
2.5
 31
0.0
  0
ENDBLK
  5
EC3
330
EBF
100
AcDbEntity
  8
0
 62
     7
 48
0.4
370
    25
100
AcDbBlockEnd
  0
BLOCK
  5
EC5
330
EC4
100
AcDbEntity
  8
0
 62
     7
 48
0.4
370
    25
100
AcDbBlockBegin
  2
KREST_19
 70
     0
 10
0.0
 20
0.0
 30
0.0
  3
KREST_19
  1

  0
LINE
  5
EC6
330
EC4
100
AcDbEntity
  8
Координатные кресты
  6
Continuous
 62
     7
370
    25
100
AcDbLine
 10
-2.5
 20
0.0
 30
0.0
 11
2.5
 21
0.0
 31
0.0
  0
LINE
  5
EC7
330
EC4
100
AcDbEntity
  8
Координатные кресты
  6
Continuous
 62
     7
370
    25
100
AcDbLine
 10
0.0
 20
-2.5
 30
0.0
 11
0.0
 21
2.5
 31
0.0
  0
ENDBLK
  5
EC8
330
EC4
100
AcDbEntity
  8
0
 62
     7
 48
0.4
370
    25
100
AcDbBlockEnd
  0
BLOCK
  5
ECA
330
EC9
100
AcDbEntity
  8
0
 62
     7
 48
0.4
370
    25
100
AcDbBlockBegin
  2
KREST_20
 70
     0
 10
0.0
 20
0.0
 30
0.0
  3
KREST_20
  1

  0
LINE
  5
ECB
330
EC9
100
AcDbEntity
  8
Координатные кресты
  6
Continuous
 62
     7
370
    25
100
AcDbLine
 10
-2.5
 20
0.0
 30
0.0
 11
2.5
 21
0.0
 31
0.0
  0
LINE
  5
ECC
330
EC9
100
AcDbEntity
  8
Координатные кресты
  6
Continuous
 62
     7
370
    25
100
AcDbLine
 10
0.0
 20
-2.5
 30
0.0
 11
0.0
 21
2.5
 31
0.0
  0
ENDBLK
  5
ECD
330
EC9
100
AcDbEntity
  8
0
 62
     7
 48
0.4
370
    25
100
AcDbBlockEnd
  0
BLOCK
  5
ECF
330
ECE
100
AcDbEntity
  8
0
 62
     7
 48
0.4
370
    25
100
AcDbBlockBegin
  2
KREST_21
 70
     0
 10
0.0
 20
0.0
 30
0.0
  3
KREST_21
  1

  0
LINE
  5
ED0
330
ECE
100
AcDbEntity
  8
Координатные кресты
  6
Continuous
 62
     7
370
    25
100
AcDbLine
 10
-2.5
 20
0.0
 30
0.0
 11
2.5
 21
0.0
 31
0.0
  0
LINE
  5
ED1
330
ECE
100
AcDbEntity
  8
Координатные кресты
  6
Continuous
 62
     7
370
    25
100
AcDbLine
 10
0.0
 20
-2.5
 30
0.0
 11
0.0
 21
2.5
 31
0.0
  0
ENDBLK
  5
ED2
330
ECE
100
AcDbEntity
  8
0
 62
     7
 48
0.4
370
    25
100
AcDbBlockEnd
  0
BLOCK
  5
ED4
330
ED3
100
AcDbEntity
  8
0
 62
     7
 48
0.4
370
    25
100
AcDbBlockBegin
  2
KREST_22
 70
     0
 10
0.0
 20
0.0
 30
0.0
  3
KREST_22
  1

  0
LINE
  5
ED5
330
ED3
100
AcDbEntity
  8
Координатные кресты
  6
Continuous
 62
     7
370
    25
100
AcDbLine
 10
-2.5
 20
0.0
 30
0.0
 11
2.5
 21
0.0
 31
0.0
  0
LINE
  5
ED6
330
ED3
100
AcDbEntity
  8
Координатные кресты
  6
Continuous
 62
     7
370
    25
100
AcDbLine
 10
0.0
 20
-2.5
 30
0.0
 11
0.0
 21
2.5
 31
0.0
  0
ENDBLK
  5
ED7
330
ED3
100
AcDbEntity
  8
0
 62
     7
 48
0.4
370
    25
100
AcDbBlockEnd
  0
BLOCK
  5
ED9
330
ED8
100
AcDbEntity
  8
0
 62
     7
 48
0.4
370
    25
100
AcDbBlockBegin
  2
KREST_23
 70
     0
 10
0.0
 20
0.0
 30
0.0
  3
KREST_23
  1

  0
LINE
  5
EDA
330
ED8
100
AcDbEntity
  8
Координатные кресты
  6
Continuous
 62
     7
370
    25
100
AcDbLine
 10
-2.5
 20
0.0
 30
0.0
 11
2.5
 21
0.0
 31
0.0
  0
LINE
  5
EDB
330
ED8
100
AcDbEntity
  8
Координатные кресты
  6
Continuous
 62
     7
370
    25
100
AcDbLine
 10
0.0
 20
-2.5
 30
0.0
 11
0.0
 21
2.5
 31
0.0
  0
ENDBLK
  5
EDC
330
ED8
100
AcDbEntity
  8
0
 62
     7
 48
0.4
370
    25
100
AcDbBlockEnd
  0
BLOCK
  5
EDE
330
EDD
100
AcDbEntity
  8
0
 62
     7
 48
0.4
370
    25
100
AcDbBlockBegin
  2
KREST_24
 70
     0
 10
0.0
 20
0.0
 30
0.0
  3
KREST_24
  1

  0
LINE
  5
EDF
330
EDD
100
AcDbEntity
  8
Координатные кресты
  6
Continuous
 62
     7
370
    25
100
AcDbLine
 10
-2.5
 20
0.0
 30
0.0
 11
2.5
 21
0.0
 31
0.0
  0
LINE
  5
EE0
330
EDD
100
AcDbEntity
  8
Координатные кресты
  6
Continuous
 62
     7
370
    25
100
AcDbLine
 10
0.0
 20
-2.5
 30
0.0
 11
0.0
 21
2.5
 31
0.0
  0
ENDBLK
  5
EE1
330
EDD
100
AcDbEntity
  8
0
 62
     7
 48
0.4
370
    25
100
AcDbBlockEnd
  0
BLOCK
  5
EE3
330
EE2
100
AcDbEntity
  8
0
 62
     7
 48
0.4
370
    25
100
AcDbBlockBegin
  2
KREST_25
 70
     0
 10
0.0
 20
0.0
 30
0.0
  3
KREST_25
  1

  0
LINE
  5
EE4
330
EE2
100
AcDbEntity
  8
Координатные кресты
  6
Continuous
 62
     7
370
    25
100
AcDbLine
 10
-2.5
 20
0.0
 30
0.0
 11
2.5
 21
0.0
 31
0.0
  0
LINE
  5
EE5
330
EE2
100
AcDbEntity
  8
Координатные кресты
  6
Continuous
 62
     7
370
    25
100
AcDbLine
 10
0.0
 20
-2.5
 30
0.0
 11
0.0
 21
2.5
 31
0.0
  0
ENDBLK
  5
EE6
330
EE2
100
AcDbEntity
  8
0
 62
     7
 48
0.4
370
    25
100
AcDbBlockEnd
  0
BLOCK
  5
EE8
330
EE7
100
AcDbEntity
  8
0
 62
     7
 48
0.4
370
    25
100
AcDbBlockBegin
  2
KREST_26
 70
     0
 10
0.0
 20
0.0
 30
0.0
  3
KREST_26
  1

  0
LINE
  5
EE9
330
EE7
100
AcDbEntity
  8
Координатные кресты
  6
Continuous
 62
     7
370
    25
100
AcDbLine
 10
-2.5
 20
0.0
 30
0.0
 11
2.5
 21
0.0
 31
0.0
  0
LINE
  5
EEA
330
EE7
100
AcDbEntity
  8
Координатные кресты
  6
Continuous
 62
     7
370
    25
100
AcDbLine
 10
0.0
 20
-2.5
 30
0.0
 11
0.0
 21
2.5
 31
0.0
  0
ENDBLK
  5
EEB
330
EE7
100
AcDbEntity
  8
0
 62
     7
 48
0.4
370
    25
100
AcDbBlockEnd
  0
BLOCK
  5
EED
330
EEC
100
AcDbEntity
  8
0
 62
     7
 48
0.4
370
    25
100
AcDbBlockBegin
  2
KREST_27
 70
     0
 10
0.0
 20
0.0
 30
0.0
  3
KREST_27
  1

  0
LINE
  5
EEE
330
EEC
100
AcDbEntity
  8
Координатные кресты
  6
Continuous
 62
     7
370
    25
100
AcDbLine
 10
-2.5
 20
0.0
 30
0.0
 11
2.5
 21
0.0
 31
0.0
  0
LINE
  5
EEF
330
EEC
100
AcDbEntity
  8
Координатные кресты
  6
Continuous
 62
     7
370
    25
100
AcDbLine
 10
0.0
 20
-2.5
 30
0.0
 11
0.0
 21
2.5
 31
0.0
  0
ENDBLK
  5
EF0
330
EEC
100
AcDbEntity
  8
0
 62
     7
 48
0.4
370
    25
100
AcDbBlockEnd
  0
BLOCK
  5
EF2
330
EF1
100
AcDbEntity
  8
0
 62
     7
 48
0.4
370
    25
100
AcDbBlockBegin
  2
KREST_28
 70
     0
 10
0.0
 20
0.0
 30
0.0
  3
KREST_28
  1

  0
LINE
  5
EF3
330
EF1
100
AcDbEntity
  8
Координатные кресты
  6
Continuous
 62
     7
370
    25
100
AcDbLine
 10
-2.5
 20
0.0
 30
0.0
 11
2.5
 21
0.0
 31
0.0
  0
LINE
  5
EF4
330
EF1
100
AcDbEntity
  8
Координатные кресты
  6
Continuous
 62
     7
370
    25
100
AcDbLine
 10
0.0
 20
-2.5
 30
0.0
 11
0.0
 21
2.5
 31
0.0
  0
ENDBLK
  5
EF5
330
EF1
100
AcDbEntity
  8
0
 62
     7
 48
0.4
370
    25
100
AcDbBlockEnd
  0
BLOCK
  5
EF7
330
EF6
100
AcDbEntity
  8
0
 62
     7
 48
0.4
370
    25
100
AcDbBlockBegin
  2
KREST_29
 70
     0
 10
0.0
 20
0.0
 30
0.0
  3
KREST_29
  1

  0
LINE
  5
EF8
330
EF6
100
AcDbEntity
  8
Координатные кресты
  6
Continuous
 62
     7
370
    25
100
AcDbLine
 10
-2.5
 20
0.0
 30
0.0
 11
2.5
 21
0.0
 31
0.0
  0
LINE
  5
EF9
330
EF6
100
AcDbEntity
  8
Координатные кресты
  6
Continuous
 62
     7
370
    25
100
AcDbLine
 10
0.0
 20
-2.5
 30
0.0
 11
0.0
 21
2.5
 31
0.0
  0
ENDBLK
  5
EFA
330
EF6
100
AcDbEntity
  8
0
 62
     7
 48
0.4
370
    25
100
AcDbBlockEnd
  0
BLOCK
  5
EFC
330
EFB
100
AcDbEntity
  8
0
 62
     7
 48
0.4
370
    25
100
AcDbBlockBegin
  2
KREST_30
 70
     0
 10
0.0
 20
0.0
 30
0.0
  3
KREST_30
  1

  0
LINE
  5
EFD
330
EFB
100
AcDbEntity
  8
Координатные кресты
  6
Continuous
 62
     7
370
    25
100
AcDbLine
 10
-2.5
 20
0.0
 30
0.0
 11
2.5
 21
0.0
 31
0.0
  0
LINE
  5
EFE
330
EFB
100
AcDbEntity
  8
Координатные кресты
  6
Continuous
 62
     7
370
    25
100
AcDbLine
 10
0.0
 20
-2.5
 30
0.0
 11
0.0
 21
2.5
 31
0.0
  0
ENDBLK
  5
EFF
330
EFB
100
AcDbEntity
  8
0
 62
     7
 48
0.4
370
    25
100
AcDbBlockEnd
  0
BLOCK
  5
F01
330
F00
100
AcDbEntity
  8
0
 62
     7
 48
0.4
370
    25
100
AcDbBlockBegin
  2
KREST_31
 70
     0
 10
0.0
 20
0.0
 30
0.0
  3
KREST_31
  1

  0
LINE
  5
F02
330
F00
100
AcDbEntity
  8
Координатные кресты
  6
Continuous
 62
     7
370
    25
100
AcDbLine
 10
-2.5
 20
0.0
 30
0.0
 11
2.5
 21
0.0
 31
0.0
  0
LINE
  5
F03
330
F00
100
AcDbEntity
  8
Координатные кресты
  6
Continuous
 62
     7
370
    25
100
AcDbLine
 10
0.0
 20
-2.5
 30
0.0
 11
0.0
 21
2.5
 31
0.0
  0
ENDBLK
  5
F04
330
F00
100
AcDbEntity
  8
0
 62
     7
 48
0.4
370
    25
100
AcDbBlockEnd
  0
BLOCK
  5
F06
330
F05
100
AcDbEntity
  8
0
 62
     7
 48
0.4
370
    25
100
AcDbBlockBegin
  2
KREST_32
 70
     0
 10
0.0
 20
0.0
 30
0.0
  3
KREST_32
  1

  0
LINE
  5
F07
330
F05
100
AcDbEntity
  8
Координатные кресты
  6
Continuous
 62
     7
370
    25
100
AcDbLine
 10
-2.5
 20
0.0
 30
0.0
 11
2.5
 21
0.0
 31
0.0
  0
LINE
  5
F08
330
F05
100
AcDbEntity
  8
Координатные кресты
  6
Continuous
 62
     7
370
    25
100
AcDbLine
 10
0.0
 20
-2.5
 30
0.0
 11
0.0
 21
2.5
 31
0.0
  0
ENDBLK
  5
F09
330
F05
100
AcDbEntity
  8
0
 62
     7
 48
0.4
370
    25
100
AcDbBlockEnd
  0
BLOCK
  5
F0B
330
F0A
100
AcDbEntity
  8
0
 62
     7
 48
0.4
370
    25
100
AcDbBlockBegin
  2
KREST_33
 70
     0
 10
0.0
 20
0.0
 30
0.0
  3
KREST_33
  1

  0
LINE
  5
F0C
330
F0A
100
AcDbEntity
  8
Координатные кресты
  6
Continuous
 62
     7
370
    25
100
AcDbLine
 10
-2.5
 20
0.0
 30
0.0
 11
2.5
 21
0.0
 31
0.0
  0
LINE
  5
F0D
330
F0A
100
AcDbEntity
  8
Координатные кресты
  6
Continuous
 62
     7
370
    25
100
AcDbLine
 10
0.0
 20
-2.5
 30
0.0
 11
0.0
 21
2.5
 31
0.0
  0
ENDBLK
  5
F0E
330
F0A
100
AcDbEntity
  8
0
 62
     7
 48
0.4
370
    25
100
AcDbBlockEnd
  0
BLOCK
  5
F10
330
F0F
100
AcDbEntity
  8
0
 62
     7
 48
0.4
370
    25
100
AcDbBlockBegin
  2
KREST_34
 70
     0
 10
0.0
 20
0.0
 30
0.0
  3
KREST_34
  1

  0
LINE
  5
F11
330
F0F
100
AcDbEntity
  8
Координатные кресты
  6
Continuous
 62
     7
370
    25
100
AcDbLine
 10
-2.5
 20
0.0
 30
0.0
 11
2.5
 21
0.0
 31
0.0
  0
LINE
  5
F12
330
F0F
100
AcDbEntity
  8
Координатные кресты
  6
Continuous
 62
     7
370
    25
100
AcDbLine
 10
0.0
 20
-2.5
 30
0.0
 11
0.0
 21
2.5
 31
0.0
  0
ENDBLK
  5
F13
330
F0F
100
AcDbEntity
  8
0
 62
     7
 48
0.4
370
    25
100
AcDbBlockEnd
  0
BLOCK
  5
F15
330
F14
100
AcDbEntity
  8
0
 62
     7
 48
0.4
370
    25
100
AcDbBlockBegin
  2
KREST_35
 70
     0
 10
0.0
 20
0.0
 30
0.0
  3
KREST_35
  1

  0
LINE
  5
F16
330
F14
100
AcDbEntity
  8
Координатные кресты
  6
Continuous
 62
     7
370
    25
100
AcDbLine
 10
-2.5
 20
0.0
 30
0.0
 11
2.5
 21
0.0
 31
0.0
  0
LINE
  5
F17
330
F14
100
AcDbEntity
  8
Координатные кресты
  6
Continuous
 62
     7
370
    25
100
AcDbLine
 10
0.0
 20
-2.5
 30
0.0
 11
0.0
 21
2.5
 31
0.0
  0
ENDBLK
  5
F18
330
F14
100
AcDbEntity
  8
0
 62
     7
 48
0.4
370
    25
100
AcDbBlockEnd
  0
BLOCK
  5
F1A
330
F19
100
AcDbEntity
  8
0
 62
     7
 48
0.4
370
    25
100
AcDbBlockBegin
  2
KREST_36
 70
     0
 10
0.0
 20
0.0
 30
0.0
  3
KREST_36
  1

  0
LINE
  5
F1B
330
F19
100
AcDbEntity
  8
Координатные кресты
  6
Continuous
 62
     7
370
    25
100
AcDbLine
 10
-2.5
 20
0.0
 30
0.0
 11
2.5
 21
0.0
 31
0.0
  0
LINE
  5
F1C
330
F19
100
AcDbEntity
  8
Координатные кресты
  6
Continuous
 62
     7
370
    25
100
AcDbLine
 10
0.0
 20
-2.5
 30
0.0
 11
0.0
 21
2.5
 31
0.0
  0
ENDBLK
  5
F1D
330
F19
100
AcDbEntity
  8
0
 62
     7
 48
0.4
370
    25
100
AcDbBlockEnd
  0
BLOCK
  5
F1F
330
F1E
100
AcDbEntity
  8
0
 62
     7
 48
0.4
370
    25
100
AcDbBlockBegin
  2
KREST_37
 70
     0
 10
0.0
 20
0.0
 30
0.0
  3
KREST_37
  1

  0
LINE
  5
F20
330
F1E
100
AcDbEntity
  8
Координатные кресты
  6
Continuous
 62
     7
370
    25
100
AcDbLine
 10
-2.5
 20
0.0
 30
0.0
 11
2.5
 21
0.0
 31
0.0
  0
LINE
  5
F21
330
F1E
100
AcDbEntity
  8
Координатные кресты
  6
Continuous
 62
     7
370
    25
100
AcDbLine
 10
0.0
 20
-2.5
 30
0.0
 11
0.0
 21
2.5
 31
0.0
  0
ENDBLK
  5
F22
330
F1E
100
AcDbEntity
  8
0
 62
     7
 48
0.4
370
    25
100
AcDbBlockEnd
  0
BLOCK
  5
F24
330
F23
100
AcDbEntity
  8
0
 62
     7
 48
0.4
370
    25
100
AcDbBlockBegin
  2
KREST_38
 70
     0
 10
0.0
 20
0.0
 30
0.0
  3
KREST_38
  1

  0
LINE
  5
F25
330
F23
100
AcDbEntity
  8
Координатные кресты
  6
Continuous
 62
     7
370
    25
100
AcDbLine
 10
-2.5
 20
0.0
 30
0.0
 11
2.5
 21
0.0
 31
0.0
  0
LINE
  5
F26
330
F23
100
AcDbEntity
  8
Координатные кресты
  6
Continuous
 62
     7
370
    25
100
AcDbLine
 10
0.0
 20
-2.5
 30
0.0
 11
0.0
 21
2.5
 31
0.0
  0
ENDBLK
  5
F27
330
F23
100
AcDbEntity
  8
0
 62
     7
 48
0.4
370
    25
100
AcDbBlockEnd
  0
BLOCK
  5
F29
330
F28
100
AcDbEntity
  8
0
 62
     7
 48
0.4
370
    25
100
AcDbBlockBegin
  2
KREST_39
 70
     0
 10
0.0
 20
0.0
 30
0.0
  3
KREST_39
  1

  0
LINE
  5
F2A
330
F28
100
AcDbEntity
  8
Координатные кресты
  6
Continuous
 62
     7
370
    25
100
AcDbLine
 10
-2.5
 20
0.0
 30
0.0
 11
2.5
 21
0.0
 31
0.0
  0
LINE
  5
F2B
330
F28
100
AcDbEntity
  8
Координатные кресты
  6
Continuous
 62
     7
370
    25
100
AcDbLine
 10
0.0
 20
-2.5
 30
0.0
 11
0.0
 21
2.5
 31
0.0
  0
ENDBLK
  5
F2C
330
F28
100
AcDbEntity
  8
0
 62
     7
 48
0.4
370
    25
100
AcDbBlockEnd
  0
BLOCK
  5
F2E
330
F2D
100
AcDbEntity
  8
0
 62
     7
 48
0.4
370
    25
100
AcDbBlockBegin
  2
KREST_40
 70
     0
 10
0.0
 20
0.0
 30
0.0
  3
KREST_40
  1

  0
LINE
  5
F2F
330
F2D
100
AcDbEntity
  8
Координатные кресты
  6
Continuous
 62
     7
370
    25
100
AcDbLine
 10
-2.5
 20
0.0
 30
0.0
 11
2.5
 21
0.0
 31
0.0
  0
LINE
  5
F30
330
F2D
100
AcDbEntity
  8
Координатные кресты
  6
Continuous
 62
     7
370
    25
100
AcDbLine
 10
0.0
 20
-2.5
 30
0.0
 11
0.0
 21
2.5
 31
0.0
  0
ENDBLK
  5
F31
330
F2D
100
AcDbEntity
  8
0
 62
     7
 48
0.4
370
    25
100
AcDbBlockEnd
  0
BLOCK
  5
F33
330
F32
100
AcDbEntity
  8
0
 62
     7
 48
0.4
370
    25
100
AcDbBlockBegin
  2
KREST_41
 70
     0
 10
0.0
 20
0.0
 30
0.0
  3
KREST_41
  1

  0
LINE
  5
F34
330
F32
100
AcDbEntity
  8
Координатные кресты
  6
Continuous
 62
     7
370
    25
100
AcDbLine
 10
-2.5
 20
0.0
 30
0.0
 11
2.5
 21
0.0
 31
0.0
  0
LINE
  5
F35
330
F32
100
AcDbEntity
  8
Координатные кресты
  6
Continuous
 62
     7
370
    25
100
AcDbLine
 10
0.0
 20
-2.5
 30
0.0
 11
0.0
 21
2.5
 31
0.0
  0
ENDBLK
  5
F36
330
F32
100
AcDbEntity
  8
0
 62
     7
 48
0.4
370
    25
100
AcDbBlockEnd
  0
BLOCK
  5
F38
330
F37
100
AcDbEntity
  8
0
 62
     7
 48
0.4
370
    25
100
AcDbBlockBegin
  2
KREST_42
 70
     0
 10
0.0
 20
0.0
 30
0.0
  3
KREST_42
  1

  0
LINE
  5
F39
330
F37
100
AcDbEntity
  8
Координатные кресты
  6
Continuous
 62
     7
370
    25
100
AcDbLine
 10
-2.5
 20
0.0
 30
0.0
 11
2.5
 21
0.0
 31
0.0
  0
LINE
  5
F3A
330
F37
100
AcDbEntity
  8
Координатные кресты
  6
Continuous
 62
     7
370
    25
100
AcDbLine
 10
0.0
 20
-2.5
 30
0.0
 11
0.0
 21
2.5
 31
0.0
  0
ENDBLK
  5
F3B
330
F37
100
AcDbEntity
  8
0
 62
     7
 48
0.4
370
    25
100
AcDbBlockEnd
  0
BLOCK
  5
F3D
330
F3C
100
AcDbEntity
  8
0
 62
     7
 48
0.4
370
    25
100
AcDbBlockBegin
  2
KREST_43
 70
     0
 10
0.0
 20
0.0
 30
0.0
  3
KREST_43
  1

  0
LINE
  5
F3E
330
F3C
100
AcDbEntity
  8
Координатные кресты
  6
Continuous
 62
     7
370
    25
100
AcDbLine
 10
-2.5
 20
0.0
 30
0.0
 11
2.5
 21
0.0
 31
0.0
  0
LINE
  5
F3F
330
F3C
100
AcDbEntity
  8
Координатные кресты
  6
Continuous
 62
     7
370
    25
100
AcDbLine
 10
0.0
 20
-2.5
 30
0.0
 11
0.0
 21
2.5
 31
0.0
  0
ENDBLK
  5
F40
330
F3C
100
AcDbEntity
  8
0
 62
     7
 48
0.4
370
    25
100
AcDbBlockEnd
  0
BLOCK
  5
F42
330
F41
100
AcDbEntity
  8
0
 62
     7
 48
0.4
370
    25
100
AcDbBlockBegin
  2
KREST_44
 70
     0
 10
0.0
 20
0.0
 30
0.0
  3
KREST_44
  1

  0
LINE
  5
F43
330
F41
100
AcDbEntity
  8
Координатные кресты
  6
Continuous
 62
     7
370
    25
100
AcDbLine
 10
-2.5
 20
0.0
 30
0.0
 11
2.5
 21
0.0
 31
0.0
  0
LINE
  5
F44
330
F41
100
AcDbEntity
  8
Координатные кресты
  6
Continuous
 62
     7
370
    25
100
AcDbLine
 10
0.0
 20
-2.5
 30
0.0
 11
0.0
 21
2.5
 31
0.0
  0
ENDBLK
  5
F45
330
F41
100
AcDbEntity
  8
0
 62
     7
 48
0.4
370
    25
100
AcDbBlockEnd
  0
BLOCK
  5
F47
330
F46
100
AcDbEntity
  8
0
 62
     7
 48
0.4
370
    25
100
AcDbBlockBegin
  2
KREST_45
 70
     0
 10
0.0
 20
0.0
 30
0.0
  3
KREST_45
  1

  0
LINE
  5
F48
330
F46
100
AcDbEntity
  8
Координатные кресты
  6
Continuous
 62
     7
370
    25
100
AcDbLine
 10
-2.5
 20
0.0
 30
0.0
 11
2.5
 21
0.0
 31
0.0
  0
LINE
  5
F49
330
F46
100
AcDbEntity
  8
Координатные кресты
  6
Continuous
 62
     7
370
    25
100
AcDbLine
 10
0.0
 20
-2.5
 30
0.0
 11
0.0
 21
2.5
 31
0.0
  0
ENDBLK
  5
F4A
330
F46
100
AcDbEntity
  8
0
 62
     7
 48
0.4
370
    25
100
AcDbBlockEnd
  0
BLOCK
  5
F4C
330
F4B
100
AcDbEntity
  8
0
 62
     7
 48
0.4
370
    25
100
AcDbBlockBegin
  2
KREST_46
 70
     0
 10
0.0
 20
0.0
 30
0.0
  3
KREST_46
  1

  0
LINE
  5
F4D
330
F4B
100
AcDbEntity
  8
Координатные кресты
  6
Continuous
 62
     7
370
    25
100
AcDbLine
 10
-2.5
 20
0.0
 30
0.0
 11
2.5
 21
0.0
 31
0.0
  0
LINE
  5
F4E
330
F4B
100
AcDbEntity
  8
Координатные кресты
  6
Continuous
 62
     7
370
    25
100
AcDbLine
 10
0.0
 20
-2.5
 30
0.0
 11
0.0
 21
2.5
 31
0.0
  0
ENDBLK
  5
F4F
330
F4B
100
AcDbEntity
  8
0
 62
     7
 48
0.4
370
    25
100
AcDbBlockEnd
  0
BLOCK
  5
F51
330
F50
100
AcDbEntity
  8
0
 62
     7
 48
0.4
370
    25
100
AcDbBlockBegin
  2
KREST_47
 70
     0
 10
0.0
 20
0.0
 30
0.0
  3
KREST_47
  1

  0
LINE
  5
F52
330
F50
100
AcDbEntity
  8
Координатные кресты
  6
Continuous
 62
     7
370
    25
100
AcDbLine
 10
-2.5
 20
0.0
 30
0.0
 11
2.5
 21
0.0
 31
0.0
  0
LINE
  5
F53
330
F50
100
AcDbEntity
  8
Координатные кресты
  6
Continuous
 62
     7
370
    25
100
AcDbLine
 10
0.0
 20
-2.5
 30
0.0
 11
0.0
 21
2.5
 31
0.0
  0
ENDBLK
  5
F54
330
F50
100
AcDbEntity
  8
0
 62
     7
 48
0.4
370
    25
100
AcDbBlockEnd
  0
BLOCK
  5
F56
330
F55
100
AcDbEntity
  8
0
 62
     7
 48
0.4
370
    25
100
AcDbBlockBegin
  2
KREST_48
 70
     0
 10
0.0
 20
0.0
 30
0.0
  3
KREST_48
  1

  0
LINE
  5
F57
330
F55
100
AcDbEntity
  8
Координатные кресты
  6
Continuous
 62
     7
370
    25
100
AcDbLine
 10
-2.5
 20
0.0
 30
0.0
 11
2.5
 21
0.0
 31
0.0
  0
LINE
  5
F58
330
F55
100
AcDbEntity
  8
Координатные кресты
  6
Continuous
 62
     7
370
    25
100
AcDbLine
 10
0.0
 20
-2.5
 30
0.0
 11
0.0
 21
2.5
 31
0.0
  0
ENDBLK
  5
F59
330
F55
100
AcDbEntity
  8
0
 62
     7
 48
0.4
370
    25
100
AcDbBlockEnd
  0
BLOCK
  5
F5B
330
F5A
100
AcDbEntity
  8
0
 62
     7
 48
0.4
370
    25
100
AcDbBlockBegin
  2
KREST_49
 70
     0
 10
0.0
 20
0.0
 30
0.0
  3
KREST_49
  1

  0
LINE
  5
F5C
330
F5A
100
AcDbEntity
  8
Координатные кресты
  6
Continuous
 62
     7
370
    25
100
AcDbLine
 10
-2.5
 20
0.0
 30
0.0
 11
2.5
 21
0.0
 31
0.0
  0
LINE
  5
F5D
330
F5A
100
AcDbEntity
  8
Координатные кресты
  6
Continuous
 62
     7
370
    25
100
AcDbLine
 10
0.0
 20
-2.5
 30
0.0
 11
0.0
 21
2.5
 31
0.0
  0
ENDBLK
  5
F5E
330
F5A
100
AcDbEntity
  8
0
 62
     7
 48
0.4
370
    25
100
AcDbBlockEnd
  0
BLOCK
  5
F60
330
F5F
100
AcDbEntity
  8
0
 62
     7
 48
0.4
370
    25
100
AcDbBlockBegin
  2
KREST_50
 70
     0
 10
0.0
 20
0.0
 30
0.0
  3
KREST_50
  1

  0
LINE
  5
F61
330
F5F
100
AcDbEntity
  8
Координатные кресты
  6
Continuous
 62
     7
370
    25
100
AcDbLine
 10
-2.5
 20
0.0
 30
0.0
 11
2.5
 21
0.0
 31
0.0
  0
LINE
  5
F62
330
F5F
100
AcDbEntity
  8
Координатные кресты
  6
Continuous
 62
     7
370
    25
100
AcDbLine
 10
0.0
 20
-2.5
 30
0.0
 11
0.0
 21
2.5
 31
0.0
  0
ENDBLK
  5
F63
330
F5F
100
AcDbEntity
  8
0
 62
     7
 48
0.4
370
    25
100
AcDbBlockEnd
  0
BLOCK
  5
F65
330
F64
100
AcDbEntity
  8
0
 62
     7
 48
0.4
370
    25
100
AcDbBlockBegin
  2
KREST_51
 70
     0
 10
0.0
 20
0.0
 30
0.0
  3
KREST_51
  1

  0
LINE
  5
F66
330
F64
100
AcDbEntity
  8
Координатные кресты
  6
Continuous
 62
     7
370
    25
100
AcDbLine
 10
-2.5
 20
0.0
 30
0.0
 11
2.5
 21
0.0
 31
0.0
  0
LINE
  5
F67
330
F64
100
AcDbEntity
  8
Координатные кресты
  6
Continuous
 62
     7
370
    25
100
AcDbLine
 10
0.0
 20
-2.5
 30
0.0
 11
0.0
 21
2.5
 31
0.0
  0
ENDBLK
  5
F68
330
F64
100
AcDbEntity
  8
0
 62
     7
 48
0.4
370
    25
100
AcDbBlockEnd
  0
BLOCK
  5
F6A
330
F69
100
AcDbEntity
  8
0
 62
     7
 48
0.4
370
    25
100
AcDbBlockBegin
  2
KREST_52
 70
     0
 10
0.0
 20
0.0
 30
0.0
  3
KREST_52
  1

  0
LINE
  5
F6B
330
F69
100
AcDbEntity
  8
Координатные кресты
  6
Continuous
 62
     7
370
    25
100
AcDbLine
 10
-2.5
 20
0.0
 30
0.0
 11
2.5
 21
0.0
 31
0.0
  0
LINE
  5
F6C
330
F69
100
AcDbEntity
  8
Координатные кресты
  6
Continuous
 62
     7
370
    25
100
AcDbLine
 10
0.0
 20
-2.5
 30
0.0
 11
0.0
 21
2.5
 31
0.0
  0
ENDBLK
  5
F6D
330
F69
100
AcDbEntity
  8
0
 62
     7
 48
0.4
370
    25
100
AcDbBlockEnd
  0
BLOCK
  5
F6F
330
F6E
100
AcDbEntity
  8
0
 62
     7
 48
0.4
370
    25
100
AcDbBlockBegin
  2
KREST_53
 70
     0
 10
0.0
 20
0.0
 30
0.0
  3
KREST_53
  1

  0
LINE
  5
F70
330
F6E
100
AcDbEntity
  8
Координатные кресты
  6
Continuous
 62
     7
370
    25
100
AcDbLine
 10
-2.5
 20
0.0
 30
0.0
 11
2.5
 21
0.0
 31
0.0
  0
LINE
  5
F71
330
F6E
100
AcDbEntity
  8
Координатные кресты
  6
Continuous
 62
     7
370
    25
100
AcDbLine
 10
0.0
 20
-2.5
 30
0.0
 11
0.0
 21
2.5
 31
0.0
  0
ENDBLK
  5
F72
330
F6E
100
AcDbEntity
  8
0
 62
     7
 48
0.4
370
    25
100
AcDbBlockEnd
  0
BLOCK
  5
F74
330
F73
100
AcDbEntity
  8
0
 62
     7
 48
0.4
370
    25
100
AcDbBlockBegin
  2
KREST_54
 70
     0
 10
0.0
 20
0.0
 30
0.0
  3
KREST_54
  1

  0
LINE
  5
F75
330
F73
100
AcDbEntity
  8
Координатные кресты
  6
Continuous
 62
     7
370
    25
100
AcDbLine
 10
-2.5
 20
0.0
 30
0.0
 11
2.5
 21
0.0
 31
0.0
  0
LINE
  5
F76
330
F73
100
AcDbEntity
  8
Координатные кресты
  6
Continuous
 62
     7
370
    25
100
AcDbLine
 10
0.0
 20
-2.5
 30
0.0
 11
0.0
 21
2.5
 31
0.0
  0
ENDBLK
  5
F77
330
F73
100
AcDbEntity
  8
0
 62
     7
 48
0.4
370
    25
100
AcDbBlockEnd
  0
BLOCK
  5
F79
330
F78
100
AcDbEntity
  8
0
 62
     7
 48
0.4
370
    25
100
AcDbBlockBegin
  2
KREST_55
 70
     0
 10
0.0
 20
0.0
 30
0.0
  3
KREST_55
  1

  0
LINE
  5
F7A
330
F78
100
AcDbEntity
  8
Координатные кресты
  6
Continuous
 62
     7
370
    25
100
AcDbLine
 10
-2.5
 20
0.0
 30
0.0
 11
2.5
 21
0.0
 31
0.0
  0
LINE
  5
F7B
330
F78
100
AcDbEntity
  8
Координатные кресты
  6
Continuous
 62
     7
370
    25
100
AcDbLine
 10
0.0
 20
-2.5
 30
0.0
 11
0.0
 21
2.5
 31
0.0
  0
ENDBLK
  5
F7C
330
F78
100
AcDbEntity
  8
0
 62
     7
 48
0.4
370
    25
100
AcDbBlockEnd
  0
BLOCK
  5
F7E
330
F7D
100
AcDbEntity
  8
0
 62
     7
 48
0.4
370
    25
100
AcDbBlockBegin
  2
KREST_56
 70
     0
 10
0.0
 20
0.0
 30
0.0
  3
KREST_56
  1

  0
LINE
  5
F7F
330
F7D
100
AcDbEntity
  8
Координатные кресты
  6
Continuous
 62
     7
370
    25
100
AcDbLine
 10
-2.5
 20
0.0
 30
0.0
 11
2.5
 21
0.0
 31
0.0
  0
LINE
  5
F80
330
F7D
100
AcDbEntity
  8
Координатные кресты
  6
Continuous
 62
     7
370
    25
100
AcDbLine
 10
0.0
 20
-2.5
 30
0.0
 11
0.0
 21
2.5
 31
0.0
  0
ENDBLK
  5
F81
330
F7D
100
AcDbEntity
  8
0
 62
     7
 48
0.4
370
    25
100
AcDbBlockEnd
  0
BLOCK
  5
F83
330
F82
100
AcDbEntity
  8
0
 62
     7
 48
0.4
370
    25
100
AcDbBlockBegin
  2
KREST_57
 70
     0
 10
0.0
 20
0.0
 30
0.0
  3
KREST_57
  1

  0
LINE
  5
F84
330
F82
100
AcDbEntity
  8
Координатные кресты
  6
Continuous
 62
     7
370
    25
100
AcDbLine
 10
-2.5
 20
0.0
 30
0.0
 11
2.5
 21
0.0
 31
0.0
  0
LINE
  5
F85
330
F82
100
AcDbEntity
  8
Координатные кресты
  6
Continuous
 62
     7
370
    25
100
AcDbLine
 10
0.0
 20
-2.5
 30
0.0
 11
0.0
 21
2.5
 31
0.0
  0
ENDBLK
  5
F86
330
F82
100
AcDbEntity
  8
0
 62
     7
 48
0.4
370
    25
100
AcDbBlockEnd
  0
BLOCK
  5
F88
330
F87
100
AcDbEntity
  8
0
 62
     7
 48
0.4
370
    25
100
AcDbBlockBegin
  2
KREST_58
 70
     0
 10
0.0
 20
0.0
 30
0.0
  3
KREST_58
  1

  0
LINE
  5
F89
330
F87
100
AcDbEntity
  8
Координатные кресты
  6
Continuous
 62
     7
370
    25
100
AcDbLine
 10
-2.5
 20
0.0
 30
0.0
 11
2.5
 21
0.0
 31
0.0
  0
LINE
  5
F8A
330
F87
100
AcDbEntity
  8
Координатные кресты
  6
Continuous
 62
     7
370
    25
100
AcDbLine
 10
0.0
 20
-2.5
 30
0.0
 11
0.0
 21
2.5
 31
0.0
  0
ENDBLK
  5
F8B
330
F87
100
AcDbEntity
  8
0
 62
     7
 48
0.4
370
    25
100
AcDbBlockEnd
  0
BLOCK
  5
F8D
330
F8C
100
AcDbEntity
  8
0
 62
     7
 48
0.4
370
    25
100
AcDbBlockBegin
  2
KREST_59
 70
     0
 10
0.0
 20
0.0
 30
0.0
  3
KREST_59
  1

  0
LINE
  5
F8E
330
F8C
100
AcDbEntity
  8
Координатные кресты
  6
Continuous
 62
     7
370
    25
100
AcDbLine
 10
-2.5
 20
0.0
 30
0.0
 11
2.5
 21
0.0
 31
0.0
  0
LINE
  5
F8F
330
F8C
100
AcDbEntity
  8
Координатные кресты
  6
Continuous
 62
     7
370
    25
100
AcDbLine
 10
0.0
 20
-2.5
 30
0.0
 11
0.0
 21
2.5
 31
0.0
  0
ENDBLK
  5
F90
330
F8C
100
AcDbEntity
  8
0
 62
     7
 48
0.4
370
    25
100
AcDbBlockEnd
  0
BLOCK
  5
F92
330
F91
100
AcDbEntity
  8
0
 62
     7
 48
0.4
370
    25
100
AcDbBlockBegin
  2
KREST_60
 70
     0
 10
0.0
 20
0.0
 30
0.0
  3
KREST_60
  1

  0
LINE
  5
F93
330
F91
100
AcDbEntity
  8
Координатные кресты
  6
Continuous
 62
     7
370
    25
100
AcDbLine
 10
-2.5
 20
0.0
 30
0.0
 11
2.5
 21
0.0
 31
0.0
  0
LINE
  5
F94
330
F91
100
AcDbEntity
  8
Координатные кресты
  6
Continuous
 62
     7
370
    25
100
AcDbLine
 10
0.0
 20
-2.5
 30
0.0
 11
0.0
 21
2.5
 31
0.0
  0
ENDBLK
  5
F95
330
F91
100
AcDbEntity
  8
0
 62
     7
 48
0.4
370
    25
100
AcDbBlockEnd
  0
BLOCK
  5
F97
330
F96
100
AcDbEntity
  8
0
 62
     7
 48
0.4
370
    25
100
AcDbBlockBegin
  2
KREST_61
 70
     0
 10
0.0
 20
0.0
 30
0.0
  3
KREST_61
  1

  0
LINE
  5
F98
330
F96
100
AcDbEntity
  8
Координатные кресты
  6
Continuous
 62
     7
370
    25
100
AcDbLine
 10
-2.5
 20
0.0
 30
0.0
 11
2.5
 21
0.0
 31
0.0
  0
LINE
  5
F99
330
F96
100
AcDbEntity
  8
Координатные кресты
  6
Continuous
 62
     7
370
    25
100
AcDbLine
 10
0.0
 20
-2.5
 30
0.0
 11
0.0
 21
2.5
 31
0.0
  0
ENDBLK
  5
F9A
330
F96
100
AcDbEntity
  8
0
 62
     7
 48
0.4
370
    25
100
AcDbBlockEnd
  0
BLOCK
  5
F9C
330
F9B
100
AcDbEntity
  8
0
 62
     7
 48
0.4
370
    25
100
AcDbBlockBegin
  2
KREST_62
 70
     0
 10
0.0
 20
0.0
 30
0.0
  3
KREST_62
  1

  0
LINE
  5
F9D
330
F9B
100
AcDbEntity
  8
Координатные кресты
  6
Continuous
 62
     7
370
    25
100
AcDbLine
 10
-2.5
 20
0.0
 30
0.0
 11
2.5
 21
0.0
 31
0.0
  0
LINE
  5
F9E
330
F9B
100
AcDbEntity
  8
Координатные кресты
  6
Continuous
 62
     7
370
    25
100
AcDbLine
 10
0.0
 20
-2.5
 30
0.0
 11
0.0
 21
2.5
 31
0.0
  0
ENDBLK
  5
F9F
330
F9B
100
AcDbEntity
  8
0
 62
     7
 48
0.4
370
    25
100
AcDbBlockEnd
  0
BLOCK
  5
FA1
330
FA0
100
AcDbEntity
  8
0
 62
     7
 48
0.4
370
    25
100
AcDbBlockBegin
  2
KREST_63
 70
     0
 10
0.0
 20
0.0
 30
0.0
  3
KREST_63
  1

  0
LINE
  5
FA2
330
FA0
100
AcDbEntity
  8
Координатные кресты
  6
Continuous
 62
     7
370
    25
100
AcDbLine
 10
-2.5
 20
0.0
 30
0.0
 11
2.5
 21
0.0
 31
0.0
  0
LINE
  5
FA3
330
FA0
100
AcDbEntity
  8
Координатные кресты
  6
Continuous
 62
     7
370
    25
100
AcDbLine
 10
0.0
 20
-2.5
 30
0.0
 11
0.0
 21
2.5
 31
0.0
  0
ENDBLK
  5
FA4
330
FA0
100
AcDbEntity
  8
0
 62
     7
 48
0.4
370
    25
100
AcDbBlockEnd
  0
BLOCK
  5
FA6
330
FA5
100
AcDbEntity
  8
0
 62
     7
 48
0.4
370
    25
100
AcDbBlockBegin
  2
KREST_64
 70
     0
 10
0.0
 20
0.0
 30
0.0
  3
KREST_64
  1

  0
LINE
  5
FA7
330
FA5
100
AcDbEntity
  8
Координатные кресты
  6
Continuous
 62
     7
370
    25
100
AcDbLine
 10
-2.5
 20
0.0
 30
0.0
 11
2.5
 21
0.0
 31
0.0
  0
LINE
  5
FA8
330
FA5
100
AcDbEntity
  8
Координатные кресты
  6
Continuous
 62
     7
370
    25
100
AcDbLine
 10
0.0
 20
-2.5
 30
0.0
 11
0.0
 21
2.5
 31
0.0
  0
ENDBLK
  5
FA9
330
FA5
100
AcDbEntity
  8
0
 62
     7
 48
0.4
370
    25
100
AcDbBlockEnd
  0
BLOCK
  5
FAB
330
FAA
100
AcDbEntity
  8
0
 62
     7
 48
0.4
370
    25
100
AcDbBlockBegin
  2
KREST_65
 70
     0
 10
0.0
 20
0.0
 30
0.0
  3
KREST_65
  1

  0
LINE
  5
FAC
330
FAA
100
AcDbEntity
  8
Координатные кресты
  6
Continuous
 62
     7
370
    25
100
AcDbLine
 10
-2.5
 20
0.0
 30
0.0
 11
2.5
 21
0.0
 31
0.0
  0
LINE
  5
FAD
330
FAA
100
AcDbEntity
  8
Координатные кресты
  6
Continuous
 62
     7
370
    25
100
AcDbLine
 10
0.0
 20
-2.5
 30
0.0
 11
0.0
 21
2.5
 31
0.0
  0
ENDBLK
  5
FAE
330
FAA
100
AcDbEntity
  8
0
 62
     7
 48
0.4
370
    25
100
AcDbBlockEnd
  0
BLOCK
  5
FB0
330
FAF
100
AcDbEntity
  8
0
 62
     7
 48
0.4
370
    25
100
AcDbBlockBegin
  2
KREST_66
 70
     0
 10
0.0
 20
0.0
 30
0.0
  3
KREST_66
  1

  0
LINE
  5
FB1
330
FAF
100
AcDbEntity
  8
Координатные кресты
  6
Continuous
 62
     7
370
    25
100
AcDbLine
 10
-2.5
 20
0.0
 30
0.0
 11
2.5
 21
0.0
 31
0.0
  0
LINE
  5
FB2
330
FAF
100
AcDbEntity
  8
Координатные кресты
  6
Continuous
 62
     7
370
    25
100
AcDbLine
 10
0.0
 20
-2.5
 30
0.0
 11
0.0
 21
2.5
 31
0.0
  0
ENDBLK
  5
FB3
330
FAF
100
AcDbEntity
  8
0
 62
     7
 48
0.4
370
    25
100
AcDbBlockEnd
  0
BLOCK
  5
FB5
330
FB4
100
AcDbEntity
  8
0
 62
     7
 48
0.4
370
    25
100
AcDbBlockBegin
  2
KREST_67
 70
     0
 10
0.0
 20
0.0
 30
0.0
  3
KREST_67
  1

  0
LINE
  5
FB6
330
FB4
100
AcDbEntity
  8
Координатные кресты
  6
Continuous
 62
     7
370
    25
100
AcDbLine
 10
-2.5
 20
0.0
 30
0.0
 11
2.5
 21
0.0
 31
0.0
  0
LINE
  5
FB7
330
FB4
100
AcDbEntity
  8
Координатные кресты
  6
Continuous
 62
     7
370
    25
100
AcDbLine
 10
0.0
 20
-2.5
 30
0.0
 11
0.0
 21
2.5
 31
0.0
  0
ENDBLK
  5
FB8
330
FB4
100
AcDbEntity
  8
0
 62
     7
 48
0.4
370
    25
100
AcDbBlockEnd
  0
BLOCK
  5
FBA
330
FB9
100
AcDbEntity
  8
0
 62
     7
 48
0.4
370
    25
100
AcDbBlockBegin
  2
KREST_68
 70
     0
 10
0.0
 20
0.0
 30
0.0
  3
KREST_68
  1

  0
LINE
  5
FBB
330
FB9
100
AcDbEntity
  8
Координатные кресты
  6
Continuous
 62
     7
370
    25
100
AcDbLine
 10
-2.5
 20
0.0
 30
0.0
 11
2.5
 21
0.0
 31
0.0
  0
LINE
  5
FBC
330
FB9
100
AcDbEntity
  8
Координатные кресты
  6
Continuous
 62
     7
370
    25
100
AcDbLine
 10
0.0
 20
-2.5
 30
0.0
 11
0.0
 21
2.5
 31
0.0
  0
ENDBLK
  5
FBD
330
FB9
100
AcDbEntity
  8
0
 62
     7
 48
0.4
370
    25
100
AcDbBlockEnd
  0
BLOCK
  5
FBF
330
FBE
100
AcDbEntity
  8
0
 62
     7
 48
0.4
370
    25
100
AcDbBlockBegin
  2
KREST_69
 70
     0
 10
0.0
 20
0.0
 30
0.0
  3
KREST_69
  1

  0
LINE
  5
FC0
330
FBE
100
AcDbEntity
  8
Координатные кресты
  6
Continuous
 62
     7
370
    25
100
AcDbLine
 10
-2.5
 20
0.0
 30
0.0
 11
2.5
 21
0.0
 31
0.0
  0
LINE
  5
FC1
330
FBE
100
AcDbEntity
  8
Координатные кресты
  6
Continuous
 62
     7
370
    25
100
AcDbLine
 10
0.0
 20
-2.5
 30
0.0
 11
0.0
 21
2.5
 31
0.0
  0
ENDBLK
  5
FC2
330
FBE
100
AcDbEntity
  8
0
 62
     7
 48
0.4
370
    25
100
AcDbBlockEnd
  0
BLOCK
  5
FC4
330
FC3
100
AcDbEntity
  8
0
 62
     7
 48
0.4
370
    25
100
AcDbBlockBegin
  2
KREST_70
 70
     0
 10
0.0
 20
0.0
 30
0.0
  3
KREST_70
  1

  0
LINE
  5
FC5
330
FC3
100
AcDbEntity
  8
Координатные кресты
  6
Continuous
 62
     7
370
    25
100
AcDbLine
 10
-2.5
 20
0.0
 30
0.0
 11
2.5
 21
0.0
 31
0.0
  0
LINE
  5
FC6
330
FC3
100
AcDbEntity
  8
Координатные кресты
  6
Continuous
 62
     7
370
    25
100
AcDbLine
 10
0.0
 20
-2.5
 30
0.0
 11
0.0
 21
2.5
 31
0.0
  0
ENDBLK
  5
FC7
330
FC3
100
AcDbEntity
  8
0
 62
     7
 48
0.4
370
    25
100
AcDbBlockEnd
  0
BLOCK
  5
FC9
330
FC8
100
AcDbEntity
  8
0
 62
     7
 48
0.4
370
    25
100
AcDbBlockBegin
  2
KREST_71
 70
     0
 10
0.0
 20
0.0
 30
0.0
  3
KREST_71
  1

  0
LINE
  5
FCA
330
FC8
100
AcDbEntity
  8
Координатные кресты
  6
Continuous
 62
     7
370
    25
100
AcDbLine
 10
-2.5
 20
0.0
 30
0.0
 11
2.5
 21
0.0
 31
0.0
  0
LINE
  5
FCB
330
FC8
100
AcDbEntity
  8
Координатные кресты
  6
Continuous
 62
     7
370
    25
100
AcDbLine
 10
0.0
 20
-2.5
 30
0.0
 11
0.0
 21
2.5
 31
0.0
  0
ENDBLK
  5
FCC
330
FC8
100
AcDbEntity
  8
0
 62
     7
 48
0.4
370
    25
100
AcDbBlockEnd
  0
BLOCK
  5
FCE
330
FCD
100
AcDbEntity
  8
0
 62
     7
 48
0.4
370
    25
100
AcDbBlockBegin
  2
KREST_72
 70
     0
 10
0.0
 20
0.0
 30
0.0
  3
KREST_72
  1

  0
LINE
  5
FCF
330
FCD
100
AcDbEntity
  8
Координатные кресты
  6
Continuous
 62
     7
370
    25
100
AcDbLine
 10
-2.5
 20
0.0
 30
0.0
 11
2.5
 21
0.0
 31
0.0
  0
LINE
  5
FD0
330
FCD
100
AcDbEntity
  8
Координатные кресты
  6
Continuous
 62
     7
370
    25
100
AcDbLine
 10
0.0
 20
-2.5
 30
0.0
 11
0.0
 21
2.5
 31
0.0
  0
ENDBLK
  5
FD1
330
FCD
100
AcDbEntity
  8
0
 62
     7
 48
0.4
370
    25
100
AcDbBlockEnd
  0
BLOCK
  5
FD3
330
FD2
100
AcDbEntity
  8
0
 62
     7
 48
0.4
370
    25
100
AcDbBlockBegin
  2
KREST_73
 70
     0
 10
0.0
 20
0.0
 30
0.0
  3
KREST_73
  1

  0
LINE
  5
FD4
330
FD2
100
AcDbEntity
  8
Координатные кресты
  6
Continuous
 62
     7
370
    25
100
AcDbLine
 10
-2.5
 20
0.0
 30
0.0
 11
2.5
 21
0.0
 31
0.0
  0
LINE
  5
FD5
330
FD2
100
AcDbEntity
  8
Координатные кресты
  6
Continuous
 62
     7
370
    25
100
AcDbLine
 10
0.0
 20
-2.5
 30
0.0
 11
0.0
 21
2.5
 31
0.0
  0
ENDBLK
  5
FD6
330
FD2
100
AcDbEntity
  8
0
 62
     7
 48
0.4
370
    25
100
AcDbBlockEnd
  0
BLOCK
  5
FD8
330
FD7
100
AcDbEntity
  8
0
 62
     7
 48
0.4
370
    25
100
AcDbBlockBegin
  2
KREST_74
 70
     0
 10
0.0
 20
0.0
 30
0.0
  3
KREST_74
  1

  0
LINE
  5
FD9
330
FD7
100
AcDbEntity
  8
Координатные кресты
  6
Continuous
 62
     7
370
    25
100
AcDbLine
 10
-2.5
 20
0.0
 30
0.0
 11
2.5
 21
0.0
 31
0.0
  0
LINE
  5
FDA
330
FD7
100
AcDbEntity
  8
Координатные кресты
  6
Continuous
 62
     7
370
    25
100
AcDbLine
 10
0.0
 20
-2.5
 30
0.0
 11
0.0
 21
2.5
 31
0.0
  0
ENDBLK
  5
FDB
330
FD7
100
AcDbEntity
  8
0
 62
     7
 48
0.4
370
    25
100
AcDbBlockEnd
  0
BLOCK
  5
FDD
330
FDC
100
AcDbEntity
  8
0
 62
     7
 48
0.4
370
    25
100
AcDbBlockBegin
  2
KREST_75
 70
     0
 10
0.0
 20
0.0
 30
0.0
  3
KREST_75
  1

  0
LINE
  5
FDE
330
FDC
100
AcDbEntity
  8
Координатные кресты
  6
Continuous
 62
     7
370
    25
100
AcDbLine
 10
-2.5
 20
0.0
 30
0.0
 11
2.5
 21
0.0
 31
0.0
  0
LINE
  5
FDF
330
FDC
100
AcDbEntity
  8
Координатные кресты
  6
Continuous
 62
     7
370
    25
100
AcDbLine
 10
0.0
 20
-2.5
 30
0.0
 11
0.0
 21
2.5
 31
0.0
  0
ENDBLK
  5
FE0
330
FDC
100
AcDbEntity
  8
0
 62
     7
 48
0.4
370
    25
100
AcDbBlockEnd
  0
BLOCK
  5
FE2
330
FE1
100
AcDbEntity
  8
0
 62
     7
 48
0.4
370
    25
100
AcDbBlockBegin
  2
KREST_76
 70
     0
 10
0.0
 20
0.0
 30
0.0
  3
KREST_76
  1

  0
LINE
  5
FE3
330
FE1
100
AcDbEntity
  8
Координатные кресты
  6
Continuous
 62
     7
370
    25
100
AcDbLine
 10
-2.5
 20
0.0
 30
0.0
 11
2.5
 21
0.0
 31
0.0
  0
LINE
  5
FE4
330
FE1
100
AcDbEntity
  8
Координатные кресты
  6
Continuous
 62
     7
370
    25
100
AcDbLine
 10
0.0
 20
-2.5
 30
0.0
 11
0.0
 21
2.5
 31
0.0
  0
ENDBLK
  5
FE5
330
FE1
100
AcDbEntity
  8
0
 62
     7
 48
0.4
370
    25
100
AcDbBlockEnd
  0
BLOCK
  5
FE7
330
FE6
100
AcDbEntity
  8
0
 62
     7
 48
0.4
370
    25
100
AcDbBlockBegin
  2
KREST_77
 70
     0
 10
0.0
 20
0.0
 30
0.0
  3
KREST_77
  1

  0
LINE
  5
FE8
330
FE6
100
AcDbEntity
  8
Координатные кресты
  6
Continuous
 62
     7
370
    25
100
AcDbLine
 10
-2.5
 20
0.0
 30
0.0
 11
2.5
 21
0.0
 31
0.0
  0
LINE
  5
FE9
330
FE6
100
AcDbEntity
  8
Координатные кресты
  6
Continuous
 62
     7
370
    25
100
AcDbLine
 10
0.0
 20
-2.5
 30
0.0
 11
0.0
 21
2.5
 31
0.0
  0
ENDBLK
  5
FEA
330
FE6
100
AcDbEntity
  8
0
 62
     7
 48
0.4
370
    25
100
AcDbBlockEnd
  0
BLOCK
  5
FEC
330
FEB
100
AcDbEntity
  8
0
 62
     7
 48
0.4
370
    25
100
AcDbBlockBegin
  2
KREST_78
 70
     0
 10
0.0
 20
0.0
 30
0.0
  3
KREST_78
  1

  0
LINE
  5
FED
330
FEB
100
AcDbEntity
  8
Координатные кресты
  6
Continuous
 62
     7
370
    25
100
AcDbLine
 10
-2.5
 20
0.0
 30
0.0
 11
2.5
 21
0.0
 31
0.0
  0
LINE
  5
FEE
330
FEB
100
AcDbEntity
  8
Координатные кресты
  6
Continuous
 62
     7
370
    25
100
AcDbLine
 10
0.0
 20
-2.5
 30
0.0
 11
0.0
 21
2.5
 31
0.0
  0
ENDBLK
  5
FEF
330
FEB
100
AcDbEntity
  8
0
 62
     7
 48
0.4
370
    25
100
AcDbBlockEnd
  0
BLOCK
  5
FF1
330
FF0
100
AcDbEntity
  8
0
 62
     7
 48
0.4
370
    25
100
AcDbBlockBegin
  2
KREST_79
 70
     0
 10
0.0
 20
0.0
 30
0.0
  3
KREST_79
  1

  0
LINE
  5
FF2
330
FF0
100
AcDbEntity
  8
Координатные кресты
  6
Continuous
 62
     7
370
    25
100
AcDbLine
 10
-2.5
 20
0.0
 30
0.0
 11
2.5
 21
0.0
 31
0.0
  0
LINE
  5
FF3
330
FF0
100
AcDbEntity
  8
Координатные кресты
  6
Continuous
 62
     7
370
    25
100
AcDbLine
 10
0.0
 20
-2.5
 30
0.0
 11
0.0
 21
2.5
 31
0.0
  0
ENDBLK
  5
FF4
330
FF0
100
AcDbEntity
  8
0
 62
     7
 48
0.4
370
    25
100
AcDbBlockEnd
  0
BLOCK
  5
FF6
330
FF5
100
AcDbEntity
  8
0
 62
     7
 48
0.4
370
    25
100
AcDbBlockBegin
  2
KREST_80
 70
     0
 10
0.0
 20
0.0
 30
0.0
  3
KREST_80
  1

  0
LINE
  5
FF7
330
FF5
100
AcDbEntity
  8
Координатные кресты
  6
Continuous
 62
     7
370
    25
100
AcDbLine
 10
-2.5
 20
0.0
 30
0.0
 11
2.5
 21
0.0
 31
0.0
  0
LINE
  5
FF8
330
FF5
100
AcDbEntity
  8
Координатные кресты
  6
Continuous
 62
     7
370
    25
100
AcDbLine
 10
0.0
 20
-2.5
 30
0.0
 11
0.0
 21
2.5
 31
0.0
  0
ENDBLK
  5
FF9
330
FF5
100
AcDbEntity
  8
0
 62
     7
 48
0.4
370
    25
100
AcDbBlockEnd
  0
BLOCK
  5
FFB
330
FFA
100
AcDbEntity
  8
0
 62
     7
 48
0.4
370
    25
100
AcDbBlockBegin
  2
KREST_81
 70
     0
 10
0.0
 20
0.0
 30
0.0
  3
KREST_81
  1

  0
LINE
  5
FFC
330
FFA
100
AcDbEntity
  8
Координатные кресты
  6
Continuous
 62
     7
370
    25
100
AcDbLine
 10
-2.5
 20
0.0
 30
0.0
 11
2.5
 21
0.0
 31
0.0
  0
LINE
  5
FFD
330
FFA
100
AcDbEntity
  8
Координатные кресты
  6
Continuous
 62
     7
370
    25
100
AcDbLine
 10
0.0
 20
-2.5
 30
0.0
 11
0.0
 21
2.5
 31
0.0
  0
ENDBLK
  5
FFE
330
FFA
100
AcDbEntity
  8
0
 62
     7
 48
0.4
370
    25
100
AcDbBlockEnd
  0
BLOCK
  5
1000
330
FFF
100
AcDbEntity
  8
0
 62
     7
 48
0.4
370
    25
100
AcDbBlockBegin
  2
KREST_82
 70
     0
 10
0.0
 20
0.0
 30
0.0
  3
KREST_82
  1

  0
LINE
  5
1001
330
FFF
100
AcDbEntity
  8
Координатные кресты
  6
Continuous
 62
     7
370
    25
100
AcDbLine
 10
-2.5
 20
0.0
 30
0.0
 11
2.5
 21
0.0
 31
0.0
  0
LINE
  5
1002
330
FFF
100
AcDbEntity
  8
Координатные кресты
  6
Continuous
 62
     7
370
    25
100
AcDbLine
 10
0.0
 20
-2.5
 30
0.0
 11
0.0
 21
2.5
 31
0.0
  0
ENDBLK
  5
1003
330
FFF
100
AcDbEntity
  8
0
 62
     7
 48
0.4
370
    25
100
AcDbBlockEnd
  0
BLOCK
  5
1005
330
1004
100
AcDbEntity
  8
0
 62
     7
 48
0.4
370
    25
100
AcDbBlockBegin
  2
KREST_83
 70
     0
 10
0.0
 20
0.0
 30
0.0
  3
KREST_83
  1

  0
LINE
  5
1006
330
1004
100
AcDbEntity
  8
Координатные кресты
  6
Continuous
 62
     7
370
    25
100
AcDbLine
 10
-2.5
 20
0.0
 30
0.0
 11
2.5
 21
0.0
 31
0.0
  0
LINE
  5
1007
330
1004
100
AcDbEntity
  8
Координатные кресты
  6
Continuous
 62
     7
370
    25
100
AcDbLine
 10
0.0
 20
-2.5
 30
0.0
 11
0.0
 21
2.5
 31
0.0
  0
ENDBLK
  5
1008
330
1004
100
AcDbEntity
  8
0
 62
     7
 48
0.4
370
    25
100
AcDbBlockEnd
  0
BLOCK
  5
100A
330
1009
100
AcDbEntity
  8
0
 62
     7
 48
0.4
370
    25
100
AcDbBlockBegin
  2
KREST_84
 70
     0
 10
0.0
 20
0.0
 30
0.0
  3
KREST_84
  1

  0
LINE
  5
100B
330
1009
100
AcDbEntity
  8
Координатные кресты
  6
Continuous
 62
     7
370
    25
100
AcDbLine
 10
-2.5
 20
0.0
 30
0.0
 11
2.5
 21
0.0
 31
0.0
  0
LINE
  5
100C
330
1009
100
AcDbEntity
  8
Координатные кресты
  6
Continuous
 62
     7
370
    25
100
AcDbLine
 10
0.0
 20
-2.5
 30
0.0
 11
0.0
 21
2.5
 31
0.0
  0
ENDBLK
  5
100D
330
1009
100
AcDbEntity
  8
0
 62
     7
 48
0.4
370
    25
100
AcDbBlockEnd
  0
BLOCK
  5
100F
330
100E
100
AcDbEntity
  8
0
 62
     7
 48
0.4
370
    25
100
AcDbBlockBegin
  2
KREST_85
 70
     0
 10
0.0
 20
0.0
 30
0.0
  3
KREST_85
  1

  0
LINE
  5
1010
330
100E
100
AcDbEntity
  8
Координатные кресты
  6
Continuous
 62
     7
370
    25
100
AcDbLine
 10
-2.5
 20
0.0
 30
0.0
 11
2.5
 21
0.0
 31
0.0
  0
LINE
  5
1011
330
100E
100
AcDbEntity
  8
Координатные кресты
  6
Continuous
 62
     7
370
    25
100
AcDbLine
 10
0.0
 20
-2.5
 30
0.0
 11
0.0
 21
2.5
 31
0.0
  0
ENDBLK
  5
1012
330
100E
100
AcDbEntity
  8
0
 62
     7
 48
0.4
370
    25
100
AcDbBlockEnd
  0
BLOCK
  5
1014
330
1013
100
AcDbEntity
  8
0
 62
     7
 48
0.4
370
    25
100
AcDbBlockBegin
  2
KREST_86
 70
     0
 10
0.0
 20
0.0
 30
0.0
  3
KREST_86
  1

  0
LINE
  5
1015
330
1013
100
AcDbEntity
  8
Координатные кресты
  6
Continuous
 62
     7
370
    25
100
AcDbLine
 10
-2.5
 20
0.0
 30
0.0
 11
2.5
 21
0.0
 31
0.0
  0
LINE
  5
1016
330
1013
100
AcDbEntity
  8
Координатные кресты
  6
Continuous
 62
     7
370
    25
100
AcDbLine
 10
0.0
 20
-2.5
 30
0.0
 11
0.0
 21
2.5
 31
0.0
  0
ENDBLK
  5
1017
330
1013
100
AcDbEntity
  8
0
 62
     7
 48
0.4
370
    25
100
AcDbBlockEnd
  0
BLOCK
  5
1019
330
1018
100
AcDbEntity
  8
0
 62
     7
 48
0.4
370
    25
100
AcDbBlockBegin
  2
KREST_87
 70
     0
 10
0.0
 20
0.0
 30
0.0
  3
KREST_87
  1

  0
LINE
  5
101A
330
1018
100
AcDbEntity
  8
Координатные кресты
  6
Continuous
 62
     7
370
    25
100
AcDbLine
 10
-2.5
 20
0.0
 30
0.0
 11
2.5
 21
0.0
 31
0.0
  0
LINE
  5
101B
330
1018
100
AcDbEntity
  8
Координатные кресты
  6
Continuous
 62
     7
370
    25
100
AcDbLine
 10
0.0
 20
-2.5
 30
0.0
 11
0.0
 21
2.5
 31
0.0
  0
ENDBLK
  5
101C
330
1018
100
AcDbEntity
  8
0
 62
     7
 48
0.4
370
    25
100
AcDbBlockEnd
  0
BLOCK
  5
101E
330
101D
100
AcDbEntity
  8
0
 62
     7
 48
0.4
370
    25
100
AcDbBlockBegin
  2
KREST_88
 70
     0
 10
0.0
 20
0.0
 30
0.0
  3
KREST_88
  1

  0
LINE
  5
101F
330
101D
100
AcDbEntity
  8
Координатные кресты
  6
Continuous
 62
     7
370
    25
100
AcDbLine
 10
-2.5
 20
0.0
 30
0.0
 11
2.5
 21
0.0
 31
0.0
  0
LINE
  5
1020
330
101D
100
AcDbEntity
  8
Координатные кресты
  6
Continuous
 62
     7
370
    25
100
AcDbLine
 10
0.0
 20
-2.5
 30
0.0
 11
0.0
 21
2.5
 31
0.0
  0
ENDBLK
  5
1021
330
101D
100
AcDbEntity
  8
0
 62
     7
 48
0.4
370
    25
100
AcDbBlockEnd
  0
BLOCK
  5
1023
330
1022
100
AcDbEntity
  8
0
 62
     7
 48
0.4
370
    25
100
AcDbBlockBegin
  2
KREST_89
 70
     0
 10
0.0
 20
0.0
 30
0.0
  3
KREST_89
  1

  0
LINE
  5
1024
330
1022
100
AcDbEntity
  8
Координатные кресты
  6
Continuous
 62
     7
370
    25
100
AcDbLine
 10
-2.5
 20
0.0
 30
0.0
 11
2.5
 21
0.0
 31
0.0
  0
LINE
  5
1025
330
1022
100
AcDbEntity
  8
Координатные кресты
  6
Continuous
 62
     7
370
    25
100
AcDbLine
 10
0.0
 20
-2.5
 30
0.0
 11
0.0
 21
2.5
 31
0.0
  0
ENDBLK
  5
1026
330
1022
100
AcDbEntity
  8
0
 62
     7
 48
0.4
370
    25
100
AcDbBlockEnd
  0
BLOCK
  5
1028
330
1027
100
AcDbEntity
  8
0
 62
     7
 48
0.4
370
    25
100
AcDbBlockBegin
  2
KREST_90
 70
     0
 10
0.0
 20
0.0
 30
0.0
  3
KREST_90
  1

  0
LINE
  5
1029
330
1027
100
AcDbEntity
  8
Координатные кресты
  6
Continuous
 62
     7
370
    25
100
AcDbLine
 10
-2.5
 20
0.0
 30
0.0
 11
2.5
 21
0.0
 31
0.0
  0
LINE
  5
102A
330
1027
100
AcDbEntity
  8
Координатные кресты
  6
Continuous
 62
     7
370
    25
100
AcDbLine
 10
0.0
 20
-2.5
 30
0.0
 11
0.0
 21
2.5
 31
0.0
  0
ENDBLK
  5
102B
330
1027
100
AcDbEntity
  8
0
 62
     7
 48
0.4
370
    25
100
AcDbBlockEnd
  0
BLOCK
  5
102D
330
102C
100
AcDbEntity
  8
0
 62
     7
 48
0.4
370
    25
100
AcDbBlockBegin
  2
KREST_91
 70
     0
 10
0.0
 20
0.0
 30
0.0
  3
KREST_91
  1

  0
LINE
  5
102E
330
102C
100
AcDbEntity
  8
Координатные кресты
  6
Continuous
 62
     7
370
    25
100
AcDbLine
 10
-2.5
 20
0.0
 30
0.0
 11
2.5
 21
0.0
 31
0.0
  0
LINE
  5
102F
330
102C
100
AcDbEntity
  8
Координатные кресты
  6
Continuous
 62
     7
370
    25
100
AcDbLine
 10
0.0
 20
-2.5
 30
0.0
 11
0.0
 21
2.5
 31
0.0
  0
ENDBLK
  5
1030
330
102C
100
AcDbEntity
  8
0
 62
     7
 48
0.4
370
    25
100
AcDbBlockEnd
  0
BLOCK
  5
1032
330
1031
100
AcDbEntity
  8
0
 62
     7
 48
0.4
370
    25
100
AcDbBlockBegin
  2
KREST_92
 70
     0
 10
0.0
 20
0.0
 30
0.0
  3
KREST_92
  1

  0
LINE
  5
1033
330
1031
100
AcDbEntity
  8
Координатные кресты
  6
Continuous
 62
     7
370
    25
100
AcDbLine
 10
-2.5
 20
0.0
 30
0.0
 11
2.5
 21
0.0
 31
0.0
  0
LINE
  5
1034
330
1031
100
AcDbEntity
  8
Координатные кресты
  6
Continuous
 62
     7
370
    25
100
AcDbLine
 10
0.0
 20
-2.5
 30
0.0
 11
0.0
 21
2.5
 31
0.0
  0
ENDBLK
  5
1035
330
1031
100
AcDbEntity
  8
0
 62
     7
 48
0.4
370
    25
100
AcDbBlockEnd
  0
BLOCK
  5
1037
330
1036
100
AcDbEntity
  8
0
 62
     7
 48
0.4
370
    25
100
AcDbBlockBegin
  2
KREST_93
 70
     0
 10
0.0
 20
0.0
 30
0.0
  3
KREST_93
  1

  0
LINE
  5
1038
330
1036
100
AcDbEntity
  8
Координатные кресты
  6
Continuous
 62
     7
370
    25
100
AcDbLine
 10
-2.5
 20
0.0
 30
0.0
 11
2.5
 21
0.0
 31
0.0
  0
LINE
  5
1039
330
1036
100
AcDbEntity
  8
Координатные кресты
  6
Continuous
 62
     7
370
    25
100
AcDbLine
 10
0.0
 20
-2.5
 30
0.0
 11
0.0
 21
2.5
 31
0.0
  0
ENDBLK
  5
103A
330
1036
100
AcDbEntity
  8
0
 62
     7
 48
0.4
370
    25
100
AcDbBlockEnd
  0
BLOCK
  5
103C
330
103B
100
AcDbEntity
  8
0
 62
     7
 48
0.4
370
    25
100
AcDbBlockBegin
  2
KREST_94
 70
     0
 10
0.0
 20
0.0
 30
0.0
  3
KREST_94
  1

  0
LINE
  5
103D
330
103B
100
AcDbEntity
  8
Координатные кресты
  6
Continuous
 62
     7
370
    25
100
AcDbLine
 10
-2.5
 20
0.0
 30
0.0
 11
2.5
 21
0.0
 31
0.0
  0
LINE
  5
103E
330
103B
100
AcDbEntity
  8
Координатные кресты
  6
Continuous
 62
     7
370
    25
100
AcDbLine
 10
0.0
 20
-2.5
 30
0.0
 11
0.0
 21
2.5
 31
0.0
  0
ENDBLK
  5
103F
330
103B
100
AcDbEntity
  8
0
 62
     7
 48
0.4
370
    25
100
AcDbBlockEnd
  0
BLOCK
  5
1041
330
1040
100
AcDbEntity
  8
0
 62
     7
 48
0.4
370
    25
100
AcDbBlockBegin
  2
KREST_95
 70
     0
 10
0.0
 20
0.0
 30
0.0
  3
KREST_95
  1

  0
LINE
  5
1042
330
1040
100
AcDbEntity
  8
Координатные кресты
  6
Continuous
 62
     7
370
    25
100
AcDbLine
 10
-2.5
 20
0.0
 30
0.0
 11
2.5
 21
0.0
 31
0.0
  0
LINE
  5
1043
330
1040
100
AcDbEntity
  8
Координатные кресты
  6
Continuous
 62
     7
370
    25
100
AcDbLine
 10
0.0
 20
-2.5
 30
0.0
 11
0.0
 21
2.5
 31
0.0
  0
ENDBLK
  5
1044
330
1040
100
AcDbEntity
  8
0
 62
     7
 48
0.4
370
    25
100
AcDbBlockEnd
  0
BLOCK
  5
1046
330
1045
100
AcDbEntity
  8
0
 62
     7
 48
0.4
370
    25
100
AcDbBlockBegin
  2
KREST_96
 70
     0
 10
0.0
 20
0.0
 30
0.0
  3
KREST_96
  1

  0
LINE
  5
1047
330
1045
100
AcDbEntity
  8
Координатные кресты
  6
Continuous
 62
     7
370
    25
100
AcDbLine
 10
-2.5
 20
0.0
 30
0.0
 11
2.5
 21
0.0
 31
0.0
  0
LINE
  5
1048
330
1045
100
AcDbEntity
  8
Координатные кресты
  6
Continuous
 62
     7
370
    25
100
AcDbLine
 10
0.0
 20
-2.5
 30
0.0
 11
0.0
 21
2.5
 31
0.0
  0
ENDBLK
  5
1049
330
1045
100
AcDbEntity
  8
0
 62
     7
 48
0.4
370
    25
100
AcDbBlockEnd
  0
BLOCK
  5
104B
330
104A
100
AcDbEntity
  8
0
 62
     7
 48
0.4
370
    25
100
AcDbBlockBegin
  2
KREST_97
 70
     0
 10
0.0
 20
0.0
 30
0.0
  3
KREST_97
  1

  0
LINE
  5
104C
330
104A
100
AcDbEntity
  8
Координатные кресты
  6
Continuous
 62
     7
370
    25
100
AcDbLine
 10
-2.5
 20
0.0
 30
0.0
 11
2.5
 21
0.0
 31
0.0
  0
LINE
  5
104D
330
104A
100
AcDbEntity
  8
Координатные кресты
  6
Continuous
 62
     7
370
    25
100
AcDbLine
 10
0.0
 20
-2.5
 30
0.0
 11
0.0
 21
2.5
 31
0.0
  0
ENDBLK
  5
104E
330
104A
100
AcDbEntity
  8
0
 62
     7
 48
0.4
370
    25
100
AcDbBlockEnd
  0
BLOCK
  5
1050
330
104F
100
AcDbEntity
  8
0
 62
     7
 48
0.4
370
    25
100
AcDbBlockBegin
  2
KREST_98
 70
     0
 10
0.0
 20
0.0
 30
0.0
  3
KREST_98
  1

  0
LINE
  5
1051
330
104F
100
AcDbEntity
  8
Координатные кресты
  6
Continuous
 62
     7
370
    25
100
AcDbLine
 10
-2.5
 20
0.0
 30
0.0
 11
2.5
 21
0.0
 31
0.0
  0
LINE
  5
1052
330
104F
100
AcDbEntity
  8
Координатные кресты
  6
Continuous
 62
     7
370
    25
100
AcDbLine
 10
0.0
 20
-2.5
 30
0.0
 11
0.0
 21
2.5
 31
0.0
  0
ENDBLK
  5
1053
330
104F
100
AcDbEntity
  8
0
 62
     7
 48
0.4
370
    25
100
AcDbBlockEnd
  0
BLOCK
  5
1055
330
1054
100
AcDbEntity
  8
0
 62
     7
 48
0.4
370
    25
100
AcDbBlockBegin
  2
KREST_99
 70
     0
 10
0.0
 20
0.0
 30
0.0
  3
KREST_99
  1

  0
LINE
  5
1056
330
1054
100
AcDbEntity
  8
Координатные кресты
  6
Continuous
 62
     7
370
    25
100
AcDbLine
 10
-2.5
 20
0.0
 30
0.0
 11
2.5
 21
0.0
 31
0.0
  0
LINE
  5
1057
330
1054
100
AcDbEntity
  8
Координатные кресты
  6
Continuous
 62
     7
370
    25
100
AcDbLine
 10
0.0
 20
-2.5
 30
0.0
 11
0.0
 21
2.5
 31
0.0
  0
ENDBLK
  5
1058
330
1054
100
AcDbEntity
  8
0
 62
     7
 48
0.4
370
    25
100
AcDbBlockEnd
  0
BLOCK
  5
105A
330
1059
100
AcDbEntity
  8
0
 62
     7
 48
0.4
370
    25
100
AcDbBlockBegin
  2
KREST_100
 70
     0
 10
0.0
 20
0.0
 30
0.0
  3
KREST_100
  1

  0
LINE
  5
105B
330
1059
100
AcDbEntity
  8
Координатные кресты
  6
Continuous
 62
     7
370
    25
100
AcDbLine
 10
-2.5
 20
0.0
 30
0.0
 11
2.5
 21
0.0
 31
0.0
  0
LINE
  5
105C
330
1059
100
AcDbEntity
  8
Координатные кресты
  6
Continuous
 62
     7
370
    25
100
AcDbLine
 10
0.0
 20
-2.5
 30
0.0
 11
0.0
 21
2.5
 31
0.0
  0
ENDBLK
  5
105D
330
1059
100
AcDbEntity
  8
0
 62
     7
 48
0.4
370
    25
100
AcDbBlockEnd
  0
BLOCK
  5
105F
330
105E
100
AcDbEntity
  8
0
 62
     7
 48
0.4
370
    25
100
AcDbBlockBegin
  2
KREST_101
 70
     0
 10
0.0
 20
0.0
 30
0.0
  3
KREST_101
  1

  0
LINE
  5
1060
330
105E
100
AcDbEntity
  8
Координатные кресты
  6
Continuous
 62
     7
370
    25
100
AcDbLine
 10
-2.5
 20
0.0
 30
0.0
 11
2.5
 21
0.0
 31
0.0
  0
LINE
  5
1061
330
105E
100
AcDbEntity
  8
Координатные кресты
  6
Continuous
 62
     7
370
    25
100
AcDbLine
 10
0.0
 20
-2.5
 30
0.0
 11
0.0
 21
2.5
 31
0.0
  0
ENDBLK
  5
1062
330
105E
100
AcDbEntity
  8
0
 62
     7
 48
0.4
370
    25
100
AcDbBlockEnd
  0
BLOCK
  5
1064
330
1063
100
AcDbEntity
  8
0
 62
     7
 48
0.4
370
    25
100
AcDbBlockBegin
  2
KREST_102
 70
     0
 10
0.0
 20
0.0
 30
0.0
  3
KREST_102
  1

  0
LINE
  5
1065
330
1063
100
AcDbEntity
  8
Координатные кресты
  6
Continuous
 62
     7
370
    25
100
AcDbLine
 10
-2.5
 20
0.0
 30
0.0
 11
2.5
 21
0.0
 31
0.0
  0
LINE
  5
1066
330
1063
100
AcDbEntity
  8
Координатные кресты
  6
Continuous
 62
     7
370
    25
100
AcDbLine
 10
0.0
 20
-2.5
 30
0.0
 11
0.0
 21
2.5
 31
0.0
  0
ENDBLK
  5
1067
330
1063
100
AcDbEntity
  8
0
 62
     7
 48
0.4
370
    25
100
AcDbBlockEnd
  0
BLOCK
  5
1069
330
1068
100
AcDbEntity
  8
0
 62
     7
 48
0.4
370
    25
100
AcDbBlockBegin
  2
KREST_103
 70
     0
 10
0.0
 20
0.0
 30
0.0
  3
KREST_103
  1

  0
LINE
  5
106A
330
1068
100
AcDbEntity
  8
Координатные кресты
  6
Continuous
 62
     7
370
    25
100
AcDbLine
 10
-2.5
 20
0.0
 30
0.0
 11
2.5
 21
0.0
 31
0.0
  0
LINE
  5
106B
330
1068
100
AcDbEntity
  8
Координатные кресты
  6
Continuous
 62
     7
370
    25
100
AcDbLine
 10
0.0
 20
-2.5
 30
0.0
 11
0.0
 21
2.5
 31
0.0
  0
ENDBLK
  5
106C
330
1068
100
AcDbEntity
  8
0
 62
     7
 48
0.4
370
    25
100
AcDbBlockEnd
  0
BLOCK
  5
106E
330
106D
100
AcDbEntity
  8
0
 62
     7
 48
0.4
370
    25
100
AcDbBlockBegin
  2
KREST_104
 70
     0
 10
0.0
 20
0.0
 30
0.0
  3
KREST_104
  1

  0
LINE
  5
106F
330
106D
100
AcDbEntity
  8
Координатные кресты
  6
Continuous
 62
     7
370
    25
100
AcDbLine
 10
-2.5
 20
0.0
 30
0.0
 11
2.5
 21
0.0
 31
0.0
  0
LINE
  5
1070
330
106D
100
AcDbEntity
  8
Координатные кресты
  6
Continuous
 62
     7
370
    25
100
AcDbLine
 10
0.0
 20
-2.5
 30
0.0
 11
0.0
 21
2.5
 31
0.0
  0
ENDBLK
  5
1071
330
106D
100
AcDbEntity
  8
0
 62
     7
 48
0.4
370
    25
100
AcDbBlockEnd
  0
BLOCK
  5
1073
330
1072
100
AcDbEntity
  8
0
 62
     7
 48
0.4
370
    25
100
AcDbBlockBegin
  2
KREST_105
 70
     0
 10
0.0
 20
0.0
 30
0.0
  3
KREST_105
  1

  0
LINE
  5
1074
330
1072
100
AcDbEntity
  8
Координатные кресты
  6
Continuous
 62
     7
370
    25
100
AcDbLine
 10
-2.5
 20
0.0
 30
0.0
 11
2.5
 21
0.0
 31
0.0
  0
LINE
  5
1075
330
1072
100
AcDbEntity
  8
Координатные кресты
  6
Continuous
 62
     7
370
    25
100
AcDbLine
 10
0.0
 20
-2.5
 30
0.0
 11
0.0
 21
2.5
 31
0.0
  0
ENDBLK
  5
1076
330
1072
100
AcDbEntity
  8
0
 62
     7
 48
0.4
370
    25
100
AcDbBlockEnd
  0
BLOCK
  5
1078
330
1077
100
AcDbEntity
  8
0
 62
     7
 48
0.4
370
    25
100
AcDbBlockBegin
  2
KREST_106
 70
     0
 10
0.0
 20
0.0
 30
0.0
  3
KREST_106
  1

  0
LINE
  5
1079
330
1077
100
AcDbEntity
  8
Координатные кресты
  6
Continuous
 62
     7
370
    25
100
AcDbLine
 10
-2.5
 20
0.0
 30
0.0
 11
2.5
 21
0.0
 31
0.0
  0
LINE
  5
107A
330
1077
100
AcDbEntity
  8
Координатные кресты
  6
Continuous
 62
     7
370
    25
100
AcDbLine
 10
0.0
 20
-2.5
 30
0.0
 11
0.0
 21
2.5
 31
0.0
  0
ENDBLK
  5
107B
330
1077
100
AcDbEntity
  8
0
 62
     7
 48
0.4
370
    25
100
AcDbBlockEnd
  0
BLOCK
  5
107D
330
107C
100
AcDbEntity
  8
0
 62
     7
 48
0.4
370
    25
100
AcDbBlockBegin
  2
KREST_107
 70
     0
 10
0.0
 20
0.0
 30
0.0
  3
KREST_107
  1

  0
LINE
  5
107E
330
107C
100
AcDbEntity
  8
Координатные кресты
  6
Continuous
 62
     7
370
    25
100
AcDbLine
 10
-2.5
 20
0.0
 30
0.0
 11
2.5
 21
0.0
 31
0.0
  0
LINE
  5
107F
330
107C
100
AcDbEntity
  8
Координатные кресты
  6
Continuous
 62
     7
370
    25
100
AcDbLine
 10
0.0
 20
-2.5
 30
0.0
 11
0.0
 21
2.5
 31
0.0
  0
ENDBLK
  5
1080
330
107C
100
AcDbEntity
  8
0
 62
     7
 48
0.4
370
    25
100
AcDbBlockEnd
  0
BLOCK
  5
1082
330
1081
100
AcDbEntity
  8
0
 62
     7
 48
0.4
370
    25
100
AcDbBlockBegin
  2
KREST_108
 70
     0
 10
0.0
 20
0.0
 30
0.0
  3
KREST_108
  1

  0
LINE
  5
1083
330
1081
100
AcDbEntity
  8
Координатные кресты
  6
Continuous
 62
     7
370
    25
100
AcDbLine
 10
-2.5
 20
0.0
 30
0.0
 11
2.5
 21
0.0
 31
0.0
  0
LINE
  5
1084
330
1081
100
AcDbEntity
  8
Координатные кресты
  6
Continuous
 62
     7
370
    25
100
AcDbLine
 10
0.0
 20
-2.5
 30
0.0
 11
0.0
 21
2.5
 31
0.0
  0
ENDBLK
  5
1085
330
1081
100
AcDbEntity
  8
0
 62
     7
 48
0.4
370
    25
100
AcDbBlockEnd
  0
BLOCK
  5
1087
330
1086
100
AcDbEntity
  8
0
 62
     7
 48
0.4
370
    25
100
AcDbBlockBegin
  2
KREST_109
 70
     0
 10
0.0
 20
0.0
 30
0.0
  3
KREST_109
  1

  0
LINE
  5
1088
330
1086
100
AcDbEntity
  8
Координатные кресты
  6
Continuous
 62
     7
370
    25
100
AcDbLine
 10
-2.5
 20
0.0
 30
0.0
 11
2.5
 21
0.0
 31
0.0
  0
LINE
  5
1089
330
1086
100
AcDbEntity
  8
Координатные кресты
  6
Continuous
 62
     7
370
    25
100
AcDbLine
 10
0.0
 20
-2.5
 30
0.0
 11
0.0
 21
2.5
 31
0.0
  0
ENDBLK
  5
108A
330
1086
100
AcDbEntity
  8
0
 62
     7
 48
0.4
370
    25
100
AcDbBlockEnd
  0
BLOCK
  5
108C
330
108B
100
AcDbEntity
  8
0
 62
     7
 48
0.4
370
    25
100
AcDbBlockBegin
  2
KREST_110
 70
     0
 10
0.0
 20
0.0
 30
0.0
  3
KREST_110
  1

  0
LINE
  5
108D
330
108B
100
AcDbEntity
  8
Координатные кресты
  6
Continuous
 62
     7
370
    25
100
AcDbLine
 10
-2.5
 20
0.0
 30
0.0
 11
2.5
 21
0.0
 31
0.0
  0
LINE
  5
108E
330
108B
100
AcDbEntity
  8
Координатные кресты
  6
Continuous
 62
     7
370
    25
100
AcDbLine
 10
0.0
 20
-2.5
 30
0.0
 11
0.0
 21
2.5
 31
0.0
  0
ENDBLK
  5
108F
330
108B
100
AcDbEntity
  8
0
 62
     7
 48
0.4
370
    25
100
AcDbBlockEnd
  0
BLOCK
  5
1091
330
1090
100
AcDbEntity
  8
0
 62
     7
 48
0.4
370
    25
100
AcDbBlockBegin
  2
KREST_111
 70
     0
 10
0.0
 20
0.0
 30
0.0
  3
KREST_111
  1

  0
LINE
  5
1092
330
1090
100
AcDbEntity
  8
Координатные кресты
  6
Continuous
 62
     7
370
    25
100
AcDbLine
 10
-2.5
 20
0.0
 30
0.0
 11
2.5
 21
0.0
 31
0.0
  0
LINE
  5
1093
330
1090
100
AcDbEntity
  8
Координатные кресты
  6
Continuous
 62
     7
370
    25
100
AcDbLine
 10
0.0
 20
-2.5
 30
0.0
 11
0.0
 21
2.5
 31
0.0
  0
ENDBLK
  5
1094
330
1090
100
AcDbEntity
  8
0
 62
     7
 48
0.4
370
    25
100
AcDbBlockEnd
  0
BLOCK
  5
1096
330
1095
100
AcDbEntity
  8
0
 62
     7
 48
0.4
370
    25
100
AcDbBlockBegin
  2
KREST_112
 70
     0
 10
0.0
 20
0.0
 30
0.0
  3
KREST_112
  1

  0
LINE
  5
1097
330
1095
100
AcDbEntity
  8
Координатные кресты
  6
Continuous
 62
     7
370
    25
100
AcDbLine
 10
-2.5
 20
0.0
 30
0.0
 11
2.5
 21
0.0
 31
0.0
  0
LINE
  5
1098
330
1095
100
AcDbEntity
  8
Координатные кресты
  6
Continuous
 62
     7
370
    25
100
AcDbLine
 10
0.0
 20
-2.5
 30
0.0
 11
0.0
 21
2.5
 31
0.0
  0
ENDBLK
  5
1099
330
1095
100
AcDbEntity
  8
0
 62
     7
 48
0.4
370
    25
100
AcDbBlockEnd
  0
BLOCK
  5
109B
330
109A
100
AcDbEntity
  8
0
 62
     7
 48
0.4
370
    25
100
AcDbBlockBegin
  2
KREST_113
 70
     0
 10
0.0
 20
0.0
 30
0.0
  3
KREST_113
  1

  0
LINE
  5
109C
330
109A
100
AcDbEntity
  8
Координатные кресты
  6
Continuous
 62
     7
370
    25
100
AcDbLine
 10
-2.5
 20
0.0
 30
0.0
 11
2.5
 21
0.0
 31
0.0
  0
LINE
  5
109D
330
109A
100
AcDbEntity
  8
Координатные кресты
  6
Continuous
 62
     7
370
    25
100
AcDbLine
 10
0.0
 20
-2.5
 30
0.0
 11
0.0
 21
2.5
 31
0.0
  0
ENDBLK
  5
109E
330
109A
100
AcDbEntity
  8
0
 62
     7
 48
0.4
370
    25
100
AcDbBlockEnd
  0
BLOCK
  5
10A0
330
109F
100
AcDbEntity
  8
0
 62
     7
 48
0.4
370
    25
100
AcDbBlockBegin
  2
KREST_114
 70
     0
 10
0.0
 20
0.0
 30
0.0
  3
KREST_114
  1

  0
LINE
  5
10A1
330
109F
100
AcDbEntity
  8
Координатные кресты
  6
Continuous
 62
     7
370
    25
100
AcDbLine
 10
-2.5
 20
0.0
 30
0.0
 11
2.5
 21
0.0
 31
0.0
  0
LINE
  5
10A2
330
109F
100
AcDbEntity
  8
Координатные кресты
  6
Continuous
 62
     7
370
    25
100
AcDbLine
 10
0.0
 20
-2.5
 30
0.0
 11
0.0
 21
2.5
 31
0.0
  0
ENDBLK
  5
10A3
330
109F
100
AcDbEntity
  8
0
 62
     7
 48
0.4
370
    25
100
AcDbBlockEnd
  0
BLOCK
  5
10A5
330
10A4
100
AcDbEntity
  8
0
 62
     7
 48
0.4
370
    25
100
AcDbBlockBegin
  2
KREST_115
 70
     0
 10
0.0
 20
0.0
 30
0.0
  3
KREST_115
  1

  0
LINE
  5
10A6
330
10A4
100
AcDbEntity
  8
Координатные кресты
  6
Continuous
 62
     7
370
    25
100
AcDbLine
 10
-2.5
 20
0.0
 30
0.0
 11
2.5
 21
0.0
 31
0.0
  0
LINE
  5
10A7
330
10A4
100
AcDbEntity
  8
Координатные кресты
  6
Continuous
 62
     7
370
    25
100
AcDbLine
 10
0.0
 20
-2.5
 30
0.0
 11
0.0
 21
2.5
 31
0.0
  0
ENDBLK
  5
10A8
330
10A4
100
AcDbEntity
  8
0
 62
     7
 48
0.4
370
    25
100
AcDbBlockEnd
  0
BLOCK
  5
10AA
330
10A9
100
AcDbEntity
  8
0
 62
     7
 48
0.4
370
    25
100
AcDbBlockBegin
  2
KREST_116
 70
     0
 10
0.0
 20
0.0
 30
0.0
  3
KREST_116
  1

  0
LINE
  5
10AB
330
10A9
100
AcDbEntity
  8
Координатные кресты
  6
Continuous
 62
     7
370
    25
100
AcDbLine
 10
-2.5
 20
0.0
 30
0.0
 11
2.5
 21
0.0
 31
0.0
  0
LINE
  5
10AC
330
10A9
100
AcDbEntity
  8
Координатные кресты
  6
Continuous
 62
     7
370
    25
100
AcDbLine
 10
0.0
 20
-2.5
 30
0.0
 11
0.0
 21
2.5
 31
0.0
  0
ENDBLK
  5
10AD
330
10A9
100
AcDbEntity
  8
0
 62
     7
 48
0.4
370
    25
100
AcDbBlockEnd
  0
BLOCK
  5
10AF
330
10AE
100
AcDbEntity
  8
0
 62
     7
 48
0.4
370
    25
100
AcDbBlockBegin
  2
KREST_117
 70
     0
 10
0.0
 20
0.0
 30
0.0
  3
KREST_117
  1

  0
LINE
  5
10B0
330
10AE
100
AcDbEntity
  8
Координатные кресты
  6
Continuous
 62
     7
370
    25
100
AcDbLine
 10
-2.5
 20
0.0
 30
0.0
 11
2.5
 21
0.0
 31
0.0
  0
LINE
  5
10B1
330
10AE
100
AcDbEntity
  8
Координатные кресты
  6
Continuous
 62
     7
370
    25
100
AcDbLine
 10
0.0
 20
-2.5
 30
0.0
 11
0.0
 21
2.5
 31
0.0
  0
ENDBLK
  5
10B2
330
10AE
100
AcDbEntity
  8
0
 62
     7
 48
0.4
370
    25
100
AcDbBlockEnd
  0
BLOCK
  5
10B4
330
10B3
100
AcDbEntity
  8
0
 62
     7
 48
0.4
370
    25
100
AcDbBlockBegin
  2
KREST_118
 70
     0
 10
0.0
 20
0.0
 30
0.0
  3
KREST_118
  1

  0
LINE
  5
10B5
330
10B3
100
AcDbEntity
  8
Координатные кресты
  6
Continuous
 62
     7
370
    25
100
AcDbLine
 10
-2.5
 20
0.0
 30
0.0
 11
2.5
 21
0.0
 31
0.0
  0
LINE
  5
10B6
330
10B3
100
AcDbEntity
  8
Координатные кресты
  6
Continuous
 62
     7
370
    25
100
AcDbLine
 10
0.0
 20
-2.5
 30
0.0
 11
0.0
 21
2.5
 31
0.0
  0
ENDBLK
  5
10B7
330
10B3
100
AcDbEntity
  8
0
 62
     7
 48
0.4
370
    25
100
AcDbBlockEnd
  0
BLOCK
  5
10B9
330
10B8
100
AcDbEntity
  8
0
 62
     7
 48
0.4
370
    25
100
AcDbBlockBegin
  2
KREST_119
 70
     0
 10
0.0
 20
0.0
 30
0.0
  3
KREST_119
  1

  0
LINE
  5
10BA
330
10B8
100
AcDbEntity
  8
Координатные кресты
  6
Continuous
 62
     7
370
    25
100
AcDbLine
 10
-2.5
 20
0.0
 30
0.0
 11
2.5
 21
0.0
 31
0.0
  0
LINE
  5
10BB
330
10B8
100
AcDbEntity
  8
Координатные кресты
  6
Continuous
 62
     7
370
    25
100
AcDbLine
 10
0.0
 20
-2.5
 30
0.0
 11
0.0
 21
2.5
 31
0.0
  0
ENDBLK
  5
10BC
330
10B8
100
AcDbEntity
  8
0
 62
     7
 48
0.4
370
    25
100
AcDbBlockEnd
  0
BLOCK
  5
10BE
330
10BD
100
AcDbEntity
  8
0
 62
     7
 48
0.4
370
    25
100
AcDbBlockBegin
  2
KREST_120
 70
     0
 10
0.0
 20
0.0
 30
0.0
  3
KREST_120
  1

  0
LINE
  5
10BF
330
10BD
100
AcDbEntity
  8
Координатные кресты
  6
Continuous
 62
     7
370
    25
100
AcDbLine
 10
-2.5
 20
0.0
 30
0.0
 11
2.5
 21
0.0
 31
0.0
  0
LINE
  5
10C0
330
10BD
100
AcDbEntity
  8
Координатные кресты
  6
Continuous
 62
     7
370
    25
100
AcDbLine
 10
0.0
 20
-2.5
 30
0.0
 11
0.0
 21
2.5
 31
0.0
  0
ENDBLK
  5
10C1
330
10BD
100
AcDbEntity
  8
0
 62
     7
 48
0.4
370
    25
100
AcDbBlockEnd
  0
BLOCK
  5
10C3
330
10C2
100
AcDbEntity
  8
0
 62
     7
 48
0.4
370
    25
100
AcDbBlockBegin
  2
KREST_121
 70
     0
 10
0.0
 20
0.0
 30
0.0
  3
KREST_121
  1

  0
LINE
  5
10C4
330
10C2
100
AcDbEntity
  8
Координатные кресты
  6
Continuous
 62
     7
370
    25
100
AcDbLine
 10
-2.5
 20
0.0
 30
0.0
 11
2.5
 21
0.0
 31
0.0
  0
LINE
  5
10C5
330
10C2
100
AcDbEntity
  8
Координатные кресты
  6
Continuous
 62
     7
370
    25
100
AcDbLine
 10
0.0
 20
-2.5
 30
0.0
 11
0.0
 21
2.5
 31
0.0
  0
ENDBLK
  5
10C6
330
10C2
100
AcDbEntity
  8
0
 62
     7
 48
0.4
370
    25
100
AcDbBlockEnd
  0
BLOCK
  5
10C8
330
10C7
100
AcDbEntity
  8
0
 62
     7
 48
0.4
370
    25
100
AcDbBlockBegin
  2
KREST_122
 70
     0
 10
0.0
 20
0.0
 30
0.0
  3
KREST_122
  1

  0
LINE
  5
10C9
330
10C7
100
AcDbEntity
  8
Координатные кресты
  6
Continuous
 62
     7
370
    25
100
AcDbLine
 10
-2.5
 20
0.0
 30
0.0
 11
2.5
 21
0.0
 31
0.0
  0
LINE
  5
10CA
330
10C7
100
AcDbEntity
  8
Координатные кресты
  6
Continuous
 62
     7
370
    25
100
AcDbLine
 10
0.0
 20
-2.5
 30
0.0
 11
0.0
 21
2.5
 31
0.0
  0
ENDBLK
  5
10CB
330
10C7
100
AcDbEntity
  8
0
 62
     7
 48
0.4
370
    25
100
AcDbBlockEnd
  0
BLOCK
  5
10CD
330
10CC
100
AcDbEntity
  8
0
 62
     7
 48
0.4
370
    25
100
AcDbBlockBegin
  2
KREST_123
 70
     0
 10
0.0
 20
0.0
 30
0.0
  3
KREST_123
  1

  0
LINE
  5
10CE
330
10CC
100
AcDbEntity
  8
Координатные кресты
  6
Continuous
 62
     7
370
    25
100
AcDbLine
 10
-2.5
 20
0.0
 30
0.0
 11
2.5
 21
0.0
 31
0.0
  0
LINE
  5
10CF
330
10CC
100
AcDbEntity
  8
Координатные кресты
  6
Continuous
 62
     7
370
    25
100
AcDbLine
 10
0.0
 20
-2.5
 30
0.0
 11
0.0
 21
2.5
 31
0.0
  0
ENDBLK
  5
10D0
330
10CC
100
AcDbEntity
  8
0
 62
     7
 48
0.4
370
    25
100
AcDbBlockEnd
  0
BLOCK
  5
10D2
330
10D1
100
AcDbEntity
  8
0
 62
     7
 48
0.4
370
    25
100
AcDbBlockBegin
  2
KREST_124
 70
     0
 10
0.0
 20
0.0
 30
0.0
  3
KREST_124
  1

  0
LINE
  5
10D3
330
10D1
100
AcDbEntity
  8
Координатные кресты
  6
Continuous
 62
     7
370
    25
100
AcDbLine
 10
-2.5
 20
0.0
 30
0.0
 11
2.5
 21
0.0
 31
0.0
  0
LINE
  5
10D4
330
10D1
100
AcDbEntity
  8
Координатные кресты
  6
Continuous
 62
     7
370
    25
100
AcDbLine
 10
0.0
 20
-2.5
 30
0.0
 11
0.0
 21
2.5
 31
0.0
  0
ENDBLK
  5
10D5
330
10D1
100
AcDbEntity
  8
0
 62
     7
 48
0.4
370
    25
100
AcDbBlockEnd
  0
BLOCK
  5
10D7
330
10D6
100
AcDbEntity
  8
0
 62
     7
 48
0.4
370
    25
100
AcDbBlockBegin
  2
KREST_125
 70
     0
 10
0.0
 20
0.0
 30
0.0
  3
KREST_125
  1

  0
LINE
  5
10D8
330
10D6
100
AcDbEntity
  8
Координатные кресты
  6
Continuous
 62
     7
370
    25
100
AcDbLine
 10
-2.5
 20
0.0
 30
0.0
 11
2.5
 21
0.0
 31
0.0
  0
LINE
  5
10D9
330
10D6
100
AcDbEntity
  8
Координатные кресты
  6
Continuous
 62
     7
370
    25
100
AcDbLine
 10
0.0
 20
-2.5
 30
0.0
 11
0.0
 21
2.5
 31
0.0
  0
ENDBLK
  5
10DA
330
10D6
100
AcDbEntity
  8
0
 62
     7
 48
0.4
370
    25
100
AcDbBlockEnd
  0
BLOCK
  5
10DC
330
10DB
100
AcDbEntity
  8
0
 62
     7
 48
0.4
370
    25
100
AcDbBlockBegin
  2
KREST_126
 70
     0
 10
0.0
 20
0.0
 30
0.0
  3
KREST_126
  1

  0
LINE
  5
10DD
330
10DB
100
AcDbEntity
  8
Координатные кресты
  6
Continuous
 62
     7
370
    25
100
AcDbLine
 10
-2.5
 20
0.0
 30
0.0
 11
2.5
 21
0.0
 31
0.0
  0
LINE
  5
10DE
330
10DB
100
AcDbEntity
  8
Координатные кресты
  6
Continuous
 62
     7
370
    25
100
AcDbLine
 10
0.0
 20
-2.5
 30
0.0
 11
0.0
 21
2.5
 31
0.0
  0
ENDBLK
  5
10DF
330
10DB
100
AcDbEntity
  8
0
 62
     7
 48
0.4
370
    25
100
AcDbBlockEnd
  0
BLOCK
  5
10E1
330
10E0
100
AcDbEntity
  8
0
 62
     7
 48
0.4
370
    25
100
AcDbBlockBegin
  2
KREST_127
 70
     0
 10
0.0
 20
0.0
 30
0.0
  3
KREST_127
  1

  0
LINE
  5
10E2
330
10E0
100
AcDbEntity
  8
Координатные кресты
  6
Continuous
 62
     7
370
    25
100
AcDbLine
 10
-2.5
 20
0.0
 30
0.0
 11
2.5
 21
0.0
 31
0.0
  0
LINE
  5
10E3
330
10E0
100
AcDbEntity
  8
Координатные кресты
  6
Continuous
 62
     7
370
    25
100
AcDbLine
 10
0.0
 20
-2.5
 30
0.0
 11
0.0
 21
2.5
 31
0.0
  0
ENDBLK
  5
10E4
330
10E0
100
AcDbEntity
  8
0
 62
     7
 48
0.4
370
    25
100
AcDbBlockEnd
  0
BLOCK
  5
10E6
330
10E5
100
AcDbEntity
  8
0
 62
     7
 48
0.4
370
    25
100
AcDbBlockBegin
  2
KREST_128
 70
     0
 10
0.0
 20
0.0
 30
0.0
  3
KREST_128
  1

  0
LINE
  5
10E7
330
10E5
100
AcDbEntity
  8
Координатные кресты
  6
Continuous
 62
     7
370
    25
100
AcDbLine
 10
-2.5
 20
0.0
 30
0.0
 11
2.5
 21
0.0
 31
0.0
  0
LINE
  5
10E8
330
10E5
100
AcDbEntity
  8
Координатные кресты
  6
Continuous
 62
     7
370
    25
100
AcDbLine
 10
0.0
 20
-2.5
 30
0.0
 11
0.0
 21
2.5
 31
0.0
  0
ENDBLK
  5
10E9
330
10E5
100
AcDbEntity
  8
0
 62
     7
 48
0.4
370
    25
100
AcDbBlockEnd
  0
BLOCK
  5
10EB
330
10EA
100
AcDbEntity
  8
0
 62
     7
 48
0.4
370
    25
100
AcDbBlockBegin
  2
KREST_129
 70
     0
 10
0.0
 20
0.0
 30
0.0
  3
KREST_129
  1

  0
LINE
  5
10EC
330
10EA
100
AcDbEntity
  8
Координатные кресты
  6
Continuous
 62
     7
370
    25
100
AcDbLine
 10
-2.5
 20
0.0
 30
0.0
 11
2.5
 21
0.0
 31
0.0
  0
LINE
  5
10ED
330
10EA
100
AcDbEntity
  8
Координатные кресты
  6
Continuous
 62
     7
370
    25
100
AcDbLine
 10
0.0
 20
-2.5
 30
0.0
 11
0.0
 21
2.5
 31
0.0
  0
ENDBLK
  5
10EE
330
10EA
100
AcDbEntity
  8
0
 62
     7
 48
0.4
370
    25
100
AcDbBlockEnd
  0
BLOCK
  5
10F0
330
10EF
100
AcDbEntity
  8
0
 62
     7
 48
0.4
370
    25
100
AcDbBlockBegin
  2
KREST_130
 70
     0
 10
0.0
 20
0.0
 30
0.0
  3
KREST_130
  1

  0
LINE
  5
10F1
330
10EF
100
AcDbEntity
  8
Координатные кресты
  6
Continuous
 62
     7
370
    25
100
AcDbLine
 10
-2.5
 20
0.0
 30
0.0
 11
2.5
 21
0.0
 31
0.0
  0
LINE
  5
10F2
330
10EF
100
AcDbEntity
  8
Координатные кресты
  6
Continuous
 62
     7
370
    25
100
AcDbLine
 10
0.0
 20
-2.5
 30
0.0
 11
0.0
 21
2.5
 31
0.0
  0
ENDBLK
  5
10F3
330
10EF
100
AcDbEntity
  8
0
 62
     7
 48
0.4
370
    25
100
AcDbBlockEnd
  0
BLOCK
  5
10F5
330
10F4
100
AcDbEntity
  8
0
 62
     7
 48
0.4
370
    25
100
AcDbBlockBegin
  2
KREST_131
 70
     0
 10
0.0
 20
0.0
 30
0.0
  3
KREST_131
  1

  0
LINE
  5
10F6
330
10F4
100
AcDbEntity
  8
Координатные кресты
  6
Continuous
 62
     7
370
    25
100
AcDbLine
 10
-2.5
 20
0.0
 30
0.0
 11
2.5
 21
0.0
 31
0.0
  0
LINE
  5
10F7
330
10F4
100
AcDbEntity
  8
Координатные кресты
  6
Continuous
 62
     7
370
    25
100
AcDbLine
 10
0.0
 20
-2.5
 30
0.0
 11
0.0
 21
2.5
 31
0.0
  0
ENDBLK
  5
10F8
330
10F4
100
AcDbEntity
  8
0
 62
     7
 48
0.4
370
    25
100
AcDbBlockEnd
  0
BLOCK
  5
10FA
330
10F9
100
AcDbEntity
  8
0
 62
     7
 48
0.4
370
    25
100
AcDbBlockBegin
  2
KREST_132
 70
     0
 10
0.0
 20
0.0
 30
0.0
  3
KREST_132
  1

  0
LINE
  5
10FB
330
10F9
100
AcDbEntity
  8
Координатные кресты
  6
Continuous
 62
     7
370
    25
100
AcDbLine
 10
-2.5
 20
0.0
 30
0.0
 11
2.5
 21
0.0
 31
0.0
  0
LINE
  5
10FC
330
10F9
100
AcDbEntity
  8
Координатные кресты
  6
Continuous
 62
     7
370
    25
100
AcDbLine
 10
0.0
 20
-2.5
 30
0.0
 11
0.0
 21
2.5
 31
0.0
  0
ENDBLK
  5
10FD
330
10F9
100
AcDbEntity
  8
0
 62
     7
 48
0.4
370
    25
100
AcDbBlockEnd
  0
BLOCK
  5
10FF
330
10FE
100
AcDbEntity
  8
0
 62
     7
 48
0.4
370
    25
100
AcDbBlockBegin
  2
KREST_133
 70
     0
 10
0.0
 20
0.0
 30
0.0
  3
KREST_133
  1

  0
LINE
  5
1100
330
10FE
100
AcDbEntity
  8
Координатные кресты
  6
Continuous
 62
     7
370
    25
100
AcDbLine
 10
-2.5
 20
0.0
 30
0.0
 11
2.5
 21
0.0
 31
0.0
  0
LINE
  5
1101
330
10FE
100
AcDbEntity
  8
Координатные кресты
  6
Continuous
 62
     7
370
    25
100
AcDbLine
 10
0.0
 20
-2.5
 30
0.0
 11
0.0
 21
2.5
 31
0.0
  0
ENDBLK
  5
1102
330
10FE
100
AcDbEntity
  8
0
 62
     7
 48
0.4
370
    25
100
AcDbBlockEnd
  0
BLOCK
  5
1104
330
1103
100
AcDbEntity
  8
0
 62
     7
 48
0.4
370
    25
100
AcDbBlockBegin
  2
KREST_134
 70
     0
 10
0.0
 20
0.0
 30
0.0
  3
KREST_134
  1

  0
LINE
  5
1105
330
1103
100
AcDbEntity
  8
Координатные кресты
  6
Continuous
 62
     7
370
    25
100
AcDbLine
 10
-2.5
 20
0.0
 30
0.0
 11
2.5
 21
0.0
 31
0.0
  0
LINE
  5
1106
330
1103
100
AcDbEntity
  8
Координатные кресты
  6
Continuous
 62
     7
370
    25
100
AcDbLine
 10
0.0
 20
-2.5
 30
0.0
 11
0.0
 21
2.5
 31
0.0
  0
ENDBLK
  5
1107
330
1103
100
AcDbEntity
  8
0
 62
     7
 48
0.4
370
    25
100
AcDbBlockEnd
  0
BLOCK
  5
1109
330
1108
100
AcDbEntity
  8
0
 62
     7
 48
0.4
370
    25
100
AcDbBlockBegin
  2
KREST_135
 70
     0
 10
0.0
 20
0.0
 30
0.0
  3
KREST_135
  1

  0
LINE
  5
110A
330
1108
100
AcDbEntity
  8
Координатные кресты
  6
Continuous
 62
     7
370
    25
100
AcDbLine
 10
-2.5
 20
0.0
 30
0.0
 11
2.5
 21
0.0
 31
0.0
  0
LINE
  5
110B
330
1108
100
AcDbEntity
  8
Координатные кресты
  6
Continuous
 62
     7
370
    25
100
AcDbLine
 10
0.0
 20
-2.5
 30
0.0
 11
0.0
 21
2.5
 31
0.0
  0
ENDBLK
  5
110C
330
1108
100
AcDbEntity
  8
0
 62
     7
 48
0.4
370
    25
100
AcDbBlockEnd
  0
BLOCK
  5
110E
330
110D
100
AcDbEntity
  8
0
 62
     7
 48
0.4
370
    25
100
AcDbBlockBegin
  2
KREST_136
 70
     0
 10
0.0
 20
0.0
 30
0.0
  3
KREST_136
  1

  0
LINE
  5
110F
330
110D
100
AcDbEntity
  8
Координатные кресты
  6
Continuous
 62
     7
370
    25
100
AcDbLine
 10
-2.5
 20
0.0
 30
0.0
 11
2.5
 21
0.0
 31
0.0
  0
LINE
  5
1110
330
110D
100
AcDbEntity
  8
Координатные кресты
  6
Continuous
 62
     7
370
    25
100
AcDbLine
 10
0.0
 20
-2.5
 30
0.0
 11
0.0
 21
2.5
 31
0.0
  0
ENDBLK
  5
1111
330
110D
100
AcDbEntity
  8
0
 62
     7
 48
0.4
370
    25
100
AcDbBlockEnd
  0
BLOCK
  5
1113
330
1112
100
AcDbEntity
  8
0
 62
     7
 48
0.4
370
    25
100
AcDbBlockBegin
  2
KREST_137
 70
     0
 10
0.0
 20
0.0
 30
0.0
  3
KREST_137
  1

  0
LINE
  5
1114
330
1112
100
AcDbEntity
  8
Координатные кресты
  6
Continuous
 62
     7
370
    25
100
AcDbLine
 10
-2.5
 20
0.0
 30
0.0
 11
2.5
 21
0.0
 31
0.0
  0
LINE
  5
1115
330
1112
100
AcDbEntity
  8
Координатные кресты
  6
Continuous
 62
     7
370
    25
100
AcDbLine
 10
0.0
 20
-2.5
 30
0.0
 11
0.0
 21
2.5
 31
0.0
  0
ENDBLK
  5
1116
330
1112
100
AcDbEntity
  8
0
 62
     7
 48
0.4
370
    25
100
AcDbBlockEnd
  0
BLOCK
  5
1118
330
1117
100
AcDbEntity
  8
0
 62
     7
 48
0.4
370
    25
100
AcDbBlockBegin
  2
KREST_138
 70
     0
 10
0.0
 20
0.0
 30
0.0
  3
KREST_138
  1

  0
LINE
  5
1119
330
1117
100
AcDbEntity
  8
Координатные кресты
  6
Continuous
 62
     7
370
    25
100
AcDbLine
 10
-2.5
 20
0.0
 30
0.0
 11
2.5
 21
0.0
 31
0.0
  0
LINE
  5
111A
330
1117
100
AcDbEntity
  8
Координатные кресты
  6
Continuous
 62
     7
370
    25
100
AcDbLine
 10
0.0
 20
-2.5
 30
0.0
 11
0.0
 21
2.5
 31
0.0
  0
ENDBLK
  5
111B
330
1117
100
AcDbEntity
  8
0
 62
     7
 48
0.4
370
    25
100
AcDbBlockEnd
  0
BLOCK
  5
111D
330
111C
100
AcDbEntity
  8
0
 62
     7
 48
0.4
370
    25
100
AcDbBlockBegin
  2
KREST_139
 70
     0
 10
0.0
 20
0.0
 30
0.0
  3
KREST_139
  1

  0
LINE
  5
111E
330
111C
100
AcDbEntity
  8
Координатные кресты
  6
Continuous
 62
     7
370
    25
100
AcDbLine
 10
-2.5
 20
0.0
 30
0.0
 11
2.5
 21
0.0
 31
0.0
  0
LINE
  5
111F
330
111C
100
AcDbEntity
  8
Координатные кресты
  6
Continuous
 62
     7
370
    25
100
AcDbLine
 10
0.0
 20
-2.5
 30
0.0
 11
0.0
 21
2.5
 31
0.0
  0
ENDBLK
  5
1120
330
111C
100
AcDbEntity
  8
0
 62
     7
 48
0.4
370
    25
100
AcDbBlockEnd
  0
BLOCK
  5
1122
330
1121
100
AcDbEntity
  8
0
 62
     7
 48
0.4
370
    25
100
AcDbBlockBegin
  2
KREST_140
 70
     0
 10
0.0
 20
0.0
 30
0.0
  3
KREST_140
  1

  0
LINE
  5
1123
330
1121
100
AcDbEntity
  8
Координатные кресты
  6
Continuous
 62
     7
370
    25
100
AcDbLine
 10
-2.5
 20
0.0
 30
0.0
 11
2.5
 21
0.0
 31
0.0
  0
LINE
  5
1124
330
1121
100
AcDbEntity
  8
Координатные кресты
  6
Continuous
 62
     7
370
    25
100
AcDbLine
 10
0.0
 20
-2.5
 30
0.0
 11
0.0
 21
2.5
 31
0.0
  0
ENDBLK
  5
1125
330
1121
100
AcDbEntity
  8
0
 62
     7
 48
0.4
370
    25
100
AcDbBlockEnd
  0
BLOCK
  5
1127
330
1126
100
AcDbEntity
  8
0
 62
     7
 48
0.4
370
    25
100
AcDbBlockBegin
  2
KREST_141
 70
     0
 10
0.0
 20
0.0
 30
0.0
  3
KREST_141
  1

  0
LINE
  5
1128
330
1126
100
AcDbEntity
  8
Координатные кресты
  6
Continuous
 62
     7
370
    25
100
AcDbLine
 10
-2.5
 20
0.0
 30
0.0
 11
2.5
 21
0.0
 31
0.0
  0
LINE
  5
1129
330
1126
100
AcDbEntity
  8
Координатные кресты
  6
Continuous
 62
     7
370
    25
100
AcDbLine
 10
0.0
 20
-2.5
 30
0.0
 11
0.0
 21
2.5
 31
0.0
  0
ENDBLK
  5
112A
330
1126
100
AcDbEntity
  8
0
 62
     7
 48
0.4
370
    25
100
AcDbBlockEnd
  0
BLOCK
  5
112C
330
112B
100
AcDbEntity
  8
0
 62
     7
 48
0.4
370
    25
100
AcDbBlockBegin
  2
KREST_142
 70
     0
 10
0.0
 20
0.0
 30
0.0
  3
KREST_142
  1

  0
LINE
  5
112D
330
112B
100
AcDbEntity
  8
Координатные кресты
  6
Continuous
 62
     7
370
    25
100
AcDbLine
 10
-2.5
 20
0.0
 30
0.0
 11
2.5
 21
0.0
 31
0.0
  0
LINE
  5
112E
330
112B
100
AcDbEntity
  8
Координатные кресты
  6
Continuous
 62
     7
370
    25
100
AcDbLine
 10
0.0
 20
-2.5
 30
0.0
 11
0.0
 21
2.5
 31
0.0
  0
ENDBLK
  5
112F
330
112B
100
AcDbEntity
  8
0
 62
     7
 48
0.4
370
    25
100
AcDbBlockEnd
  0
BLOCK
  5
1131
330
1130
100
AcDbEntity
  8
0
 62
     7
 48
0.4
370
    25
100
AcDbBlockBegin
  2
KREST_143
 70
     0
 10
0.0
 20
0.0
 30
0.0
  3
KREST_143
  1

  0
LINE
  5
1132
330
1130
100
AcDbEntity
  8
Координатные кресты
  6
Continuous
 62
     7
370
    25
100
AcDbLine
 10
-2.5
 20
0.0
 30
0.0
 11
2.5
 21
0.0
 31
0.0
  0
LINE
  5
1133
330
1130
100
AcDbEntity
  8
Координатные кресты
  6
Continuous
 62
     7
370
    25
100
AcDbLine
 10
0.0
 20
-2.5
 30
0.0
 11
0.0
 21
2.5
 31
0.0
  0
ENDBLK
  5
1134
330
1130
100
AcDbEntity
  8
0
 62
     7
 48
0.4
370
    25
100
AcDbBlockEnd
  0
BLOCK
  5
1136
330
1135
100
AcDbEntity
  8
0
 62
     7
 48
0.4
370
    25
100
AcDbBlockBegin
  2
KREST_144
 70
     0
 10
0.0
 20
0.0
 30
0.0
  3
KREST_144
  1

  0
LINE
  5
1137
330
1135
100
AcDbEntity
  8
Координатные кресты
  6
Continuous
 62
     7
370
    25
100
AcDbLine
 10
-2.5
 20
0.0
 30
0.0
 11
2.5
 21
0.0
 31
0.0
  0
LINE
  5
1138
330
1135
100
AcDbEntity
  8
Координатные кресты
  6
Continuous
 62
     7
370
    25
100
AcDbLine
 10
0.0
 20
-2.5
 30
0.0
 11
0.0
 21
2.5
 31
0.0
  0
ENDBLK
  5
1139
330
1135
100
AcDbEntity
  8
0
 62
     7
 48
0.4
370
    25
100
AcDbBlockEnd
  0
BLOCK
  5
113B
330
113A
100
AcDbEntity
  8
0
 62
     7
 48
0.4
370
    25
100
AcDbBlockBegin
  2
KREST_145
 70
     0
 10
0.0
 20
0.0
 30
0.0
  3
KREST_145
  1

  0
LINE
  5
113C
330
113A
100
AcDbEntity
  8
Координатные кресты
  6
Continuous
 62
     7
370
    25
100
AcDbLine
 10
-2.5
 20
0.0
 30
0.0
 11
2.5
 21
0.0
 31
0.0
  0
LINE
  5
113D
330
113A
100
AcDbEntity
  8
Координатные кресты
  6
Continuous
 62
     7
370
    25
100
AcDbLine
 10
0.0
 20
-2.5
 30
0.0
 11
0.0
 21
2.5
 31
0.0
  0
ENDBLK
  5
113E
330
113A
100
AcDbEntity
  8
0
 62
     7
 48
0.4
370
    25
100
AcDbBlockEnd
  0
BLOCK
  5
1140
330
113F
100
AcDbEntity
  8
0
 62
     7
 48
0.4
370
    25
100
AcDbBlockBegin
  2
KREST_146
 70
     0
 10
0.0
 20
0.0
 30
0.0
  3
KREST_146
  1

  0
LINE
  5
1141
330
113F
100
AcDbEntity
  8
Координатные кресты
  6
Continuous
 62
     7
370
    25
100
AcDbLine
 10
-2.5
 20
0.0
 30
0.0
 11
2.5
 21
0.0
 31
0.0
  0
LINE
  5
1142
330
113F
100
AcDbEntity
  8
Координатные кресты
  6
Continuous
 62
     7
370
    25
100
AcDbLine
 10
0.0
 20
-2.5
 30
0.0
 11
0.0
 21
2.5
 31
0.0
  0
ENDBLK
  5
1143
330
113F
100
AcDbEntity
  8
0
 62
     7
 48
0.4
370
    25
100
AcDbBlockEnd
  0
BLOCK
  5
1145
330
1144
100
AcDbEntity
  8
0
 62
     7
 48
0.4
370
    25
100
AcDbBlockBegin
  2
KREST_147
 70
     0
 10
0.0
 20
0.0
 30
0.0
  3
KREST_147
  1

  0
LINE
  5
1146
330
1144
100
AcDbEntity
  8
Координатные кресты
  6
Continuous
 62
     7
370
    25
100
AcDbLine
 10
-2.5
 20
0.0
 30
0.0
 11
2.5
 21
0.0
 31
0.0
  0
LINE
  5
1147
330
1144
100
AcDbEntity
  8
Координатные кресты
  6
Continuous
 62
     7
370
    25
100
AcDbLine
 10
0.0
 20
-2.5
 30
0.0
 11
0.0
 21
2.5
 31
0.0
  0
ENDBLK
  5
1148
330
1144
100
AcDbEntity
  8
0
 62
     7
 48
0.4
370
    25
100
AcDbBlockEnd
  0
BLOCK
  5
114A
330
1149
100
AcDbEntity
  8
0
 62
     7
 48
0.4
370
    25
100
AcDbBlockBegin
  2
KREST_148
 70
     0
 10
0.0
 20
0.0
 30
0.0
  3
KREST_148
  1

  0
LINE
  5
114B
330
1149
100
AcDbEntity
  8
Координатные кресты
  6
Continuous
 62
     7
370
    25
100
AcDbLine
 10
-2.5
 20
0.0
 30
0.0
 11
2.5
 21
0.0
 31
0.0
  0
LINE
  5
114C
330
1149
100
AcDbEntity
  8
Координатные кресты
  6
Continuous
 62
     7
370
    25
100
AcDbLine
 10
0.0
 20
-2.5
 30
0.0
 11
0.0
 21
2.5
 31
0.0
  0
ENDBLK
  5
114D
330
1149
100
AcDbEntity
  8
0
 62
     7
 48
0.4
370
    25
100
AcDbBlockEnd
  0
BLOCK
  5
114F
330
114E
100
AcDbEntity
  8
0
 62
     7
 48
0.4
370
    25
100
AcDbBlockBegin
  2
KREST_149
 70
     0
 10
0.0
 20
0.0
 30
0.0
  3
KREST_149
  1

  0
LINE
  5
1150
330
114E
100
AcDbEntity
  8
Координатные кресты
  6
Continuous
 62
     7
370
    25
100
AcDbLine
 10
-2.5
 20
0.0
 30
0.0
 11
2.5
 21
0.0
 31
0.0
  0
LINE
  5
1151
330
114E
100
AcDbEntity
  8
Координатные кресты
  6
Continuous
 62
     7
370
    25
100
AcDbLine
 10
0.0
 20
-2.5
 30
0.0
 11
0.0
 21
2.5
 31
0.0
  0
ENDBLK
  5
1152
330
114E
100
AcDbEntity
  8
0
 62
     7
 48
0.4
370
    25
100
AcDbBlockEnd
  0
BLOCK
  5
1154
330
1153
100
AcDbEntity
  8
0
 62
     7
 48
0.4
370
    25
100
AcDbBlockBegin
  2
KREST_150
 70
     0
 10
0.0
 20
0.0
 30
0.0
  3
KREST_150
  1

  0
LINE
  5
1155
330
1153
100
AcDbEntity
  8
Координатные кресты
  6
Continuous
 62
     7
370
    25
100
AcDbLine
 10
-2.5
 20
0.0
 30
0.0
 11
2.5
 21
0.0
 31
0.0
  0
LINE
  5
1156
330
1153
100
AcDbEntity
  8
Координатные кресты
  6
Continuous
 62
     7
370
    25
100
AcDbLine
 10
0.0
 20
-2.5
 30
0.0
 11
0.0
 21
2.5
 31
0.0
  0
ENDBLK
  5
1157
330
1153
100
AcDbEntity
  8
0
 62
     7
 48
0.4
370
    25
100
AcDbBlockEnd
  0
BLOCK
  5
1159
330
1158
100
AcDbEntity
  8
0
 62
     7
 48
0.4
370
    25
100
AcDbBlockBegin
  2
KREST_151
 70
     0
 10
0.0
 20
0.0
 30
0.0
  3
KREST_151
  1

  0
LINE
  5
115A
330
1158
100
AcDbEntity
  8
Координатные кресты
  6
Continuous
 62
     7
370
    25
100
AcDbLine
 10
-2.5
 20
0.0
 30
0.0
 11
2.5
 21
0.0
 31
0.0
  0
LINE
  5
115B
330
1158
100
AcDbEntity
  8
Координатные кресты
  6
Continuous
 62
     7
370
    25
100
AcDbLine
 10
0.0
 20
-2.5
 30
0.0
 11
0.0
 21
2.5
 31
0.0
  0
ENDBLK
  5
115C
330
1158
100
AcDbEntity
  8
0
 62
     7
 48
0.4
370
    25
100
AcDbBlockEnd
  0
BLOCK
  5
115E
330
115D
100
AcDbEntity
  8
0
 62
     7
 48
0.4
370
    25
100
AcDbBlockBegin
  2
KREST_152
 70
     0
 10
0.0
 20
0.0
 30
0.0
  3
KREST_152
  1

  0
LINE
  5
115F
330
115D
100
AcDbEntity
  8
Координатные кресты
  6
Continuous
 62
     7
370
    25
100
AcDbLine
 10
-2.5
 20
0.0
 30
0.0
 11
2.5
 21
0.0
 31
0.0
  0
LINE
  5
1160
330
115D
100
AcDbEntity
  8
Координатные кресты
  6
Continuous
 62
     7
370
    25
100
AcDbLine
 10
0.0
 20
-2.5
 30
0.0
 11
0.0
 21
2.5
 31
0.0
  0
ENDBLK
  5
1161
330
115D
100
AcDbEntity
  8
0
 62
     7
 48
0.4
370
    25
100
AcDbBlockEnd
  0
BLOCK
  5
1163
330
1162
100
AcDbEntity
  8
0
 62
     7
 48
0.4
370
    25
100
AcDbBlockBegin
  2
KREST_153
 70
     0
 10
0.0
 20
0.0
 30
0.0
  3
KREST_153
  1

  0
LINE
  5
1164
330
1162
100
AcDbEntity
  8
Координатные кресты
  6
Continuous
 62
     7
370
    25
100
AcDbLine
 10
-2.5
 20
0.0
 30
0.0
 11
2.5
 21
0.0
 31
0.0
  0
LINE
  5
1165
330
1162
100
AcDbEntity
  8
Координатные кресты
  6
Continuous
 62
     7
370
    25
100
AcDbLine
 10
0.0
 20
-2.5
 30
0.0
 11
0.0
 21
2.5
 31
0.0
  0
ENDBLK
  5
1166
330
1162
100
AcDbEntity
  8
0
 62
     7
 48
0.4
370
    25
100
AcDbBlockEnd
  0
BLOCK
  5
1168
330
1167
100
AcDbEntity
  8
0
 62
     7
 48
0.4
370
    25
100
AcDbBlockBegin
  2
KREST_154
 70
     0
 10
0.0
 20
0.0
 30
0.0
  3
KREST_154
  1

  0
LINE
  5
1169
330
1167
100
AcDbEntity
  8
Координатные кресты
  6
Continuous
 62
     7
370
    25
100
AcDbLine
 10
-2.5
 20
0.0
 30
0.0
 11
2.5
 21
0.0
 31
0.0
  0
LINE
  5
116A
330
1167
100
AcDbEntity
  8
Координатные кресты
  6
Continuous
 62
     7
370
    25
100
AcDbLine
 10
0.0
 20
-2.5
 30
0.0
 11
0.0
 21
2.5
 31
0.0
  0
ENDBLK
  5
116B
330
1167
100
AcDbEntity
  8
0
 62
     7
 48
0.4
370
    25
100
AcDbBlockEnd
  0
BLOCK
  5
116D
330
116C
100
AcDbEntity
  8
0
 62
     7
 48
0.4
370
    25
100
AcDbBlockBegin
  2
KREST_155
 70
     0
 10
0.0
 20
0.0
 30
0.0
  3
KREST_155
  1

  0
LINE
  5
116E
330
116C
100
AcDbEntity
  8
Координатные кресты
  6
Continuous
 62
     7
370
    25
100
AcDbLine
 10
-2.5
 20
0.0
 30
0.0
 11
2.5
 21
0.0
 31
0.0
  0
LINE
  5
116F
330
116C
100
AcDbEntity
  8
Координатные кресты
  6
Continuous
 62
     7
370
    25
100
AcDbLine
 10
0.0
 20
-2.5
 30
0.0
 11
0.0
 21
2.5
 31
0.0
  0
ENDBLK
  5
1170
330
116C
100
AcDbEntity
  8
0
 62
     7
 48
0.4
370
    25
100
AcDbBlockEnd
  0
BLOCK
  5
1172
330
1171
100
AcDbEntity
  8
0
 62
     7
 48
0.4
370
    25
100
AcDbBlockBegin
  2
KREST_156
 70
     0
 10
0.0
 20
0.0
 30
0.0
  3
KREST_156
  1

  0
LINE
  5
1173
330
1171
100
AcDbEntity
  8
Координатные кресты
  6
Continuous
 62
     7
370
    25
100
AcDbLine
 10
-2.5
 20
0.0
 30
0.0
 11
2.5
 21
0.0
 31
0.0
  0
LINE
  5
1174
330
1171
100
AcDbEntity
  8
Координатные кресты
  6
Continuous
 62
     7
370
    25
100
AcDbLine
 10
0.0
 20
-2.5
 30
0.0
 11
0.0
 21
2.5
 31
0.0
  0
ENDBLK
  5
1175
330
1171
100
AcDbEntity
  8
0
 62
     7
 48
0.4
370
    25
100
AcDbBlockEnd
  0
BLOCK
  5
1177
330
1176
100
AcDbEntity
  8
0
 62
     7
 48
0.4
370
    25
100
AcDbBlockBegin
  2
KREST_157
 70
     0
 10
0.0
 20
0.0
 30
0.0
  3
KREST_157
  1

  0
LINE
  5
1178
330
1176
100
AcDbEntity
  8
Координатные кресты
  6
Continuous
 62
     7
370
    25
100
AcDbLine
 10
-2.5
 20
0.0
 30
0.0
 11
2.5
 21
0.0
 31
0.0
  0
LINE
  5
1179
330
1176
100
AcDbEntity
  8
Координатные кресты
  6
Continuous
 62
     7
370
    25
100
AcDbLine
 10
0.0
 20
-2.5
 30
0.0
 11
0.0
 21
2.5
 31
0.0
  0
ENDBLK
  5
117A
330
1176
100
AcDbEntity
  8
0
 62
     7
 48
0.4
370
    25
100
AcDbBlockEnd
  0
BLOCK
  5
117C
330
117B
100
AcDbEntity
  8
0
 62
     7
 48
0.4
370
    25
100
AcDbBlockBegin
  2
KREST_158
 70
     0
 10
0.0
 20
0.0
 30
0.0
  3
KREST_158
  1

  0
LINE
  5
117D
330
117B
100
AcDbEntity
  8
Координатные кресты
  6
Continuous
 62
     7
370
    25
100
AcDbLine
 10
-2.5
 20
0.0
 30
0.0
 11
2.5
 21
0.0
 31
0.0
  0
LINE
  5
117E
330
117B
100
AcDbEntity
  8
Координатные кресты
  6
Continuous
 62
     7
370
    25
100
AcDbLine
 10
0.0
 20
-2.5
 30
0.0
 11
0.0
 21
2.5
 31
0.0
  0
ENDBLK
  5
117F
330
117B
100
AcDbEntity
  8
0
 62
     7
 48
0.4
370
    25
100
AcDbBlockEnd
  0
BLOCK
  5
1181
330
1180
100
AcDbEntity
  8
0
 62
     7
 48
0.4
370
    25
100
AcDbBlockBegin
  2
KREST_159
 70
     0
 10
0.0
 20
0.0
 30
0.0
  3
KREST_159
  1

  0
LINE
  5
1182
330
1180
100
AcDbEntity
  8
Координатные кресты
  6
Continuous
 62
     7
370
    25
100
AcDbLine
 10
-2.5
 20
0.0
 30
0.0
 11
2.5
 21
0.0
 31
0.0
  0
LINE
  5
1183
330
1180
100
AcDbEntity
  8
Координатные кресты
  6
Continuous
 62
     7
370
    25
100
AcDbLine
 10
0.0
 20
-2.5
 30
0.0
 11
0.0
 21
2.5
 31
0.0
  0
ENDBLK
  5
1184
330
1180
100
AcDbEntity
  8
0
 62
     7
 48
0.4
370
    25
100
AcDbBlockEnd
  0
BLOCK
  5
1186
330
1185
100
AcDbEntity
  8
0
 62
     7
 48
0.4
370
    25
100
AcDbBlockBegin
  2
KREST_160
 70
     0
 10
0.0
 20
0.0
 30
0.0
  3
KREST_160
  1

  0
LINE
  5
1187
330
1185
100
AcDbEntity
  8
Координатные кресты
  6
Continuous
 62
     7
370
    25
100
AcDbLine
 10
-2.5
 20
0.0
 30
0.0
 11
2.5
 21
0.0
 31
0.0
  0
LINE
  5
1188
330
1185
100
AcDbEntity
  8
Координатные кресты
  6
Continuous
 62
     7
370
    25
100
AcDbLine
 10
0.0
 20
-2.5
 30
0.0
 11
0.0
 21
2.5
 31
0.0
  0
ENDBLK
  5
1189
330
1185
100
AcDbEntity
  8
0
 62
     7
 48
0.4
370
    25
100
AcDbBlockEnd
  0
BLOCK
  5
118B
330
118A
100
AcDbEntity
  8
0
 62
     7
 48
0.4
370
    25
100
AcDbBlockBegin
  2
KREST_161
 70
     0
 10
0.0
 20
0.0
 30
0.0
  3
KREST_161
  1

  0
LINE
  5
118C
330
118A
100
AcDbEntity
  8
Координатные кресты
  6
Continuous
 62
     7
370
    25
100
AcDbLine
 10
-2.5
 20
0.0
 30
0.0
 11
2.5
 21
0.0
 31
0.0
  0
LINE
  5
118D
330
118A
100
AcDbEntity
  8
Координатные кресты
  6
Continuous
 62
     7
370
    25
100
AcDbLine
 10
0.0
 20
-2.5
 30
0.0
 11
0.0
 21
2.5
 31
0.0
  0
ENDBLK
  5
118E
330
118A
100
AcDbEntity
  8
0
 62
     7
 48
0.4
370
    25
100
AcDbBlockEnd
  0
BLOCK
  5
1190
330
118F
100
AcDbEntity
  8
0
 62
     7
 48
0.4
370
    25
100
AcDbBlockBegin
  2
KREST_162
 70
     0
 10
0.0
 20
0.0
 30
0.0
  3
KREST_162
  1

  0
LINE
  5
1191
330
118F
100
AcDbEntity
  8
Координатные кресты
  6
Continuous
 62
     7
370
    25
100
AcDbLine
 10
-2.5
 20
0.0
 30
0.0
 11
2.5
 21
0.0
 31
0.0
  0
LINE
  5
1192
330
118F
100
AcDbEntity
  8
Координатные кресты
  6
Continuous
 62
     7
370
    25
100
AcDbLine
 10
0.0
 20
-2.5
 30
0.0
 11
0.0
 21
2.5
 31
0.0
  0
ENDBLK
  5
1193
330
118F
100
AcDbEntity
  8
0
 62
     7
 48
0.4
370
    25
100
AcDbBlockEnd
  0
BLOCK
  5
1195
330
1194
100
AcDbEntity
  8
0
 62
     7
 48
0.4
370
    25
100
AcDbBlockBegin
  2
KREST_163
 70
     0
 10
0.0
 20
0.0
 30
0.0
  3
KREST_163
  1

  0
LINE
  5
1196
330
1194
100
AcDbEntity
  8
Координатные кресты
  6
Continuous
 62
     7
370
    25
100
AcDbLine
 10
-2.5
 20
0.0
 30
0.0
 11
2.5
 21
0.0
 31
0.0
  0
LINE
  5
1197
330
1194
100
AcDbEntity
  8
Координатные кресты
  6
Continuous
 62
     7
370
    25
100
AcDbLine
 10
0.0
 20
-2.5
 30
0.0
 11
0.0
 21
2.5
 31
0.0
  0
ENDBLK
  5
1198
330
1194
100
AcDbEntity
  8
0
 62
     7
 48
0.4
370
    25
100
AcDbBlockEnd
  0
BLOCK
  5
119A
330
1199
100
AcDbEntity
  8
0
 62
     7
 48
0.4
370
    25
100
AcDbBlockBegin
  2
KREST_164
 70
     0
 10
0.0
 20
0.0
 30
0.0
  3
KREST_164
  1

  0
LINE
  5
119B
330
1199
100
AcDbEntity
  8
Координатные кресты
  6
Continuous
 62
     7
370
    25
100
AcDbLine
 10
-2.5
 20
0.0
 30
0.0
 11
2.5
 21
0.0
 31
0.0
  0
LINE
  5
119C
330
1199
100
AcDbEntity
  8
Координатные кресты
  6
Continuous
 62
     7
370
    25
100
AcDbLine
 10
0.0
 20
-2.5
 30
0.0
 11
0.0
 21
2.5
 31
0.0
  0
ENDBLK
  5
119D
330
1199
100
AcDbEntity
  8
0
 62
     7
 48
0.4
370
    25
100
AcDbBlockEnd
  0
BLOCK
  5
119F
330
119E
100
AcDbEntity
  8
0
 62
     7
 48
0.4
370
    25
100
AcDbBlockBegin
  2
KREST_165
 70
     0
 10
0.0
 20
0.0
 30
0.0
  3
KREST_165
  1

  0
LINE
  5
11A0
330
119E
100
AcDbEntity
  8
Координатные кресты
  6
Continuous
 62
     7
370
    25
100
AcDbLine
 10
-2.5
 20
0.0
 30
0.0
 11
2.5
 21
0.0
 31
0.0
  0
LINE
  5
11A1
330
119E
100
AcDbEntity
  8
Координатные кресты
  6
Continuous
 62
     7
370
    25
100
AcDbLine
 10
0.0
 20
-2.5
 30
0.0
 11
0.0
 21
2.5
 31
0.0
  0
ENDBLK
  5
11A2
330
119E
100
AcDbEntity
  8
0
 62
     7
 48
0.4
370
    25
100
AcDbBlockEnd
  0
BLOCK
  5
11A4
330
11A3
100
AcDbEntity
  8
0
 62
     7
 48
0.4
370
    25
100
AcDbBlockBegin
  2
KREST_166
 70
     0
 10
0.0
 20
0.0
 30
0.0
  3
KREST_166
  1

  0
LINE
  5
11A5
330
11A3
100
AcDbEntity
  8
Координатные кресты
  6
Continuous
 62
     7
370
    25
100
AcDbLine
 10
-2.5
 20
0.0
 30
0.0
 11
2.5
 21
0.0
 31
0.0
  0
LINE
  5
11A6
330
11A3
100
AcDbEntity
  8
Координатные кресты
  6
Continuous
 62
     7
370
    25
100
AcDbLine
 10
0.0
 20
-2.5
 30
0.0
 11
0.0
 21
2.5
 31
0.0
  0
ENDBLK
  5
11A7
330
11A3
100
AcDbEntity
  8
0
 62
     7
 48
0.4
370
    25
100
AcDbBlockEnd
  0
BLOCK
  5
11A9
330
11A8
100
AcDbEntity
  8
0
 62
     7
 48
0.4
370
    25
100
AcDbBlockBegin
  2
KREST_167
 70
     0
 10
0.0
 20
0.0
 30
0.0
  3
KREST_167
  1

  0
LINE
  5
11AA
330
11A8
100
AcDbEntity
  8
Координатные кресты
  6
Continuous
 62
     7
370
    25
100
AcDbLine
 10
-2.5
 20
0.0
 30
0.0
 11
2.5
 21
0.0
 31
0.0
  0
LINE
  5
11AB
330
11A8
100
AcDbEntity
  8
Координатные кресты
  6
Continuous
 62
     7
370
    25
100
AcDbLine
 10
0.0
 20
-2.5
 30
0.0
 11
0.0
 21
2.5
 31
0.0
  0
ENDBLK
  5
11AC
330
11A8
100
AcDbEntity
  8
0
 62
     7
 48
0.4
370
    25
100
AcDbBlockEnd
  0
BLOCK
  5
11AE
330
11AD
100
AcDbEntity
  8
0
 62
     7
 48
0.4
370
    25
100
AcDbBlockBegin
  2
KREST_168
 70
     0
 10
0.0
 20
0.0
 30
0.0
  3
KREST_168
  1

  0
LINE
  5
11AF
330
11AD
100
AcDbEntity
  8
Координатные кресты
  6
Continuous
 62
     7
370
    25
100
AcDbLine
 10
-2.5
 20
0.0
 30
0.0
 11
2.5
 21
0.0
 31
0.0
  0
LINE
  5
11B0
330
11AD
100
AcDbEntity
  8
Координатные кресты
  6
Continuous
 62
     7
370
    25
100
AcDbLine
 10
0.0
 20
-2.5
 30
0.0
 11
0.0
 21
2.5
 31
0.0
  0
ENDBLK
  5
11B1
330
11AD
100
AcDbEntity
  8
0
 62
     7
 48
0.4
370
    25
100
AcDbBlockEnd
  0
BLOCK
  5
11B3
330
11B2
100
AcDbEntity
  8
0
 62
     7
 48
0.4
370
    25
100
AcDbBlockBegin
  2
KREST_169
 70
     0
 10
0.0
 20
0.0
 30
0.0
  3
KREST_169
  1

  0
LINE
  5
11B4
330
11B2
100
AcDbEntity
  8
Координатные кресты
  6
Continuous
 62
     7
370
    25
100
AcDbLine
 10
-2.5
 20
0.0
 30
0.0
 11
2.5
 21
0.0
 31
0.0
  0
LINE
  5
11B5
330
11B2
100
AcDbEntity
  8
Координатные кресты
  6
Continuous
 62
     7
370
    25
100
AcDbLine
 10
0.0
 20
-2.5
 30
0.0
 11
0.0
 21
2.5
 31
0.0
  0
ENDBLK
  5
11B6
330
11B2
100
AcDbEntity
  8
0
 62
     7
 48
0.4
370
    25
100
AcDbBlockEnd
  0
BLOCK
  5
11B8
330
11B7
100
AcDbEntity
  8
0
 62
     7
 48
0.4
370
    25
100
AcDbBlockBegin
  2
KREST_170
 70
     0
 10
0.0
 20
0.0
 30
0.0
  3
KREST_170
  1

  0
LINE
  5
11B9
330
11B7
100
AcDbEntity
  8
Координатные кресты
  6
Continuous
 62
     7
370
    25
100
AcDbLine
 10
-2.5
 20
0.0
 30
0.0
 11
2.5
 21
0.0
 31
0.0
  0
LINE
  5
11BA
330
11B7
100
AcDbEntity
  8
Координатные кресты
  6
Continuous
 62
     7
370
    25
100
AcDbLine
 10
0.0
 20
-2.5
 30
0.0
 11
0.0
 21
2.5
 31
0.0
  0
ENDBLK
  5
11BB
330
11B7
100
AcDbEntity
  8
0
 62
     7
 48
0.4
370
    25
100
AcDbBlockEnd
  0
ENDSEC
  0
SECTION
  2
ENTITIES
  0
LWPOLYLINE
  5
7B
330
2
100
AcDbEntity
  8
Рамки
  6
Continuous
100
AcDbPolyline
 90
        5
 70
   128
 43
0.0
 10
3500.0
 20
11250.0
 10
3500.0
 20
11500.0
 10
3750.0
 20
11500.0
 10
3750.0
 20
11250.0
 10
3500.0
 20
11250.0
  0
LWPOLYLINE
  5
156
330
2
100
AcDbEntity
  8
Рамки
  6
Continuous
100
AcDbPolyline
 90
        5
 70
   128
 43
0.0
 10
3250.0
 20
11000.0
 10
3250.0
 20
11250.0
 10
3500.0
 20
11250.0
 10
3500.0
 20
11000.0
 10
3250.0
 20
11000.0
  0
LWPOLYLINE
  5
229
330
2
100
AcDbEntity
  8
Рамки
  6
Continuous
100
AcDbPolyline
 90
        5
 70
   128
 43
0.0
 10
3500.0
 20
11000.0
 10
3500.0
 20
11250.0
 10
3750.0
 20
11250.0
 10
3750.0
 20
11000.0
 10
3500.0
 20
11000.0
  0
LWPOLYLINE
  5
2C0
330
2
100
AcDbEntity
  8
Рамки
  6
Continuous
100
AcDbPolyline
 90
        5
 70
   128
 43
0.0
 10
3250.0
 20
10750.0
 10
3250.0
 20
11000.0
 10
3500.0
 20
11000.0
 10
3500.0
 20
10750.0
 10
3250.0
 20
10750.0
  0
LWPOLYLINE
  5
375
330
2
100
AcDbEntity
  8
Рамки
  6
Continuous
100
AcDbPolyline
 90
        5
 70
   128
 43
0.0
 10
3500.0
 20
10650.0
 10
3500.0
 20
10900.0
 10
3750.0
 20
10900.0
 10
3750.0
 20
10650.0
 10
3500.0
 20
10650.0
  0
LWPOLYLINE
  5
436
330
2
100
AcDbEntity
  8
Рамки
  6
Continuous
100
AcDbPolyline
 90
        5
 70
   128
 43
0.0
 10
3250.0
 20
10500.0
 10
3250.0
 20
10750.0
 10
3500.0
 20
10750.0
 10
3500.0
 20
10500.0
 10
3250.0
 20
10500.0
  0
LWPOLYLINE
  5
4DF
330
2
100
AcDbEntity
  8
Рамки
  6
Continuous
100
AcDbPolyline
 90
        5
 70
   128
 43
0.0
 10
3150.0
 20
10250.0
 10
3150.0
 20
10500.0
 10
3400.0
 20
10500.0
 10
3400.0
 20
10250.0
 10
3150.0
 20
10250.0
  0
LWPOLYLINE
  5
5A0
330
2
100
AcDbEntity
  8
Рамки
  6
Continuous
100
AcDbPolyline
 90
        5
 70
   128
 43
0.0
 10
3100.0
 20
10000.0
 10
3100.0
 20
10250.0
 10
3350.0
 20
10250.0
 10
3350.0
 20
10000.0
 10
3100.0
 20
10000.0
  0
LWPOLYLINE
  5
65B
330
2
100
AcDbEntity
  8
Граница заказа
  6
Continuous
100
AcDbPolyline
 90
      294
 70
   128
 43
0.0
 10
3282.979000000001
 20
10398.598
 10
3276.971
 20
10369.078
 10
3272.666
 20
10346.345
 10
3270.161
 20
10333.969
 10
3268.83
 20
10327.114
 10
3261.473
 20
10296.751
 10
3261.004
 20
10294.572
 10
3258.798
 20
10285.068
 10
3257.793
 20
10282.221
 10
3256.687
 20
10276.496
 10
3255.368
 20
10270.489
 10
3252.826
 20
10259.158
 10
3249.516
 20
10246.282
 10
3248.99
 20
10244.236
 10
3247.719
 20
10238.239
 10
3247.288
 20
10235.427
 10
3246.488000000001
 20
10231.883
 10
3246.232
 20
10230.144
 10
3231.117
 20
10231.918
 10
3218.506
 20
10233.314
 10
3213.76
 20
10233.326
 10
3211.858
 20
10233.706
 10
3210.844
 20
10233.858
 10
3202.87
 20
10235.483
 10
3219.142000000001
 20
10204.05
 10
3288.503
 20
10222.141
 10
3302.069
 20
10282.254
 10
3336.38
 20
10290.25
 10
3330.901000000001
 20
10330.928
 10
3308.167
 20
10334.577
 10
3316.378
 20
10389.43
 10
3347.714
 20
10384.478
 10
3352.269
 20
10416.97
 10
3327.831
 20
10417.238
 10
3338.954
 20
10455.493
 10
3339.362
 20
10456.847
 10
3333.84
 20
10446.209
 10
3303.614
 20
10453.332
 10
3317.476
 20
10528.908
 10
3344.054
 20
10522.814
 10
3354.213
 20
10521.507
 10
3357.525
 20
10550.643
 10
3383.446
 20
10548.208
 10
3388.751
 20
10574.822
 10
3377.698
 20
10637.934
 10
3428.496
 20
10673.894
 10
3434.298
 20
10733.478
 10
3392.195
 20
10742.683
 10
3400.59
 20
10787.949
 10
3609.891
 20
10742.969
 10
3621.947
 20
10790.085
 10
3528.851
 20
10815.705
 10
3532.235
 20
10838.587
 10
3532.357
 20
10839.411
 10
3446.845000000001
 20
10858.895
 10
3447.281
 20
10860.789
 10
3411.436
 20
10868.896
 10
3412.378
 20
10872.241
 10
3411.241
 20
10872.664
 10
3411.367
 20
10873.243
 10
3410.037000000001
 20
10873.563
 10
3414.65
 20
10883.88
 10
3441.437
 20
10942.735
 10
3439.873
 20
10943.559
 10
3440.534
 20
10945.132
 10
3436.782
 20
10946.456
 10
3455.671000000001
 20
10988.619
 10
3455.151000000001
 20
10990.786
 10
3461.838
 20
10998.422
 10
3462.546000000001
 20
10997.802
 10
3462.54
 20
10998.174
 10
3460.752
 20
10999.211
 10
3459.553
 20
11000.315
 10
3459.986
 20
11002.408
 10
3461.353
 20
11004.029
 10
3462.720000000001
 20
11005.65
 10
3479.489
 20
11043.529
 10
3485.705
 20
11057.571
 10
3497.836
 20
11083.469
 10
3511.950000000001
 20
11113.598
 10
3518.392000000001
 20
11127.35
 10
3521.005
 20
11132.41
 10
3521.629
 20
11133.719
 10
3521.922
 20
11135.086
 10
3523.006
 20
11136.297
 10
3524.031
 20
11136.551
 10
3525.496
 20
11136.356
 10
3526.765
 20
11135.653
 10
3528.720000000001
 20
11133.583
 10
3543.754
 20
11120.488
 10
3558.647
 20
11107.899
 10
3563.346
 20
11103.927
 10
3562.412000000001
 20
11101.698
 10
3561.978
 20
11100.747
 10
3563.184
 20
11099.691
 10
3571.804
 20
11119.107
 10
3609.731
 20
11190.074
 10
3658.465
 20
11145.274
 10
3651.886
 20
11176.817
 10
3651.263
 20
11177.322
 10
3658.84
 20
11208.989
 10
3707.971
 20
11252.035
 10
3727.845000000001
 20
11220.909
 10
3712.837
 20
11211.18
 10
3712.298
 20
11192.554
 10
3713.123
 20
11192.011
 10
3721.062
 20
11209.093
 10
3722.213
 20
11208.593
 10
3725.245
 20
11210.764
 10
3726.88
 20
11208.263
 10
3725.782
 20
11207.545
 10
3725.946
 20
11207.294
 10
3730.379
 20
11210.192
 10
3730.961
 20
11209.302
 10
3734.391
 20
11211.47
 10
3733.775
 20
11212.412
 10
3735.967
 20
11213.844
 10
3733.873
 20
11217.102
 10
3737.313
 20
11219.441
 10
3735.54
 20
11222.048
 10
3733.873
 20
11220.961
 10
3731.771
 20
11224.181
 10
3733.17
 20
11225.102
 10
3729.865
 20
11230.139
 10
3731.61
 20
11231.408
 10
3729.88
 20
11234.037
 10
3726.673
 20
11231.925
 10
3726.197
 20
11232.648
 10
3725.695
 20
11232.318
 10
3722.093000000001
 20
11237.812
 10
3723.776000000001
 20
11238.915
 10
3721.989
 20
11241.669
 10
3720.763
 20
11240.945
 10
3720.157
 20
11241.889
 10
3720.896
 20
11242.365
 10
3719.977
 20
11243.795
 10
3719.237
 20
11243.319
 10
3718.66
 20
11244.217
 10
3720.058
 20
11245.116
 10
3716.741
 20
11250.148
 10
3718.228
 20
11251.048
 10
3716.391
 20
11253.977
 10
3713.466
 20
11252.142
 10
3713.096
 20
11252.688
 10
3712.516
 20
11252.296
 10
3708.775
 20
11258.099
 10
3710.492
 20
11259.168
 10
3708.808
 20
11261.745
 10
3707.678
 20
11261.006
 10
3705.562
 20
11264.289
 10
3706.956
 20
11265.188
 10
3703.612
 20
11270.251
 10
3704.779
 20
11271.143
 10
3703.16
 20
11273.758
 10
3701.898
 20
11272.976
 10
3700.621
 20
11274.254
 10
3701.866
 20
11275.032
 10
3700.346
 20
11277.473
 10
3700.319
 20
11277.532
 10
3700.266
 20
11277.629
 10
3700.207
 20
11277.723
 10
3700.14
 20
11277.812
 10
3700.068
 20
11277.897
 10
3699.989
 20
11277.975
 10
3699.905
 20
11278.048
 10
3699.816000000001
 20
11278.115
 10
3699.723
 20
11278.175
 10
3699.625
 20
11278.229
 10
3699.524
 20
11278.275
 10
3699.42
 20
11278.314
 10
3699.313
 20
11278.345
 10
3699.204
 20
11278.368
 10
3699.094
 20
11278.384
 10
3698.983
 20
11278.391
 10
3698.872000000001
 20
11278.391
 10
3698.761
 20
11278.382
 10
3698.651000000001
 20
11278.366
 10
3698.543
 20
11278.342
 10
3698.436
 20
11278.31
 10
3698.332
 20
11278.27
 10
3698.231
 20
11278.224
 10
3698.134
 20
11278.17
 10
3698.041
 20
11278.109
 10
3697.953
 20
11278.041
 10
3697.869
 20
11277.968
 10
3697.791
 20
11277.888
 10
3697.719
 20
11277.804
 10
3697.654
 20
11277.714
 10
3697.595000000001
 20
11277.62
 10
3697.542
 20
11277.521
 10
3697.498
 20
11277.42
 10
3697.46
 20
11277.315
 10
3697.430000000001
 20
11277.208
 10
3697.408
 20
11277.099
 10
3697.394
 20
11276.989
 10
3697.387
 20
11276.878
 10
3697.389
 20
11276.766
 10
3697.399
 20
11276.656
 10
3697.416
 20
11276.546
 10
3697.442
 20
11276.438
 10
3697.475
 20
11276.331
 10
3697.516
 20
11276.228
 10
3697.564
 20
11276.128
 10
3697.619
 20
11276.031
 10
3699.735
 20
11272.618
 10
3698.227
 20
11271.684
 10
3695.773
 20
11275.395
 10
3691.871
 20
11272.876
 10
3687.925
 20
11279.381
 10
3685.4
 20
11292.475
 10
3684.174
 20
11292.229
 10
3684.159
 20
11292.226
 10
3636.903
 20
11366.378
 10
3633.950000000001
 20
11367.404
 10
3624.874000000001
 20
11357.986
 10
3612.955
 20
11363.436
 10
3569.324
 20
11269.723
 10
3551.932
 20
11271.358
 10
3555.517000000001
 20
11279.291
 10
3553.89
 20
11279.396
 10
3549.936
 20
11271.307
 10
3529.241
 20
11224.08
 10
3520.17
 20
11205.5
 10
3517.658
 20
11198.604
 10
3523.332
 20
11193.488
 10
3476.57
 20
11086.964
 10
3419.96
 20
10960.283
 10
3399.252
 20
10913.701
 10
3381.244
 20
10872.733
 10
3367.251
 20
10875.575
 10
3353.259
 20
10878.418
 10
3340.374000000001
 20
10880.949
 10
3331.437
 20
10811.834
 10
3324.852
 20
10777.877
 10
3307.827
 20
10758.195
 10
3292.441000000001
 20
10694.876
 10
3290.108
 20
10687.052
 10
3298.19
 20
10685.392
 10
3312.577
 20
10682.419
 10
3312.876
 20
10682.359
 10
3313.578
 20
10682.213
 10
3329.904
 20
10679.001
 10
3339.218
 20
10676.909
 10
3341.774
 20
10673.271
 10
3341.35
 20
10664.365
 10
3334.419
 20
10666.745
 10
3334.373
 20
10666.508
 10
3334.327
 20
10666.28
 10
3334.458
 20
10664.824
 10
3334.171000000001
 20
10663.856
 10
3333.946
 20
10657.115
 10
3340.868
 20
10656.617
 10
3329.065
 20
10602.329
 10
3324.059
 20
10602.134
 10
3323.958
 20
10604.85
 10
3311.481
 20
10607.32
 10
3300.757
 20
10609.53
 10
3299.919
 20
10609.714
 10
3291.698
 20
10611.483
 10
3290.430000000001
 20
10611.753
 10
3285.129
 20
10612.912
 10
3270.506
 20
10616.059
 10
3267.048
 20
10597.581
 10
3285.434
 20
10593.761
 10
3285.04
 20
10592.776
 10
3284.647
 20
10591.791
 10
3290.402
 20
10590.604
 10
3304.056
 20
10587.788
 10
3304.324
 20
10587.733
 10
3304.278
 20
10587.508
 10
3300.396
 20
10568.608
 10
3299.417
 20
10568.524
 10
3297.773
 20
10560.455
 10
3293.135
 20
10537.685
 10
3292.402
 20
10537.838
 10
3290.934
 20
10530.809
 10
3291.688
 20
10530.652
 10
3285.273
 20
10499.926
 10
3282.618
 20
10485.619
 10
3279.956
 20
10474.089
 10
3277.295
 20
10462.56
 10
3275.844
 20
10455.367
 10
3269.822
 20
10424.289
 10
3243.631
 20
10429.68
 10
3238.311
 20
10430.775
 10
3235.44
 20
10431.355
 10
3231.089
 20
10410.762
 10
3238.832
 20
10408.906
 10
3246.069
 20
10407.172
 10
3247.29
 20
10406.912
 10
3249.896
 20
10406.356
 10
3263.462
 20
10403.464
 10
3272.468
 20
10401.2
 10
3282.979000000001
 20
10398.598
  0
TEXT
  5
65D
330
2
100
AcDbEntity
  8
Подписи рамок
  6
Continuous
100
AcDbText
 10
3510.0
 20
11481.667
 30
0.0
 40
8.333
  1
2
  7
Style-RUSSIAN_1251 I 0.00000
 11
3510.0
 21
11490.0
 31
0.0
100
AcDbText
 73
     3
  0
TEXT
  5
660
330
2
100
AcDbEntity
  8
Подписи рамок
  6
Continuous
100
AcDbText
 10
3260.0
 20
11231.667
 30
0.0
 40
8.333
  1
3
  7
Style-RUSSIAN_1251 I 0.00000
 11
3260.0
 21
11240.0
 31
0.0
100
AcDbText
 73
     3
  0
TEXT
  5
661
330
2
100
AcDbEntity
  8
Подписи рамок
  6
Continuous
100
AcDbText
 10
3510.0
 20
11231.667
 30
0.0
 40
8.333
  1
4
  7
Style-RUSSIAN_1251 I 0.00000
 11
3510.0
 21
11240.0
 31
0.0
100
AcDbText
 73
     3
  0
TEXT
  5
662
330
2
100
AcDbEntity
  8
Подписи рамок
  6
Continuous
100
AcDbText
 10
3260.0
 20
10981.667
 30
0.0
 40
8.333
  1
5
  7
Style-RUSSIAN_1251 I 0.00000
 11
3260.0
 21
10990.0
 31
0.0
100
AcDbText
 73
     3
  0
TEXT
  5
663
330
2
100
AcDbEntity
  8
Подписи рамок
  6
Continuous
100
AcDbText
 10
3510.0
 20
10881.667
 30
0.0
 40
8.333
  1
6
  7
Style-RUSSIAN_1251 I 0.00000
 11
3510.0
 21
10890.0
 31
0.0
100
AcDbText
 73
     3
  0
TEXT
  5
664
330
2
100
AcDbEntity
  8
Подписи рамок
  6
Continuous
100
AcDbText
 10
3260.0
 20
10731.667
 30
0.0
 40
8.333
  1
7
  7
Style-RUSSIAN_1251 I 0.00000
 11
3260.0
 21
10740.0
 31
0.0
100
AcDbText
 73
     3
  0
TEXT
  5
665
330
2
100
AcDbEntity
  8
Подписи рамок
  6
Continuous
100
AcDbText
 10
3160.0
 20
10481.667
 30
0.0
 40
8.333
  1
8
  7
Style-RUSSIAN_1251 I 0.00000
 11
3160.0
 21
10490.0
 31
0.0
100
AcDbText
 73
     3
  0
TEXT
  5
666
330
2
100
AcDbEntity
  8
Подписи рамок
  6
Continuous
100
AcDbText
 10
3110.0
 20
10231.667
 30
0.0
 40
8.333
  1
9
  7
Style-RUSSIAN_1251 I 0.00000
 11
3110.0
 21
10240.0
 31
0.0
100
AcDbText
 73
     3
  0
LINE
  5
6A4
330
2
100
AcDbEntity
  8
Координатные кресты
  6
Continuous
100
AcDbLine
 10
3597.5
 20
11300.0
 30
0.0
 11
3602.5
 21
11300.0
 31
0.0
  0
LINE
  5
6A5
330
2
100
AcDbEntity
  8
Координатные кресты
  6
Continuous
100
AcDbLine
 10
3600.0
 20
11297.5
 30
0.0
 11
3600.0
 21
11302.5
 31
0.0
  0
LINE
  5
6A6
330
2
100
AcDbEntity
  8
Координатные кресты
  6
Continuous
100
AcDbLine
 10
3597.5
 20
11350.0
 30
0.0
 11
3602.5
 21
11350.0
 31
0.0
  0
LINE
  5
6A7
330
2
100
AcDbEntity
  8
Координатные кресты
  6
Continuous
100
AcDbLine
 10
3600.0
 20
11347.5
 30
0.0
 11
3600.0
 21
11352.5
 31
0.0
  0
LINE
  5
6A8
330
2
100
AcDbEntity
  8
Координатные кресты
  6
Continuous
100
AcDbLine
 10
3597.5
 20
11400.0
 30
0.0
 11
3602.5
 21
11400.0
 31
0.0
  0
LINE
  5
6A9
330
2
100
AcDbEntity
  8
Координатные кресты
  6
Continuous
100
AcDbLine
 10
3600.0
 20
11397.5
 30
0.0
 11
3600.0
 21
11402.5
 31
0.0
  0
LINE
  5
6AA
330
2
100
AcDbEntity
  8
Координатные кресты
  6
Continuous
100
AcDbLine
 10
3597.5
 20
11450.0
 30
0.0
 11
3602.5
 21
11450.0
 31
0.0
  0
LINE
  5
6AB
330
2
100
AcDbEntity
  8
Координатные кресты
  6
Continuous
100
AcDbLine
 10
3600.0
 20
11447.5
 30
0.0
 11
3600.0
 21
11452.5
 31
0.0
  0
LINE
  5
6AC
330
2
100
AcDbEntity
  8
Координатные кресты
  6
Continuous
100
AcDbLine
 10
3597.5
 20
11500.0
 30
0.0
 11
3602.5
 21
11500.0
 31
0.0
  0
LINE
  5
6AD
330
2
100
AcDbEntity
  8
Координатные кресты
  6
Continuous
100
AcDbLine
 10
3600.0
 20
11497.5
 30
0.0
 11
3600.0
 21
11502.5
 31
0.0
  0
LINE
  5
6AE
330
2
100
AcDbEntity
  8
Координатные кресты
  6
Continuous
100
AcDbLine
 10
3647.5
 20
11300.0
 30
0.0
 11
3652.5
 21
11300.0
 31
0.0
  0
LINE
  5
6AF
330
2
100
AcDbEntity
  8
Координатные кресты
  6
Continuous
100
AcDbLine
 10
3650.0
 20
11297.5
 30
0.0
 11
3650.0
 21
11302.5
 31
0.0
  0
LINE
  5
6B0
330
2
100
AcDbEntity
  8
Координатные кресты
  6
Continuous
100
AcDbLine
 10
3647.5
 20
11350.0
 30
0.0
 11
3652.5
 21
11350.0
 31
0.0
  0
LINE
  5
6B1
330
2
100
AcDbEntity
  8
Координатные кресты
  6
Continuous
100
AcDbLine
 10
3650.0
 20
11347.5
 30
0.0
 11
3650.0
 21
11352.5
 31
0.0
  0
LINE
  5
6B2
330
2
100
AcDbEntity
  8
Координатные кресты
  6
Continuous
100
AcDbLine
 10
3647.5
 20
11400.0
 30
0.0
 11
3652.5
 21
11400.0
 31
0.0
  0
LINE
  5
6B3
330
2
100
AcDbEntity
  8
Координатные кресты
  6
Continuous
100
AcDbLine
 10
3650.0
 20
11397.5
 30
0.0
 11
3650.0
 21
11402.5
 31
0.0
  0
LINE
  5
6B4
330
2
100
AcDbEntity
  8
Координатные кресты
  6
Continuous
100
AcDbLine
 10
3647.5
 20
11450.0
 30
0.0
 11
3652.5
 21
11450.0
 31
0.0
  0
LINE
  5
6B5
330
2
100
AcDbEntity
  8
Координатные кресты
  6
Continuous
100
AcDbLine
 10
3650.0
 20
11447.5
 30
0.0
 11
3650.0
 21
11452.5
 31
0.0
  0
LINE
  5
6B6
330
2
100
AcDbEntity
  8
Координатные кресты
  6
Continuous
100
AcDbLine
 10
3647.5
 20
11500.0
 30
0.0
 11
3652.5
 21
11500.0
 31
0.0
  0
LINE
  5
6B7
330
2
100
AcDbEntity
  8
Координатные кресты
  6
Continuous
100
AcDbLine
 10
3650.0
 20
11497.5
 30
0.0
 11
3650.0
 21
11502.5
 31
0.0
  0
LINE
  5
6B8
330
2
100
AcDbEntity
  8
Координатные кресты
  6
Continuous
100
AcDbLine
 10
3697.5
 20
11300.0
 30
0.0
 11
3702.5
 21
11300.0
 31
0.0
  0
LINE
  5
6B9
330
2
100
AcDbEntity
  8
Координатные кресты
  6
Continuous
100
AcDbLine
 10
3700.0
 20
11297.5
 30
0.0
 11
3700.0
 21
11302.5
 31
0.0
  0
LINE
  5
6BA
330
2
100
AcDbEntity
  8
Координатные кресты
  6
Continuous
100
AcDbLine
 10
3697.5
 20
11350.0
 30
0.0
 11
3702.5
 21
11350.0
 31
0.0
  0
LINE
  5
6BB
330
2
100
AcDbEntity
  8
Координатные кресты
  6
Continuous
100
AcDbLine
 10
3700.0
 20
11347.5
 30
0.0
 11
3700.0
 21
11352.5
 31
0.0
  0
LINE
  5
6BC
330
2
100
AcDbEntity
  8
Координатные кресты
  6
Continuous
100
AcDbLine
 10
3697.5
 20
11400.0
 30
0.0
 11
3702.5
 21
11400.0
 31
0.0
  0
LINE
  5
6BD
330
2
100
AcDbEntity
  8
Координатные кресты
  6
Continuous
100
AcDbLine
 10
3700.0
 20
11397.5
 30
0.0
 11
3700.0
 21
11402.5
 31
0.0
  0
LINE
  5
6BE
330
2
100
AcDbEntity
  8
Координатные кресты
  6
Continuous
100
AcDbLine
 10
3697.5
 20
11450.0
 30
0.0
 11
3702.5
 21
11450.0
 31
0.0
  0
LINE
  5
6BF
330
2
100
AcDbEntity
  8
Координатные кресты
  6
Continuous
100
AcDbLine
 10
3700.0
 20
11447.5
 30
0.0
 11
3700.0
 21
11452.5
 31
0.0
  0
LINE
  5
6C0
330
2
100
AcDbEntity
  8
Координатные кресты
  6
Continuous
100
AcDbLine
 10
3697.5
 20
11500.0
 30
0.0
 11
3702.5
 21
11500.0
 31
0.0
  0
LINE
  5
6C1
330
2
100
AcDbEntity
  8
Координатные кресты
  6
Continuous
100
AcDbLine
 10
3700.0
 20
11497.5
 30
0.0
 11
3700.0
 21
11502.5
 31
0.0
  0
LINE
  5
6C2
330
2
100
AcDbEntity
  8
Координатные кресты
  6
Continuous
100
AcDbLine
 10
3747.5
 20
11300.0
 30
0.0
 11
3752.5
 21
11300.0
 31
0.0
  0
LINE
  5
6C3
330
2
100
AcDbEntity
  8
Координатные кресты
  6
Continuous
100
AcDbLine
 10
3750.0
 20
11297.5
 30
0.0
 11
3750.0
 21
11302.5
 31
0.0
  0
LINE
  5
6C4
330
2
100
AcDbEntity
  8
Координатные кресты
  6
Continuous
100
AcDbLine
 10
3747.5
 20
11350.0
 30
0.0
 11
3752.5
 21
11350.0
 31
0.0
  0
LINE
  5
6C5
330
2
100
AcDbEntity
  8
Координатные кресты
  6
Continuous
100
AcDbLine
 10
3750.0
 20
11347.5
 30
0.0
 11
3750.0
 21
11352.5
 31
0.0
  0
LINE
  5
6C6
330
2
100
AcDbEntity
  8
Координатные кресты
  6
Continuous
100
AcDbLine
 10
3747.5
 20
11400.0
 30
0.0
 11
3752.5
 21
11400.0
 31
0.0
  0
LINE
  5
6C7
330
2
100
AcDbEntity
  8
Координатные кресты
  6
Continuous
100
AcDbLine
 10
3750.0
 20
11397.5
 30
0.0
 11
3750.0
 21
11402.5
 31
0.0
  0
LINE
  5
6C8
330
2
100
AcDbEntity
  8
Координатные кресты
  6
Continuous
100
AcDbLine
 10
3747.5
 20
11450.0
 30
0.0
 11
3752.5
 21
11450.0
 31
0.0
  0
LINE
  5
6C9
330
2
100
AcDbEntity
  8
Координатные кресты
  6
Continuous
100
AcDbLine
 10
3750.0
 20
11447.5
 30
0.0
 11
3750.0
 21
11452.5
 31
0.0
  0
LINE
  5
6CA
330
2
100
AcDbEntity
  8
Координатные кресты
  6
Continuous
100
AcDbLine
 10
3747.5
 20
11500.0
 30
0.0
 11
3752.5
 21
11500.0
 31
0.0
  0
LINE
  5
6CB
330
2
100
AcDbEntity
  8
Координатные кресты
  6
Continuous
100
AcDbLine
 10
3750.0
 20
11497.5
 30
0.0
 11
3750.0
 21
11502.5
 31
0.0
  0
LINE
  5
6CC
330
2
100
AcDbEntity
  8
Координатные кресты
  6
Continuous
100
AcDbLine
 10
3497.5
 20
11250.0
 30
0.0
 11
3502.5
 21
11250.0
 31
0.0
  0
LINE
  5
6CD
330
2
100
AcDbEntity
  8
Координатные кресты
  6
Continuous
100
AcDbLine
 10
3500.0
 20
11247.5
 30
0.0
 11
3500.0
 21
11252.5
 31
0.0
  0
LINE
  5
6CE
330
2
100
AcDbEntity
  8
Координатные кресты
  6
Continuous
100
AcDbLine
 10
3497.5
 20
11300.0
 30
0.0
 11
3502.5
 21
11300.0
 31
0.0
  0
LINE
  5
6CF
330
2
100
AcDbEntity
  8
Координатные кресты
  6
Continuous
100
AcDbLine
 10
3500.0
 20
11297.5
 30
0.0
 11
3500.0
 21
11302.5
 31
0.0
  0
LINE
  5
6D0
330
2
100
AcDbEntity
  8
Координатные кресты
  6
Continuous
100
AcDbLine
 10
3497.5
 20
11350.0
 30
0.0
 11
3502.5
 21
11350.0
 31
0.0
  0
LINE
  5
6D1
330
2
100
AcDbEntity
  8
Координатные кресты
  6
Continuous
100
AcDbLine
 10
3500.0
 20
11347.5
 30
0.0
 11
3500.0
 21
11352.5
 31
0.0
  0
LINE
  5
6D2
330
2
100
AcDbEntity
  8
Координатные кресты
  6
Continuous
100
AcDbLine
 10
3497.5
 20
11400.0
 30
0.0
 11
3502.5
 21
11400.0
 31
0.0
  0
LINE
  5
6D3
330
2
100
AcDbEntity
  8
Координатные кресты
  6
Continuous
100
AcDbLine
 10
3500.0
 20
11397.5
 30
0.0
 11
3500.0
 21
11402.5
 31
0.0
  0
LINE
  5
6D4
330
2
100
AcDbEntity
  8
Координатные кресты
  6
Continuous
100
AcDbLine
 10
3497.5
 20
11450.0
 30
0.0
 11
3502.5
 21
11450.0
 31
0.0
  0
LINE
  5
6D5
330
2
100
AcDbEntity
  8
Координатные кресты
  6
Continuous
100
AcDbLine
 10
3500.0
 20
11447.5
 30
0.0
 11
3500.0
 21
11452.5
 31
0.0
  0
LINE
  5
6D6
330
2
100
AcDbEntity
  8
Координатные кресты
  6
Continuous
100
AcDbLine
 10
3497.5
 20
11500.0
 30
0.0
 11
3502.5
 21
11500.0
 31
0.0
  0
LINE
  5
6D7
330
2
100
AcDbEntity
  8
Координатные кресты
  6
Continuous
100
AcDbLine
 10
3500.0
 20
11497.5
 30
0.0
 11
3500.0
 21
11502.5
 31
0.0
  0
LINE
  5
6D8
330
2
100
AcDbEntity
  8
Координатные кресты
  6
Continuous
100
AcDbLine
 10
3547.5
 20
11250.0
 30
0.0
 11
3552.5
 21
11250.0
 31
0.0
  0
LINE
  5
6D9
330
2
100
AcDbEntity
  8
Координатные кресты
  6
Continuous
100
AcDbLine
 10
3550.0
 20
11247.5
 30
0.0
 11
3550.0
 21
11252.5
 31
0.0
  0
LINE
  5
6DA
330
2
100
AcDbEntity
  8
Координатные кресты
  6
Continuous
100
AcDbLine
 10
3547.5
 20
11300.0
 30
0.0
 11
3552.5
 21
11300.0
 31
0.0
  0
LINE
  5
6DB
330
2
100
AcDbEntity
  8
Координатные кресты
  6
Continuous
100
AcDbLine
 10
3550.0
 20
11297.5
 30
0.0
 11
3550.0
 21
11302.5
 31
0.0
  0
LINE
  5
6DC
330
2
100
AcDbEntity
  8
Координатные кресты
  6
Continuous
100
AcDbLine
 10
3547.5
 20
11350.0
 30
0.0
 11
3552.5
 21
11350.0
 31
0.0
  0
LINE
  5
6DD
330
2
100
AcDbEntity
  8
Координатные кресты
  6
Continuous
100
AcDbLine
 10
3550.0
 20
11347.5
 30
0.0
 11
3550.0
 21
11352.5
 31
0.0
  0
LINE
  5
6DE
330
2
100
AcDbEntity
  8
Координатные кресты
  6
Continuous
100
AcDbLine
 10
3547.5
 20
11400.0
 30
0.0
 11
3552.5
 21
11400.0
 31
0.0
  0
LINE
  5
6DF
330
2
100
AcDbEntity
  8
Координатные кресты
  6
Continuous
100
AcDbLine
 10
3550.0
 20
11397.5
 30
0.0
 11
3550.0
 21
11402.5
 31
0.0
  0
LINE
  5
6E0
330
2
100
AcDbEntity
  8
Координатные кресты
  6
Continuous
100
AcDbLine
 10
3547.5
 20
11450.0
 30
0.0
 11
3552.5
 21
11450.0
 31
0.0
  0
LINE
  5
6E1
330
2
100
AcDbEntity
  8
Координатные кресты
  6
Continuous
100
AcDbLine
 10
3550.0
 20
11447.5
 30
0.0
 11
3550.0
 21
11452.5
 31
0.0
  0
LINE
  5
6E2
330
2
100
AcDbEntity
  8
Координатные кресты
  6
Continuous
100
AcDbLine
 10
3547.5
 20
11500.0
 30
0.0
 11
3552.5
 21
11500.0
 31
0.0
  0
LINE
  5
6E3
330
2
100
AcDbEntity
  8
Координатные кресты
  6
Continuous
100
AcDbLine
 10
3550.0
 20
11497.5
 30
0.0
 11
3550.0
 21
11502.5
 31
0.0
  0
LINE
  5
6E4
330
2
100
AcDbEntity
  8
Координатные кресты
  6
Continuous
100
AcDbLine
 10
3597.5
 20
11250.0
 30
0.0
 11
3602.5
 21
11250.0
 31
0.0
  0
LINE
  5
6E5
330
2
100
AcDbEntity
  8
Координатные кресты
  6
Continuous
100
AcDbLine
 10
3600.0
 20
11247.5
 30
0.0
 11
3600.0
 21
11252.5
 31
0.0
  0
LINE
  5
6E6
330
2
100
AcDbEntity
  8
Координатные кресты
  6
Continuous
100
AcDbLine
 10
3647.5
 20
11250.0
 30
0.0
 11
3652.5
 21
11250.0
 31
0.0
  0
LINE
  5
6E7
330
2
100
AcDbEntity
  8
Координатные кресты
  6
Continuous
100
AcDbLine
 10
3650.0
 20
11247.5
 30
0.0
 11
3650.0
 21
11252.5
 31
0.0
  0
LINE
  5
6E8
330
2
100
AcDbEntity
  8
Координатные кресты
  6
Continuous
100
AcDbLine
 10
3697.5
 20
11250.0
 30
0.0
 11
3702.5
 21
11250.0
 31
0.0
  0
LINE
  5
6E9
330
2
100
AcDbEntity
  8
Координатные кресты
  6
Continuous
100
AcDbLine
 10
3700.0
 20
11247.5
 30
0.0
 11
3700.0
 21
11252.5
 31
0.0
  0
LINE
  5
6EA
330
2
100
AcDbEntity
  8
Координатные кресты
  6
Continuous
100
AcDbLine
 10
3747.5
 20
11250.0
 30
0.0
 11
3752.5
 21
11250.0
 31
0.0
  0
LINE
  5
6EB
330
2
100
AcDbEntity
  8
Координатные кресты
  6
Continuous
100
AcDbLine
 10
3750.0
 20
11247.5
 30
0.0
 11
3750.0
 21
11252.5
 31
0.0
  0
LINE
  5
6EC
330
2
100
AcDbEntity
  8
Координатные кресты
  6
Continuous
100
AcDbLine
 10
3247.5
 20
11000.0
 30
0.0
 11
3252.5
 21
11000.0
 31
0.0
  0
LINE
  5
6ED
330
2
100
AcDbEntity
  8
Координатные кресты
  6
Continuous
100
AcDbLine
 10
3250.0
 20
10997.5
 30
0.0
 11
3250.0
 21
11002.5
 31
0.0
  0
LINE
  5
6EE
330
2
100
AcDbEntity
  8
Координатные кресты
  6
Continuous
100
AcDbLine
 10
3247.5
 20
11050.0
 30
0.0
 11
3252.5
 21
11050.0
 31
0.0
  0
LINE
  5
6EF
330
2
100
AcDbEntity
  8
Координатные кресты
  6
Continuous
100
AcDbLine
 10
3250.0
 20
11047.5
 30
0.0
 11
3250.0
 21
11052.5
 31
0.0
  0
LINE
  5
6F0
330
2
100
AcDbEntity
  8
Координатные кресты
  6
Continuous
100
AcDbLine
 10
3247.5
 20
11100.0
 30
0.0
 11
3252.5
 21
11100.0
 31
0.0
  0
LINE
  5
6F1
330
2
100
AcDbEntity
  8
Координатные кресты
  6
Continuous
100
AcDbLine
 10
3250.0
 20
11097.5
 30
0.0
 11
3250.0
 21
11102.5
 31
0.0
  0
LINE
  5
6F2
330
2
100
AcDbEntity
  8
Координатные кресты
  6
Continuous
100
AcDbLine
 10
3247.5
 20
11150.0
 30
0.0
 11
3252.5
 21
11150.0
 31
0.0
  0
LINE
  5
6F3
330
2
100
AcDbEntity
  8
Координатные кресты
  6
Continuous
100
AcDbLine
 10
3250.0
 20
11147.5
 30
0.0
 11
3250.0
 21
11152.5
 31
0.0
  0
LINE
  5
6F4
330
2
100
AcDbEntity
  8
Координатные кресты
  6
Continuous
100
AcDbLine
 10
3247.5
 20
11200.0
 30
0.0
 11
3252.5
 21
11200.0
 31
0.0
  0
LINE
  5
6F5
330
2
100
AcDbEntity
  8
Координатные кресты
  6
Continuous
100
AcDbLine
 10
3250.0
 20
11197.5
 30
0.0
 11
3250.0
 21
11202.5
 31
0.0
  0
LINE
  5
6F6
330
2
100
AcDbEntity
  8
Координатные кресты
  6
Continuous
100
AcDbLine
 10
3247.5
 20
11250.0
 30
0.0
 11
3252.5
 21
11250.0
 31
0.0
  0
LINE
  5
6F7
330
2
100
AcDbEntity
  8
Координатные кресты
  6
Continuous
100
AcDbLine
 10
3250.0
 20
11247.5
 30
0.0
 11
3250.0
 21
11252.5
 31
0.0
  0
LINE
  5
6F8
330
2
100
AcDbEntity
  8
Координатные кресты
  6
Continuous
100
AcDbLine
 10
3297.5
 20
11000.0
 30
0.0
 11
3302.5
 21
11000.0
 31
0.0
  0
LINE
  5
6F9
330
2
100
AcDbEntity
  8
Координатные кресты
  6
Continuous
100
AcDbLine
 10
3300.0
 20
10997.5
 30
0.0
 11
3300.0
 21
11002.5
 31
0.0
  0
LINE
  5
6FA
330
2
100
AcDbEntity
  8
Координатные кресты
  6
Continuous
100
AcDbLine
 10
3297.5
 20
11050.0
 30
0.0
 11
3302.5
 21
11050.0
 31
0.0
  0
LINE
  5
6FB
330
2
100
AcDbEntity
  8
Координатные кресты
  6
Continuous
100
AcDbLine
 10
3300.0
 20
11047.5
 30
0.0
 11
3300.0
 21
11052.5
 31
0.0
  0
LINE
  5
6FC
330
2
100
AcDbEntity
  8
Координатные кресты
  6
Continuous
100
AcDbLine
 10
3297.5
 20
11100.0
 30
0.0
 11
3302.5
 21
11100.0
 31
0.0
  0
LINE
  5
6FD
330
2
100
AcDbEntity
  8
Координатные кресты
  6
Continuous
100
AcDbLine
 10
3300.0
 20
11097.5
 30
0.0
 11
3300.0
 21
11102.5
 31
0.0
  0
LINE
  5
6FE
330
2
100
AcDbEntity
  8
Координатные кресты
  6
Continuous
100
AcDbLine
 10
3297.5
 20
11150.0
 30
0.0
 11
3302.5
 21
11150.0
 31
0.0
  0
LINE
  5
6FF
330
2
100
AcDbEntity
  8
Координатные кресты
  6
Continuous
100
AcDbLine
 10
3300.0
 20
11147.5
 30
0.0
 11
3300.0
 21
11152.5
 31
0.0
  0
LINE
  5
700
330
2
100
AcDbEntity
  8
Координатные кресты
  6
Continuous
100
AcDbLine
 10
3297.5
 20
11200.0
 30
0.0
 11
3302.5
 21
11200.0
 31
0.0
  0
LINE
  5
701
330
2
100
AcDbEntity
  8
Координатные кресты
  6
Continuous
100
AcDbLine
 10
3300.0
 20
11197.5
 30
0.0
 11
3300.0
 21
11202.5
 31
0.0
  0
LINE
  5
702
330
2
100
AcDbEntity
  8
Координатные кресты
  6
Continuous
100
AcDbLine
 10
3297.5
 20
11250.0
 30
0.0
 11
3302.5
 21
11250.0
 31
0.0
  0
LINE
  5
703
330
2
100
AcDbEntity
  8
Координатные кресты
  6
Continuous
100
AcDbLine
 10
3300.0
 20
11247.5
 30
0.0
 11
3300.0
 21
11252.5
 31
0.0
  0
LINE
  5
704
330
2
100
AcDbEntity
  8
Координатные кресты
  6
Continuous
100
AcDbLine
 10
3347.5
 20
11000.0
 30
0.0
 11
3352.5
 21
11000.0
 31
0.0
  0
LINE
  5
705
330
2
100
AcDbEntity
  8
Координатные кресты
  6
Continuous
100
AcDbLine
 10
3350.0
 20
10997.5
 30
0.0
 11
3350.0
 21
11002.5
 31
0.0
  0
LINE
  5
706
330
2
100
AcDbEntity
  8
Координатные кресты
  6
Continuous
100
AcDbLine
 10
3347.5
 20
11050.0
 30
0.0
 11
3352.5
 21
11050.0
 31
0.0
  0
LINE
  5
707
330
2
100
AcDbEntity
  8
Координатные кресты
  6
Continuous
100
AcDbLine
 10
3350.0
 20
11047.5
 30
0.0
 11
3350.0
 21
11052.5
 31
0.0
  0
LINE
  5
708
330
2
100
AcDbEntity
  8
Координатные кресты
  6
Continuous
100
AcDbLine
 10
3347.5
 20
11100.0
 30
0.0
 11
3352.5
 21
11100.0
 31
0.0
  0
LINE
  5
709
330
2
100
AcDbEntity
  8
Координатные кресты
  6
Continuous
100
AcDbLine
 10
3350.0
 20
11097.5
 30
0.0
 11
3350.0
 21
11102.5
 31
0.0
  0
LINE
  5
70A
330
2
100
AcDbEntity
  8
Координатные кресты
  6
Continuous
100
AcDbLine
 10
3347.5
 20
11150.0
 30
0.0
 11
3352.5
 21
11150.0
 31
0.0
  0
LINE
  5
70B
330
2
100
AcDbEntity
  8
Координатные кресты
  6
Continuous
100
AcDbLine
 10
3350.0
 20
11147.5
 30
0.0
 11
3350.0
 21
11152.5
 31
0.0
  0
LINE
  5
70C
330
2
100
AcDbEntity
  8
Координатные кресты
  6
Continuous
100
AcDbLine
 10
3347.5
 20
11200.0
 30
0.0
 11
3352.5
 21
11200.0
 31
0.0
  0
LINE
  5
70D
330
2
100
AcDbEntity
  8
Координатные кресты
  6
Continuous
100
AcDbLine
 10
3350.0
 20
11197.5
 30
0.0
 11
3350.0
 21
11202.5
 31
0.0
  0
LINE
  5
70E
330
2
100
AcDbEntity
  8
Координатные кресты
  6
Continuous
100
AcDbLine
 10
3347.5
 20
11250.0
 30
0.0
 11
3352.5
 21
11250.0
 31
0.0
  0
LINE
  5
70F
330
2
100
AcDbEntity
  8
Координатные кресты
  6
Continuous
100
AcDbLine
 10
3350.0
 20
11247.5
 30
0.0
 11
3350.0
 21
11252.5
 31
0.0
  0
LINE
  5
710
330
2
100
AcDbEntity
  8
Координатные кресты
  6
Continuous
100
AcDbLine
 10
3397.5
 20
11000.0
 30
0.0
 11
3402.5
 21
11000.0
 31
0.0
  0
LINE
  5
711
330
2
100
AcDbEntity
  8
Координатные кресты
  6
Continuous
100
AcDbLine
 10
3400.0
 20
10997.5
 30
0.0
 11
3400.0
 21
11002.5
 31
0.0
  0
LINE
  5
712
330
2
100
AcDbEntity
  8
Координатные кресты
  6
Continuous
100
AcDbLine
 10
3397.5
 20
11050.0
 30
0.0
 11
3402.5
 21
11050.0
 31
0.0
  0
LINE
  5
713
330
2
100
AcDbEntity
  8
Координатные кресты
  6
Continuous
100
AcDbLine
 10
3400.0
 20
11047.5
 30
0.0
 11
3400.0
 21
11052.5
 31
0.0
  0
LINE
  5
714
330
2
100
AcDbEntity
  8
Координатные кресты
  6
Continuous
100
AcDbLine
 10
3397.5
 20
11100.0
 30
0.0
 11
3402.5
 21
11100.0
 31
0.0
  0
LINE
  5
715
330
2
100
AcDbEntity
  8
Координатные кресты
  6
Continuous
100
AcDbLine
 10
3400.0
 20
11097.5
 30
0.0
 11
3400.0
 21
11102.5
 31
0.0
  0
LINE
  5
716
330
2
100
AcDbEntity
  8
Координатные кресты
  6
Continuous
100
AcDbLine
 10
3397.5
 20
11150.0
 30
0.0
 11
3402.5
 21
11150.0
 31
0.0
  0
LINE
  5
717
330
2
100
AcDbEntity
  8
Координатные кресты
  6
Continuous
100
AcDbLine
 10
3400.0
 20
11147.5
 30
0.0
 11
3400.0
 21
11152.5
 31
0.0
  0
LINE
  5
718
330
2
100
AcDbEntity
  8
Координатные кресты
  6
Continuous
100
AcDbLine
 10
3397.5
 20
11200.0
 30
0.0
 11
3402.5
 21
11200.0
 31
0.0
  0
LINE
  5
719
330
2
100
AcDbEntity
  8
Координатные кресты
  6
Continuous
100
AcDbLine
 10
3400.0
 20
11197.5
 30
0.0
 11
3400.0
 21
11202.5
 31
0.0
  0
LINE
  5
71A
330
2
100
AcDbEntity
  8
Координатные кресты
  6
Continuous
100
AcDbLine
 10
3397.5
 20
11250.0
 30
0.0
 11
3402.5
 21
11250.0
 31
0.0
  0
LINE
  5
71B
330
2
100
AcDbEntity
  8
Координатные кресты
  6
Continuous
100
AcDbLine
 10
3400.0
 20
11247.5
 30
0.0
 11
3400.0
 21
11252.5
 31
0.0
  0
LINE
  5
71C
330
2
100
AcDbEntity
  8
Координатные кресты
  6
Continuous
100
AcDbLine
 10
3447.5
 20
11000.0
 30
0.0
 11
3452.5
 21
11000.0
 31
0.0
  0
LINE
  5
71D
330
2
100
AcDbEntity
  8
Координатные кресты
  6
Continuous
100
AcDbLine
 10
3450.0
 20
10997.5
 30
0.0
 11
3450.0
 21
11002.5
 31
0.0
  0
LINE
  5
71E
330
2
100
AcDbEntity
  8
Координатные кресты
  6
Continuous
100
AcDbLine
 10
3447.5
 20
11050.0
 30
0.0
 11
3452.5
 21
11050.0
 31
0.0
  0
LINE
  5
71F
330
2
100
AcDbEntity
  8
Координатные кресты
  6
Continuous
100
AcDbLine
 10
3450.0
 20
11047.5
 30
0.0
 11
3450.0
 21
11052.5
 31
0.0
  0
LINE
  5
720
330
2
100
AcDbEntity
  8
Координатные кресты
  6
Continuous
100
AcDbLine
 10
3447.5
 20
11100.0
 30
0.0
 11
3452.5
 21
11100.0
 31
0.0
  0
LINE
  5
721
330
2
100
AcDbEntity
  8
Координатные кресты
  6
Continuous
100
AcDbLine
 10
3450.0
 20
11097.5
 30
0.0
 11
3450.0
 21
11102.5
 31
0.0
  0
LINE
  5
722
330
2
100
AcDbEntity
  8
Координатные кресты
  6
Continuous
100
AcDbLine
 10
3447.5
 20
11150.0
 30
0.0
 11
3452.5
 21
11150.0
 31
0.0
  0
LINE
  5
723
330
2
100
AcDbEntity
  8
Координатные кресты
  6
Continuous
100
AcDbLine
 10
3450.0
 20
11147.5
 30
0.0
 11
3450.0
 21
11152.5
 31
0.0
  0
LINE
  5
724
330
2
100
AcDbEntity
  8
Координатные кресты
  6
Continuous
100
AcDbLine
 10
3447.5
 20
11200.0
 30
0.0
 11
3452.5
 21
11200.0
 31
0.0
  0
LINE
  5
725
330
2
100
AcDbEntity
  8
Координатные кресты
  6
Continuous
100
AcDbLine
 10
3450.0
 20
11197.5
 30
0.0
 11
3450.0
 21
11202.5
 31
0.0
  0
LINE
  5
726
330
2
100
AcDbEntity
  8
Координатные кресты
  6
Continuous
100
AcDbLine
 10
3447.5
 20
11250.0
 30
0.0
 11
3452.5
 21
11250.0
 31
0.0
  0
LINE
  5
727
330
2
100
AcDbEntity
  8
Координатные кресты
  6
Continuous
100
AcDbLine
 10
3450.0
 20
11247.5
 30
0.0
 11
3450.0
 21
11252.5
 31
0.0
  0
LINE
  5
728
330
2
100
AcDbEntity
  8
Координатные кресты
  6
Continuous
100
AcDbLine
 10
3497.5
 20
11000.0
 30
0.0
 11
3502.5
 21
11000.0
 31
0.0
  0
LINE
  5
729
330
2
100
AcDbEntity
  8
Координатные кресты
  6
Continuous
100
AcDbLine
 10
3500.0
 20
10997.5
 30
0.0
 11
3500.0
 21
11002.5
 31
0.0
  0
LINE
  5
72A
330
2
100
AcDbEntity
  8
Координатные кресты
  6
Continuous
100
AcDbLine
 10
3497.5
 20
11050.0
 30
0.0
 11
3502.5
 21
11050.0
 31
0.0
  0
LINE
  5
72B
330
2
100
AcDbEntity
  8
Координатные кресты
  6
Continuous
100
AcDbLine
 10
3500.0
 20
11047.5
 30
0.0
 11
3500.0
 21
11052.5
 31
0.0
  0
LINE
  5
72C
330
2
100
AcDbEntity
  8
Координатные кресты
  6
Continuous
100
AcDbLine
 10
3497.5
 20
11100.0
 30
0.0
 11
3502.5
 21
11100.0
 31
0.0
  0
LINE
  5
72D
330
2
100
AcDbEntity
  8
Координатные кресты
  6
Continuous
100
AcDbLine
 10
3500.0
 20
11097.5
 30
0.0
 11
3500.0
 21
11102.5
 31
0.0
  0
LINE
  5
72E
330
2
100
AcDbEntity
  8
Координатные кресты
  6
Continuous
100
AcDbLine
 10
3497.5
 20
11150.0
 30
0.0
 11
3502.5
 21
11150.0
 31
0.0
  0
LINE
  5
72F
330
2
100
AcDbEntity
  8
Координатные кресты
  6
Continuous
100
AcDbLine
 10
3500.0
 20
11147.5
 30
0.0
 11
3500.0
 21
11152.5
 31
0.0
  0
LINE
  5
730
330
2
100
AcDbEntity
  8
Координатные кресты
  6
Continuous
100
AcDbLine
 10
3497.5
 20
11200.0
 30
0.0
 11
3502.5
 21
11200.0
 31
0.0
  0
LINE
  5
731
330
2
100
AcDbEntity
  8
Координатные кресты
  6
Continuous
100
AcDbLine
 10
3500.0
 20
11197.5
 30
0.0
 11
3500.0
 21
11202.5
 31
0.0
  0
LINE
  5
732
330
2
100
AcDbEntity
  8
Координатные кресты
  6
Continuous
100
AcDbLine
 10
3547.5
 20
11000.0
 30
0.0
 11
3552.5
 21
11000.0
 31
0.0
  0
LINE
  5
733
330
2
100
AcDbEntity
  8
Координатные кресты
  6
Continuous
100
AcDbLine
 10
3550.0
 20
10997.5
 30
0.0
 11
3550.0
 21
11002.5
 31
0.0
  0
LINE
  5
734
330
2
100
AcDbEntity
  8
Координатные кресты
  6
Continuous
100
AcDbLine
 10
3547.5
 20
11050.0
 30
0.0
 11
3552.5
 21
11050.0
 31
0.0
  0
LINE
  5
735
330
2
100
AcDbEntity
  8
Координатные кресты
  6
Continuous
100
AcDbLine
 10
3550.0
 20
11047.5
 30
0.0
 11
3550.0
 21
11052.5
 31
0.0
  0
LINE
  5
736
330
2
100
AcDbEntity
  8
Координатные кресты
  6
Continuous
100
AcDbLine
 10
3547.5
 20
11100.0
 30
0.0
 11
3552.5
 21
11100.0
 31
0.0
  0
LINE
  5
737
330
2
100
AcDbEntity
  8
Координатные кресты
  6
Continuous
100
AcDbLine
 10
3550.0
 20
11097.5
 30
0.0
 11
3550.0
 21
11102.5
 31
0.0
  0
LINE
  5
738
330
2
100
AcDbEntity
  8
Координатные кресты
  6
Continuous
100
AcDbLine
 10
3547.5
 20
11150.0
 30
0.0
 11
3552.5
 21
11150.0
 31
0.0
  0
LINE
  5
739
330
2
100
AcDbEntity
  8
Координатные кресты
  6
Continuous
100
AcDbLine
 10
3550.0
 20
11147.5
 30
0.0
 11
3550.0
 21
11152.5
 31
0.0
  0
LINE
  5
73A
330
2
100
AcDbEntity
  8
Координатные кресты
  6
Continuous
100
AcDbLine
 10
3547.5
 20
11200.0
 30
0.0
 11
3552.5
 21
11200.0
 31
0.0
  0
LINE
  5
73B
330
2
100
AcDbEntity
  8
Координатные кресты
  6
Continuous
100
AcDbLine
 10
3550.0
 20
11197.5
 30
0.0
 11
3550.0
 21
11202.5
 31
0.0
  0
LINE
  5
73C
330
2
100
AcDbEntity
  8
Координатные кресты
  6
Continuous
100
AcDbLine
 10
3597.5
 20
11000.0
 30
0.0
 11
3602.5
 21
11000.0
 31
0.0
  0
LINE
  5
73D
330
2
100
AcDbEntity
  8
Координатные кресты
  6
Continuous
100
AcDbLine
 10
3600.0
 20
10997.5
 30
0.0
 11
3600.0
 21
11002.5
 31
0.0
  0
LINE
  5
73E
330
2
100
AcDbEntity
  8
Координатные кресты
  6
Continuous
100
AcDbLine
 10
3597.5
 20
11050.0
 30
0.0
 11
3602.5
 21
11050.0
 31
0.0
  0
LINE
  5
73F
330
2
100
AcDbEntity
  8
Координатные кресты
  6
Continuous
100
AcDbLine
 10
3600.0
 20
11047.5
 30
0.0
 11
3600.0
 21
11052.5
 31
0.0
  0
LINE
  5
740
330
2
100
AcDbEntity
  8
Координатные кресты
  6
Continuous
100
AcDbLine
 10
3597.5
 20
11100.0
 30
0.0
 11
3602.5
 21
11100.0
 31
0.0
  0
LINE
  5
741
330
2
100
AcDbEntity
  8
Координатные кресты
  6
Continuous
100
AcDbLine
 10
3600.0
 20
11097.5
 30
0.0
 11
3600.0
 21
11102.5
 31
0.0
  0
LINE
  5
742
330
2
100
AcDbEntity
  8
Координатные кресты
  6
Continuous
100
AcDbLine
 10
3597.5
 20
11150.0
 30
0.0
 11
3602.5
 21
11150.0
 31
0.0
  0
LINE
  5
743
330
2
100
AcDbEntity
  8
Координатные кресты
  6
Continuous
100
AcDbLine
 10
3600.0
 20
11147.5
 30
0.0
 11
3600.0
 21
11152.5
 31
0.0
  0
LINE
  5
744
330
2
100
AcDbEntity
  8
Координатные кресты
  6
Continuous
100
AcDbLine
 10
3597.5
 20
11200.0
 30
0.0
 11
3602.5
 21
11200.0
 31
0.0
  0
LINE
  5
745
330
2
100
AcDbEntity
  8
Координатные кресты
  6
Continuous
100
AcDbLine
 10
3600.0
 20
11197.5
 30
0.0
 11
3600.0
 21
11202.5
 31
0.0
  0
LINE
  5
746
330
2
100
AcDbEntity
  8
Координатные кресты
  6
Continuous
100
AcDbLine
 10
3647.5
 20
11000.0
 30
0.0
 11
3652.5
 21
11000.0
 31
0.0
  0
LINE
  5
747
330
2
100
AcDbEntity
  8
Координатные кресты
  6
Continuous
100
AcDbLine
 10
3650.0
 20
10997.5
 30
0.0
 11
3650.0
 21
11002.5
 31
0.0
  0
LINE
  5
748
330
2
100
AcDbEntity
  8
Координатные кресты
  6
Continuous
100
AcDbLine
 10
3647.5
 20
11050.0
 30
0.0
 11
3652.5
 21
11050.0
 31
0.0
  0
LINE
  5
749
330
2
100
AcDbEntity
  8
Координатные кресты
  6
Continuous
100
AcDbLine
 10
3650.0
 20
11047.5
 30
0.0
 11
3650.0
 21
11052.5
 31
0.0
  0
LINE
  5
74A
330
2
100
AcDbEntity
  8
Координатные кресты
  6
Continuous
100
AcDbLine
 10
3647.5
 20
11100.0
 30
0.0
 11
3652.5
 21
11100.0
 31
0.0
  0
LINE
  5
74B
330
2
100
AcDbEntity
  8
Координатные кресты
  6
Continuous
100
AcDbLine
 10
3650.0
 20
11097.5
 30
0.0
 11
3650.0
 21
11102.5
 31
0.0
  0
LINE
  5
74C
330
2
100
AcDbEntity
  8
Координатные кресты
  6
Continuous
100
AcDbLine
 10
3647.5
 20
11150.0
 30
0.0
 11
3652.5
 21
11150.0
 31
0.0
  0
LINE
  5
74D
330
2
100
AcDbEntity
  8
Координатные кресты
  6
Continuous
100
AcDbLine
 10
3650.0
 20
11147.5
 30
0.0
 11
3650.0
 21
11152.5
 31
0.0
  0
LINE
  5
74E
330
2
100
AcDbEntity
  8
Координатные кресты
  6
Continuous
100
AcDbLine
 10
3647.5
 20
11200.0
 30
0.0
 11
3652.5
 21
11200.0
 31
0.0
  0
LINE
  5
74F
330
2
100
AcDbEntity
  8
Координатные кресты
  6
Continuous
100
AcDbLine
 10
3650.0
 20
11197.5
 30
0.0
 11
3650.0
 21
11202.5
 31
0.0
  0
LINE
  5
750
330
2
100
AcDbEntity
  8
Координатные кресты
  6
Continuous
100
AcDbLine
 10
3697.5
 20
11000.0
 30
0.0
 11
3702.5
 21
11000.0
 31
0.0
  0
LINE
  5
751
330
2
100
AcDbEntity
  8
Координатные кресты
  6
Continuous
100
AcDbLine
 10
3700.0
 20
10997.5
 30
0.0
 11
3700.0
 21
11002.5
 31
0.0
  0
LINE
  5
752
330
2
100
AcDbEntity
  8
Координатные кресты
  6
Continuous
100
AcDbLine
 10
3697.5
 20
11050.0
 30
0.0
 11
3702.5
 21
11050.0
 31
0.0
  0
LINE
  5
753
330
2
100
AcDbEntity
  8
Координатные кресты
  6
Continuous
100
AcDbLine
 10
3700.0
 20
11047.5
 30
0.0
 11
3700.0
 21
11052.5
 31
0.0
  0
LINE
  5
754
330
2
100
AcDbEntity
  8
Координатные кресты
  6
Continuous
100
AcDbLine
 10
3697.5
 20
11100.0
 30
0.0
 11
3702.5
 21
11100.0
 31
0.0
  0
LINE
  5
755
330
2
100
AcDbEntity
  8
Координатные кресты
  6
Continuous
100
AcDbLine
 10
3700.0
 20
11097.5
 30
0.0
 11
3700.0
 21
11102.5
 31
0.0
  0
LINE
  5
756
330
2
100
AcDbEntity
  8
Координатные кресты
  6
Continuous
100
AcDbLine
 10
3697.5
 20
11150.0
 30
0.0
 11
3702.5
 21
11150.0
 31
0.0
  0
LINE
  5
757
330
2
100
AcDbEntity
  8
Координатные кресты
  6
Continuous
100
AcDbLine
 10
3700.0
 20
11147.5
 30
0.0
 11
3700.0
 21
11152.5
 31
0.0
  0
LINE
  5
758
330
2
100
AcDbEntity
  8
Координатные кресты
  6
Continuous
100
AcDbLine
 10
3697.5
 20
11200.0
 30
0.0
 11
3702.5
 21
11200.0
 31
0.0
  0
LINE
  5
759
330
2
100
AcDbEntity
  8
Координатные кресты
  6
Continuous
100
AcDbLine
 10
3700.0
 20
11197.5
 30
0.0
 11
3700.0
 21
11202.5
 31
0.0
  0
LINE
  5
75A
330
2
100
AcDbEntity
  8
Координатные кресты
  6
Continuous
100
AcDbLine
 10
3747.5
 20
11000.0
 30
0.0
 11
3752.5
 21
11000.0
 31
0.0
  0
LINE
  5
75B
330
2
100
AcDbEntity
  8
Координатные кресты
  6
Continuous
100
AcDbLine
 10
3750.0
 20
10997.5
 30
0.0
 11
3750.0
 21
11002.5
 31
0.0
  0
LINE
  5
75C
330
2
100
AcDbEntity
  8
Координатные кресты
  6
Continuous
100
AcDbLine
 10
3747.5
 20
11050.0
 30
0.0
 11
3752.5
 21
11050.0
 31
0.0
  0
LINE
  5
75D
330
2
100
AcDbEntity
  8
Координатные кресты
  6
Continuous
100
AcDbLine
 10
3750.0
 20
11047.5
 30
0.0
 11
3750.0
 21
11052.5
 31
0.0
  0
LINE
  5
75E
330
2
100
AcDbEntity
  8
Координатные кресты
  6
Continuous
100
AcDbLine
 10
3747.5
 20
11100.0
 30
0.0
 11
3752.5
 21
11100.0
 31
0.0
  0
LINE
  5
75F
330
2
100
AcDbEntity
  8
Координатные кресты
  6
Continuous
100
AcDbLine
 10
3750.0
 20
11097.5
 30
0.0
 11
3750.0
 21
11102.5
 31
0.0
  0
LINE
  5
760
330
2
100
AcDbEntity
  8
Координатные кресты
  6
Continuous
100
AcDbLine
 10
3747.5
 20
11150.0
 30
0.0
 11
3752.5
 21
11150.0
 31
0.0
  0
LINE
  5
761
330
2
100
AcDbEntity
  8
Координатные кресты
  6
Continuous
100
AcDbLine
 10
3750.0
 20
11147.5
 30
0.0
 11
3750.0
 21
11152.5
 31
0.0
  0
LINE
  5
762
330
2
100
AcDbEntity
  8
Координатные кресты
  6
Continuous
100
AcDbLine
 10
3747.5
 20
11200.0
 30
0.0
 11
3752.5
 21
11200.0
 31
0.0
  0
LINE
  5
763
330
2
100
AcDbEntity
  8
Координатные кресты
  6
Continuous
100
AcDbLine
 10
3750.0
 20
11197.5
 30
0.0
 11
3750.0
 21
11202.5
 31
0.0
  0
LINE
  5
764
330
2
100
AcDbEntity
  8
Координатные кресты
  6
Continuous
100
AcDbLine
 10
3247.5
 20
10750.0
 30
0.0
 11
3252.5
 21
10750.0
 31
0.0
  0
LINE
  5
765
330
2
100
AcDbEntity
  8
Координатные кресты
  6
Continuous
100
AcDbLine
 10
3250.0
 20
10747.5
 30
0.0
 11
3250.0
 21
10752.5
 31
0.0
  0
LINE
  5
766
330
2
100
AcDbEntity
  8
Координатные кресты
  6
Continuous
100
AcDbLine
 10
3247.5
 20
10800.0
 30
0.0
 11
3252.5
 21
10800.0
 31
0.0
  0
LINE
  5
767
330
2
100
AcDbEntity
  8
Координатные кресты
  6
Continuous
100
AcDbLine
 10
3250.0
 20
10797.5
 30
0.0
 11
3250.0
 21
10802.5
 31
0.0
  0
LINE
  5
768
330
2
100
AcDbEntity
  8
Координатные кресты
  6
Continuous
100
AcDbLine
 10
3247.5
 20
10850.0
 30
0.0
 11
3252.5
 21
10850.0
 31
0.0
  0
LINE
  5
769
330
2
100
AcDbEntity
  8
Координатные кресты
  6
Continuous
100
AcDbLine
 10
3250.0
 20
10847.5
 30
0.0
 11
3250.0
 21
10852.5
 31
0.0
  0
LINE
  5
76A
330
2
100
AcDbEntity
  8
Координатные кресты
  6
Continuous
100
AcDbLine
 10
3247.5
 20
10900.0
 30
0.0
 11
3252.5
 21
10900.0
 31
0.0
  0
LINE
  5
76B
330
2
100
AcDbEntity
  8
Координатные кресты
  6
Continuous
100
AcDbLine
 10
3250.0
 20
10897.5
 30
0.0
 11
3250.0
 21
10902.5
 31
0.0
  0
LINE
  5
76C
330
2
100
AcDbEntity
  8
Координатные кресты
  6
Continuous
100
AcDbLine
 10
3247.5
 20
10950.0
 30
0.0
 11
3252.5
 21
10950.0
 31
0.0
  0
LINE
  5
76D
330
2
100
AcDbEntity
  8
Координатные кресты
  6
Continuous
100
AcDbLine
 10
3250.0
 20
10947.5
 30
0.0
 11
3250.0
 21
10952.5
 31
0.0
  0
LINE
  5
76E
330
2
100
AcDbEntity
  8
Координатные кресты
  6
Continuous
100
AcDbLine
 10
3297.5
 20
10750.0
 30
0.0
 11
3302.5
 21
10750.0
 31
0.0
  0
LINE
  5
76F
330
2
100
AcDbEntity
  8
Координатные кресты
  6
Continuous
100
AcDbLine
 10
3300.0
 20
10747.5
 30
0.0
 11
3300.0
 21
10752.5
 31
0.0
  0
LINE
  5
770
330
2
100
AcDbEntity
  8
Координатные кресты
  6
Continuous
100
AcDbLine
 10
3297.5
 20
10800.0
 30
0.0
 11
3302.5
 21
10800.0
 31
0.0
  0
LINE
  5
771
330
2
100
AcDbEntity
  8
Координатные кресты
  6
Continuous
100
AcDbLine
 10
3300.0
 20
10797.5
 30
0.0
 11
3300.0
 21
10802.5
 31
0.0
  0
LINE
  5
772
330
2
100
AcDbEntity
  8
Координатные кресты
  6
Continuous
100
AcDbLine
 10
3297.5
 20
10850.0
 30
0.0
 11
3302.5
 21
10850.0
 31
0.0
  0
LINE
  5
773
330
2
100
AcDbEntity
  8
Координатные кресты
  6
Continuous
100
AcDbLine
 10
3300.0
 20
10847.5
 30
0.0
 11
3300.0
 21
10852.5
 31
0.0
  0
LINE
  5
774
330
2
100
AcDbEntity
  8
Координатные кресты
  6
Continuous
100
AcDbLine
 10
3297.5
 20
10900.0
 30
0.0
 11
3302.5
 21
10900.0
 31
0.0
  0
LINE
  5
775
330
2
100
AcDbEntity
  8
Координатные кресты
  6
Continuous
100
AcDbLine
 10
3300.0
 20
10897.5
 30
0.0
 11
3300.0
 21
10902.5
 31
0.0
  0
LINE
  5
776
330
2
100
AcDbEntity
  8
Координатные кресты
  6
Continuous
100
AcDbLine
 10
3297.5
 20
10950.0
 30
0.0
 11
3302.5
 21
10950.0
 31
0.0
  0
LINE
  5
777
330
2
100
AcDbEntity
  8
Координатные кресты
  6
Continuous
100
AcDbLine
 10
3300.0
 20
10947.5
 30
0.0
 11
3300.0
 21
10952.5
 31
0.0
  0
LINE
  5
778
330
2
100
AcDbEntity
  8
Координатные кресты
  6
Continuous
100
AcDbLine
 10
3347.5
 20
10750.0
 30
0.0
 11
3352.5
 21
10750.0
 31
0.0
  0
LINE
  5
779
330
2
100
AcDbEntity
  8
Координатные кресты
  6
Continuous
100
AcDbLine
 10
3350.0
 20
10747.5
 30
0.0
 11
3350.0
 21
10752.5
 31
0.0
  0
LINE
  5
77A
330
2
100
AcDbEntity
  8
Координатные кресты
  6
Continuous
100
AcDbLine
 10
3347.5
 20
10800.0
 30
0.0
 11
3352.5
 21
10800.0
 31
0.0
  0
LINE
  5
77B
330
2
100
AcDbEntity
  8
Координатные кресты
  6
Continuous
100
AcDbLine
 10
3350.0
 20
10797.5
 30
0.0
 11
3350.0
 21
10802.5
 31
0.0
  0
LINE
  5
77C
330
2
100
AcDbEntity
  8
Координатные кресты
  6
Continuous
100
AcDbLine
 10
3347.5
 20
10850.0
 30
0.0
 11
3352.5
 21
10850.0
 31
0.0
  0
LINE
  5
77D
330
2
100
AcDbEntity
  8
Координатные кресты
  6
Continuous
100
AcDbLine
 10
3350.0
 20
10847.5
 30
0.0
 11
3350.0
 21
10852.5
 31
0.0
  0
LINE
  5
77E
330
2
100
AcDbEntity
  8
Координатные кресты
  6
Continuous
100
AcDbLine
 10
3347.5
 20
10900.0
 30
0.0
 11
3352.5
 21
10900.0
 31
0.0
  0
LINE
  5
77F
330
2
100
AcDbEntity
  8
Координатные кресты
  6
Continuous
100
AcDbLine
 10
3350.0
 20
10897.5
 30
0.0
 11
3350.0
 21
10902.5
 31
0.0
  0
LINE
  5
780
330
2
100
AcDbEntity
  8
Координатные кресты
  6
Continuous
100
AcDbLine
 10
3347.5
 20
10950.0
 30
0.0
 11
3352.5
 21
10950.0
 31
0.0
  0
LINE
  5
781
330
2
100
AcDbEntity
  8
Координатные кресты
  6
Continuous
100
AcDbLine
 10
3350.0
 20
10947.5
 30
0.0
 11
3350.0
 21
10952.5
 31
0.0
  0
LINE
  5
782
330
2
100
AcDbEntity
  8
Координатные кресты
  6
Continuous
100
AcDbLine
 10
3397.5
 20
10750.0
 30
0.0
 11
3402.5
 21
10750.0
 31
0.0
  0
LINE
  5
783
330
2
100
AcDbEntity
  8
Координатные кресты
  6
Continuous
100
AcDbLine
 10
3400.0
 20
10747.5
 30
0.0
 11
3400.0
 21
10752.5
 31
0.0
  0
LINE
  5
784
330
2
100
AcDbEntity
  8
Координатные кресты
  6
Continuous
100
AcDbLine
 10
3397.5
 20
10800.0
 30
0.0
 11
3402.5
 21
10800.0
 31
0.0
  0
LINE
  5
785
330
2
100
AcDbEntity
  8
Координатные кресты
  6
Continuous
100
AcDbLine
 10
3400.0
 20
10797.5
 30
0.0
 11
3400.0
 21
10802.5
 31
0.0
  0
LINE
  5
786
330
2
100
AcDbEntity
  8
Координатные кресты
  6
Continuous
100
AcDbLine
 10
3397.5
 20
10850.0
 30
0.0
 11
3402.5
 21
10850.0
 31
0.0
  0
LINE
  5
787
330
2
100
AcDbEntity
  8
Координатные кресты
  6
Continuous
100
AcDbLine
 10
3400.0
 20
10847.5
 30
0.0
 11
3400.0
 21
10852.5
 31
0.0
  0
LINE
  5
788
330
2
100
AcDbEntity
  8
Координатные кресты
  6
Continuous
100
AcDbLine
 10
3397.5
 20
10900.0
 30
0.0
 11
3402.5
 21
10900.0
 31
0.0
  0
LINE
  5
789
330
2
100
AcDbEntity
  8
Координатные кресты
  6
Continuous
100
AcDbLine
 10
3400.0
 20
10897.5
 30
0.0
 11
3400.0
 21
10902.5
 31
0.0
  0
LINE
  5
78A
330
2
100
AcDbEntity
  8
Координатные кресты
  6
Continuous
100
AcDbLine
 10
3397.5
 20
10950.0
 30
0.0
 11
3402.5
 21
10950.0
 31
0.0
  0
LINE
  5
78B
330
2
100
AcDbEntity
  8
Координатные кресты
  6
Continuous
100
AcDbLine
 10
3400.0
 20
10947.5
 30
0.0
 11
3400.0
 21
10952.5
 31
0.0
  0
LINE
  5
78C
330
2
100
AcDbEntity
  8
Координатные кресты
  6
Continuous
100
AcDbLine
 10
3447.5
 20
10750.0
 30
0.0
 11
3452.5
 21
10750.0
 31
0.0
  0
LINE
  5
78D
330
2
100
AcDbEntity
  8
Координатные кресты
  6
Continuous
100
AcDbLine
 10
3450.0
 20
10747.5
 30
0.0
 11
3450.0
 21
10752.5
 31
0.0
  0
LINE
  5
78E
330
2
100
AcDbEntity
  8
Координатные кресты
  6
Continuous
100
AcDbLine
 10
3447.5
 20
10800.0
 30
0.0
 11
3452.5
 21
10800.0
 31
0.0
  0
LINE
  5
78F
330
2
100
AcDbEntity
  8
Координатные кресты
  6
Continuous
100
AcDbLine
 10
3450.0
 20
10797.5
 30
0.0
 11
3450.0
 21
10802.5
 31
0.0
  0
LINE
  5
790
330
2
100
AcDbEntity
  8
Координатные кресты
  6
Continuous
100
AcDbLine
 10
3447.5
 20
10850.0
 30
0.0
 11
3452.5
 21
10850.0
 31
0.0
  0
LINE
  5
791
330
2
100
AcDbEntity
  8
Координатные кресты
  6
Continuous
100
AcDbLine
 10
3450.0
 20
10847.5
 30
0.0
 11
3450.0
 21
10852.5
 31
0.0
  0
LINE
  5
792
330
2
100
AcDbEntity
  8
Координатные кресты
  6
Continuous
100
AcDbLine
 10
3447.5
 20
10900.0
 30
0.0
 11
3452.5
 21
10900.0
 31
0.0
  0
LINE
  5
793
330
2
100
AcDbEntity
  8
Координатные кресты
  6
Continuous
100
AcDbLine
 10
3450.0
 20
10897.5
 30
0.0
 11
3450.0
 21
10902.5
 31
0.0
  0
LINE
  5
794
330
2
100
AcDbEntity
  8
Координатные кресты
  6
Continuous
100
AcDbLine
 10
3447.5
 20
10950.0
 30
0.0
 11
3452.5
 21
10950.0
 31
0.0
  0
LINE
  5
795
330
2
100
AcDbEntity
  8
Координатные кресты
  6
Continuous
100
AcDbLine
 10
3450.0
 20
10947.5
 30
0.0
 11
3450.0
 21
10952.5
 31
0.0
  0
LINE
  5
796
330
2
100
AcDbEntity
  8
Координатные кресты
  6
Continuous
100
AcDbLine
 10
3497.5
 20
10750.0
 30
0.0
 11
3502.5
 21
10750.0
 31
0.0
  0
LINE
  5
797
330
2
100
AcDbEntity
  8
Координатные кресты
  6
Continuous
100
AcDbLine
 10
3500.0
 20
10747.5
 30
0.0
 11
3500.0
 21
10752.5
 31
0.0
  0
LINE
  5
798
330
2
100
AcDbEntity
  8
Координатные кресты
  6
Continuous
100
AcDbLine
 10
3497.5
 20
10800.0
 30
0.0
 11
3502.5
 21
10800.0
 31
0.0
  0
LINE
  5
799
330
2
100
AcDbEntity
  8
Координатные кресты
  6
Continuous
100
AcDbLine
 10
3500.0
 20
10797.5
 30
0.0
 11
3500.0
 21
10802.5
 31
0.0
  0
LINE
  5
79A
330
2
100
AcDbEntity
  8
Координатные кресты
  6
Continuous
100
AcDbLine
 10
3497.5
 20
10850.0
 30
0.0
 11
3502.5
 21
10850.0
 31
0.0
  0
LINE
  5
79B
330
2
100
AcDbEntity
  8
Координатные кресты
  6
Continuous
100
AcDbLine
 10
3500.0
 20
10847.5
 30
0.0
 11
3500.0
 21
10852.5
 31
0.0
  0
LINE
  5
79C
330
2
100
AcDbEntity
  8
Координатные кресты
  6
Continuous
100
AcDbLine
 10
3497.5
 20
10900.0
 30
0.0
 11
3502.5
 21
10900.0
 31
0.0
  0
LINE
  5
79D
330
2
100
AcDbEntity
  8
Координатные кресты
  6
Continuous
100
AcDbLine
 10
3500.0
 20
10897.5
 30
0.0
 11
3500.0
 21
10902.5
 31
0.0
  0
LINE
  5
79E
330
2
100
AcDbEntity
  8
Координатные кресты
  6
Continuous
100
AcDbLine
 10
3497.5
 20
10950.0
 30
0.0
 11
3502.5
 21
10950.0
 31
0.0
  0
LINE
  5
79F
330
2
100
AcDbEntity
  8
Координатные кресты
  6
Continuous
100
AcDbLine
 10
3500.0
 20
10947.5
 30
0.0
 11
3500.0
 21
10952.5
 31
0.0
  0
LINE
  5
7A0
330
2
100
AcDbEntity
  8
Координатные кресты
  6
Continuous
100
AcDbLine
 10
3497.5
 20
10650.0
 30
0.0
 11
3502.5
 21
10650.0
 31
0.0
  0
LINE
  5
7A1
330
2
100
AcDbEntity
  8
Координатные кресты
  6
Continuous
100
AcDbLine
 10
3500.0
 20
10647.5
 30
0.0
 11
3500.0
 21
10652.5
 31
0.0
  0
LINE
  5
7A2
330
2
100
AcDbEntity
  8
Координатные кресты
  6
Continuous
100
AcDbLine
 10
3497.5
 20
10700.0
 30
0.0
 11
3502.5
 21
10700.0
 31
0.0
  0
LINE
  5
7A3
330
2
100
AcDbEntity
  8
Координатные кресты
  6
Continuous
100
AcDbLine
 10
3500.0
 20
10697.5
 30
0.0
 11
3500.0
 21
10702.5
 31
0.0
  0
LINE
  5
7A4
330
2
100
AcDbEntity
  8
Координатные кресты
  6
Continuous
100
AcDbLine
 10
3547.5
 20
10650.0
 30
0.0
 11
3552.5
 21
10650.0
 31
0.0
  0
LINE
  5
7A5
330
2
100
AcDbEntity
  8
Координатные кресты
  6
Continuous
100
AcDbLine
 10
3550.0
 20
10647.5
 30
0.0
 11
3550.0
 21
10652.5
 31
0.0
  0
LINE
  5
7A6
330
2
100
AcDbEntity
  8
Координатные кресты
  6
Continuous
100
AcDbLine
 10
3547.5
 20
10700.0
 30
0.0
 11
3552.5
 21
10700.0
 31
0.0
  0
LINE
  5
7A7
330
2
100
AcDbEntity
  8
Координатные кресты
  6
Continuous
100
AcDbLine
 10
3550.0
 20
10697.5
 30
0.0
 11
3550.0
 21
10702.5
 31
0.0
  0
LINE
  5
7A8
330
2
100
AcDbEntity
  8
Координатные кресты
  6
Continuous
100
AcDbLine
 10
3547.5
 20
10750.0
 30
0.0
 11
3552.5
 21
10750.0
 31
0.0
  0
LINE
  5
7A9
330
2
100
AcDbEntity
  8
Координатные кресты
  6
Continuous
100
AcDbLine
 10
3550.0
 20
10747.5
 30
0.0
 11
3550.0
 21
10752.5
 31
0.0
  0
LINE
  5
7AA
330
2
100
AcDbEntity
  8
Координатные кресты
  6
Continuous
100
AcDbLine
 10
3547.5
 20
10800.0
 30
0.0
 11
3552.5
 21
10800.0
 31
0.0
  0
LINE
  5
7AB
330
2
100
AcDbEntity
  8
Координатные кресты
  6
Continuous
100
AcDbLine
 10
3550.0
 20
10797.5
 30
0.0
 11
3550.0
 21
10802.5
 31
0.0
  0
LINE
  5
7AC
330
2
100
AcDbEntity
  8
Координатные кресты
  6
Continuous
100
AcDbLine
 10
3547.5
 20
10850.0
 30
0.0
 11
3552.5
 21
10850.0
 31
0.0
  0
LINE
  5
7AD
330
2
100
AcDbEntity
  8
Координатные кресты
  6
Continuous
100
AcDbLine
 10
3550.0
 20
10847.5
 30
0.0
 11
3550.0
 21
10852.5
 31
0.0
  0
LINE
  5
7AE
330
2
100
AcDbEntity
  8
Координатные кресты
  6
Continuous
100
AcDbLine
 10
3547.5
 20
10900.0
 30
0.0
 11
3552.5
 21
10900.0
 31
0.0
  0
LINE
  5
7AF
330
2
100
AcDbEntity
  8
Координатные кресты
  6
Continuous
100
AcDbLine
 10
3550.0
 20
10897.5
 30
0.0
 11
3550.0
 21
10902.5
 31
0.0
  0
LINE
  5
7B0
330
2
100
AcDbEntity
  8
Координатные кресты
  6
Continuous
100
AcDbLine
 10
3597.5
 20
10650.0
 30
0.0
 11
3602.5
 21
10650.0
 31
0.0
  0
LINE
  5
7B1
330
2
100
AcDbEntity
  8
Координатные кресты
  6
Continuous
100
AcDbLine
 10
3600.0
 20
10647.5
 30
0.0
 11
3600.0
 21
10652.5
 31
0.0
  0
LINE
  5
7B2
330
2
100
AcDbEntity
  8
Координатные кресты
  6
Continuous
100
AcDbLine
 10
3597.5
 20
10700.0
 30
0.0
 11
3602.5
 21
10700.0
 31
0.0
  0
LINE
  5
7B3
330
2
100
AcDbEntity
  8
Координатные кресты
  6
Continuous
100
AcDbLine
 10
3600.0
 20
10697.5
 30
0.0
 11
3600.0
 21
10702.5
 31
0.0
  0
LINE
  5
7B4
330
2
100
AcDbEntity
  8
Координатные кресты
  6
Continuous
100
AcDbLine
 10
3597.5
 20
10750.0
 30
0.0
 11
3602.5
 21
10750.0
 31
0.0
  0
LINE
  5
7B5
330
2
100
AcDbEntity
  8
Координатные кресты
  6
Continuous
100
AcDbLine
 10
3600.0
 20
10747.5
 30
0.0
 11
3600.0
 21
10752.5
 31
0.0
  0
LINE
  5
7B6
330
2
100
AcDbEntity
  8
Координатные кресты
  6
Continuous
100
AcDbLine
 10
3597.5
 20
10800.0
 30
0.0
 11
3602.5
 21
10800.0
 31
0.0
  0
LINE
  5
7B7
330
2
100
AcDbEntity
  8
Координатные кресты
  6
Continuous
100
AcDbLine
 10
3600.0
 20
10797.5
 30
0.0
 11
3600.0
 21
10802.5
 31
0.0
  0
LINE
  5
7B8
330
2
100
AcDbEntity
  8
Координатные кресты
  6
Continuous
100
AcDbLine
 10
3597.5
 20
10850.0
 30
0.0
 11
3602.5
 21
10850.0
 31
0.0
  0
LINE
  5
7B9
330
2
100
AcDbEntity
  8
Координатные кресты
  6
Continuous
100
AcDbLine
 10
3600.0
 20
10847.5
 30
0.0
 11
3600.0
 21
10852.5
 31
0.0
  0
LINE
  5
7BA
330
2
100
AcDbEntity
  8
Координатные кресты
  6
Continuous
100
AcDbLine
 10
3597.5
 20
10900.0
 30
0.0
 11
3602.5
 21
10900.0
 31
0.0
  0
LINE
  5
7BB
330
2
100
AcDbEntity
  8
Координатные кресты
  6
Continuous
100
AcDbLine
 10
3600.0
 20
10897.5
 30
0.0
 11
3600.0
 21
10902.5
 31
0.0
  0
LINE
  5
7BC
330
2
100
AcDbEntity
  8
Координатные кресты
  6
Continuous
100
AcDbLine
 10
3647.5
 20
10650.0
 30
0.0
 11
3652.5
 21
10650.0
 31
0.0
  0
LINE
  5
7BD
330
2
100
AcDbEntity
  8
Координатные кресты
  6
Continuous
100
AcDbLine
 10
3650.0
 20
10647.5
 30
0.0
 11
3650.0
 21
10652.5
 31
0.0
  0
LINE
  5
7BE
330
2
100
AcDbEntity
  8
Координатные кресты
  6
Continuous
100
AcDbLine
 10
3647.5
 20
10700.0
 30
0.0
 11
3652.5
 21
10700.0
 31
0.0
  0
LINE
  5
7BF
330
2
100
AcDbEntity
  8
Координатные кресты
  6
Continuous
100
AcDbLine
 10
3650.0
 20
10697.5
 30
0.0
 11
3650.0
 21
10702.5
 31
0.0
  0
LINE
  5
7C0
330
2
100
AcDbEntity
  8
Координатные кресты
  6
Continuous
100
AcDbLine
 10
3647.5
 20
10750.0
 30
0.0
 11
3652.5
 21
10750.0
 31
0.0
  0
LINE
  5
7C1
330
2
100
AcDbEntity
  8
Координатные кресты
  6
Continuous
100
AcDbLine
 10
3650.0
 20
10747.5
 30
0.0
 11
3650.0
 21
10752.5
 31
0.0
  0
LINE
  5
7C2
330
2
100
AcDbEntity
  8
Координатные кресты
  6
Continuous
100
AcDbLine
 10
3647.5
 20
10800.0
 30
0.0
 11
3652.5
 21
10800.0
 31
0.0
  0
LINE
  5
7C3
330
2
100
AcDbEntity
  8
Координатные кресты
  6
Continuous
100
AcDbLine
 10
3650.0
 20
10797.5
 30
0.0
 11
3650.0
 21
10802.5
 31
0.0
  0
LINE
  5
7C4
330
2
100
AcDbEntity
  8
Координатные кресты
  6
Continuous
100
AcDbLine
 10
3647.5
 20
10850.0
 30
0.0
 11
3652.5
 21
10850.0
 31
0.0
  0
LINE
  5
7C5
330
2
100
AcDbEntity
  8
Координатные кресты
  6
Continuous
100
AcDbLine
 10
3650.0
 20
10847.5
 30
0.0
 11
3650.0
 21
10852.5
 31
0.0
  0
LINE
  5
7C6
330
2
100
AcDbEntity
  8
Координатные кресты
  6
Continuous
100
AcDbLine
 10
3647.5
 20
10900.0
 30
0.0
 11
3652.5
 21
10900.0
 31
0.0
  0
LINE
  5
7C7
330
2
100
AcDbEntity
  8
Координатные кресты
  6
Continuous
100
AcDbLine
 10
3650.0
 20
10897.5
 30
0.0
 11
3650.0
 21
10902.5
 31
0.0
  0
LINE
  5
7C8
330
2
100
AcDbEntity
  8
Координатные кресты
  6
Continuous
100
AcDbLine
 10
3697.5
 20
10650.0
 30
0.0
 11
3702.5
 21
10650.0
 31
0.0
  0
LINE
  5
7C9
330
2
100
AcDbEntity
  8
Координатные кресты
  6
Continuous
100
AcDbLine
 10
3700.0
 20
10647.5
 30
0.0
 11
3700.0
 21
10652.5
 31
0.0
  0
LINE
  5
7CA
330
2
100
AcDbEntity
  8
Координатные кресты
  6
Continuous
100
AcDbLine
 10
3697.5
 20
10700.0
 30
0.0
 11
3702.5
 21
10700.0
 31
0.0
  0
LINE
  5
7CB
330
2
100
AcDbEntity
  8
Координатные кресты
  6
Continuous
100
AcDbLine
 10
3700.0
 20
10697.5
 30
0.0
 11
3700.0
 21
10702.5
 31
0.0
  0
LINE
  5
7CC
330
2
100
AcDbEntity
  8
Координатные кресты
  6
Continuous
100
AcDbLine
 10
3697.5
 20
10750.0
 30
0.0
 11
3702.5
 21
10750.0
 31
0.0
  0
LINE
  5
7CD
330
2
100
AcDbEntity
  8
Координатные кресты
  6
Continuous
100
AcDbLine
 10
3700.0
 20
10747.5
 30
0.0
 11
3700.0
 21
10752.5
 31
0.0
  0
LINE
  5
7CE
330
2
100
AcDbEntity
  8
Координатные кресты
  6
Continuous
100
AcDbLine
 10
3697.5
 20
10800.0
 30
0.0
 11
3702.5
 21
10800.0
 31
0.0
  0
LINE
  5
7CF
330
2
100
AcDbEntity
  8
Координатные кресты
  6
Continuous
100
AcDbLine
 10
3700.0
 20
10797.5
 30
0.0
 11
3700.0
 21
10802.5
 31
0.0
  0
LINE
  5
7D0
330
2
100
AcDbEntity
  8
Координатные кресты
  6
Continuous
100
AcDbLine
 10
3697.5
 20
10850.0
 30
0.0
 11
3702.5
 21
10850.0
 31
0.0
  0
LINE
  5
7D1
330
2
100
AcDbEntity
  8
Координатные кресты
  6
Continuous
100
AcDbLine
 10
3700.0
 20
10847.5
 30
0.0
 11
3700.0
 21
10852.5
 31
0.0
  0
LINE
  5
7D2
330
2
100
AcDbEntity
  8
Координатные кресты
  6
Continuous
100
AcDbLine
 10
3697.5
 20
10900.0
 30
0.0
 11
3702.5
 21
10900.0
 31
0.0
  0
LINE
  5
7D3
330
2
100
AcDbEntity
  8
Координатные кресты
  6
Continuous
100
AcDbLine
 10
3700.0
 20
10897.5
 30
0.0
 11
3700.0
 21
10902.5
 31
0.0
  0
LINE
  5
7D4
330
2
100
AcDbEntity
  8
Координатные кресты
  6
Continuous
100
AcDbLine
 10
3747.5
 20
10650.0
 30
0.0
 11
3752.5
 21
10650.0
 31
0.0
  0
LINE
  5
7D5
330
2
100
AcDbEntity
  8
Координатные кресты
  6
Continuous
100
AcDbLine
 10
3750.0
 20
10647.5
 30
0.0
 11
3750.0
 21
10652.5
 31
0.0
  0
LINE
  5
7D6
330
2
100
AcDbEntity
  8
Координатные кресты
  6
Continuous
100
AcDbLine
 10
3747.5
 20
10700.0
 30
0.0
 11
3752.5
 21
10700.0
 31
0.0
  0
LINE
  5
7D7
330
2
100
AcDbEntity
  8
Координатные кресты
  6
Continuous
100
AcDbLine
 10
3750.0
 20
10697.5
 30
0.0
 11
3750.0
 21
10702.5
 31
0.0
  0
LINE
  5
7D8
330
2
100
AcDbEntity
  8
Координатные кресты
  6
Continuous
100
AcDbLine
 10
3747.5
 20
10750.0
 30
0.0
 11
3752.5
 21
10750.0
 31
0.0
  0
LINE
  5
7D9
330
2
100
AcDbEntity
  8
Координатные кресты
  6
Continuous
100
AcDbLine
 10
3750.0
 20
10747.5
 30
0.0
 11
3750.0
 21
10752.5
 31
0.0
  0
LINE
  5
7DA
330
2
100
AcDbEntity
  8
Координатные кресты
  6
Continuous
100
AcDbLine
 10
3747.5
 20
10800.0
 30
0.0
 11
3752.5
 21
10800.0
 31
0.0
  0
LINE
  5
7DB
330
2
100
AcDbEntity
  8
Координатные кресты
  6
Continuous
100
AcDbLine
 10
3750.0
 20
10797.5
 30
0.0
 11
3750.0
 21
10802.5
 31
0.0
  0
LINE
  5
7DC
330
2
100
AcDbEntity
  8
Координатные кресты
  6
Continuous
100
AcDbLine
 10
3747.5
 20
10850.0
 30
0.0
 11
3752.5
 21
10850.0
 31
0.0
  0
LINE
  5
7DD
330
2
100
AcDbEntity
  8
Координатные кресты
  6
Continuous
100
AcDbLine
 10
3750.0
 20
10847.5
 30
0.0
 11
3750.0
 21
10852.5
 31
0.0
  0
LINE
  5
7DE
330
2
100
AcDbEntity
  8
Координатные кресты
  6
Continuous
100
AcDbLine
 10
3747.5
 20
10900.0
 30
0.0
 11
3752.5
 21
10900.0
 31
0.0
  0
LINE
  5
7DF
330
2
100
AcDbEntity
  8
Координатные кресты
  6
Continuous
100
AcDbLine
 10
3750.0
 20
10897.5
 30
0.0
 11
3750.0
 21
10902.5
 31
0.0
  0
LINE
  5
7E0
330
2
100
AcDbEntity
  8
Координатные кресты
  6
Continuous
100
AcDbLine
 10
3247.5
 20
10500.0
 30
0.0
 11
3252.5
 21
10500.0
 31
0.0
  0
LINE
  5
7E1
330
2
100
AcDbEntity
  8
Координатные кресты
  6
Continuous
100
AcDbLine
 10
3250.0
 20
10497.5
 30
0.0
 11
3250.0
 21
10502.5
 31
0.0
  0
LINE
  5
7E2
330
2
100
AcDbEntity
  8
Координатные кресты
  6
Continuous
100
AcDbLine
 10
3247.5
 20
10550.0
 30
0.0
 11
3252.5
 21
10550.0
 31
0.0
  0
LINE
  5
7E3
330
2
100
AcDbEntity
  8
Координатные кресты
  6
Continuous
100
AcDbLine
 10
3250.0
 20
10547.5
 30
0.0
 11
3250.0
 21
10552.5
 31
0.0
  0
LINE
  5
7E4
330
2
100
AcDbEntity
  8
Координатные кресты
  6
Continuous
100
AcDbLine
 10
3247.5
 20
10600.0
 30
0.0
 11
3252.5
 21
10600.0
 31
0.0
  0
LINE
  5
7E5
330
2
100
AcDbEntity
  8
Координатные кресты
  6
Continuous
100
AcDbLine
 10
3250.0
 20
10597.5
 30
0.0
 11
3250.0
 21
10602.5
 31
0.0
  0
LINE
  5
7E6
330
2
100
AcDbEntity
  8
Координатные кресты
  6
Continuous
100
AcDbLine
 10
3247.5
 20
10650.0
 30
0.0
 11
3252.5
 21
10650.0
 31
0.0
  0
LINE
  5
7E7
330
2
100
AcDbEntity
  8
Координатные кресты
  6
Continuous
100
AcDbLine
 10
3250.0
 20
10647.5
 30
0.0
 11
3250.0
 21
10652.5
 31
0.0
  0
LINE
  5
7E8
330
2
100
AcDbEntity
  8
Координатные кресты
  6
Continuous
100
AcDbLine
 10
3247.5
 20
10700.0
 30
0.0
 11
3252.5
 21
10700.0
 31
0.0
  0
LINE
  5
7E9
330
2
100
AcDbEntity
  8
Координатные кресты
  6
Continuous
100
AcDbLine
 10
3250.0
 20
10697.5
 30
0.0
 11
3250.0
 21
10702.5
 31
0.0
  0
LINE
  5
7EA
330
2
100
AcDbEntity
  8
Координатные кресты
  6
Continuous
100
AcDbLine
 10
3297.5
 20
10500.0
 30
0.0
 11
3302.5
 21
10500.0
 31
0.0
  0
LINE
  5
7EB
330
2
100
AcDbEntity
  8
Координатные кресты
  6
Continuous
100
AcDbLine
 10
3300.0
 20
10497.5
 30
0.0
 11
3300.0
 21
10502.5
 31
0.0
  0
LINE
  5
7EC
330
2
100
AcDbEntity
  8
Координатные кресты
  6
Continuous
100
AcDbLine
 10
3297.5
 20
10550.0
 30
0.0
 11
3302.5
 21
10550.0
 31
0.0
  0
LINE
  5
7ED
330
2
100
AcDbEntity
  8
Координатные кресты
  6
Continuous
100
AcDbLine
 10
3300.0
 20
10547.5
 30
0.0
 11
3300.0
 21
10552.5
 31
0.0
  0
LINE
  5
7EE
330
2
100
AcDbEntity
  8
Координатные кресты
  6
Continuous
100
AcDbLine
 10
3297.5
 20
10600.0
 30
0.0
 11
3302.5
 21
10600.0
 31
0.0
  0
LINE
  5
7EF
330
2
100
AcDbEntity
  8
Координатные кресты
  6
Continuous
100
AcDbLine
 10
3300.0
 20
10597.5
 30
0.0
 11
3300.0
 21
10602.5
 31
0.0
  0
LINE
  5
7F0
330
2
100
AcDbEntity
  8
Координатные кресты
  6
Continuous
100
AcDbLine
 10
3297.5
 20
10650.0
 30
0.0
 11
3302.5
 21
10650.0
 31
0.0
  0
LINE
  5
7F1
330
2
100
AcDbEntity
  8
Координатные кресты
  6
Continuous
100
AcDbLine
 10
3300.0
 20
10647.5
 30
0.0
 11
3300.0
 21
10652.5
 31
0.0
  0
LINE
  5
7F2
330
2
100
AcDbEntity
  8
Координатные кресты
  6
Continuous
100
AcDbLine
 10
3297.5
 20
10700.0
 30
0.0
 11
3302.5
 21
10700.0
 31
0.0
  0
LINE
  5
7F3
330
2
100
AcDbEntity
  8
Координатные кресты
  6
Continuous
100
AcDbLine
 10
3300.0
 20
10697.5
 30
0.0
 11
3300.0
 21
10702.5
 31
0.0
  0
LINE
  5
7F4
330
2
100
AcDbEntity
  8
Координатные кресты
  6
Continuous
100
AcDbLine
 10
3347.5
 20
10500.0
 30
0.0
 11
3352.5
 21
10500.0
 31
0.0
  0
LINE
  5
7F5
330
2
100
AcDbEntity
  8
Координатные кресты
  6
Continuous
100
AcDbLine
 10
3350.0
 20
10497.5
 30
0.0
 11
3350.0
 21
10502.5
 31
0.0
  0
LINE
  5
7F6
330
2
100
AcDbEntity
  8
Координатные кресты
  6
Continuous
100
AcDbLine
 10
3347.5
 20
10550.0
 30
0.0
 11
3352.5
 21
10550.0
 31
0.0
  0
LINE
  5
7F7
330
2
100
AcDbEntity
  8
Координатные кресты
  6
Continuous
100
AcDbLine
 10
3350.0
 20
10547.5
 30
0.0
 11
3350.0
 21
10552.5
 31
0.0
  0
LINE
  5
7F8
330
2
100
AcDbEntity
  8
Координатные кресты
  6
Continuous
100
AcDbLine
 10
3347.5
 20
10600.0
 30
0.0
 11
3352.5
 21
10600.0
 31
0.0
  0
LINE
  5
7F9
330
2
100
AcDbEntity
  8
Координатные кресты
  6
Continuous
100
AcDbLine
 10
3350.0
 20
10597.5
 30
0.0
 11
3350.0
 21
10602.5
 31
0.0
  0
LINE
  5
7FA
330
2
100
AcDbEntity
  8
Координатные кресты
  6
Continuous
100
AcDbLine
 10
3347.5
 20
10650.0
 30
0.0
 11
3352.5
 21
10650.0
 31
0.0
  0
LINE
  5
7FB
330
2
100
AcDbEntity
  8
Координатные кресты
  6
Continuous
100
AcDbLine
 10
3350.0
 20
10647.5
 30
0.0
 11
3350.0
 21
10652.5
 31
0.0
  0
LINE
  5
7FC
330
2
100
AcDbEntity
  8
Координатные кресты
  6
Continuous
100
AcDbLine
 10
3347.5
 20
10700.0
 30
0.0
 11
3352.5
 21
10700.0
 31
0.0
  0
LINE
  5
7FD
330
2
100
AcDbEntity
  8
Координатные кресты
  6
Continuous
100
AcDbLine
 10
3350.0
 20
10697.5
 30
0.0
 11
3350.0
 21
10702.5
 31
0.0
  0
LINE
  5
7FE
330
2
100
AcDbEntity
  8
Координатные кресты
  6
Continuous
100
AcDbLine
 10
3397.5
 20
10500.0
 30
0.0
 11
3402.5
 21
10500.0
 31
0.0
  0
LINE
  5
7FF
330
2
100
AcDbEntity
  8
Координатные кресты
  6
Continuous
100
AcDbLine
 10
3400.0
 20
10497.5
 30
0.0
 11
3400.0
 21
10502.5
 31
0.0
  0
LINE
  5
800
330
2
100
AcDbEntity
  8
Координатные кресты
  6
Continuous
100
AcDbLine
 10
3397.5
 20
10550.0
 30
0.0
 11
3402.5
 21
10550.0
 31
0.0
  0
LINE
  5
801
330
2
100
AcDbEntity
  8
Координатные кресты
  6
Continuous
100
AcDbLine
 10
3400.0
 20
10547.5
 30
0.0
 11
3400.0
 21
10552.5
 31
0.0
  0
LINE
  5
802
330
2
100
AcDbEntity
  8
Координатные кресты
  6
Continuous
100
AcDbLine
 10
3397.5
 20
10600.0
 30
0.0
 11
3402.5
 21
10600.0
 31
0.0
  0
LINE
  5
803
330
2
100
AcDbEntity
  8
Координатные кресты
  6
Continuous
100
AcDbLine
 10
3400.0
 20
10597.5
 30
0.0
 11
3400.0
 21
10602.5
 31
0.0
  0
LINE
  5
804
330
2
100
AcDbEntity
  8
Координатные кресты
  6
Continuous
100
AcDbLine
 10
3397.5
 20
10650.0
 30
0.0
 11
3402.5
 21
10650.0
 31
0.0
  0
LINE
  5
805
330
2
100
AcDbEntity
  8
Координатные кресты
  6
Continuous
100
AcDbLine
 10
3400.0
 20
10647.5
 30
0.0
 11
3400.0
 21
10652.5
 31
0.0
  0
LINE
  5
806
330
2
100
AcDbEntity
  8
Координатные кресты
  6
Continuous
100
AcDbLine
 10
3397.5
 20
10700.0
 30
0.0
 11
3402.5
 21
10700.0
 31
0.0
  0
LINE
  5
807
330
2
100
AcDbEntity
  8
Координатные кресты
  6
Continuous
100
AcDbLine
 10
3400.0
 20
10697.5
 30
0.0
 11
3400.0
 21
10702.5
 31
0.0
  0
LINE
  5
808
330
2
100
AcDbEntity
  8
Координатные кресты
  6
Continuous
100
AcDbLine
 10
3447.5
 20
10500.0
 30
0.0
 11
3452.5
 21
10500.0
 31
0.0
  0
LINE
  5
809
330
2
100
AcDbEntity
  8
Координатные кресты
  6
Continuous
100
AcDbLine
 10
3450.0
 20
10497.5
 30
0.0
 11
3450.0
 21
10502.5
 31
0.0
  0
LINE
  5
80A
330
2
100
AcDbEntity
  8
Координатные кресты
  6
Continuous
100
AcDbLine
 10
3447.5
 20
10550.0
 30
0.0
 11
3452.5
 21
10550.0
 31
0.0
  0
LINE
  5
80B
330
2
100
AcDbEntity
  8
Координатные кресты
  6
Continuous
100
AcDbLine
 10
3450.0
 20
10547.5
 30
0.0
 11
3450.0
 21
10552.5
 31
0.0
  0
LINE
  5
80C
330
2
100
AcDbEntity
  8
Координатные кресты
  6
Continuous
100
AcDbLine
 10
3447.5
 20
10600.0
 30
0.0
 11
3452.5
 21
10600.0
 31
0.0
  0
LINE
  5
80D
330
2
100
AcDbEntity
  8
Координатные кресты
  6
Continuous
100
AcDbLine
 10
3450.0
 20
10597.5
 30
0.0
 11
3450.0
 21
10602.5
 31
0.0
  0
LINE
  5
80E
330
2
100
AcDbEntity
  8
Координатные кресты
  6
Continuous
100
AcDbLine
 10
3447.5
 20
10650.0
 30
0.0
 11
3452.5
 21
10650.0
 31
0.0
  0
LINE
  5
80F
330
2
100
AcDbEntity
  8
Координатные кресты
  6
Continuous
100
AcDbLine
 10
3450.0
 20
10647.5
 30
0.0
 11
3450.0
 21
10652.5
 31
0.0
  0
LINE
  5
810
330
2
100
AcDbEntity
  8
Координатные кресты
  6
Continuous
100
AcDbLine
 10
3447.5
 20
10700.0
 30
0.0
 11
3452.5
 21
10700.0
 31
0.0
  0
LINE
  5
811
330
2
100
AcDbEntity
  8
Координатные кресты
  6
Continuous
100
AcDbLine
 10
3450.0
 20
10697.5
 30
0.0
 11
3450.0
 21
10702.5
 31
0.0
  0
LINE
  5
812
330
2
100
AcDbEntity
  8
Координатные кресты
  6
Continuous
100
AcDbLine
 10
3497.5
 20
10500.0
 30
0.0
 11
3502.5
 21
10500.0
 31
0.0
  0
LINE
  5
813
330
2
100
AcDbEntity
  8
Координатные кресты
  6
Continuous
100
AcDbLine
 10
3500.0
 20
10497.5
 30
0.0
 11
3500.0
 21
10502.5
 31
0.0
  0
LINE
  5
814
330
2
100
AcDbEntity
  8
Координатные кресты
  6
Continuous
100
AcDbLine
 10
3497.5
 20
10550.0
 30
0.0
 11
3502.5
 21
10550.0
 31
0.0
  0
LINE
  5
815
330
2
100
AcDbEntity
  8
Координатные кресты
  6
Continuous
100
AcDbLine
 10
3500.0
 20
10547.5
 30
0.0
 11
3500.0
 21
10552.5
 31
0.0
  0
LINE
  5
816
330
2
100
AcDbEntity
  8
Координатные кресты
  6
Continuous
100
AcDbLine
 10
3497.5
 20
10600.0
 30
0.0
 11
3502.5
 21
10600.0
 31
0.0
  0
LINE
  5
817
330
2
100
AcDbEntity
  8
Координатные кресты
  6
Continuous
100
AcDbLine
 10
3500.0
 20
10597.5
 30
0.0
 11
3500.0
 21
10602.5
 31
0.0
  0
LINE
  5
818
330
2
100
AcDbEntity
  8
Координатные кресты
  6
Continuous
100
AcDbLine
 10
3147.5
 20
10250.0
 30
0.0
 11
3152.5
 21
10250.0
 31
0.0
  0
LINE
  5
819
330
2
100
AcDbEntity
  8
Координатные кресты
  6
Continuous
100
AcDbLine
 10
3150.0
 20
10247.5
 30
0.0
 11
3150.0
 21
10252.5
 31
0.0
  0
LINE
  5
81A
330
2
100
AcDbEntity
  8
Координатные кресты
  6
Continuous
100
AcDbLine
 10
3147.5
 20
10300.0
 30
0.0
 11
3152.5
 21
10300.0
 31
0.0
  0
LINE
  5
81B
330
2
100
AcDbEntity
  8
Координатные кресты
  6
Continuous
100
AcDbLine
 10
3150.0
 20
10297.5
 30
0.0
 11
3150.0
 21
10302.5
 31
0.0
  0
LINE
  5
81C
330
2
100
AcDbEntity
  8
Координатные кресты
  6
Continuous
100
AcDbLine
 10
3147.5
 20
10350.0
 30
0.0
 11
3152.5
 21
10350.0
 31
0.0
  0
LINE
  5
81D
330
2
100
AcDbEntity
  8
Координатные кресты
  6
Continuous
100
AcDbLine
 10
3150.0
 20
10347.5
 30
0.0
 11
3150.0
 21
10352.5
 31
0.0
  0
LINE
  5
81E
330
2
100
AcDbEntity
  8
Координатные кресты
  6
Continuous
100
AcDbLine
 10
3147.5
 20
10400.0
 30
0.0
 11
3152.5
 21
10400.0
 31
0.0
  0
LINE
  5
81F
330
2
100
AcDbEntity
  8
Координатные кресты
  6
Continuous
100
AcDbLine
 10
3150.0
 20
10397.5
 30
0.0
 11
3150.0
 21
10402.5
 31
0.0
  0
LINE
  5
820
330
2
100
AcDbEntity
  8
Координатные кресты
  6
Continuous
100
AcDbLine
 10
3147.5
 20
10450.0
 30
0.0
 11
3152.5
 21
10450.0
 31
0.0
  0
LINE
  5
821
330
2
100
AcDbEntity
  8
Координатные кресты
  6
Continuous
100
AcDbLine
 10
3150.0
 20
10447.5
 30
0.0
 11
3150.0
 21
10452.5
 31
0.0
  0
LINE
  5
822
330
2
100
AcDbEntity
  8
Координатные кресты
  6
Continuous
100
AcDbLine
 10
3147.5
 20
10500.0
 30
0.0
 11
3152.5
 21
10500.0
 31
0.0
  0
LINE
  5
823
330
2
100
AcDbEntity
  8
Координатные кресты
  6
Continuous
100
AcDbLine
 10
3150.0
 20
10497.5
 30
0.0
 11
3150.0
 21
10502.5
 31
0.0
  0
LINE
  5
824
330
2
100
AcDbEntity
  8
Координатные кресты
  6
Continuous
100
AcDbLine
 10
3197.5
 20
10250.0
 30
0.0
 11
3202.5
 21
10250.0
 31
0.0
  0
LINE
  5
825
330
2
100
AcDbEntity
  8
Координатные кресты
  6
Continuous
100
AcDbLine
 10
3200.0
 20
10247.5
 30
0.0
 11
3200.0
 21
10252.5
 31
0.0
  0
LINE
  5
826
330
2
100
AcDbEntity
  8
Координатные кресты
  6
Continuous
100
AcDbLine
 10
3197.5
 20
10300.0
 30
0.0
 11
3202.5
 21
10300.0
 31
0.0
  0
LINE
  5
827
330
2
100
AcDbEntity
  8
Координатные кресты
  6
Continuous
100
AcDbLine
 10
3200.0
 20
10297.5
 30
0.0
 11
3200.0
 21
10302.5
 31
0.0
  0
LINE
  5
828
330
2
100
AcDbEntity
  8
Координатные кресты
  6
Continuous
100
AcDbLine
 10
3197.5
 20
10350.0
 30
0.0
 11
3202.5
 21
10350.0
 31
0.0
  0
LINE
  5
829
330
2
100
AcDbEntity
  8
Координатные кресты
  6
Continuous
100
AcDbLine
 10
3200.0
 20
10347.5
 30
0.0
 11
3200.0
 21
10352.5
 31
0.0
  0
LINE
  5
82A
330
2
100
AcDbEntity
  8
Координатные кресты
  6
Continuous
100
AcDbLine
 10
3197.5
 20
10400.0
 30
0.0
 11
3202.5
 21
10400.0
 31
0.0
  0
LINE
  5
82B
330
2
100
AcDbEntity
  8
Координатные кресты
  6
Continuous
100
AcDbLine
 10
3200.0
 20
10397.5
 30
0.0
 11
3200.0
 21
10402.5
 31
0.0
  0
LINE
  5
82C
330
2
100
AcDbEntity
  8
Координатные кресты
  6
Continuous
100
AcDbLine
 10
3197.5
 20
10450.0
 30
0.0
 11
3202.5
 21
10450.0
 31
0.0
  0
LINE
  5
82D
330
2
100
AcDbEntity
  8
Координатные кресты
  6
Continuous
100
AcDbLine
 10
3200.0
 20
10447.5
 30
0.0
 11
3200.0
 21
10452.5
 31
0.0
  0
LINE
  5
82E
330
2
100
AcDbEntity
  8
Координатные кресты
  6
Continuous
100
AcDbLine
 10
3197.5
 20
10500.0
 30
0.0
 11
3202.5
 21
10500.0
 31
0.0
  0
LINE
  5
82F
330
2
100
AcDbEntity
  8
Координатные кресты
  6
Continuous
100
AcDbLine
 10
3200.0
 20
10497.5
 30
0.0
 11
3200.0
 21
10502.5
 31
0.0
  0
LINE
  5
830
330
2
100
AcDbEntity
  8
Координатные кресты
  6
Continuous
100
AcDbLine
 10
3247.5
 20
10250.0
 30
0.0
 11
3252.5
 21
10250.0
 31
0.0
  0
LINE
  5
831
330
2
100
AcDbEntity
  8
Координатные кресты
  6
Continuous
100
AcDbLine
 10
3250.0
 20
10247.5
 30
0.0
 11
3250.0
 21
10252.5
 31
0.0
  0
LINE
  5
832
330
2
100
AcDbEntity
  8
Координатные кресты
  6
Continuous
100
AcDbLine
 10
3247.5
 20
10300.0
 30
0.0
 11
3252.5
 21
10300.0
 31
0.0
  0
LINE
  5
833
330
2
100
AcDbEntity
  8
Координатные кресты
  6
Continuous
100
AcDbLine
 10
3250.0
 20
10297.5
 30
0.0
 11
3250.0
 21
10302.5
 31
0.0
  0
LINE
  5
834
330
2
100
AcDbEntity
  8
Координатные кресты
  6
Continuous
100
AcDbLine
 10
3247.5
 20
10350.0
 30
0.0
 11
3252.5
 21
10350.0
 31
0.0
  0
LINE
  5
835
330
2
100
AcDbEntity
  8
Координатные кресты
  6
Continuous
100
AcDbLine
 10
3250.0
 20
10347.5
 30
0.0
 11
3250.0
 21
10352.5
 31
0.0
  0
LINE
  5
836
330
2
100
AcDbEntity
  8
Координатные кресты
  6
Continuous
100
AcDbLine
 10
3247.5
 20
10400.0
 30
0.0
 11
3252.5
 21
10400.0
 31
0.0
  0
LINE
  5
837
330
2
100
AcDbEntity
  8
Координатные кресты
  6
Continuous
100
AcDbLine
 10
3250.0
 20
10397.5
 30
0.0
 11
3250.0
 21
10402.5
 31
0.0
  0
LINE
  5
838
330
2
100
AcDbEntity
  8
Координатные кресты
  6
Continuous
100
AcDbLine
 10
3247.5
 20
10450.0
 30
0.0
 11
3252.5
 21
10450.0
 31
0.0
  0
LINE
  5
839
330
2
100
AcDbEntity
  8
Координатные кресты
  6
Continuous
100
AcDbLine
 10
3250.0
 20
10447.5
 30
0.0
 11
3250.0
 21
10452.5
 31
0.0
  0
LINE
  5
83A
330
2
100
AcDbEntity
  8
Координатные кресты
  6
Continuous
100
AcDbLine
 10
3297.5
 20
10250.0
 30
0.0
 11
3302.5
 21
10250.0
 31
0.0
  0
LINE
  5
83B
330
2
100
AcDbEntity
  8
Координатные кресты
  6
Continuous
100
AcDbLine
 10
3300.0
 20
10247.5
 30
0.0
 11
3300.0
 21
10252.5
 31
0.0
  0
LINE
  5
83C
330
2
100
AcDbEntity
  8
Координатные кресты
  6
Continuous
100
AcDbLine
 10
3297.5
 20
10300.0
 30
0.0
 11
3302.5
 21
10300.0
 31
0.0
  0
LINE
  5
83D
330
2
100
AcDbEntity
  8
Координатные кресты
  6
Continuous
100
AcDbLine
 10
3300.0
 20
10297.5
 30
0.0
 11
3300.0
 21
10302.5
 31
0.0
  0
LINE
  5
83E
330
2
100
AcDbEntity
  8
Координатные кресты
  6
Continuous
100
AcDbLine
 10
3297.5
 20
10350.0
 30
0.0
 11
3302.5
 21
10350.0
 31
0.0
  0
LINE
  5
83F
330
2
100
AcDbEntity
  8
Координатные кресты
  6
Continuous
100
AcDbLine
 10
3300.0
 20
10347.5
 30
0.0
 11
3300.0
 21
10352.5
 31
0.0
  0
LINE
  5
840
330
2
100
AcDbEntity
  8
Координатные кресты
  6
Continuous
100
AcDbLine
 10
3297.5
 20
10400.0
 30
0.0
 11
3302.5
 21
10400.0
 31
0.0
  0
LINE
  5
841
330
2
100
AcDbEntity
  8
Координатные кресты
  6
Continuous
100
AcDbLine
 10
3300.0
 20
10397.5
 30
0.0
 11
3300.0
 21
10402.5
 31
0.0
  0
LINE
  5
842
330
2
100
AcDbEntity
  8
Координатные кресты
  6
Continuous
100
AcDbLine
 10
3297.5
 20
10450.0
 30
0.0
 11
3302.5
 21
10450.0
 31
0.0
  0
LINE
  5
843
330
2
100
AcDbEntity
  8
Координатные кресты
  6
Continuous
100
AcDbLine
 10
3300.0
 20
10447.5
 30
0.0
 11
3300.0
 21
10452.5
 31
0.0
  0
LINE
  5
844
330
2
100
AcDbEntity
  8
Координатные кресты
  6
Continuous
100
AcDbLine
 10
3347.5
 20
10250.0
 30
0.0
 11
3352.5
 21
10250.0
 31
0.0
  0
LINE
  5
845
330
2
100
AcDbEntity
  8
Координатные кресты
  6
Continuous
100
AcDbLine
 10
3350.0
 20
10247.5
 30
0.0
 11
3350.0
 21
10252.5
 31
0.0
  0
LINE
  5
846
330
2
100
AcDbEntity
  8
Координатные кресты
  6
Continuous
100
AcDbLine
 10
3347.5
 20
10300.0
 30
0.0
 11
3352.5
 21
10300.0
 31
0.0
  0
LINE
  5
847
330
2
100
AcDbEntity
  8
Координатные кресты
  6
Continuous
100
AcDbLine
 10
3350.0
 20
10297.5
 30
0.0
 11
3350.0
 21
10302.5
 31
0.0
  0
LINE
  5
848
330
2
100
AcDbEntity
  8
Координатные кресты
  6
Continuous
100
AcDbLine
 10
3347.5
 20
10350.0
 30
0.0
 11
3352.5
 21
10350.0
 31
0.0
  0
LINE
  5
849
330
2
100
AcDbEntity
  8
Координатные кресты
  6
Continuous
100
AcDbLine
 10
3350.0
 20
10347.5
 30
0.0
 11
3350.0
 21
10352.5
 31
0.0
  0
LINE
  5
84A
330
2
100
AcDbEntity
  8
Координатные кресты
  6
Continuous
100
AcDbLine
 10
3347.5
 20
10400.0
 30
0.0
 11
3352.5
 21
10400.0
 31
0.0
  0
LINE
  5
84B
330
2
100
AcDbEntity
  8
Координатные кресты
  6
Continuous
100
AcDbLine
 10
3350.0
 20
10397.5
 30
0.0
 11
3350.0
 21
10402.5
 31
0.0
  0
LINE
  5
84C
330
2
100
AcDbEntity
  8
Координатные кресты
  6
Continuous
100
AcDbLine
 10
3347.5
 20
10450.0
 30
0.0
 11
3352.5
 21
10450.0
 31
0.0
  0
LINE
  5
84D
330
2
100
AcDbEntity
  8
Координатные кресты
  6
Continuous
100
AcDbLine
 10
3350.0
 20
10447.5
 30
0.0
 11
3350.0
 21
10452.5
 31
0.0
  0
LINE
  5
84E
330
2
100
AcDbEntity
  8
Координатные кресты
  6
Continuous
100
AcDbLine
 10
3397.5
 20
10250.0
 30
0.0
 11
3402.5
 21
10250.0
 31
0.0
  0
LINE
  5
84F
330
2
100
AcDbEntity
  8
Координатные кресты
  6
Continuous
100
AcDbLine
 10
3400.0
 20
10247.5
 30
0.0
 11
3400.0
 21
10252.5
 31
0.0
  0
LINE
  5
850
330
2
100
AcDbEntity
  8
Координатные кресты
  6
Continuous
100
AcDbLine
 10
3397.5
 20
10300.0
 30
0.0
 11
3402.5
 21
10300.0
 31
0.0
  0
LINE
  5
851
330
2
100
AcDbEntity
  8
Координатные кресты
  6
Continuous
100
AcDbLine
 10
3400.0
 20
10297.5
 30
0.0
 11
3400.0
 21
10302.5
 31
0.0
  0
LINE
  5
852
330
2
100
AcDbEntity
  8
Координатные кресты
  6
Continuous
100
AcDbLine
 10
3397.5
 20
10350.0
 30
0.0
 11
3402.5
 21
10350.0
 31
0.0
  0
LINE
  5
853
330
2
100
AcDbEntity
  8
Координатные кресты
  6
Continuous
100
AcDbLine
 10
3400.0
 20
10347.5
 30
0.0
 11
3400.0
 21
10352.5
 31
0.0
  0
LINE
  5
854
330
2
100
AcDbEntity
  8
Координатные кресты
  6
Continuous
100
AcDbLine
 10
3397.5
 20
10400.0
 30
0.0
 11
3402.5
 21
10400.0
 31
0.0
  0
LINE
  5
855
330
2
100
AcDbEntity
  8
Координатные кресты
  6
Continuous
100
AcDbLine
 10
3400.0
 20
10397.5
 30
0.0
 11
3400.0
 21
10402.5
 31
0.0
  0
LINE
  5
856
330
2
100
AcDbEntity
  8
Координатные кресты
  6
Continuous
100
AcDbLine
 10
3397.5
 20
10450.0
 30
0.0
 11
3402.5
 21
10450.0
 31
0.0
  0
LINE
  5
857
330
2
100
AcDbEntity
  8
Координатные кресты
  6
Continuous
100
AcDbLine
 10
3400.0
 20
10447.5
 30
0.0
 11
3400.0
 21
10452.5
 31
0.0
  0
LINE
  5
858
330
2
100
AcDbEntity
  8
Координатные кресты
  6
Continuous
100
AcDbLine
 10
3097.5
 20
10000.0
 30
0.0
 11
3102.5
 21
10000.0
 31
0.0
  0
LINE
  5
859
330
2
100
AcDbEntity
  8
Координатные кресты
  6
Continuous
100
AcDbLine
 10
3100.0
 20
9997.5
 30
0.0
 11
3100.0
 21
10002.5
 31
0.0
  0
LINE
  5
85A
330
2
100
AcDbEntity
  8
Координатные кресты
  6
Continuous
100
AcDbLine
 10
3097.5
 20
10050.0
 30
0.0
 11
3102.5
 21
10050.0
 31
0.0
  0
LINE
  5
85B
330
2
100
AcDbEntity
  8
Координатные кресты
  6
Continuous
100
AcDbLine
 10
3100.0
 20
10047.5
 30
0.0
 11
3100.0
 21
10052.5
 31
0.0
  0
LINE
  5
85C
330
2
100
AcDbEntity
  8
Координатные кресты
  6
Continuous
100
AcDbLine
 10
3097.5
 20
10100.0
 30
0.0
 11
3102.5
 21
10100.0
 31
0.0
  0
LINE
  5
85D
330
2
100
AcDbEntity
  8
Координатные кресты
  6
Continuous
100
AcDbLine
 10
3100.0
 20
10097.5
 30
0.0
 11
3100.0
 21
10102.5
 31
0.0
  0
LINE
  5
85E
330
2
100
AcDbEntity
  8
Координатные кресты
  6
Continuous
100
AcDbLine
 10
3097.5
 20
10150.0
 30
0.0
 11
3102.5
 21
10150.0
 31
0.0
  0
LINE
  5
85F
330
2
100
AcDbEntity
  8
Координатные кресты
  6
Continuous
100
AcDbLine
 10
3100.0
 20
10147.5
 30
0.0
 11
3100.0
 21
10152.5
 31
0.0
  0
LINE
  5
860
330
2
100
AcDbEntity
  8
Координатные кресты
  6
Continuous
100
AcDbLine
 10
3097.5
 20
10200.0
 30
0.0
 11
3102.5
 21
10200.0
 31
0.0
  0
LINE
  5
861
330
2
100
AcDbEntity
  8
Координатные кресты
  6
Continuous
100
AcDbLine
 10
3100.0
 20
10197.5
 30
0.0
 11
3100.0
 21
10202.5
 31
0.0
  0
LINE
  5
862
330
2
100
AcDbEntity
  8
Координатные кресты
  6
Continuous
100
AcDbLine
 10
3097.5
 20
10250.0
 30
0.0
 11
3102.5
 21
10250.0
 31
0.0
  0
LINE
  5
863
330
2
100
AcDbEntity
  8
Координатные кресты
  6
Continuous
100
AcDbLine
 10
3100.0
 20
10247.5
 30
0.0
 11
3100.0
 21
10252.5
 31
0.0
  0
LINE
  5
864
330
2
100
AcDbEntity
  8
Координатные кресты
  6
Continuous
100
AcDbLine
 10
3147.5
 20
10000.0
 30
0.0
 11
3152.5
 21
10000.0
 31
0.0
  0
LINE
  5
865
330
2
100
AcDbEntity
  8
Координатные кресты
  6
Continuous
100
AcDbLine
 10
3150.0
 20
9997.5
 30
0.0
 11
3150.0
 21
10002.5
 31
0.0
  0
LINE
  5
866
330
2
100
AcDbEntity
  8
Координатные кресты
  6
Continuous
100
AcDbLine
 10
3147.5
 20
10050.0
 30
0.0
 11
3152.5
 21
10050.0
 31
0.0
  0
LINE
  5
867
330
2
100
AcDbEntity
  8
Координатные кресты
  6
Continuous
100
AcDbLine
 10
3150.0
 20
10047.5
 30
0.0
 11
3150.0
 21
10052.5
 31
0.0
  0
LINE
  5
868
330
2
100
AcDbEntity
  8
Координатные кресты
  6
Continuous
100
AcDbLine
 10
3147.5
 20
10100.0
 30
0.0
 11
3152.5
 21
10100.0
 31
0.0
  0
LINE
  5
869
330
2
100
AcDbEntity
  8
Координатные кресты
  6
Continuous
100
AcDbLine
 10
3150.0
 20
10097.5
 30
0.0
 11
3150.0
 21
10102.5
 31
0.0
  0
LINE
  5
86A
330
2
100
AcDbEntity
  8
Координатные кресты
  6
Continuous
100
AcDbLine
 10
3147.5
 20
10150.0
 30
0.0
 11
3152.5
 21
10150.0
 31
0.0
  0
LINE
  5
86B
330
2
100
AcDbEntity
  8
Координатные кресты
  6
Continuous
100
AcDbLine
 10
3150.0
 20
10147.5
 30
0.0
 11
3150.0
 21
10152.5
 31
0.0
  0
LINE
  5
86C
330
2
100
AcDbEntity
  8
Координатные кресты
  6
Continuous
100
AcDbLine
 10
3147.5
 20
10200.0
 30
0.0
 11
3152.5
 21
10200.0
 31
0.0
  0
LINE
  5
86D
330
2
100
AcDbEntity
  8
Координатные кресты
  6
Continuous
100
AcDbLine
 10
3150.0
 20
10197.5
 30
0.0
 11
3150.0
 21
10202.5
 31
0.0
  0
LINE
  5
86E
330
2
100
AcDbEntity
  8
Координатные кресты
  6
Continuous
100
AcDbLine
 10
3197.5
 20
10000.0
 30
0.0
 11
3202.5
 21
10000.0
 31
0.0
  0
LINE
  5
86F
330
2
100
AcDbEntity
  8
Координатные кресты
  6
Continuous
100
AcDbLine
 10
3200.0
 20
9997.5
 30
0.0
 11
3200.0
 21
10002.5
 31
0.0
  0
LINE
  5
870
330
2
100
AcDbEntity
  8
Координатные кресты
  6
Continuous
100
AcDbLine
 10
3197.5
 20
10050.0
 30
0.0
 11
3202.5
 21
10050.0
 31
0.0
  0
LINE
  5
871
330
2
100
AcDbEntity
  8
Координатные кресты
  6
Continuous
100
AcDbLine
 10
3200.0
 20
10047.5
 30
0.0
 11
3200.0
 21
10052.5
 31
0.0
  0
LINE
  5
872
330
2
100
AcDbEntity
  8
Координатные кресты
  6
Continuous
100
AcDbLine
 10
3197.5
 20
10100.0
 30
0.0
 11
3202.5
 21
10100.0
 31
0.0
  0
LINE
  5
873
330
2
100
AcDbEntity
  8
Координатные кресты
  6
Continuous
100
AcDbLine
 10
3200.0
 20
10097.5
 30
0.0
 11
3200.0
 21
10102.5
 31
0.0
  0
LINE
  5
874
330
2
100
AcDbEntity
  8
Координатные кресты
  6
Continuous
100
AcDbLine
 10
3197.5
 20
10150.0
 30
0.0
 11
3202.5
 21
10150.0
 31
0.0
  0
LINE
  5
875
330
2
100
AcDbEntity
  8
Координатные кресты
  6
Continuous
100
AcDbLine
 10
3200.0
 20
10147.5
 30
0.0
 11
3200.0
 21
10152.5
 31
0.0
  0
LINE
  5
876
330
2
100
AcDbEntity
  8
Координатные кресты
  6
Continuous
100
AcDbLine
 10
3197.5
 20
10200.0
 30
0.0
 11
3202.5
 21
10200.0
 31
0.0
  0
LINE
  5
877
330
2
100
AcDbEntity
  8
Координатные кресты
  6
Continuous
100
AcDbLine
 10
3200.0
 20
10197.5
 30
0.0
 11
3200.0
 21
10202.5
 31
0.0
  0
LINE
  5
878
330
2
100
AcDbEntity
  8
Координатные кресты
  6
Continuous
100
AcDbLine
 10
3247.5
 20
10000.0
 30
0.0
 11
3252.5
 21
10000.0
 31
0.0
  0
LINE
  5
879
330
2
100
AcDbEntity
  8
Координатные кресты
  6
Continuous
100
AcDbLine
 10
3250.0
 20
9997.5
 30
0.0
 11
3250.0
 21
10002.5
 31
0.0
  0
LINE
  5
87A
330
2
100
AcDbEntity
  8
Координатные кресты
  6
Continuous
100
AcDbLine
 10
3247.5
 20
10050.0
 30
0.0
 11
3252.5
 21
10050.0
 31
0.0
  0
LINE
  5
87B
330
2
100
AcDbEntity
  8
Координатные кресты
  6
Continuous
100
AcDbLine
 10
3250.0
 20
10047.5
 30
0.0
 11
3250.0
 21
10052.5
 31
0.0
  0
LINE
  5
87C
330
2
100
AcDbEntity
  8
Координатные кресты
  6
Continuous
100
AcDbLine
 10
3247.5
 20
10100.0
 30
0.0
 11
3252.5
 21
10100.0
 31
0.0
  0
LINE
  5
87D
330
2
100
AcDbEntity
  8
Координатные кресты
  6
Continuous
100
AcDbLine
 10
3250.0
 20
10097.5
 30
0.0
 11
3250.0
 21
10102.5
 31
0.0
  0
LINE
  5
87E
330
2
100
AcDbEntity
  8
Координатные кресты
  6
Continuous
100
AcDbLine
 10
3247.5
 20
10150.0
 30
0.0
 11
3252.5
 21
10150.0
 31
0.0
  0
LINE
  5
87F
330
2
100
AcDbEntity
  8
Координатные кресты
  6
Continuous
100
AcDbLine
 10
3250.0
 20
10147.5
 30
0.0
 11
3250.0
 21
10152.5
 31
0.0
  0
LINE
  5
880
330
2
100
AcDbEntity
  8
Координатные кресты
  6
Continuous
100
AcDbLine
 10
3247.5
 20
10200.0
 30
0.0
 11
3252.5
 21
10200.0
 31
0.0
  0
LINE
  5
881
330
2
100
AcDbEntity
  8
Координатные кресты
  6
Continuous
100
AcDbLine
 10
3250.0
 20
10197.5
 30
0.0
 11
3250.0
 21
10202.5
 31
0.0
  0
LINE
  5
882
330
2
100
AcDbEntity
  8
Координатные кресты
  6
Continuous
100
AcDbLine
 10
3297.5
 20
10000.0
 30
0.0
 11
3302.5
 21
10000.0
 31
0.0
  0
LINE
  5
883
330
2
100
AcDbEntity
  8
Координатные кресты
  6
Continuous
100
AcDbLine
 10
3300.0
 20
9997.5
 30
0.0
 11
3300.0
 21
10002.5
 31
0.0
  0
LINE
  5
884
330
2
100
AcDbEntity
  8
Координатные кресты
  6
Continuous
100
AcDbLine
 10
3297.5
 20
10050.0
 30
0.0
 11
3302.5
 21
10050.0
 31
0.0
  0
LINE
  5
885
330
2
100
AcDbEntity
  8
Координатные кресты
  6
Continuous
100
AcDbLine
 10
3300.0
 20
10047.5
 30
0.0
 11
3300.0
 21
10052.5
 31
0.0
  0
LINE
  5
886
330
2
100
AcDbEntity
  8
Координатные кресты
  6
Continuous
100
AcDbLine
 10
3297.5
 20
10100.0
 30
0.0
 11
3302.5
 21
10100.0
 31
0.0
  0
LINE
  5
887
330
2
100
AcDbEntity
  8
Координатные кресты
  6
Continuous
100
AcDbLine
 10
3300.0
 20
10097.5
 30
0.0
 11
3300.0
 21
10102.5
 31
0.0
  0
LINE
  5
888
330
2
100
AcDbEntity
  8
Координатные кресты
  6
Continuous
100
AcDbLine
 10
3297.5
 20
10150.0
 30
0.0
 11
3302.5
 21
10150.0
 31
0.0
  0
LINE
  5
889
330
2
100
AcDbEntity
  8
Координатные кресты
  6
Continuous
100
AcDbLine
 10
3300.0
 20
10147.5
 30
0.0
 11
3300.0
 21
10152.5
 31
0.0
  0
LINE
  5
88A
330
2
100
AcDbEntity
  8
Координатные кресты
  6
Continuous
100
AcDbLine
 10
3297.5
 20
10200.0
 30
0.0
 11
3302.5
 21
10200.0
 31
0.0
  0
LINE
  5
88B
330
2
100
AcDbEntity
  8
Координатные кресты
  6
Continuous
100
AcDbLine
 10
3300.0
 20
10197.5
 30
0.0
 11
3300.0
 21
10202.5
 31
0.0
  0
LINE
  5
88C
330
2
100
AcDbEntity
  8
Координатные кресты
  6
Continuous
100
AcDbLine
 10
3347.5
 20
10000.0
 30
0.0
 11
3352.5
 21
10000.0
 31
0.0
  0
LINE
  5
88D
330
2
100
AcDbEntity
  8
Координатные кресты
  6
Continuous
100
AcDbLine
 10
3350.0
 20
9997.5
 30
0.0
 11
3350.0
 21
10002.5
 31
0.0
  0
LINE
  5
88E
330
2
100
AcDbEntity
  8
Координатные кресты
  6
Continuous
100
AcDbLine
 10
3347.5
 20
10050.0
 30
0.0
 11
3352.5
 21
10050.0
 31
0.0
  0
LINE
  5
88F
330
2
100
AcDbEntity
  8
Координатные кресты
  6
Continuous
100
AcDbLine
 10
3350.0
 20
10047.5
 30
0.0
 11
3350.0
 21
10052.5
 31
0.0
  0
LINE
  5
890
330
2
100
AcDbEntity
  8
Координатные кресты
  6
Continuous
100
AcDbLine
 10
3347.5
 20
10100.0
 30
0.0
 11
3352.5
 21
10100.0
 31
0.0
  0
LINE
  5
891
330
2
100
AcDbEntity
  8
Координатные кресты
  6
Continuous
100
AcDbLine
 10
3350.0
 20
10097.5
 30
0.0
 11
3350.0
 21
10102.5
 31
0.0
  0
LINE
  5
892
330
2
100
AcDbEntity
  8
Координатные кресты
  6
Continuous
100
AcDbLine
 10
3347.5
 20
10150.0
 30
0.0
 11
3352.5
 21
10150.0
 31
0.0
  0
LINE
  5
893
330
2
100
AcDbEntity
  8
Координатные кресты
  6
Continuous
100
AcDbLine
 10
3350.0
 20
10147.5
 30
0.0
 11
3350.0
 21
10152.5
 31
0.0
  0
LINE
  5
894
330
2
100
AcDbEntity
  8
Координатные кресты
  6
Continuous
100
AcDbLine
 10
3347.5
 20
10200.0
 30
0.0
 11
3352.5
 21
10200.0
 31
0.0
  0
LINE
  5
895
330
2
100
AcDbEntity
  8
Координатные кресты
  6
Continuous
100
AcDbLine
 10
3350.0
 20
10197.5
 30
0.0
 11
3350.0
 21
10202.5
 31
0.0
  0
LWPOLYLINE
  5
925
330
2
100
AcDbEntity
  8
Рамки
  6
Continuous
100
AcDbPolyline
 90
        5
 70
   128
 43
0.0
 10
3150.0
 20
9900.0
 10
3150.0
 20
10150.0
 10
3400.0
 20
10150.0
 10
3400.0
 20
9900.0
 10
3150.0
 20
9900.0
  0
LINE
  5
926
330
2
100
AcDbEntity
  8
Координатные кресты
  6
Continuous
100
AcDbLine
 10
3147.5
 20
10000.0
 30
0.0
 11
3152.5
 21
10000.0
 31
0.0
  0
LINE
  5
927
330
2
100
AcDbEntity
  8
Координатные кресты
  6
Continuous
100
AcDbLine
 10
3150.0
 20
9997.5
 30
0.0
 11
3150.0
 21
10002.5
 31
0.0
  0
LINE
  5
928
330
2
100
AcDbEntity
  8
Координатные кресты
  6
Continuous
100
AcDbLine
 10
3147.5
 20
10050.0
 30
0.0
 11
3152.5
 21
10050.0
 31
0.0
  0
LINE
  5
929
330
2
100
AcDbEntity
  8
Координатные кресты
  6
Continuous
100
AcDbLine
 10
3150.0
 20
10047.5
 30
0.0
 11
3150.0
 21
10052.5
 31
0.0
  0
LINE
  5
92A
330
2
100
AcDbEntity
  8
Координатные кресты
  6
Continuous
100
AcDbLine
 10
3147.5
 20
10100.0
 30
0.0
 11
3152.5
 21
10100.0
 31
0.0
  0
LINE
  5
92B
330
2
100
AcDbEntity
  8
Координатные кресты
  6
Continuous
100
AcDbLine
 10
3150.0
 20
10097.5
 30
0.0
 11
3150.0
 21
10102.5
 31
0.0
  0
LINE
  5
92C
330
2
100
AcDbEntity
  8
Координатные кресты
  6
Continuous
100
AcDbLine
 10
3147.5
 20
10150.0
 30
0.0
 11
3152.5
 21
10150.0
 31
0.0
  0
LINE
  5
92D
330
2
100
AcDbEntity
  8
Координатные кресты
  6
Continuous
100
AcDbLine
 10
3150.0
 20
10147.5
 30
0.0
 11
3150.0
 21
10152.5
 31
0.0
  0
LINE
  5
92E
330
2
100
AcDbEntity
  8
Координатные кресты
  6
Continuous
100
AcDbLine
 10
3197.5
 20
10000.0
 30
0.0
 11
3202.5
 21
10000.0
 31
0.0
  0
LINE
  5
92F
330
2
100
AcDbEntity
  8
Координатные кресты
  6
Continuous
100
AcDbLine
 10
3200.0
 20
9997.5
 30
0.0
 11
3200.0
 21
10002.5
 31
0.0
  0
LINE
  5
930
330
2
100
AcDbEntity
  8
Координатные кресты
  6
Continuous
100
AcDbLine
 10
3197.5
 20
10050.0
 30
0.0
 11
3202.5
 21
10050.0
 31
0.0
  0
LINE
  5
931
330
2
100
AcDbEntity
  8
Координатные кресты
  6
Continuous
100
AcDbLine
 10
3200.0
 20
10047.5
 30
0.0
 11
3200.0
 21
10052.5
 31
0.0
  0
LINE
  5
932
330
2
100
AcDbEntity
  8
Координатные кресты
  6
Continuous
100
AcDbLine
 10
3197.5
 20
10100.0
 30
0.0
 11
3202.5
 21
10100.0
 31
0.0
  0
LINE
  5
933
330
2
100
AcDbEntity
  8
Координатные кресты
  6
Continuous
100
AcDbLine
 10
3200.0
 20
10097.5
 30
0.0
 11
3200.0
 21
10102.5
 31
0.0
  0
LINE
  5
934
330
2
100
AcDbEntity
  8
Координатные кресты
  6
Continuous
100
AcDbLine
 10
3197.5
 20
10150.0
 30
0.0
 11
3202.5
 21
10150.0
 31
0.0
  0
LINE
  5
935
330
2
100
AcDbEntity
  8
Координатные кресты
  6
Continuous
100
AcDbLine
 10
3200.0
 20
10147.5
 30
0.0
 11
3200.0
 21
10152.5
 31
0.0
  0
LINE
  5
936
330
2
100
AcDbEntity
  8
Координатные кресты
  6
Continuous
100
AcDbLine
 10
3247.5
 20
10000.0
 30
0.0
 11
3252.5
 21
10000.0
 31
0.0
  0
LINE
  5
937
330
2
100
AcDbEntity
  8
Координатные кресты
  6
Continuous
100
AcDbLine
 10
3250.0
 20
9997.5
 30
0.0
 11
3250.0
 21
10002.5
 31
0.0
  0
LINE
  5
938
330
2
100
AcDbEntity
  8
Координатные кресты
  6
Continuous
100
AcDbLine
 10
3247.5
 20
10050.0
 30
0.0
 11
3252.5
 21
10050.0
 31
0.0
  0
LINE
  5
939
330
2
100
AcDbEntity
  8
Координатные кресты
  6
Continuous
100
AcDbLine
 10
3250.0
 20
10047.5
 30
0.0
 11
3250.0
 21
10052.5
 31
0.0
  0
LINE
  5
93A
330
2
100
AcDbEntity
  8
Координатные кресты
  6
Continuous
100
AcDbLine
 10
3247.5
 20
10100.0
 30
0.0
 11
3252.5
 21
10100.0
 31
0.0
  0
LINE
  5
93B
330
2
100
AcDbEntity
  8
Координатные кресты
  6
Continuous
100
AcDbLine
 10
3250.0
 20
10097.5
 30
0.0
 11
3250.0
 21
10102.5
 31
0.0
  0
LINE
  5
93C
330
2
100
AcDbEntity
  8
Координатные кресты
  6
Continuous
100
AcDbLine
 10
3247.5
 20
10150.0
 30
0.0
 11
3252.5
 21
10150.0
 31
0.0
  0
LINE
  5
93D
330
2
100
AcDbEntity
  8
Координатные кресты
  6
Continuous
100
AcDbLine
 10
3250.0
 20
10147.5
 30
0.0
 11
3250.0
 21
10152.5
 31
0.0
  0
LINE
  5
93E
330
2
100
AcDbEntity
  8
Координатные кресты
  6
Continuous
100
AcDbLine
 10
3297.5
 20
10000.0
 30
0.0
 11
3302.5
 21
10000.0
 31
0.0
  0
LINE
  5
93F
330
2
100
AcDbEntity
  8
Координатные кресты
  6
Continuous
100
AcDbLine
 10
3300.0
 20
9997.5
 30
0.0
 11
3300.0
 21
10002.5
 31
0.0
  0
LINE
  5
940
330
2
100
AcDbEntity
  8
Координатные кресты
  6
Continuous
100
AcDbLine
 10
3297.5
 20
10050.0
 30
0.0
 11
3302.5
 21
10050.0
 31
0.0
  0
LINE
  5
941
330
2
100
AcDbEntity
  8
Координатные кресты
  6
Continuous
100
AcDbLine
 10
3300.0
 20
10047.5
 30
0.0
 11
3300.0
 21
10052.5
 31
0.0
  0
LINE
  5
942
330
2
100
AcDbEntity
  8
Координатные кресты
  6
Continuous
100
AcDbLine
 10
3297.5
 20
10100.0
 30
0.0
 11
3302.5
 21
10100.0
 31
0.0
  0
LINE
  5
943
330
2
100
AcDbEntity
  8
Координатные кресты
  6
Continuous
100
AcDbLine
 10
3300.0
 20
10097.5
 30
0.0
 11
3300.0
 21
10102.5
 31
0.0
  0
LINE
  5
944
330
2
100
AcDbEntity
  8
Координатные кресты
  6
Continuous
100
AcDbLine
 10
3297.5
 20
10150.0
 30
0.0
 11
3302.5
 21
10150.0
 31
0.0
  0
LINE
  5
945
330
2
100
AcDbEntity
  8
Координатные кресты
  6
Continuous
100
AcDbLine
 10
3300.0
 20
10147.5
 30
0.0
 11
3300.0
 21
10152.5
 31
0.0
  0
LINE
  5
946
330
2
100
AcDbEntity
  8
Координатные кресты
  6
Continuous
100
AcDbLine
 10
3347.5
 20
10000.0
 30
0.0
 11
3352.5
 21
10000.0
 31
0.0
  0
LINE
  5
947
330
2
100
AcDbEntity
  8
Координатные кресты
  6
Continuous
100
AcDbLine
 10
3350.0
 20
9997.5
 30
0.0
 11
3350.0
 21
10002.5
 31
0.0
  0
LINE
  5
948
330
2
100
AcDbEntity
  8
Координатные кресты
  6
Continuous
100
AcDbLine
 10
3347.5
 20
10050.0
 30
0.0
 11
3352.5
 21
10050.0
 31
0.0
  0
LINE
  5
949
330
2
100
AcDbEntity
  8
Координатные кресты
  6
Continuous
100
AcDbLine
 10
3350.0
 20
10047.5
 30
0.0
 11
3350.0
 21
10052.5
 31
0.0
  0
LINE
  5
94A
330
2
100
AcDbEntity
  8
Координатные кресты
  6
Continuous
100
AcDbLine
 10
3347.5
 20
10100.0
 30
0.0
 11
3352.5
 21
10100.0
 31
0.0
  0
LINE
  5
94B
330
2
100
AcDbEntity
  8
Координатные кресты
  6
Continuous
100
AcDbLine
 10
3350.0
 20
10097.5
 30
0.0
 11
3350.0
 21
10102.5
 31
0.0
  0
LINE
  5
94C
330
2
100
AcDbEntity
  8
Координатные кресты
  6
Continuous
100
AcDbLine
 10
3347.5
 20
10150.0
 30
0.0
 11
3352.5
 21
10150.0
 31
0.0
  0
LINE
  5
94D
330
2
100
AcDbEntity
  8
Координатные кресты
  6
Continuous
100
AcDbLine
 10
3350.0
 20
10147.5
 30
0.0
 11
3350.0
 21
10152.5
 31
0.0
  0
LINE
  5
94E
330
2
100
AcDbEntity
  8
Координатные кресты
  6
Continuous
100
AcDbLine
 10
3147.5
 20
9900.0
 30
0.0
 11
3152.5
 21
9900.0
 31
0.0
  0
LINE
  5
94F
330
2
100
AcDbEntity
  8
Координатные кресты
  6
Continuous
100
AcDbLine
 10
3150.0
 20
9897.5
 30
0.0
 11
3150.0
 21
9902.5
 31
0.0
  0
LINE
  5
950
330
2
100
AcDbEntity
  8
Координатные кресты
  6
Continuous
100
AcDbLine
 10
3147.5
 20
9950.0
 30
0.0
 11
3152.5
 21
9950.0
 31
0.0
  0
LINE
  5
951
330
2
100
AcDbEntity
  8
Координатные кресты
  6
Continuous
100
AcDbLine
 10
3150.0
 20
9947.5
 30
0.0
 11
3150.0
 21
9952.5
 31
0.0
  0
LINE
  5
952
330
2
100
AcDbEntity
  8
Координатные кресты
  6
Continuous
100
AcDbLine
 10
3197.5
 20
9900.0
 30
0.0
 11
3202.5
 21
9900.0
 31
0.0
  0
LINE
  5
953
330
2
100
AcDbEntity
  8
Координатные кресты
  6
Continuous
100
AcDbLine
 10
3200.0
 20
9897.5
 30
0.0
 11
3200.0
 21
9902.5
 31
0.0
  0
LINE
  5
954
330
2
100
AcDbEntity
  8
Координатные кресты
  6
Continuous
100
AcDbLine
 10
3197.5
 20
9950.0
 30
0.0
 11
3202.5
 21
9950.0
 31
0.0
  0
LINE
  5
955
330
2
100
AcDbEntity
  8
Координатные кресты
  6
Continuous
100
AcDbLine
 10
3200.0
 20
9947.5
 30
0.0
 11
3200.0
 21
9952.5
 31
0.0
  0
LINE
  5
956
330
2
100
AcDbEntity
  8
Координатные кресты
  6
Continuous
100
AcDbLine
 10
3247.5
 20
9900.0
 30
0.0
 11
3252.5
 21
9900.0
 31
0.0
  0
LINE
  5
957
330
2
100
AcDbEntity
  8
Координатные кресты
  6
Continuous
100
AcDbLine
 10
3250.0
 20
9897.5
 30
0.0
 11
3250.0
 21
9902.5
 31
0.0
  0
LINE
  5
958
330
2
100
AcDbEntity
  8
Координатные кресты
  6
Continuous
100
AcDbLine
 10
3247.5
 20
9950.0
 30
0.0
 11
3252.5
 21
9950.0
 31
0.0
  0
LINE
  5
959
330
2
100
AcDbEntity
  8
Координатные кресты
  6
Continuous
100
AcDbLine
 10
3250.0
 20
9947.5
 30
0.0
 11
3250.0
 21
9952.5
 31
0.0
  0
LINE
  5
95A
330
2
100
AcDbEntity
  8
Координатные кресты
  6
Continuous
100
AcDbLine
 10
3297.5
 20
9900.0
 30
0.0
 11
3302.5
 21
9900.0
 31
0.0
  0
LINE
  5
95B
330
2
100
AcDbEntity
  8
Координатные кресты
  6
Continuous
100
AcDbLine
 10
3300.0
 20
9897.5
 30
0.0
 11
3300.0
 21
9902.5
 31
0.0
  0
LINE
  5
95C
330
2
100
AcDbEntity
  8
Координатные кресты
  6
Continuous
100
AcDbLine
 10
3297.5
 20
9950.0
 30
0.0
 11
3302.5
 21
9950.0
 31
0.0
  0
LINE
  5
95D
330
2
100
AcDbEntity
  8
Координатные кресты
  6
Continuous
100
AcDbLine
 10
3300.0
 20
9947.5
 30
0.0
 11
3300.0
 21
9952.5
 31
0.0
  0
LINE
  5
95E
330
2
100
AcDbEntity
  8
Координатные кресты
  6
Continuous
100
AcDbLine
 10
3347.5
 20
9900.0
 30
0.0
 11
3352.5
 21
9900.0
 31
0.0
  0
LINE
  5
95F
330
2
100
AcDbEntity
  8
Координатные кресты
  6
Continuous
100
AcDbLine
 10
3350.0
 20
9897.5
 30
0.0
 11
3350.0
 21
9902.5
 31
0.0
  0
LINE
  5
960
330
2
100
AcDbEntity
  8
Координатные кресты
  6
Continuous
100
AcDbLine
 10
3347.5
 20
9950.0
 30
0.0
 11
3352.5
 21
9950.0
 31
0.0
  0
LINE
  5
961
330
2
100
AcDbEntity
  8
Координатные кресты
  6
Continuous
100
AcDbLine
 10
3350.0
 20
9947.5
 30
0.0
 11
3350.0
 21
9952.5
 31
0.0
  0
LINE
  5
962
330
2
100
AcDbEntity
  8
Координатные кресты
  6
Continuous
100
AcDbLine
 10
3397.5
 20
9900.0
 30
0.0
 11
3402.5
 21
9900.0
 31
0.0
  0
LINE
  5
963
330
2
100
AcDbEntity
  8
Координатные кресты
  6
Continuous
100
AcDbLine
 10
3400.0
 20
9897.5
 30
0.0
 11
3400.0
 21
9902.5
 31
0.0
  0
LINE
  5
964
330
2
100
AcDbEntity
  8
Координатные кресты
  6
Continuous
100
AcDbLine
 10
3397.5
 20
9950.0
 30
0.0
 11
3402.5
 21
9950.0
 31
0.0
  0
LINE
  5
965
330
2
100
AcDbEntity
  8
Координатные кресты
  6
Continuous
100
AcDbLine
 10
3400.0
 20
9947.5
 30
0.0
 11
3400.0
 21
9952.5
 31
0.0
  0
LINE
  5
966
330
2
100
AcDbEntity
  8
Координатные кресты
  6
Continuous
100
AcDbLine
 10
3397.5
 20
10000.0
 30
0.0
 11
3402.5
 21
10000.0
 31
0.0
  0
LINE
  5
967
330
2
100
AcDbEntity
  8
Координатные кресты
  6
Continuous
100
AcDbLine
 10
3400.0
 20
9997.5
 30
0.0
 11
3400.0
 21
10002.5
 31
0.0
  0
LINE
  5
968
330
2
100
AcDbEntity
  8
Координатные кресты
  6
Continuous
100
AcDbLine
 10
3397.5
 20
10050.0
 30
0.0
 11
3402.5
 21
10050.0
 31
0.0
  0
LINE
  5
969
330
2
100
AcDbEntity
  8
Координатные кресты
  6
Continuous
100
AcDbLine
 10
3400.0
 20
10047.5
 30
0.0
 11
3400.0
 21
10052.5
 31
0.0
  0
LINE
  5
96A
330
2
100
AcDbEntity
  8
Координатные кресты
  6
Continuous
100
AcDbLine
 10
3397.5
 20
10100.0
 30
0.0
 11
3402.5
 21
10100.0
 31
0.0
  0
LINE
  5
96B
330
2
100
AcDbEntity
  8
Координатные кресты
  6
Continuous
100
AcDbLine
 10
3400.0
 20
10097.5
 30
0.0
 11
3400.0
 21
10102.5
 31
0.0
  0
LINE
  5
96C
330
2
100
AcDbEntity
  8
Координатные кресты
  6
Continuous
100
AcDbLine
 10
3397.5
 20
10150.0
 30
0.0
 11
3402.5
 21
10150.0
 31
0.0
  0
LINE
  5
96D
330
2
100
AcDbEntity
  8
Координатные кресты
  6
Continuous
100
AcDbLine
 10
3400.0
 20
10147.5
 30
0.0
 11
3400.0
 21
10152.5
 31
0.0
  0
LWPOLYLINE
  5
96E
330
2
100
AcDbEntity
  8
Граница заказа
  6
Continuous
100
AcDbPolyline
 90
       24
 70
   128
 43
0.0
 10
3343.705
 20
10023.476
 10
3329.603
 20
10021.748
 10
3325.421000000001
 20
10082.077
 10
3324.474
 20
10104.631
 10
3267.638
 20
10085.54
 10
3225.238000000001
 20
10070.493
 10
3228.02
 20
10030.309
 10
3185.147
 20
10026.735
 10
3187.533
 20
9998.827
 10
3234.983
 20
10002.133
 10
3238.511
 20
9952.02
 10
3210.208
 20
9954.078
 10
3193.27
 20
9926.638
 10
3193.666
 20
9923.726
 10
3208.145
 20
9938.473
 10
3244.135
 20
9939.742
 10
3281.344
 20
9942.486
 10
3282.079
 20
9933.152
 10
3307.139
 20
9936.128
 10
3324.517000000001
 20
9938.647
 10
3349.141
 20
9942.484
 10
3343.376
 20
10006.018
 10
3345.35
 20
10006.208
 10
3343.705
 20
10023.476
  0
TEXT
  5
96F
330
2
100
AcDbEntity
  8
Подписи рамок
  6
Continuous
100
AcDbText
 10
3160.0
 20
10131.667
 30
0.0
 40
8.333
  1
10
  7
Style-RUSSIAN_1251 I 0.00000
 11
3160.0
 21
10140.0
 31
0.0
100
AcDbText
 73
     3
  0
LWPOLYLINE
  5
9AB
330
2
100
AcDbEntity
  8
Рамки
  6
Continuous
100
AcDbPolyline
 90
        5
 70
   128
 43
0.0
 10
3595.019444410332
 20
11250.85016658256
 10
3595.019444410332
 20
11500.85016658256
 10
3845.019444410332
 20
11500.85016658256
 10
3845.019444410332
 20
11250.85016658256
 10
3595.019444410332
 20
11250.85016658256
  0
LINE
  5
9AC
330
2
100
AcDbEntity
  8
Координатные кресты
  6
Continuous
100
AcDbLine
 10
3597.5
 20
11300.0
 30
0.0
 11
3602.5
 21
11300.0
 31
0.0
  0
LINE
  5
9AD
330
2
100
AcDbEntity
  8
Координатные кресты
  6
Continuous
100
AcDbLine
 10
3600.0
 20
11297.5
 30
0.0
 11
3600.0
 21
11302.5
 31
0.0
  0
LINE
  5
9AE
330
2
100
AcDbEntity
  8
Координатные кресты
  6
Continuous
100
AcDbLine
 10
3597.5
 20
11350.0
 30
0.0
 11
3602.5
 21
11350.0
 31
0.0
  0
LINE
  5
9AF
330
2
100
AcDbEntity
  8
Координатные кресты
  6
Continuous
100
AcDbLine
 10
3600.0
 20
11347.5
 30
0.0
 11
3600.0
 21
11352.5
 31
0.0
  0
LINE
  5
9B0
330
2
100
AcDbEntity
  8
Координатные кресты
  6
Continuous
100
AcDbLine
 10
3597.5
 20
11400.0
 30
0.0
 11
3602.5
 21
11400.0
 31
0.0
  0
LINE
  5
9B1
330
2
100
AcDbEntity
  8
Координатные кресты
  6
Continuous
100
AcDbLine
 10
3600.0
 20
11397.5
 30
0.0
 11
3600.0
 21
11402.5
 31
0.0
  0
LINE
  5
9B2
330
2
100
AcDbEntity
  8
Координатные кресты
  6
Continuous
100
AcDbLine
 10
3597.5
 20
11450.0
 30
0.0
 11
3602.5
 21
11450.0
 31
0.0
  0
LINE
  5
9B3
330
2
100
AcDbEntity
  8
Координатные кресты
  6
Continuous
100
AcDbLine
 10
3600.0
 20
11447.5
 30
0.0
 11
3600.0
 21
11452.5
 31
0.0
  0
LINE
  5
9B4
330
2
100
AcDbEntity
  8
Координатные кресты
  6
Continuous
100
AcDbLine
 10
3597.5
 20
11500.0
 30
0.0
 11
3602.5
 21
11500.0
 31
0.0
  0
LINE
  5
9B5
330
2
100
AcDbEntity
  8
Координатные кресты
  6
Continuous
100
AcDbLine
 10
3600.0
 20
11497.5
 30
0.0
 11
3600.0
 21
11502.5
 31
0.0
  0
LINE
  5
9B6
330
2
100
AcDbEntity
  8
Координатные кресты
  6
Continuous
100
AcDbLine
 10
3647.5
 20
11300.0
 30
0.0
 11
3652.5
 21
11300.0
 31
0.0
  0
LINE
  5
9B7
330
2
100
AcDbEntity
  8
Координатные кресты
  6
Continuous
100
AcDbLine
 10
3650.0
 20
11297.5
 30
0.0
 11
3650.0
 21
11302.5
 31
0.0
  0
LINE
  5
9B8
330
2
100
AcDbEntity
  8
Координатные кресты
  6
Continuous
100
AcDbLine
 10
3647.5
 20
11350.0
 30
0.0
 11
3652.5
 21
11350.0
 31
0.0
  0
LINE
  5
9B9
330
2
100
AcDbEntity
  8
Координатные кресты
  6
Continuous
100
AcDbLine
 10
3650.0
 20
11347.5
 30
0.0
 11
3650.0
 21
11352.5
 31
0.0
  0
LINE
  5
9BA
330
2
100
AcDbEntity
  8
Координатные кресты
  6
Continuous
100
AcDbLine
 10
3647.5
 20
11400.0
 30
0.0
 11
3652.5
 21
11400.0
 31
0.0
  0
LINE
  5
9BB
330
2
100
AcDbEntity
  8
Координатные кресты
  6
Continuous
100
AcDbLine
 10
3650.0
 20
11397.5
 30
0.0
 11
3650.0
 21
11402.5
 31
0.0
  0
LINE
  5
9BC
330
2
100
AcDbEntity
  8
Координатные кресты
  6
Continuous
100
AcDbLine
 10
3647.5
 20
11450.0
 30
0.0
 11
3652.5
 21
11450.0
 31
0.0
  0
LINE
  5
9BD
330
2
100
AcDbEntity
  8
Координатные кресты
  6
Continuous
100
AcDbLine
 10
3650.0
 20
11447.5
 30
0.0
 11
3650.0
 21
11452.5
 31
0.0
  0
LINE
  5
9BE
330
2
100
AcDbEntity
  8
Координатные кресты
  6
Continuous
100
AcDbLine
 10
3647.5
 20
11500.0
 30
0.0
 11
3652.5
 21
11500.0
 31
0.0
  0
LINE
  5
9BF
330
2
100
AcDbEntity
  8
Координатные кресты
  6
Continuous
100
AcDbLine
 10
3650.0
 20
11497.5
 30
0.0
 11
3650.0
 21
11502.5
 31
0.0
  0
LINE
  5
9C0
330
2
100
AcDbEntity
  8
Координатные кресты
  6
Continuous
100
AcDbLine
 10
3697.5
 20
11300.0
 30
0.0
 11
3702.5
 21
11300.0
 31
0.0
  0
LINE
  5
9C1
330
2
100
AcDbEntity
  8
Координатные кресты
  6
Continuous
100
AcDbLine
 10
3700.0
 20
11297.5
 30
0.0
 11
3700.0
 21
11302.5
 31
0.0
  0
LINE
  5
9C2
330
2
100
AcDbEntity
  8
Координатные кресты
  6
Continuous
100
AcDbLine
 10
3697.5
 20
11350.0
 30
0.0
 11
3702.5
 21
11350.0
 31
0.0
  0
LINE
  5
9C3
330
2
100
AcDbEntity
  8
Координатные кресты
  6
Continuous
100
AcDbLine
 10
3700.0
 20
11347.5
 30
0.0
 11
3700.0
 21
11352.5
 31
0.0
  0
LINE
  5
9C4
330
2
100
AcDbEntity
  8
Координатные кресты
  6
Continuous
100
AcDbLine
 10
3697.5
 20
11400.0
 30
0.0
 11
3702.5
 21
11400.0
 31
0.0
  0
LINE
  5
9C5
330
2
100
AcDbEntity
  8
Координатные кресты
  6
Continuous
100
AcDbLine
 10
3700.0
 20
11397.5
 30
0.0
 11
3700.0
 21
11402.5
 31
0.0
  0
LINE
  5
9C6
330
2
100
AcDbEntity
  8
Координатные кресты
  6
Continuous
100
AcDbLine
 10
3697.5
 20
11450.0
 30
0.0
 11
3702.5
 21
11450.0
 31
0.0
  0
LINE
  5
9C7
330
2
100
AcDbEntity
  8
Координатные кресты
  6
Continuous
100
AcDbLine
 10
3700.0
 20
11447.5
 30
0.0
 11
3700.0
 21
11452.5
 31
0.0
  0
LINE
  5
9C8
330
2
100
AcDbEntity
  8
Координатные кресты
  6
Continuous
100
AcDbLine
 10
3697.5
 20
11500.0
 30
0.0
 11
3702.5
 21
11500.0
 31
0.0
  0
LINE
  5
9C9
330
2
100
AcDbEntity
  8
Координатные кресты
  6
Continuous
100
AcDbLine
 10
3700.0
 20
11497.5
 30
0.0
 11
3700.0
 21
11502.5
 31
0.0
  0
LINE
  5
9CA
330
2
100
AcDbEntity
  8
Координатные кресты
  6
Continuous
100
AcDbLine
 10
3747.5
 20
11300.0
 30
0.0
 11
3752.5
 21
11300.0
 31
0.0
  0
LINE
  5
9CB
330
2
100
AcDbEntity
  8
Координатные кресты
  6
Continuous
100
AcDbLine
 10
3750.0
 20
11297.5
 30
0.0
 11
3750.0
 21
11302.5
 31
0.0
  0
LINE
  5
9CC
330
2
100
AcDbEntity
  8
Координатные кресты
  6
Continuous
100
AcDbLine
 10
3747.5
 20
11350.0
 30
0.0
 11
3752.5
 21
11350.0
 31
0.0
  0
LINE
  5
9CD
330
2
100
AcDbEntity
  8
Координатные кресты
  6
Continuous
100
AcDbLine
 10
3750.0
 20
11347.5
 30
0.0
 11
3750.0
 21
11352.5
 31
0.0
  0
LINE
  5
9CE
330
2
100
AcDbEntity
  8
Координатные кресты
  6
Continuous
100
AcDbLine
 10
3747.5
 20
11400.0
 30
0.0
 11
3752.5
 21
11400.0
 31
0.0
  0
LINE
  5
9CF
330
2
100
AcDbEntity
  8
Координатные кресты
  6
Continuous
100
AcDbLine
 10
3750.0
 20
11397.5
 30
0.0
 11
3750.0
 21
11402.5
 31
0.0
  0
LINE
  5
9D0
330
2
100
AcDbEntity
  8
Координатные кресты
  6
Continuous
100
AcDbLine
 10
3747.5
 20
11450.0
 30
0.0
 11
3752.5
 21
11450.0
 31
0.0
  0
LINE
  5
9D1
330
2
100
AcDbEntity
  8
Координатные кресты
  6
Continuous
100
AcDbLine
 10
3750.0
 20
11447.5
 30
0.0
 11
3750.0
 21
11452.5
 31
0.0
  0
LINE
  5
9D2
330
2
100
AcDbEntity
  8
Координатные кресты
  6
Continuous
100
AcDbLine
 10
3747.5
 20
11500.0
 30
0.0
 11
3752.5
 21
11500.0
 31
0.0
  0
LINE
  5
9D3
330
2
100
AcDbEntity
  8
Координатные кресты
  6
Continuous
100
AcDbLine
 10
3750.0
 20
11497.5
 30
0.0
 11
3750.0
 21
11502.5
 31
0.0
  0
LINE
  5
9D4
330
2
100
AcDbEntity
  8
Координатные кресты
  6
Continuous
100
AcDbLine
 10
3797.5
 20
11300.0
 30
0.0
 11
3802.5
 21
11300.0
 31
0.0
  0
LINE
  5
9D5
330
2
100
AcDbEntity
  8
Координатные кресты
  6
Continuous
100
AcDbLine
 10
3800.0
 20
11297.5
 30
0.0
 11
3800.0
 21
11302.5
 31
0.0
  0
LINE
  5
9D6
330
2
100
AcDbEntity
  8
Координатные кресты
  6
Continuous
100
AcDbLine
 10
3797.5
 20
11350.0
 30
0.0
 11
3802.5
 21
11350.0
 31
0.0
  0
LINE
  5
9D7
330
2
100
AcDbEntity
  8
Координатные кресты
  6
Continuous
100
AcDbLine
 10
3800.0
 20
11347.5
 30
0.0
 11
3800.0
 21
11352.5
 31
0.0
  0
LINE
  5
9D8
330
2
100
AcDbEntity
  8
Координатные кресты
  6
Continuous
100
AcDbLine
 10
3797.5
 20
11400.0
 30
0.0
 11
3802.5
 21
11400.0
 31
0.0
  0
LINE
  5
9D9
330
2
100
AcDbEntity
  8
Координатные кресты
  6
Continuous
100
AcDbLine
 10
3800.0
 20
11397.5
 30
0.0
 11
3800.0
 21
11402.5
 31
0.0
  0
LINE
  5
9DA
330
2
100
AcDbEntity
  8
Координатные кресты
  6
Continuous
100
AcDbLine
 10
3797.5
 20
11450.0
 30
0.0
 11
3802.5
 21
11450.0
 31
0.0
  0
LINE
  5
9DB
330
2
100
AcDbEntity
  8
Координатные кресты
  6
Continuous
100
AcDbLine
 10
3800.0
 20
11447.5
 30
0.0
 11
3800.0
 21
11452.5
 31
0.0
  0
LINE
  5
9DC
330
2
100
AcDbEntity
  8
Координатные кресты
  6
Continuous
100
AcDbLine
 10
3797.5
 20
11500.0
 30
0.0
 11
3802.5
 21
11500.0
 31
0.0
  0
LINE
  5
9DD
330
2
100
AcDbEntity
  8
Координатные кресты
  6
Continuous
100
AcDbLine
 10
3800.0
 20
11497.5
 30
0.0
 11
3800.0
 21
11502.5
 31
0.0
  0
LWPOLYLINE
  5
9DE
330
2
100
AcDbEntity
  8
Граница заказа
  6
Continuous
100
AcDbPolyline
 90
       19
 70
   128
 43
0.0
 10
3668.377
 20
11451.887
 10
3667.239
 20
11453.159
 10
3667.462
 20
11452.082
 10
3672.38
 20
11428.36
 10
3666.02
 20
11423.205
 10
3680.619
 20
11399.486
 10
3684.391
 20
11393.15
 10
3692.779
 20
11379.694
 10
3692.439
 20
11379.484
 10
3702.277
 20
11364.176
 10
3702.707
 20
11364.433
 10
3709.499000000001
 20
11353.07
 10
3751.748
 20
11284.45
 10
3757.283
 20
11275.648
 10
3760.406
 20
11282.417
 10
3755.312
 20
11291.797
 10
3755.022
 20
11292.279
 10
3755.044
 20
11292.292
 10
3668.377
 20
11451.887
  0
TEXT
  5
9DF
330
2
100
AcDbEntity
  8
Подписи рамок
  6
Continuous
100
AcDbText
 10
3605.019444410332
 20
11482.51716658256
 30
0.0
 40
8.333
  1
1
  7
Style-RUSSIAN_1251 I 0.00000
 11
3605.019444410332
 21
11490.85016658256
 31
0.0
100
AcDbText
 73
     3
  0
LWPOLYLINE
  5
B0F
330
2
100
AcDbEntity
  8
Рамки
  6
Continuous
100
AcDbPolyline
 90
        5
 70
   128
 43
0.0
 10
3600.0
 20
11200.0
 10
3600.0
 20
11450.0
 10
3850.0
 20
11450.0
 10
3850.0
 20
11200.0
 10
3600.0
 20
11200.0
  0
LINE
  5
B10
330
2
100
AcDbEntity
  8
Координатные кресты
  6
Continuous
100
AcDbLine
 10
3597.5
 20
11200.0
 30
0.0
 11
3602.5
 21
11200.0
 31
0.0
  0
LINE
  5
B11
330
2
100
AcDbEntity
  8
Координатные кресты
  6
Continuous
100
AcDbLine
 10
3600.0
 20
11197.5
 30
0.0
 11
3600.0
 21
11202.5
 31
0.0
  0
LINE
  5
B12
330
2
100
AcDbEntity
  8
Координатные кресты
  6
Continuous
100
AcDbLine
 10
3597.5
 20
11250.0
 30
0.0
 11
3602.5
 21
11250.0
 31
0.0
  0
LINE
  5
B13
330
2
100
AcDbEntity
  8
Координатные кресты
  6
Continuous
100
AcDbLine
 10
3600.0
 20
11247.5
 30
0.0
 11
3600.0
 21
11252.5
 31
0.0
  0
LINE
  5
B14
330
2
100
AcDbEntity
  8
Координатные кресты
  6
Continuous
100
AcDbLine
 10
3597.5
 20
11300.0
 30
0.0
 11
3602.5
 21
11300.0
 31
0.0
  0
LINE
  5
B15
330
2
100
AcDbEntity
  8
Координатные кресты
  6
Continuous
100
AcDbLine
 10
3600.0
 20
11297.5
 30
0.0
 11
3600.0
 21
11302.5
 31
0.0
  0
LINE
  5
B16
330
2
100
AcDbEntity
  8
Координатные кресты
  6
Continuous
100
AcDbLine
 10
3597.5
 20
11350.0
 30
0.0
 11
3602.5
 21
11350.0
 31
0.0
  0
LINE
  5
B17
330
2
100
AcDbEntity
  8
Координатные кресты
  6
Continuous
100
AcDbLine
 10
3600.0
 20
11347.5
 30
0.0
 11
3600.0
 21
11352.5
 31
0.0
  0
LINE
  5
B18
330
2
100
AcDbEntity
  8
Координатные кресты
  6
Continuous
100
AcDbLine
 10
3597.5
 20
11400.0
 30
0.0
 11
3602.5
 21
11400.0
 31
0.0
  0
LINE
  5
B19
330
2
100
AcDbEntity
  8
Координатные кресты
  6
Continuous
100
AcDbLine
 10
3600.0
 20
11397.5
 30
0.0
 11
3600.0
 21
11402.5
 31
0.0
  0
LINE
  5
B1A
330
2
100
AcDbEntity
  8
Координатные кресты
  6
Continuous
100
AcDbLine
 10
3597.5
 20
11450.0
 30
0.0
 11
3602.5
 21
11450.0
 31
0.0
  0
LINE
  5
B1B
330
2
100
AcDbEntity
  8
Координатные кресты
  6
Continuous
100
AcDbLine
 10
3600.0
 20
11447.5
 30
0.0
 11
3600.0
 21
11452.5
 31
0.0
  0
LINE
  5
B1C
330
2
100
AcDbEntity
  8
Координатные кресты
  6
Continuous
100
AcDbLine
 10
3647.5
 20
11200.0
 30
0.0
 11
3652.5
 21
11200.0
 31
0.0
  0
LINE
  5
B1D
330
2
100
AcDbEntity
  8
Координатные кресты
  6
Continuous
100
AcDbLine
 10
3650.0
 20
11197.5
 30
0.0
 11
3650.0
 21
11202.5
 31
0.0
  0
LINE
  5
B1E
330
2
100
AcDbEntity
  8
Координатные кресты
  6
Continuous
100
AcDbLine
 10
3647.5
 20
11250.0
 30
0.0
 11
3652.5
 21
11250.0
 31
0.0
  0
LINE
  5
B1F
330
2
100
AcDbEntity
  8
Координатные кресты
  6
Continuous
100
AcDbLine
 10
3650.0
 20
11247.5
 30
0.0
 11
3650.0
 21
11252.5
 31
0.0
  0
LINE
  5
B20
330
2
100
AcDbEntity
  8
Координатные кресты
  6
Continuous
100
AcDbLine
 10
3647.5
 20
11300.0
 30
0.0
 11
3652.5
 21
11300.0
 31
0.0
  0
LINE
  5
B21
330
2
100
AcDbEntity
  8
Координатные кресты
  6
Continuous
100
AcDbLine
 10
3650.0
 20
11297.5
 30
0.0
 11
3650.0
 21
11302.5
 31
0.0
  0
LINE
  5
B22
330
2
100
AcDbEntity
  8
Координатные кресты
  6
Continuous
100
AcDbLine
 10
3647.5
 20
11350.0
 30
0.0
 11
3652.5
 21
11350.0
 31
0.0
  0
LINE
  5
B23
330
2
100
AcDbEntity
  8
Координатные кресты
  6
Continuous
100
AcDbLine
 10
3650.0
 20
11347.5
 30
0.0
 11
3650.0
 21
11352.5
 31
0.0
  0
LINE
  5
B24
330
2
100
AcDbEntity
  8
Координатные кресты
  6
Continuous
100
AcDbLine
 10
3647.5
 20
11400.0
 30
0.0
 11
3652.5
 21
11400.0
 31
0.0
  0
LINE
  5
B25
330
2
100
AcDbEntity
  8
Координатные кресты
  6
Continuous
100
AcDbLine
 10
3650.0
 20
11397.5
 30
0.0
 11
3650.0
 21
11402.5
 31
0.0
  0
LINE
  5
B26
330
2
100
AcDbEntity
  8
Координатные кресты
  6
Continuous
100
AcDbLine
 10
3647.5
 20
11450.0
 30
0.0
 11
3652.5
 21
11450.0
 31
0.0
  0
LINE
  5
B27
330
2
100
AcDbEntity
  8
Координатные кресты
  6
Continuous
100
AcDbLine
 10
3650.0
 20
11447.5
 30
0.0
 11
3650.0
 21
11452.5
 31
0.0
  0
LINE
  5
B28
330
2
100
AcDbEntity
  8
Координатные кресты
  6
Continuous
100
AcDbLine
 10
3697.5
 20
11200.0
 30
0.0
 11
3702.5
 21
11200.0
 31
0.0
  0
LINE
  5
B29
330
2
100
AcDbEntity
  8
Координатные кресты
  6
Continuous
100
AcDbLine
 10
3700.0
 20
11197.5
 30
0.0
 11
3700.0
 21
11202.5
 31
0.0
  0
LINE
  5
B2A
330
2
100
AcDbEntity
  8
Координатные кресты
  6
Continuous
100
AcDbLine
 10
3697.5
 20
11250.0
 30
0.0
 11
3702.5
 21
11250.0
 31
0.0
  0
LINE
  5
B2B
330
2
100
AcDbEntity
  8
Координатные кресты
  6
Continuous
100
AcDbLine
 10
3700.0
 20
11247.5
 30
0.0
 11
3700.0
 21
11252.5
 31
0.0
  0
LINE
  5
B2C
330
2
100
AcDbEntity
  8
Координатные кресты
  6
Continuous
100
AcDbLine
 10
3697.5
 20
11300.0
 30
0.0
 11
3702.5
 21
11300.0
 31
0.0
  0
LINE
  5
B2D
330
2
100
AcDbEntity
  8
Координатные кресты
  6
Continuous
100
AcDbLine
 10
3700.0
 20
11297.5
 30
0.0
 11
3700.0
 21
11302.5
 31
0.0
  0
LINE
  5
B2E
330
2
100
AcDbEntity
  8
Координатные кресты
  6
Continuous
100
AcDbLine
 10
3697.5
 20
11350.0
 30
0.0
 11
3702.5
 21
11350.0
 31
0.0
  0
LINE
  5
B2F
330
2
100
AcDbEntity
  8
Координатные кресты
  6
Continuous
100
AcDbLine
 10
3700.0
 20
11347.5
 30
0.0
 11
3700.0
 21
11352.5
 31
0.0
  0
LINE
  5
B30
330
2
100
AcDbEntity
  8
Координатные кресты
  6
Continuous
100
AcDbLine
 10
3697.5
 20
11400.0
 30
0.0
 11
3702.5
 21
11400.0
 31
0.0
  0
LINE
  5
B31
330
2
100
AcDbEntity
  8
Координатные кресты
  6
Continuous
100
AcDbLine
 10
3700.0
 20
11397.5
 30
0.0
 11
3700.0
 21
11402.5
 31
0.0
  0
LINE
  5
B32
330
2
100
AcDbEntity
  8
Координатные кресты
  6
Continuous
100
AcDbLine
 10
3697.5
 20
11450.0
 30
0.0
 11
3702.5
 21
11450.0
 31
0.0
  0
LINE
  5
B33
330
2
100
AcDbEntity
  8
Координатные кресты
  6
Continuous
100
AcDbLine
 10
3700.0
 20
11447.5
 30
0.0
 11
3700.0
 21
11452.5
 31
0.0
  0
LINE
  5
B34
330
2
100
AcDbEntity
  8
Координатные кресты
  6
Continuous
100
AcDbLine
 10
3747.5
 20
11200.0
 30
0.0
 11
3752.5
 21
11200.0
 31
0.0
  0
LINE
  5
B35
330
2
100
AcDbEntity
  8
Координатные кресты
  6
Continuous
100
AcDbLine
 10
3750.0
 20
11197.5
 30
0.0
 11
3750.0
 21
11202.5
 31
0.0
  0
LINE
  5
B36
330
2
100
AcDbEntity
  8
Координатные кресты
  6
Continuous
100
AcDbLine
 10
3747.5
 20
11250.0
 30
0.0
 11
3752.5
 21
11250.0
 31
0.0
  0
LINE
  5
B37
330
2
100
AcDbEntity
  8
Координатные кресты
  6
Continuous
100
AcDbLine
 10
3750.0
 20
11247.5
 30
0.0
 11
3750.0
 21
11252.5
 31
0.0
  0
LINE
  5
B38
330
2
100
AcDbEntity
  8
Координатные кресты
  6
Continuous
100
AcDbLine
 10
3747.5
 20
11300.0
 30
0.0
 11
3752.5
 21
11300.0
 31
0.0
  0
LINE
  5
B39
330
2
100
AcDbEntity
  8
Координатные кресты
  6
Continuous
100
AcDbLine
 10
3750.0
 20
11297.5
 30
0.0
 11
3750.0
 21
11302.5
 31
0.0
  0
LINE
  5
B3A
330
2
100
AcDbEntity
  8
Координатные кресты
  6
Continuous
100
AcDbLine
 10
3747.5
 20
11350.0
 30
0.0
 11
3752.5
 21
11350.0
 31
0.0
  0
LINE
  5
B3B
330
2
100
AcDbEntity
  8
Координатные кресты
  6
Continuous
100
AcDbLine
 10
3750.0
 20
11347.5
 30
0.0
 11
3750.0
 21
11352.5
 31
0.0
  0
LINE
  5
B3C
330
2
100
AcDbEntity
  8
Координатные кресты
  6
Continuous
100
AcDbLine
 10
3747.5
 20
11400.0
 30
0.0
 11
3752.5
 21
11400.0
 31
0.0
  0
LINE
  5
B3D
330
2
100
AcDbEntity
  8
Координатные кресты
  6
Continuous
100
AcDbLine
 10
3750.0
 20
11397.5
 30
0.0
 11
3750.0
 21
11402.5
 31
0.0
  0
LINE
  5
B3E
330
2
100
AcDbEntity
  8
Координатные кресты
  6
Continuous
100
AcDbLine
 10
3747.5
 20
11450.0
 30
0.0
 11
3752.5
 21
11450.0
 31
0.0
  0
LINE
  5
B3F
330
2
100
AcDbEntity
  8
Координатные кресты
  6
Continuous
100
AcDbLine
 10
3750.0
 20
11447.5
 30
0.0
 11
3750.0
 21
11452.5
 31
0.0
  0
LINE
  5
B40
330
2
100
AcDbEntity
  8
Координатные кресты
  6
Continuous
100
AcDbLine
 10
3797.5
 20
11200.0
 30
0.0
 11
3802.5
 21
11200.0
 31
0.0
  0
LINE
  5
B41
330
2
100
AcDbEntity
  8
Координатные кресты
  6
Continuous
100
AcDbLine
 10
3800.0
 20
11197.5
 30
0.0
 11
3800.0
 21
11202.5
 31
0.0
  0
LINE
  5
B42
330
2
100
AcDbEntity
  8
Координатные кресты
  6
Continuous
100
AcDbLine
 10
3797.5
 20
11250.0
 30
0.0
 11
3802.5
 21
11250.0
 31
0.0
  0
LINE
  5
B43
330
2
100
AcDbEntity
  8
Координатные кресты
  6
Continuous
100
AcDbLine
 10
3800.0
 20
11247.5
 30
0.0
 11
3800.0
 21
11252.5
 31
0.0
  0
LINE
  5
B44
330
2
100
AcDbEntity
  8
Координатные кресты
  6
Continuous
100
AcDbLine
 10
3797.5
 20
11300.0
 30
0.0
 11
3802.5
 21
11300.0
 31
0.0
  0
LINE
  5
B45
330
2
100
AcDbEntity
  8
Координатные кресты
  6
Continuous
100
AcDbLine
 10
3800.0
 20
11297.5
 30
0.0
 11
3800.0
 21
11302.5
 31
0.0
  0
LINE
  5
B46
330
2
100
AcDbEntity
  8
Координатные кресты
  6
Continuous
100
AcDbLine
 10
3797.5
 20
11350.0
 30
0.0
 11
3802.5
 21
11350.0
 31
0.0
  0
LINE
  5
B47
330
2
100
AcDbEntity
  8
Координатные кресты
  6
Continuous
100
AcDbLine
 10
3800.0
 20
11347.5
 30
0.0
 11
3800.0
 21
11352.5
 31
0.0
  0
LINE
  5
B48
330
2
100
AcDbEntity
  8
Координатные кресты
  6
Continuous
100
AcDbLine
 10
3797.5
 20
11400.0
 30
0.0
 11
3802.5
 21
11400.0
 31
0.0
  0
LINE
  5
B49
330
2
100
AcDbEntity
  8
Координатные кресты
  6
Continuous
100
AcDbLine
 10
3800.0
 20
11397.5
 30
0.0
 11
3800.0
 21
11402.5
 31
0.0
  0
LINE
  5
B4A
330
2
100
AcDbEntity
  8
Координатные кресты
  6
Continuous
100
AcDbLine
 10
3797.5
 20
11450.0
 30
0.0
 11
3802.5
 21
11450.0
 31
0.0
  0
LINE
  5
B4B
330
2
100
AcDbEntity
  8
Координатные кресты
  6
Continuous
100
AcDbLine
 10
3800.0
 20
11447.5
 30
0.0
 11
3800.0
 21
11452.5
 31
0.0
  0
LINE
  5
B4C
330
2
100
AcDbEntity
  8
Координатные кресты
  6
Continuous
100
AcDbLine
 10
3847.5
 20
11200.0
 30
0.0
 11
3852.5
 21
11200.0
 31
0.0
  0
LINE
  5
B4D
330
2
100
AcDbEntity
  8
Координатные кресты
  6
Continuous
100
AcDbLine
 10
3850.0
 20
11197.5
 30
0.0
 11
3850.0
 21
11202.5
 31
0.0
  0
LINE
  5
B4E
330
2
100
AcDbEntity
  8
Координатные кресты
  6
Continuous
100
AcDbLine
 10
3847.5
 20
11250.0
 30
0.0
 11
3852.5
 21
11250.0
 31
0.0
  0
LINE
  5
B4F
330
2
100
AcDbEntity
  8
Координатные кресты
  6
Continuous
100
AcDbLine
 10
3850.0
 20
11247.5
 30
0.0
 11
3850.0
 21
11252.5
 31
0.0
  0
LINE
  5
B50
330
2
100
AcDbEntity
  8
Координатные кресты
  6
Continuous
100
AcDbLine
 10
3847.5
 20
11300.0
 30
0.0
 11
3852.5
 21
11300.0
 31
0.0
  0
LINE
  5
B51
330
2
100
AcDbEntity
  8
Координатные кресты
  6
Continuous
100
AcDbLine
 10
3850.0
 20
11297.5
 30
0.0
 11
3850.0
 21
11302.5
 31
0.0
  0
LINE
  5
B52
330
2
100
AcDbEntity
  8
Координатные кресты
  6
Continuous
100
AcDbLine
 10
3847.5
 20
11350.0
 30
0.0
 11
3852.5
 21
11350.0
 31
0.0
  0
LINE
  5
B53
330
2
100
AcDbEntity
  8
Координатные кресты
  6
Continuous
100
AcDbLine
 10
3850.0
 20
11347.5
 30
0.0
 11
3850.0
 21
11352.5
 31
0.0
  0
LINE
  5
B54
330
2
100
AcDbEntity
  8
Координатные кресты
  6
Continuous
100
AcDbLine
 10
3847.5
 20
11400.0
 30
0.0
 11
3852.5
 21
11400.0
 31
0.0
  0
LINE
  5
B55
330
2
100
AcDbEntity
  8
Координатные кресты
  6
Continuous
100
AcDbLine
 10
3850.0
 20
11397.5
 30
0.0
 11
3850.0
 21
11402.5
 31
0.0
  0
LINE
  5
B56
330
2
100
AcDbEntity
  8
Координатные кресты
  6
Continuous
100
AcDbLine
 10
3847.5
 20
11450.0
 30
0.0
 11
3852.5
 21
11450.0
 31
0.0
  0
LINE
  5
B57
330
2
100
AcDbEntity
  8
Координатные кресты
  6
Continuous
100
AcDbLine
 10
3850.0
 20
11447.5
 30
0.0
 11
3850.0
 21
11452.5
 31
0.0
  0
LWPOLYLINE
  5
B58
330
2
100
AcDbEntity
  8
Рамки
  6
Continuous
100
AcDbPolyline
 90
        5
 70
   128
 43
0.0
 10
3600.0
 20
10950.0
 10
3600.0
 20
11200.0
 10
3850.0
 20
11200.0
 10
3850.0
 20
10950.0
 10
3600.0
 20
10950.0
  0
LINE
  5
B59
330
2
100
AcDbEntity
  8
Координатные кресты
  6
Continuous
100
AcDbLine
 10
3597.5
 20
10950.0
 30
0.0
 11
3602.5
 21
10950.0
 31
0.0
  0
LINE
  5
B5A
330
2
100
AcDbEntity
  8
Координатные кресты
  6
Continuous
100
AcDbLine
 10
3600.0
 20
10947.5
 30
0.0
 11
3600.0
 21
10952.5
 31
0.0
  0
LINE
  5
B5B
330
2
100
AcDbEntity
  8
Координатные кресты
  6
Continuous
100
AcDbLine
 10
3597.5
 20
11000.0
 30
0.0
 11
3602.5
 21
11000.0
 31
0.0
  0
LINE
  5
B5C
330
2
100
AcDbEntity
  8
Координатные кресты
  6
Continuous
100
AcDbLine
 10
3600.0
 20
10997.5
 30
0.0
 11
3600.0
 21
11002.5
 31
0.0
  0
LINE
  5
B5D
330
2
100
AcDbEntity
  8
Координатные кресты
  6
Continuous
100
AcDbLine
 10
3597.5
 20
11050.0
 30
0.0
 11
3602.5
 21
11050.0
 31
0.0
  0
LINE
  5
B5E
330
2
100
AcDbEntity
  8
Координатные кресты
  6
Continuous
100
AcDbLine
 10
3600.0
 20
11047.5
 30
0.0
 11
3600.0
 21
11052.5
 31
0.0
  0
LINE
  5
B5F
330
2
100
AcDbEntity
  8
Координатные кресты
  6
Continuous
100
AcDbLine
 10
3597.5
 20
11100.0
 30
0.0
 11
3602.5
 21
11100.0
 31
0.0
  0
LINE
  5
B60
330
2
100
AcDbEntity
  8
Координатные кресты
  6
Continuous
100
AcDbLine
 10
3600.0
 20
11097.5
 30
0.0
 11
3600.0
 21
11102.5
 31
0.0
  0
LINE
  5
B61
330
2
100
AcDbEntity
  8
Координатные кресты
  6
Continuous
100
AcDbLine
 10
3597.5
 20
11150.0
 30
0.0
 11
3602.5
 21
11150.0
 31
0.0
  0
LINE
  5
B62
330
2
100
AcDbEntity
  8
Координатные кресты
  6
Continuous
100
AcDbLine
 10
3600.0
 20
11147.5
 30
0.0
 11
3600.0
 21
11152.5
 31
0.0
  0
LINE
  5
B63
330
2
100
AcDbEntity
  8
Координатные кресты
  6
Continuous
100
AcDbLine
 10
3647.5
 20
10950.0
 30
0.0
 11
3652.5
 21
10950.0
 31
0.0
  0
LINE
  5
B64
330
2
100
AcDbEntity
  8
Координатные кресты
  6
Continuous
100
AcDbLine
 10
3650.0
 20
10947.5
 30
0.0
 11
3650.0
 21
10952.5
 31
0.0
  0
LINE
  5
B65
330
2
100
AcDbEntity
  8
Координатные кресты
  6
Continuous
100
AcDbLine
 10
3647.5
 20
11000.0
 30
0.0
 11
3652.5
 21
11000.0
 31
0.0
  0
LINE
  5
B66
330
2
100
AcDbEntity
  8
Координатные кресты
  6
Continuous
100
AcDbLine
 10
3650.0
 20
10997.5
 30
0.0
 11
3650.0
 21
11002.5
 31
0.0
  0
LINE
  5
B67
330
2
100
AcDbEntity
  8
Координатные кресты
  6
Continuous
100
AcDbLine
 10
3647.5
 20
11050.0
 30
0.0
 11
3652.5
 21
11050.0
 31
0.0
  0
LINE
  5
B68
330
2
100
AcDbEntity
  8
Координатные кресты
  6
Continuous
100
AcDbLine
 10
3650.0
 20
11047.5
 30
0.0
 11
3650.0
 21
11052.5
 31
0.0
  0
LINE
  5
B69
330
2
100
AcDbEntity
  8
Координатные кресты
  6
Continuous
100
AcDbLine
 10
3647.5
 20
11100.0
 30
0.0
 11
3652.5
 21
11100.0
 31
0.0
  0
LINE
  5
B6A
330
2
100
AcDbEntity
  8
Координатные кресты
  6
Continuous
100
AcDbLine
 10
3650.0
 20
11097.5
 30
0.0
 11
3650.0
 21
11102.5
 31
0.0
  0
LINE
  5
B6B
330
2
100
AcDbEntity
  8
Координатные кресты
  6
Continuous
100
AcDbLine
 10
3647.5
 20
11150.0
 30
0.0
 11
3652.5
 21
11150.0
 31
0.0
  0
LINE
  5
B6C
330
2
100
AcDbEntity
  8
Координатные кресты
  6
Continuous
100
AcDbLine
 10
3650.0
 20
11147.5
 30
0.0
 11
3650.0
 21
11152.5
 31
0.0
  0
LINE
  5
B6D
330
2
100
AcDbEntity
  8
Координатные кресты
  6
Continuous
100
AcDbLine
 10
3697.5
 20
10950.0
 30
0.0
 11
3702.5
 21
10950.0
 31
0.0
  0
LINE
  5
B6E
330
2
100
AcDbEntity
  8
Координатные кресты
  6
Continuous
100
AcDbLine
 10
3700.0
 20
10947.5
 30
0.0
 11
3700.0
 21
10952.5
 31
0.0
  0
LINE
  5
B6F
330
2
100
AcDbEntity
  8
Координатные кресты
  6
Continuous
100
AcDbLine
 10
3697.5
 20
11000.0
 30
0.0
 11
3702.5
 21
11000.0
 31
0.0
  0
LINE
  5
B70
330
2
100
AcDbEntity
  8
Координатные кресты
  6
Continuous
100
AcDbLine
 10
3700.0
 20
10997.5
 30
0.0
 11
3700.0
 21
11002.5
 31
0.0
  0
LINE
  5
B71
330
2
100
AcDbEntity
  8
Координатные кресты
  6
Continuous
100
AcDbLine
 10
3697.5
 20
11050.0
 30
0.0
 11
3702.5
 21
11050.0
 31
0.0
  0
LINE
  5
B72
330
2
100
AcDbEntity
  8
Координатные кресты
  6
Continuous
100
AcDbLine
 10
3700.0
 20
11047.5
 30
0.0
 11
3700.0
 21
11052.5
 31
0.0
  0
LINE
  5
B73
330
2
100
AcDbEntity
  8
Координатные кресты
  6
Continuous
100
AcDbLine
 10
3697.5
 20
11100.0
 30
0.0
 11
3702.5
 21
11100.0
 31
0.0
  0
LINE
  5
B74
330
2
100
AcDbEntity
  8
Координатные кресты
  6
Continuous
100
AcDbLine
 10
3700.0
 20
11097.5
 30
0.0
 11
3700.0
 21
11102.5
 31
0.0
  0
LINE
  5
B75
330
2
100
AcDbEntity
  8
Координатные кресты
  6
Continuous
100
AcDbLine
 10
3697.5
 20
11150.0
 30
0.0
 11
3702.5
 21
11150.0
 31
0.0
  0
LINE
  5
B76
330
2
100
AcDbEntity
  8
Координатные кресты
  6
Continuous
100
AcDbLine
 10
3700.0
 20
11147.5
 30
0.0
 11
3700.0
 21
11152.5
 31
0.0
  0
LINE
  5
B77
330
2
100
AcDbEntity
  8
Координатные кресты
  6
Continuous
100
AcDbLine
 10
3747.5
 20
10950.0
 30
0.0
 11
3752.5
 21
10950.0
 31
0.0
  0
LINE
  5
B78
330
2
100
AcDbEntity
  8
Координатные кресты
  6
Continuous
100
AcDbLine
 10
3750.0
 20
10947.5
 30
0.0
 11
3750.0
 21
10952.5
 31
0.0
  0
LINE
  5
B79
330
2
100
AcDbEntity
  8
Координатные кресты
  6
Continuous
100
AcDbLine
 10
3747.5
 20
11000.0
 30
0.0
 11
3752.5
 21
11000.0
 31
0.0
  0
LINE
  5
B7A
330
2
100
AcDbEntity
  8
Координатные кресты
  6
Continuous
100
AcDbLine
 10
3750.0
 20
10997.5
 30
0.0
 11
3750.0
 21
11002.5
 31
0.0
  0
LINE
  5
B7B
330
2
100
AcDbEntity
  8
Координатные кресты
  6
Continuous
100
AcDbLine
 10
3747.5
 20
11050.0
 30
0.0
 11
3752.5
 21
11050.0
 31
0.0
  0
LINE
  5
B7C
330
2
100
AcDbEntity
  8
Координатные кресты
  6
Continuous
100
AcDbLine
 10
3750.0
 20
11047.5
 30
0.0
 11
3750.0
 21
11052.5
 31
0.0
  0
LINE
  5
B7D
330
2
100
AcDbEntity
  8
Координатные кресты
  6
Continuous
100
AcDbLine
 10
3747.5
 20
11100.0
 30
0.0
 11
3752.5
 21
11100.0
 31
0.0
  0
LINE
  5
B7E
330
2
100
AcDbEntity
  8
Координатные кресты
  6
Continuous
100
AcDbLine
 10
3750.0
 20
11097.5
 30
0.0
 11
3750.0
 21
11102.5
 31
0.0
  0
LINE
  5
B7F
330
2
100
AcDbEntity
  8
Координатные кресты
  6
Continuous
100
AcDbLine
 10
3747.5
 20
11150.0
 30
0.0
 11
3752.5
 21
11150.0
 31
0.0
  0
LINE
  5
B80
330
2
100
AcDbEntity
  8
Координатные кресты
  6
Continuous
100
AcDbLine
 10
3750.0
 20
11147.5
 30
0.0
 11
3750.0
 21
11152.5
 31
0.0
  0
LINE
  5
B81
330
2
100
AcDbEntity
  8
Координатные кресты
  6
Continuous
100
AcDbLine
 10
3797.5
 20
10950.0
 30
0.0
 11
3802.5
 21
10950.0
 31
0.0
  0
LINE
  5
B82
330
2
100
AcDbEntity
  8
Координатные кресты
  6
Continuous
100
AcDbLine
 10
3800.0
 20
10947.5
 30
0.0
 11
3800.0
 21
10952.5
 31
0.0
  0
LINE
  5
B83
330
2
100
AcDbEntity
  8
Координатные кресты
  6
Continuous
100
AcDbLine
 10
3797.5
 20
11000.0
 30
0.0
 11
3802.5
 21
11000.0
 31
0.0
  0
LINE
  5
B84
330
2
100
AcDbEntity
  8
Координатные кресты
  6
Continuous
100
AcDbLine
 10
3800.0
 20
10997.5
 30
0.0
 11
3800.0
 21
11002.5
 31
0.0
  0
LINE
  5
B85
330
2
100
AcDbEntity
  8
Координатные кресты
  6
Continuous
100
AcDbLine
 10
3797.5
 20
11050.0
 30
0.0
 11
3802.5
 21
11050.0
 31
0.0
  0
LINE
  5
B86
330
2
100
AcDbEntity
  8
Координатные кресты
  6
Continuous
100
AcDbLine
 10
3800.0
 20
11047.5
 30
0.0
 11
3800.0
 21
11052.5
 31
0.0
  0
LINE
  5
B87
330
2
100
AcDbEntity
  8
Координатные кресты
  6
Continuous
100
AcDbLine
 10
3797.5
 20
11100.0
 30
0.0
 11
3802.5
 21
11100.0
 31
0.0
  0
LINE
  5
B88
330
2
100
AcDbEntity
  8
Координатные кресты
  6
Continuous
100
AcDbLine
 10
3800.0
 20
11097.5
 30
0.0
 11
3800.0
 21
11102.5
 31
0.0
  0
LINE
  5
B89
330
2
100
AcDbEntity
  8
Координатные кресты
  6
Continuous
100
AcDbLine
 10
3797.5
 20
11150.0
 30
0.0
 11
3802.5
 21
11150.0
 31
0.0
  0
LINE
  5
B8A
330
2
100
AcDbEntity
  8
Координатные кресты
  6
Continuous
100
AcDbLine
 10
3800.0
 20
11147.5
 30
0.0
 11
3800.0
 21
11152.5
 31
0.0
  0
LINE
  5
B8B
330
2
100
AcDbEntity
  8
Координатные кресты
  6
Continuous
100
AcDbLine
 10
3847.5
 20
10950.0
 30
0.0
 11
3852.5
 21
10950.0
 31
0.0
  0
LINE
  5
B8C
330
2
100
AcDbEntity
  8
Координатные кресты
  6
Continuous
100
AcDbLine
 10
3850.0
 20
10947.5
 30
0.0
 11
3850.0
 21
10952.5
 31
0.0
  0
LINE
  5
B8D
330
2
100
AcDbEntity
  8
Координатные кресты
  6
Continuous
100
AcDbLine
 10
3847.5
 20
11000.0
 30
0.0
 11
3852.5
 21
11000.0
 31
0.0
  0
LINE
  5
B8E
330
2
100
AcDbEntity
  8
Координатные кресты
  6
Continuous
100
AcDbLine
 10
3850.0
 20
10997.5
 30
0.0
 11
3850.0
 21
11002.5
 31
0.0
  0
LINE
  5
B8F
330
2
100
AcDbEntity
  8
Координатные кресты
  6
Continuous
100
AcDbLine
 10
3847.5
 20
11050.0
 30
0.0
 11
3852.5
 21
11050.0
 31
0.0
  0
LINE
  5
B90
330
2
100
AcDbEntity
  8
Координатные кресты
  6
Continuous
100
AcDbLine
 10
3850.0
 20
11047.5
 30
0.0
 11
3850.0
 21
11052.5
 31
0.0
  0
LINE
  5
B91
330
2
100
AcDbEntity
  8
Координатные кресты
  6
Continuous
100
AcDbLine
 10
3847.5
 20
11100.0
 30
0.0
 11
3852.5
 21
11100.0
 31
0.0
  0
LINE
  5
B92
330
2
100
AcDbEntity
  8
Координатные кресты
  6
Continuous
100
AcDbLine
 10
3850.0
 20
11097.5
 30
0.0
 11
3850.0
 21
11102.5
 31
0.0
  0
LINE
  5
B93
330
2
100
AcDbEntity
  8
Координатные кресты
  6
Continuous
100
AcDbLine
 10
3847.5
 20
11150.0
 30
0.0
 11
3852.5
 21
11150.0
 31
0.0
  0
LINE
  5
B94
330
2
100
AcDbEntity
  8
Координатные кресты
  6
Continuous
100
AcDbLine
 10
3850.0
 20
11147.5
 30
0.0
 11
3850.0
 21
11152.5
 31
0.0
  0
LWPOLYLINE
  5
B95
330
2
100
AcDbEntity
  8
Рамки
  6
Continuous
100
AcDbPolyline
 90
        5
 70
   128
 43
0.0
 10
3850.0
 20
10950.0
 10
3850.0
 20
11200.0
 10
4100.0
 20
11200.0
 10
4100.0
 20
10950.0
 10
3850.0
 20
10950.0
  0
LINE
  5
B96
330
2
100
AcDbEntity
  8
Координатные кресты
  6
Continuous
100
AcDbLine
 10
3897.5
 20
10950.0
 30
0.0
 11
3902.5
 21
10950.0
 31
0.0
  0
LINE
  5
B97
330
2
100
AcDbEntity
  8
Координатные кресты
  6
Continuous
100
AcDbLine
 10
3900.0
 20
10947.5
 30
0.0
 11
3900.0
 21
10952.5
 31
0.0
  0
LINE
  5
B98
330
2
100
AcDbEntity
  8
Координатные кресты
  6
Continuous
100
AcDbLine
 10
3897.5
 20
11000.0
 30
0.0
 11
3902.5
 21
11000.0
 31
0.0
  0
LINE
  5
B99
330
2
100
AcDbEntity
  8
Координатные кресты
  6
Continuous
100
AcDbLine
 10
3900.0
 20
10997.5
 30
0.0
 11
3900.0
 21
11002.5
 31
0.0
  0
LINE
  5
B9A
330
2
100
AcDbEntity
  8
Координатные кресты
  6
Continuous
100
AcDbLine
 10
3897.5
 20
11050.0
 30
0.0
 11
3902.5
 21
11050.0
 31
0.0
  0
LINE
  5
B9B
330
2
100
AcDbEntity
  8
Координатные кресты
  6
Continuous
100
AcDbLine
 10
3900.0
 20
11047.5
 30
0.0
 11
3900.0
 21
11052.5
 31
0.0
  0
LINE
  5
B9C
330
2
100
AcDbEntity
  8
Координатные кресты
  6
Continuous
100
AcDbLine
 10
3897.5
 20
11100.0
 30
0.0
 11
3902.5
 21
11100.0
 31
0.0
  0
LINE
  5
B9D
330
2
100
AcDbEntity
  8
Координатные кресты
  6
Continuous
100
AcDbLine
 10
3900.0
 20
11097.5
 30
0.0
 11
3900.0
 21
11102.5
 31
0.0
  0
LINE
  5
B9E
330
2
100
AcDbEntity
  8
Координатные кресты
  6
Continuous
100
AcDbLine
 10
3897.5
 20
11150.0
 30
0.0
 11
3902.5
 21
11150.0
 31
0.0
  0
LINE
  5
B9F
330
2
100
AcDbEntity
  8
Координатные кресты
  6
Continuous
100
AcDbLine
 10
3900.0
 20
11147.5
 30
0.0
 11
3900.0
 21
11152.5
 31
0.0
  0
LINE
  5
BA0
330
2
100
AcDbEntity
  8
Координатные кресты
  6
Continuous
100
AcDbLine
 10
3897.5
 20
11200.0
 30
0.0
 11
3902.5
 21
11200.0
 31
0.0
  0
LINE
  5
BA1
330
2
100
AcDbEntity
  8
Координатные кресты
  6
Continuous
100
AcDbLine
 10
3900.0
 20
11197.5
 30
0.0
 11
3900.0
 21
11202.5
 31
0.0
  0
LINE
  5
BA2
330
2
100
AcDbEntity
  8
Координатные кресты
  6
Continuous
100
AcDbLine
 10
3947.5
 20
10950.0
 30
0.0
 11
3952.5
 21
10950.0
 31
0.0
  0
LINE
  5
BA3
330
2
100
AcDbEntity
  8
Координатные кресты
  6
Continuous
100
AcDbLine
 10
3950.0
 20
10947.5
 30
0.0
 11
3950.0
 21
10952.5
 31
0.0
  0
LINE
  5
BA4
330
2
100
AcDbEntity
  8
Координатные кресты
  6
Continuous
100
AcDbLine
 10
3947.5
 20
11000.0
 30
0.0
 11
3952.5
 21
11000.0
 31
0.0
  0
LINE
  5
BA5
330
2
100
AcDbEntity
  8
Координатные кресты
  6
Continuous
100
AcDbLine
 10
3950.0
 20
10997.5
 30
0.0
 11
3950.0
 21
11002.5
 31
0.0
  0
LINE
  5
BA6
330
2
100
AcDbEntity
  8
Координатные кресты
  6
Continuous
100
AcDbLine
 10
3947.5
 20
11050.0
 30
0.0
 11
3952.5
 21
11050.0
 31
0.0
  0
LINE
  5
BA7
330
2
100
AcDbEntity
  8
Координатные кресты
  6
Continuous
100
AcDbLine
 10
3950.0
 20
11047.5
 30
0.0
 11
3950.0
 21
11052.5
 31
0.0
  0
LINE
  5
BA8
330
2
100
AcDbEntity
  8
Координатные кресты
  6
Continuous
100
AcDbLine
 10
3947.5
 20
11100.0
 30
0.0
 11
3952.5
 21
11100.0
 31
0.0
  0
LINE
  5
BA9
330
2
100
AcDbEntity
  8
Координатные кресты
  6
Continuous
100
AcDbLine
 10
3950.0
 20
11097.5
 30
0.0
 11
3950.0
 21
11102.5
 31
0.0
  0
LINE
  5
BAA
330
2
100
AcDbEntity
  8
Координатные кресты
  6
Continuous
100
AcDbLine
 10
3947.5
 20
11150.0
 30
0.0
 11
3952.5
 21
11150.0
 31
0.0
  0
LINE
  5
BAB
330
2
100
AcDbEntity
  8
Координатные кресты
  6
Continuous
100
AcDbLine
 10
3950.0
 20
11147.5
 30
0.0
 11
3950.0
 21
11152.5
 31
0.0
  0
LINE
  5
BAC
330
2
100
AcDbEntity
  8
Координатные кресты
  6
Continuous
100
AcDbLine
 10
3947.5
 20
11200.0
 30
0.0
 11
3952.5
 21
11200.0
 31
0.0
  0
LINE
  5
BAD
330
2
100
AcDbEntity
  8
Координатные кресты
  6
Continuous
100
AcDbLine
 10
3950.0
 20
11197.5
 30
0.0
 11
3950.0
 21
11202.5
 31
0.0
  0
LINE
  5
BAE
330
2
100
AcDbEntity
  8
Координатные кресты
  6
Continuous
100
AcDbLine
 10
3997.5
 20
10950.0
 30
0.0
 11
4002.5
 21
10950.0
 31
0.0
  0
LINE
  5
BAF
330
2
100
AcDbEntity
  8
Координатные кресты
  6
Continuous
100
AcDbLine
 10
4000.0
 20
10947.5
 30
0.0
 11
4000.0
 21
10952.5
 31
0.0
  0
LINE
  5
BB0
330
2
100
AcDbEntity
  8
Координатные кресты
  6
Continuous
100
AcDbLine
 10
3997.5
 20
11000.0
 30
0.0
 11
4002.5
 21
11000.0
 31
0.0
  0
LINE
  5
BB1
330
2
100
AcDbEntity
  8
Координатные кресты
  6
Continuous
100
AcDbLine
 10
4000.0
 20
10997.5
 30
0.0
 11
4000.0
 21
11002.5
 31
0.0
  0
LINE
  5
BB2
330
2
100
AcDbEntity
  8
Координатные кресты
  6
Continuous
100
AcDbLine
 10
3997.5
 20
11050.0
 30
0.0
 11
4002.5
 21
11050.0
 31
0.0
  0
LINE
  5
BB3
330
2
100
AcDbEntity
  8
Координатные кресты
  6
Continuous
100
AcDbLine
 10
4000.0
 20
11047.5
 30
0.0
 11
4000.0
 21
11052.5
 31
0.0
  0
LINE
  5
BB4
330
2
100
AcDbEntity
  8
Координатные кресты
  6
Continuous
100
AcDbLine
 10
3997.5
 20
11100.0
 30
0.0
 11
4002.5
 21
11100.0
 31
0.0
  0
LINE
  5
BB5
330
2
100
AcDbEntity
  8
Координатные кресты
  6
Continuous
100
AcDbLine
 10
4000.0
 20
11097.5
 30
0.0
 11
4000.0
 21
11102.5
 31
0.0
  0
LINE
  5
BB6
330
2
100
AcDbEntity
  8
Координатные кресты
  6
Continuous
100
AcDbLine
 10
3997.5
 20
11150.0
 30
0.0
 11
4002.5
 21
11150.0
 31
0.0
  0
LINE
  5
BB7
330
2
100
AcDbEntity
  8
Координатные кресты
  6
Continuous
100
AcDbLine
 10
4000.0
 20
11147.5
 30
0.0
 11
4000.0
 21
11152.5
 31
0.0
  0
LINE
  5
BB8
330
2
100
AcDbEntity
  8
Координатные кресты
  6
Continuous
100
AcDbLine
 10
3997.5
 20
11200.0
 30
0.0
 11
4002.5
 21
11200.0
 31
0.0
  0
LINE
  5
BB9
330
2
100
AcDbEntity
  8
Координатные кресты
  6
Continuous
100
AcDbLine
 10
4000.0
 20
11197.5
 30
0.0
 11
4000.0
 21
11202.5
 31
0.0
  0
LINE
  5
BBA
330
2
100
AcDbEntity
  8
Координатные кресты
  6
Continuous
100
AcDbLine
 10
4047.5
 20
10950.0
 30
0.0
 11
4052.5
 21
10950.0
 31
0.0
  0
LINE
  5
BBB
330
2
100
AcDbEntity
  8
Координатные кресты
  6
Continuous
100
AcDbLine
 10
4050.0
 20
10947.5
 30
0.0
 11
4050.0
 21
10952.5
 31
0.0
  0
LINE
  5
BBC
330
2
100
AcDbEntity
  8
Координатные кресты
  6
Continuous
100
AcDbLine
 10
4047.5
 20
11000.0
 30
0.0
 11
4052.5
 21
11000.0
 31
0.0
  0
LINE
  5
BBD
330
2
100
AcDbEntity
  8
Координатные кресты
  6
Continuous
100
AcDbLine
 10
4050.0
 20
10997.5
 30
0.0
 11
4050.0
 21
11002.5
 31
0.0
  0
LINE
  5
BBE
330
2
100
AcDbEntity
  8
Координатные кресты
  6
Continuous
100
AcDbLine
 10
4047.5
 20
11050.0
 30
0.0
 11
4052.5
 21
11050.0
 31
0.0
  0
LINE
  5
BBF
330
2
100
AcDbEntity
  8
Координатные кресты
  6
Continuous
100
AcDbLine
 10
4050.0
 20
11047.5
 30
0.0
 11
4050.0
 21
11052.5
 31
0.0
  0
LINE
  5
BC0
330
2
100
AcDbEntity
  8
Координатные кресты
  6
Continuous
100
AcDbLine
 10
4047.5
 20
11100.0
 30
0.0
 11
4052.5
 21
11100.0
 31
0.0
  0
LINE
  5
BC1
330
2
100
AcDbEntity
  8
Координатные кресты
  6
Continuous
100
AcDbLine
 10
4050.0
 20
11097.5
 30
0.0
 11
4050.0
 21
11102.5
 31
0.0
  0
LINE
  5
BC2
330
2
100
AcDbEntity
  8
Координатные кресты
  6
Continuous
100
AcDbLine
 10
4047.5
 20
11150.0
 30
0.0
 11
4052.5
 21
11150.0
 31
0.0
  0
LINE
  5
BC3
330
2
100
AcDbEntity
  8
Координатные кресты
  6
Continuous
100
AcDbLine
 10
4050.0
 20
11147.5
 30
0.0
 11
4050.0
 21
11152.5
 31
0.0
  0
LINE
  5
BC4
330
2
100
AcDbEntity
  8
Координатные кресты
  6
Continuous
100
AcDbLine
 10
4047.5
 20
11200.0
 30
0.0
 11
4052.5
 21
11200.0
 31
0.0
  0
LINE
  5
BC5
330
2
100
AcDbEntity
  8
Координатные кресты
  6
Continuous
100
AcDbLine
 10
4050.0
 20
11197.5
 30
0.0
 11
4050.0
 21
11202.5
 31
0.0
  0
LINE
  5
BC6
330
2
100
AcDbEntity
  8
Координатные кресты
  6
Continuous
100
AcDbLine
 10
4097.5
 20
10950.0
 30
0.0
 11
4102.5
 21
10950.0
 31
0.0
  0
LINE
  5
BC7
330
2
100
AcDbEntity
  8
Координатные кресты
  6
Continuous
100
AcDbLine
 10
4100.0
 20
10947.5
 30
0.0
 11
4100.0
 21
10952.5
 31
0.0
  0
LINE
  5
BC8
330
2
100
AcDbEntity
  8
Координатные кресты
  6
Continuous
100
AcDbLine
 10
4097.5
 20
11000.0
 30
0.0
 11
4102.5
 21
11000.0
 31
0.0
  0
LINE
  5
BC9
330
2
100
AcDbEntity
  8
Координатные кресты
  6
Continuous
100
AcDbLine
 10
4100.0
 20
10997.5
 30
0.0
 11
4100.0
 21
11002.5
 31
0.0
  0
LINE
  5
BCA
330
2
100
AcDbEntity
  8
Координатные кресты
  6
Continuous
100
AcDbLine
 10
4097.5
 20
11050.0
 30
0.0
 11
4102.5
 21
11050.0
 31
0.0
  0
LINE
  5
BCB
330
2
100
AcDbEntity
  8
Координатные кресты
  6
Continuous
100
AcDbLine
 10
4100.0
 20
11047.5
 30
0.0
 11
4100.0
 21
11052.5
 31
0.0
  0
LINE
  5
BCC
330
2
100
AcDbEntity
  8
Координатные кресты
  6
Continuous
100
AcDbLine
 10
4097.5
 20
11100.0
 30
0.0
 11
4102.5
 21
11100.0
 31
0.0
  0
LINE
  5
BCD
330
2
100
AcDbEntity
  8
Координатные кресты
  6
Continuous
100
AcDbLine
 10
4100.0
 20
11097.5
 30
0.0
 11
4100.0
 21
11102.5
 31
0.0
  0
LINE
  5
BCE
330
2
100
AcDbEntity
  8
Координатные кресты
  6
Continuous
100
AcDbLine
 10
4097.5
 20
11150.0
 30
0.0
 11
4102.5
 21
11150.0
 31
0.0
  0
LINE
  5
BCF
330
2
100
AcDbEntity
  8
Координатные кресты
  6
Continuous
100
AcDbLine
 10
4100.0
 20
11147.5
 30
0.0
 11
4100.0
 21
11152.5
 31
0.0
  0
LINE
  5
BD0
330
2
100
AcDbEntity
  8
Координатные кресты
  6
Continuous
100
AcDbLine
 10
4097.5
 20
11200.0
 30
0.0
 11
4102.5
 21
11200.0
 31
0.0
  0
LINE
  5
BD1
330
2
100
AcDbEntity
  8
Координатные кресты
  6
Continuous
100
AcDbLine
 10
4100.0
 20
11197.5
 30
0.0
 11
4100.0
 21
11202.5
 31
0.0
  0
LWPOLYLINE
  5
BD2
330
2
100
AcDbEntity
  8
Рамки
  6
Continuous
100
AcDbPolyline
 90
        5
 70
   128
 43
0.0
 10
3800.0
 20
10700.0
 10
3800.0
 20
10950.0
 10
4050.0
 20
10950.0
 10
4050.0
 20
10700.0
 10
3800.0
 20
10700.0
  0
LINE
  5
BD3
330
2
100
AcDbEntity
  8
Координатные кресты
  6
Continuous
100
AcDbLine
 10
3797.5
 20
10700.0
 30
0.0
 11
3802.5
 21
10700.0
 31
0.0
  0
LINE
  5
BD4
330
2
100
AcDbEntity
  8
Координатные кресты
  6
Continuous
100
AcDbLine
 10
3800.0
 20
10697.5
 30
0.0
 11
3800.0
 21
10702.5
 31
0.0
  0
LINE
  5
BD5
330
2
100
AcDbEntity
  8
Координатные кресты
  6
Continuous
100
AcDbLine
 10
3797.5
 20
10750.0
 30
0.0
 11
3802.5
 21
10750.0
 31
0.0
  0
LINE
  5
BD6
330
2
100
AcDbEntity
  8
Координатные кресты
  6
Continuous
100
AcDbLine
 10
3800.0
 20
10747.5
 30
0.0
 11
3800.0
 21
10752.5
 31
0.0
  0
LINE
  5
BD7
330
2
100
AcDbEntity
  8
Координатные кресты
  6
Continuous
100
AcDbLine
 10
3847.5
 20
10700.0
 30
0.0
 11
3852.5
 21
10700.0
 31
0.0
  0
LINE
  5
BD8
330
2
100
AcDbEntity
  8
Координатные кресты
  6
Continuous
100
AcDbLine
 10
3850.0
 20
10697.5
 30
0.0
 11
3850.0
 21
10702.5
 31
0.0
  0
LINE
  5
BD9
330
2
100
AcDbEntity
  8
Координатные кресты
  6
Continuous
100
AcDbLine
 10
3847.5
 20
10750.0
 30
0.0
 11
3852.5
 21
10750.0
 31
0.0
  0
LINE
  5
BDA
330
2
100
AcDbEntity
  8
Координатные кресты
  6
Continuous
100
AcDbLine
 10
3850.0
 20
10747.5
 30
0.0
 11
3850.0
 21
10752.5
 31
0.0
  0
LINE
  5
BDB
330
2
100
AcDbEntity
  8
Координатные кресты
  6
Continuous
100
AcDbLine
 10
3897.5
 20
10700.0
 30
0.0
 11
3902.5
 21
10700.0
 31
0.0
  0
LINE
  5
BDC
330
2
100
AcDbEntity
  8
Координатные кресты
  6
Continuous
100
AcDbLine
 10
3900.0
 20
10697.5
 30
0.0
 11
3900.0
 21
10702.5
 31
0.0
  0
LINE
  5
BDD
330
2
100
AcDbEntity
  8
Координатные кресты
  6
Continuous
100
AcDbLine
 10
3897.5
 20
10750.0
 30
0.0
 11
3902.5
 21
10750.0
 31
0.0
  0
LINE
  5
BDE
330
2
100
AcDbEntity
  8
Координатные кресты
  6
Continuous
100
AcDbLine
 10
3900.0
 20
10747.5
 30
0.0
 11
3900.0
 21
10752.5
 31
0.0
  0
LINE
  5
BDF
330
2
100
AcDbEntity
  8
Координатные кресты
  6
Continuous
100
AcDbLine
 10
3947.5
 20
10700.0
 30
0.0
 11
3952.5
 21
10700.0
 31
0.0
  0
LINE
  5
BE0
330
2
100
AcDbEntity
  8
Координатные кресты
  6
Continuous
100
AcDbLine
 10
3950.0
 20
10697.5
 30
0.0
 11
3950.0
 21
10702.5
 31
0.0
  0
LINE
  5
BE1
330
2
100
AcDbEntity
  8
Координатные кресты
  6
Continuous
100
AcDbLine
 10
3947.5
 20
10750.0
 30
0.0
 11
3952.5
 21
10750.0
 31
0.0
  0
LINE
  5
BE2
330
2
100
AcDbEntity
  8
Координатные кресты
  6
Continuous
100
AcDbLine
 10
3950.0
 20
10747.5
 30
0.0
 11
3950.0
 21
10752.5
 31
0.0
  0
LINE
  5
BE3
330
2
100
AcDbEntity
  8
Координатные кресты
  6
Continuous
100
AcDbLine
 10
3997.5
 20
10700.0
 30
0.0
 11
4002.5
 21
10700.0
 31
0.0
  0
LINE
  5
BE4
330
2
100
AcDbEntity
  8
Координатные кресты
  6
Continuous
100
AcDbLine
 10
4000.0
 20
10697.5
 30
0.0
 11
4000.0
 21
10702.5
 31
0.0
  0
LINE
  5
BE5
330
2
100
AcDbEntity
  8
Координатные кресты
  6
Continuous
100
AcDbLine
 10
3997.5
 20
10750.0
 30
0.0
 11
4002.5
 21
10750.0
 31
0.0
  0
LINE
  5
BE6
330
2
100
AcDbEntity
  8
Координатные кресты
  6
Continuous
100
AcDbLine
 10
4000.0
 20
10747.5
 30
0.0
 11
4000.0
 21
10752.5
 31
0.0
  0
LINE
  5
BE7
330
2
100
AcDbEntity
  8
Координатные кресты
  6
Continuous
100
AcDbLine
 10
3797.5
 20
10800.0
 30
0.0
 11
3802.5
 21
10800.0
 31
0.0
  0
LINE
  5
BE8
330
2
100
AcDbEntity
  8
Координатные кресты
  6
Continuous
100
AcDbLine
 10
3800.0
 20
10797.5
 30
0.0
 11
3800.0
 21
10802.5
 31
0.0
  0
LINE
  5
BE9
330
2
100
AcDbEntity
  8
Координатные кресты
  6
Continuous
100
AcDbLine
 10
3797.5
 20
10850.0
 30
0.0
 11
3802.5
 21
10850.0
 31
0.0
  0
LINE
  5
BEA
330
2
100
AcDbEntity
  8
Координатные кресты
  6
Continuous
100
AcDbLine
 10
3800.0
 20
10847.5
 30
0.0
 11
3800.0
 21
10852.5
 31
0.0
  0
LINE
  5
BEB
330
2
100
AcDbEntity
  8
Координатные кресты
  6
Continuous
100
AcDbLine
 10
3797.5
 20
10900.0
 30
0.0
 11
3802.5
 21
10900.0
 31
0.0
  0
LINE
  5
BEC
330
2
100
AcDbEntity
  8
Координатные кресты
  6
Continuous
100
AcDbLine
 10
3800.0
 20
10897.5
 30
0.0
 11
3800.0
 21
10902.5
 31
0.0
  0
LINE
  5
BED
330
2
100
AcDbEntity
  8
Координатные кресты
  6
Continuous
100
AcDbLine
 10
3847.5
 20
10800.0
 30
0.0
 11
3852.5
 21
10800.0
 31
0.0
  0
LINE
  5
BEE
330
2
100
AcDbEntity
  8
Координатные кресты
  6
Continuous
100
AcDbLine
 10
3850.0
 20
10797.5
 30
0.0
 11
3850.0
 21
10802.5
 31
0.0
  0
LINE
  5
BEF
330
2
100
AcDbEntity
  8
Координатные кресты
  6
Continuous
100
AcDbLine
 10
3847.5
 20
10850.0
 30
0.0
 11
3852.5
 21
10850.0
 31
0.0
  0
LINE
  5
BF0
330
2
100
AcDbEntity
  8
Координатные кресты
  6
Continuous
100
AcDbLine
 10
3850.0
 20
10847.5
 30
0.0
 11
3850.0
 21
10852.5
 31
0.0
  0
LINE
  5
BF1
330
2
100
AcDbEntity
  8
Координатные кресты
  6
Continuous
100
AcDbLine
 10
3847.5
 20
10900.0
 30
0.0
 11
3852.5
 21
10900.0
 31
0.0
  0
LINE
  5
BF2
330
2
100
AcDbEntity
  8
Координатные кресты
  6
Continuous
100
AcDbLine
 10
3850.0
 20
10897.5
 30
0.0
 11
3850.0
 21
10902.5
 31
0.0
  0
LINE
  5
BF3
330
2
100
AcDbEntity
  8
Координатные кресты
  6
Continuous
100
AcDbLine
 10
3897.5
 20
10800.0
 30
0.0
 11
3902.5
 21
10800.0
 31
0.0
  0
LINE
  5
BF4
330
2
100
AcDbEntity
  8
Координатные кресты
  6
Continuous
100
AcDbLine
 10
3900.0
 20
10797.5
 30
0.0
 11
3900.0
 21
10802.5
 31
0.0
  0
LINE
  5
BF5
330
2
100
AcDbEntity
  8
Координатные кресты
  6
Continuous
100
AcDbLine
 10
3897.5
 20
10850.0
 30
0.0
 11
3902.5
 21
10850.0
 31
0.0
  0
LINE
  5
BF6
330
2
100
AcDbEntity
  8
Координатные кресты
  6
Continuous
100
AcDbLine
 10
3900.0
 20
10847.5
 30
0.0
 11
3900.0
 21
10852.5
 31
0.0
  0
LINE
  5
BF7
330
2
100
AcDbEntity
  8
Координатные кресты
  6
Continuous
100
AcDbLine
 10
3897.5
 20
10900.0
 30
0.0
 11
3902.5
 21
10900.0
 31
0.0
  0
LINE
  5
BF8
330
2
100
AcDbEntity
  8
Координатные кресты
  6
Continuous
100
AcDbLine
 10
3900.0
 20
10897.5
 30
0.0
 11
3900.0
 21
10902.5
 31
0.0
  0
LINE
  5
BF9
330
2
100
AcDbEntity
  8
Координатные кресты
  6
Continuous
100
AcDbLine
 10
3947.5
 20
10800.0
 30
0.0
 11
3952.5
 21
10800.0
 31
0.0
  0
LINE
  5
BFA
330
2
100
AcDbEntity
  8
Координатные кресты
  6
Continuous
100
AcDbLine
 10
3950.0
 20
10797.5
 30
0.0
 11
3950.0
 21
10802.5
 31
0.0
  0
LINE
  5
BFB
330
2
100
AcDbEntity
  8
Координатные кресты
  6
Continuous
100
AcDbLine
 10
3947.5
 20
10850.0
 30
0.0
 11
3952.5
 21
10850.0
 31
0.0
  0
LINE
  5
BFC
330
2
100
AcDbEntity
  8
Координатные кресты
  6
Continuous
100
AcDbLine
 10
3950.0
 20
10847.5
 30
0.0
 11
3950.0
 21
10852.5
 31
0.0
  0
LINE
  5
BFD
330
2
100
AcDbEntity
  8
Координатные кресты
  6
Continuous
100
AcDbLine
 10
3947.5
 20
10900.0
 30
0.0
 11
3952.5
 21
10900.0
 31
0.0
  0
LINE
  5
BFE
330
2
100
AcDbEntity
  8
Координатные кресты
  6
Continuous
100
AcDbLine
 10
3950.0
 20
10897.5
 30
0.0
 11
3950.0
 21
10902.5
 31
0.0
  0
LINE
  5
BFF
330
2
100
AcDbEntity
  8
Координатные кресты
  6
Continuous
100
AcDbLine
 10
3997.5
 20
10800.0
 30
0.0
 11
4002.5
 21
10800.0
 31
0.0
  0
LINE
  5
C00
330
2
100
AcDbEntity
  8
Координатные кресты
  6
Continuous
100
AcDbLine
 10
4000.0
 20
10797.5
 30
0.0
 11
4000.0
 21
10802.5
 31
0.0
  0
LINE
  5
C01
330
2
100
AcDbEntity
  8
Координатные кресты
  6
Continuous
100
AcDbLine
 10
3997.5
 20
10850.0
 30
0.0
 11
4002.5
 21
10850.0
 31
0.0
  0
LINE
  5
C02
330
2
100
AcDbEntity
  8
Координатные кресты
  6
Continuous
100
AcDbLine
 10
4000.0
 20
10847.5
 30
0.0
 11
4000.0
 21
10852.5
 31
0.0
  0
LINE
  5
C03
330
2
100
AcDbEntity
  8
Координатные кресты
  6
Continuous
100
AcDbLine
 10
3997.5
 20
10900.0
 30
0.0
 11
4002.5
 21
10900.0
 31
0.0
  0
LINE
  5
C04
330
2
100
AcDbEntity
  8
Координатные кресты
  6
Continuous
100
AcDbLine
 10
4000.0
 20
10897.5
 30
0.0
 11
4000.0
 21
10902.5
 31
0.0
  0
LINE
  5
C05
330
2
100
AcDbEntity
  8
Координатные кресты
  6
Continuous
100
AcDbLine
 10
4047.5
 20
10700.0
 30
0.0
 11
4052.5
 21
10700.0
 31
0.0
  0
LINE
  5
C06
330
2
100
AcDbEntity
  8
Координатные кресты
  6
Continuous
100
AcDbLine
 10
4050.0
 20
10697.5
 30
0.0
 11
4050.0
 21
10702.5
 31
0.0
  0
LINE
  5
C07
330
2
100
AcDbEntity
  8
Координатные кресты
  6
Continuous
100
AcDbLine
 10
4047.5
 20
10750.0
 30
0.0
 11
4052.5
 21
10750.0
 31
0.0
  0
LINE
  5
C08
330
2
100
AcDbEntity
  8
Координатные кресты
  6
Continuous
100
AcDbLine
 10
4050.0
 20
10747.5
 30
0.0
 11
4050.0
 21
10752.5
 31
0.0
  0
LINE
  5
C09
330
2
100
AcDbEntity
  8
Координатные кресты
  6
Continuous
100
AcDbLine
 10
4047.5
 20
10800.0
 30
0.0
 11
4052.5
 21
10800.0
 31
0.0
  0
LINE
  5
C0A
330
2
100
AcDbEntity
  8
Координатные кресты
  6
Continuous
100
AcDbLine
 10
4050.0
 20
10797.5
 30
0.0
 11
4050.0
 21
10802.5
 31
0.0
  0
LINE
  5
C0B
330
2
100
AcDbEntity
  8
Координатные кресты
  6
Continuous
100
AcDbLine
 10
4047.5
 20
10850.0
 30
0.0
 11
4052.5
 21
10850.0
 31
0.0
  0
LINE
  5
C0C
330
2
100
AcDbEntity
  8
Координатные кресты
  6
Continuous
100
AcDbLine
 10
4050.0
 20
10847.5
 30
0.0
 11
4050.0
 21
10852.5
 31
0.0
  0
LINE
  5
C0D
330
2
100
AcDbEntity
  8
Координатные кресты
  6
Continuous
100
AcDbLine
 10
4047.5
 20
10900.0
 30
0.0
 11
4052.5
 21
10900.0
 31
0.0
  0
LINE
  5
C0E
330
2
100
AcDbEntity
  8
Координатные кресты
  6
Continuous
100
AcDbLine
 10
4050.0
 20
10897.5
 30
0.0
 11
4050.0
 21
10902.5
 31
0.0
  0
LWPOLYLINE
  5
C0F
330
2
100
AcDbEntity
  8
Граница заказа
  6
Continuous
100
AcDbPolyline
 90
      642
 70
   128
 43
0.0
 10
3697.619
 20
11276.031
 10
3697.564
 20
11276.128
 10
3697.516
 20
11276.228
 10
3697.475
 20
11276.331
 10
3697.442
 20
11276.438
 10
3697.416
 20
11276.546
 10
3697.399
 20
11276.656
 10
3697.389
 20
11276.766
 10
3697.387
 20
11276.878
 10
3697.394
 20
11276.989
 10
3697.408
 20
11277.099
 10
3697.430000000001
 20
11277.208
 10
3697.46
 20
11277.315
 10
3697.498
 20
11277.42
 10
3697.542
 20
11277.521
 10
3697.595000000001
 20
11277.62
 10
3697.654
 20
11277.714
 10
3697.719
 20
11277.804
 10
3697.791
 20
11277.888
 10
3697.869
 20
11277.968
 10
3697.953
 20
11278.041
 10
3698.041
 20
11278.109
 10
3698.134
 20
11278.17
 10
3698.231
 20
11278.224
 10
3698.332
 20
11278.27
 10
3698.436
 20
11278.31
 10
3698.543
 20
11278.342
 10
3698.651000000001
 20
11278.366
 10
3698.761
 20
11278.382
 10
3698.872000000001
 20
11278.391
 10
3698.983
 20
11278.391
 10
3699.094
 20
11278.384
 10
3699.204
 20
11278.368
 10
3699.313
 20
11278.345
 10
3699.42
 20
11278.314
 10
3699.524
 20
11278.275
 10
3699.625
 20
11278.229
 10
3699.723
 20
11278.175
 10
3699.816000000001
 20
11278.115
 10
3699.905
 20
11278.048
 10
3699.989
 20
11277.975
 10
3700.068
 20
11277.897
 10
3700.14
 20
11277.812
 10
3700.207
 20
11277.723
 10
3700.266
 20
11277.629
 10
3700.319
 20
11277.532
 10
3700.346
 20
11277.473
 10
3701.866
 20
11275.032
 10
3700.621
 20
11274.254
 10
3701.898
 20
11272.976
 10
3703.16
 20
11273.758
 10
3704.779
 20
11271.143
 10
3703.612
 20
11270.251
 10
3706.956
 20
11265.188
 10
3705.562
 20
11264.289
 10
3707.678
 20
11261.006
 10
3708.808
 20
11261.745
 10
3710.492
 20
11259.168
 10
3708.775
 20
11258.099
 10
3712.516
 20
11252.296
 10
3713.096
 20
11252.688
 10
3713.466
 20
11252.142
 10
3716.391
 20
11253.977
 10
3718.228
 20
11251.048
 10
3716.741
 20
11250.148
 10
3720.058
 20
11245.116
 10
3718.66
 20
11244.217
 10
3719.237
 20
11243.319
 10
3719.977
 20
11243.795
 10
3720.896
 20
11242.365
 10
3720.157
 20
11241.889
 10
3720.763
 20
11240.945
 10
3721.989
 20
11241.669
 10
3723.776000000001
 20
11238.915
 10
3722.093000000001
 20
11237.812
 10
3725.695
 20
11232.318
 10
3726.197
 20
11232.648
 10
3726.673
 20
11231.925
 10
3729.88
 20
11234.037
 10
3731.61
 20
11231.408
 10
3729.865
 20
11230.139
 10
3733.17
 20
11225.102
 10
3731.771
 20
11224.181
 10
3733.873
 20
11220.961
 10
3735.54
 20
11222.048
 10
3737.313
 20
11219.441
 10
3733.873
 20
11217.102
 10
3735.967
 20
11213.844
 10
3733.775
 20
11212.412
 10
3734.391
 20
11211.47
 10
3730.961
 20
11209.302
 10
3730.379
 20
11210.192
 10
3725.946
 20
11207.294
 10
3725.782
 20
11207.545
 10
3726.88
 20
11208.263
 10
3725.245
 20
11210.764
 10
3722.213
 20
11208.593
 10
3721.062
 20
11209.093
 10
3710.072
 20
11185.447
 10
3719.727
 20
11181.129
 10
3726.112
 20
11179.713
 10
3729.41
 20
11178.982
 10
3729.5
 20
11179.39
 10
3733.788
 20
11178.438
 10
3734.113000000001
 20
11179.902
 10
3739.228
 20
11178.867
 10
3739.654
 20
11178.534
 10
3739.676
 20
11177.999
 10
3739.492
 20
11177.172
 10
3743.175
 20
11176.354
 10
3742.933
 20
11175.261
 10
3746.232
 20
11174.528
 10
3746.531
 20
11175.876
 10
3749.345000000001
 20
11175.251
 10
3749.042
 20
11173.889
 10
3752.688
 20
11173.088
 10
3752.930000000001
 20
11174.19
 10
3760.587
 20
11172.54
 10
3759.27
 20
11166.43
 10
3760.427
 20
11166.097
 10
3760.51
 20
11166.386
 10
3761.009
 20
11166.278
 10
3761.272
 20
11167.566
 10
3766.681
 20
11166.462
 10
3767.092
 20
11165.861
 10
3767.02
 20
11164.98
 10
3765.567
 20
11158.531
 10
3765.277
 20
11158.596
 10
3765.014
 20
11157.427
 10
3771.076
 20
11156.061
 10
3770.17
 20
11151.95
 10
3769.811
 20
11152.029
 10
3769.091
 20
11148.823
 10
3769.391
 20
11148.755
 10
3769.306
 20
11148.38
 10
3768.397
 20
11148.584
 10
3767.701
 20
11145.481
 10
3769.51
 20
11145.075
 10
3768.797
 20
11141.9
 10
3767.883000000001
 20
11142.037
 10
3767.795
 20
11141.644
 10
3767.368
 20
11141.74
 10
3766.672
 20
11138.639
 10
3767.099
 20
11138.543
 10
3766.218000000001
 20
11134.622
 10
3768.522
 20
11134.105
 10
3767.877
 20
11131.23
 10
3765.573
 20
11131.747
 10
3764.803
 20
11128.317
 10
3764.411
 20
11128.405
 10
3763.743
 20
11125.428
 10
3764.135
 20
11125.34
 10
3764.05
 20
11124.96
 10
3762.822
 20
11125.236
 10
3762.173
 20
11122.342
 10
3763.428
 20
11122.06
 10
3763.344
 20
11121.678
 10
3762.401000000001
 20
11117.384
 10
3761.359
 20
11112.643
 10
3764.864
 20
11111.872
 10
3767.648
 20
11111.26
 10
3767.914
 20
11112.468
 10
3770.905
 20
11111.81
 10
3770.98
 20
11112.15
 10
3775.298
 20
11111.2
 10
3775.599
 20
11112.568
 10
3781.361
 20
11111.301
 10
3781.06
 20
11109.933
 10
3802.04
 20
11105.32
 10
3800.675
 20
11099.112
 10
3802.179
 20
11098.782
 10
3802.249000000001
 20
11099.098
 10
3802.721
 20
11098.994
 10
3803.056
 20
11100.518
 10
3808.803
 20
11099.254
 10
3807.03
 20
11091.27
 10
3806.78
 20
11091.326
 10
3806.521
 20
11090.158
 10
3812.49
 20
11088.83
 10
3811.563
 20
11084.663
 10
3811.27
 20
11084.728
 10
3810.582
 20
11081.636
 10
3810.875
 20
11081.571
 10
3810.788
 20
11081.181
 10
3809.616
 20
11081.441
 10
3808.899
 20
11078.222
 10
3810.657
 20
11077.831
 10
3809.991
 20
11074.838
 10
3809.405
 20
11074.969
 10
3809.318
 20
11074.578
 10
3809.026000000001
 20
11074.644
 10
3808.333
 20
11071.53
 10
3808.625
 20
11071.464
 10
3807.746
 20
11067.512
 10
3810.089
 20
11066.99
 10
3809.426
 20
11064.011
 10
3807.083
 20
11064.533
 10
3806.37
 20
11061.33
 10
3806.077
 20
11061.395
 10
3805.374000000001
 20
11058.236
 10
3805.667
 20
11058.17
 10
3805.58
 20
11057.78
 10
3804.311
 20
11058.062
 10
3803.661
 20
11055.14
 10
3804.917
 20
11054.86
 10
3803.248
 20
11046.997
 10
3816.719
 20
11044.138
 10
3817.014
 20
11045.522
 10
3822.535
 20
11044.324
 10
3822.826
 20
11044.126
 10
3823.008000000001
 20
11043.813
 10
3822.991
 20
11043.686
 10
3822.962
 20
11043.468
 10
3822.824
 20
11042.82
 10
3826.607
 20
11042.013
 10
3826.169
 20
11039.959
 10
3829.912000000001
 20
11039.161
 10
3830.395
 20
11041.427
 10
3833.277
 20
11040.812
 10
3832.793
 20
11038.546
 10
3835.792
 20
11037.906
 10
3836.186
 20
11039.751
 10
3843.845000000001
 20
11038.117
 10
3842.521
 20
11031.903
 10
3843.67
 20
11031.657
 10
3844.031
 20
11033.351
 10
3850.194
 20
11032.037
 10
3850.462
 20
11031.807
 10
3850.538
 20
11031.451
 10
3850.436
 20
11031.104
 10
3850.255
 20
11030.491
 10
3848.844
 20
11023.871
 10
3848.362
 20
11023.973
 10
3848.132
 20
11022.898
 10
3854.324
 20
11021.577
 10
3853.441000000001
 20
11017.435
 10
3853.148
 20
11017.498
 10
3852.469
 20
11014.318
 10
3852.768
 20
11014.255
 10
3852.705
 20
11013.961
 10
3851.32
 20
11014.257
 10
3850.537000000001
 20
11010.844
 10
3852.268
 20
11010.474
 10
3851.592
 20
11007.551
 10
3851.180000000001
 20
11007.639
 10
3851.118
 20
11007.346
 10
3850.824
 20
11007.408
 10
3850.148
 20
11004.239
 10
3850.42
 20
11004.181
 10
3849.576
 20
11000.227
 10
3851.935
 20
10999.724
 10
3851.318
 20
10996.835
 10
3848.96
 20
10997.338
 10
3848.253
 20
10994.028
 10
3847.96
 20
10994.091
 10
3847.271
 20
10990.864
 10
3847.565
 20
10990.801
 10
3847.502
 20
10990.508
 10
3846.035
 20
10990.821
 10
3845.403
 20
10987.856
 10
3846.715
 20
10987.576
 10
3846.652
 20
10987.282
 10
3844.356
 20
10976.979
 10
3849.037000000001
 20
10975.943
 10
3848.950000000001
 20
10975.552
 10
3852.698
 20
10974.723
 10
3853.013
 20
10976.145
 10
3855.06
 20
10975.692
 10
3855.285
 20
10976.709
 10
3858.941000000001
 20
10975.9
 10
3858.716
 20
10974.883
 10
3859.180000000001
 20
10974.78
 10
3858.865
 20
10973.358
 10
3862.418
 20
10972.571
 10
3863.31
 20
10976.6
 10
3867.35
 20
10976.62
 10
3870.08
 20
10976.06
 10
3873.700000000001
 20
10974.31
 10
3872.353
 20
10968.222
 10
3879.599
 20
10966.618
 10
3878.686
 20
10962.49
 10
3879.711
 20
10962.263
 10
3879.777
 20
10962.562
 10
3880.059
 20
10962.499
 10
3880.378
 20
10963.942
 10
3886.303
 20
10962.629
 10
3886.524
 20
10962.507
 10
3886.656
 20
10962.366
 10
3886.736
 20
10962.144
 10
3886.498
 20
10961.072
 10
3885.039
 20
10954.479
 10
3884.626
 20
10954.57
 10
3884.403
 20
10953.564
 10
3890.58
 20
10952.194
 10
3889.661
 20
10948.078
 10
3889.466
 20
10948.121
 10
3888.738000000001
 20
10944.834
 10
3889.031
 20
10944.77
 10
3888.966
 20
10944.477
 10
3887.488000000001
 20
10944.804
 10
3886.771
 20
10941.566
 10
3889.434
 20
10940.977
 10
3888.771
 20
10937.977
 10
3887.462
 20
10938.267
 10
3887.397
 20
10937.974
 10
3887.104000000001
 20
10938.039
 10
3886.394
 20
10934.829
 10
3886.687
 20
10934.765
 10
3885.826
 20
10930.875
 10
3888.692
 20
10930.241
 10
3888.012
 20
10927.171
 10
3885.146
 20
10927.805
 10
3884.438
 20
10924.603
 10
3884.145
 20
10924.668
 10
3883.432
 20
10921.448
 10
3883.725
 20
10921.383
 10
3883.66
 20
10921.09
 10
3882.294
 20
10921.392
 10
3881.624000000001
 20
10918.368
 10
3882.893
 20
10918.087
 10
3882.549
 20
10916.531
 10
3902.409
 20
10912.093
 10
3902.929
 20
10914.411
 10
3918.546000000001
 20
10911.054
 10
3916.966
 20
10904.034
 10
3917.754
 20
10903.857
 10
3917.496
 20
10902.711
 10
3915.395
 20
10903.184
 10
3914.303
 20
10898.331
 10
3915.183
 20
10898.134
 10
3914.713
 20
10896.032
 10
3919.127
 20
10895.006
 10
3919.209000000001
 20
10895.346
 10
3920.546000000001
 20
10895.024
 10
3920.137
 20
10893.125
 10
3919.796000000001
 20
10893.202
 10
3916.197
 20
10877.279
 10
3916.539
 20
10877.204
 10
3916.121
 20
10875.291
 10
3915.103
 20
10875.52
 10
3912.037000000001
 20
10862.747
 10
3902.931
 20
10853.305
 10
3904.217
 20
10851.999
 10
3905.508000000001
 20
10850.699
 10
3906.804
 20
10849.405
 10
3908.107
 20
10848.116
 10
3909.415
 20
10846.833
 10
3910.531
 20
10845.746
 10
3910.843000000001
 20
10845.473
 10
3911.161
 20
10845.206
 10
3911.483
 20
10844.946
 10
3911.811
 20
10844.691
 10
3912.143
 20
10844.443
 10
3912.48
 20
10844.201
 10
3912.822
 20
10843.966
 10
3913.168
 20
10843.738
 10
3913.518
 20
10843.516
 10
3913.873
 20
10843.301
 10
3914.232
 20
10843.093
 10
3914.594
 20
10842.892
 10
3914.961
 20
10842.697
 10
3915.331
 20
10842.51
 10
3915.705
 20
10842.331
 10
3916.082
 20
10842.158
 10
3916.462
 20
10841.993
 10
3916.846
 20
10841.835
 10
3917.232
 20
10841.684
 10
3917.622000000001
 20
10841.541
 10
3918.014
 20
10841.406
 10
3918.408
 20
10841.278
 10
3918.805000000001
 20
10841.158
 10
3919.204
 20
10841.045
 10
3919.606
 20
10840.94
 10
3920.009
 20
10840.843
 10
3920.414
 20
10840.754
 10
3920.821
 20
10840.672
 10
3921.229000000001
 20
10840.599
 10
3921.638
 20
10840.533
 10
3922.049
 20
10840.475
 10
3922.461
 20
10840.425
 10
3922.608
 20
10840.409
 10
3922.865
 20
10840.388
 10
3923.121
 20
10840.36
 10
3923.377
 20
10840.323
 10
3923.63
 20
10840.278
 10
3923.883000000001
 20
10840.225
 10
3924.133000000001
 20
10840.165
 10
3924.382
 20
10840.097
 10
3924.628
 20
10840.021
 10
3924.872000000001
 20
10839.938
 10
3925.113000000001
 20
10839.847
 10
3925.352
 20
10839.748
 10
3925.587
 20
10839.643
 10
3925.818
 20
10839.53
 10
3926.046000000001
 20
10839.409
 10
3926.271
 20
10839.282
 10
3926.491
 20
10839.148
 10
3926.707
 20
10839.007
 10
3926.918
 20
10838.86
 10
3927.125
 20
10838.706
 10
3927.327
 20
10838.546
 10
3927.524
 20
10838.379
 10
3927.715
 20
10838.207
 10
3927.901000000001
 20
10838.029
 10
3928.082
 20
10837.845
 10
3928.257
 20
10837.655
 10
3928.425
 20
10837.46
 10
3928.588
 20
10837.26
 10
3928.744
 20
10837.055
 10
3928.894
 20
10836.845
 10
3929.037000000001
 20
10836.631
 10
3929.174
 20
10836.413
 10
3929.304
 20
10836.19
 10
3929.426
 20
10835.963
 10
3929.542
 20
10835.733
 10
3929.651000000001
 20
10835.499
 10
3929.752
 20
10835.262
 10
3929.845000000001
 20
10835.022
 10
3929.932
 20
10834.779
 10
3929.963
 20
10834.684
 10
3930.039
 20
10834.438
 10
3930.107
 20
10834.188
 10
3930.168
 20
10833.937
 10
3930.221
 20
10833.684
 10
3930.265
 20
10833.43
 10
3930.302
 20
10833.174
 10
3930.331
 20
10832.918
 10
3930.353
 20
10832.66
 10
3930.366
 20
10832.402
 10
3930.371
 20
10832.144
 10
3930.368
 20
10831.886
 10
3930.357
 20
10831.628
 10
3930.338
 20
10831.37
 10
3930.32
 20
10831.187
 10
3930.32
 20
10831.184
 10
3930.247000000001
 20
10830.134
 10
3930.166
 20
10829.085
 10
3930.077
 20
10828.037
 10
3929.98
 20
10826.989
 10
3929.876
 20
10825.942
 10
3929.763
 20
10824.896
 10
3929.643
 20
10823.851
 10
3929.514
 20
10822.807
 10
3929.378
 20
10821.764
 10
3929.233
 20
10820.721
 10
3929.081
 20
10819.68
 10
3928.921000000001
 20
10818.641
 10
3928.752
 20
10817.602
 10
3928.576
 20
10816.565
 10
3928.392000000001
 20
10815.529
 10
3928.201
 20
10814.494
 10
3928.001
 20
10813.461
 10
3928.0
 20
10813.454
 10
3921.532
 20
10781.336
 10
3920.076
 20
10774.106
 10
3916.963
 20
10758.646
 10
3916.82
 20
10757.936
 10
3916.745
 20
10757.591
 10
3916.661
 20
10757.249
 10
3916.57
 20
10756.908
 10
3916.472
 20
10756.569
 10
3916.365
 20
10756.233
 10
3916.251
 20
10755.899
 10
3916.13
 20
10755.568
 10
3916.091
 20
10755.466
 10
3931.950000000001
 20
10752.273
 10
3929.6
 20
10740.491
 10
3953.602
 20
10735.336
 10
3953.299
 20
10735.409
 10
3952.998
 20
10735.49
 10
3952.699
 20
10735.578
 10
3952.402
 20
10735.675
 10
3952.108
 20
10735.778
 10
3951.817
 20
10735.889
 10
3951.529
 20
10736.008
 10
3951.244
 20
10736.134
 10
3950.962
 20
10736.267
 10
3950.684
 20
10736.408
 10
3950.410000000001
 20
10736.555
 10
3950.139
 20
10736.71
 10
3949.872000000001
 20
10736.871
 10
3949.61
 20
10737.039
 10
3949.352
 20
10737.214
 10
3949.099
 20
10737.396
 10
3948.85
 20
10737.584
 10
3948.606
 20
10737.778
 10
3948.368
 20
10737.978
 10
3948.134
 20
10738.185
 10
3947.906
 20
10738.397
 10
3947.684
 20
10738.615
 10
3947.467
 20
10738.839
 10
3947.256
 20
10739.069
 10
3947.051
 20
10739.303
 10
3946.852
 20
10739.543
 10
3946.659
 20
10739.788
 10
3946.472
 20
10740.038
 10
3946.292
 20
10740.292
 10
3946.119
 20
10740.551
 10
3945.952
 20
10740.814
 10
3945.793
 20
10741.082
 10
3945.64
 20
10741.354
 10
3945.494
 20
10741.629
 10
3945.355
 20
10741.908
 10
3945.223
 20
10742.19
 10
3945.099
 20
10742.476
 10
3944.982
 20
10742.765
 10
3944.873
 20
10743.057
 10
3944.771
 20
10743.351
 10
3944.676
 20
10743.648
 10
3944.59
 20
10743.948
 10
3944.511
 20
10744.249
 10
3944.44
 20
10744.553
 10
3944.376
 20
10744.858
 10
3944.321
 20
10745.164
 10
3944.273
 20
10745.472
 10
3944.233
 20
10745.782
 10
3944.201
 20
10746.092
 10
3944.178
 20
10746.402
 10
3944.162000000001
 20
10746.714
 10
3944.154
 20
10747.025
 10
3944.154
 20
10747.337
 10
3944.162000000001
 20
10747.648
 10
3944.178
 20
10747.96
 10
3944.202
 20
10748.27
 10
3944.234
 20
10748.58
 10
3944.274
 20
10748.889
 10
3944.322
 20
10749.197
 10
3944.378
 20
10749.504
 10
3944.442
 20
10749.809
 10
3944.466
 20
10749.915
 10
3951.611
 20
10785.689
 10
3951.886
 20
10787.076
 10
3952.153
 20
10788.465
 10
3952.412000000001
 20
10789.855
 10
3952.663
 20
10791.247
 10
3952.906
 20
10792.64
 10
3953.142000000001
 20
10794.034
 10
3953.369
 20
10795.429
 10
3953.589
 20
10796.826
 10
3953.801
 20
10798.224
 10
3954.004
 20
10799.624
 10
3954.200000000001
 20
10801.024
 10
3954.388
 20
10802.426
 10
3954.568
 20
10803.828
 10
3954.74
 20
10805.232
 10
3954.904
 20
10806.636
 10
3955.06
 20
10808.042
 10
3955.208
 20
10809.448
 10
3955.349
 20
10810.855
 10
3955.481
 20
10812.263
 10
3955.605
 20
10813.671
 10
3955.722
 20
10815.081
 10
3955.826
 20
10816.436
 10
3955.912000000001
 20
10817.636
 10
3956.271
 20
10822.778
 10
3956.779
 20
10838.833
 10
3956.8
 20
10848.707
 10
3956.325000000001
 20
10867.307
 10
3975.291
 20
10867.791
 10
3974.721
 20
10881.413
 10
3955.641
 20
10880.65
 10
3955.487
 20
10883.141
 10
3957.645
 20
10886.504
 10
3957.645
 20
10886.586
 10
3956.338
 20
10899.291
 10
3955.382
 20
10905.309
 10
3953.14
 20
10918.182
 10
3950.132
 20
10920.687
 10
3950.132
 20
10920.687
 10
3949.758000000001
 20
10922.292
 10
3949.376
 20
10923.895
 10
3949.002
 20
10925.433
 10
3948.970000000001
 20
10925.563
 10
3948.589
 20
10927.097
 10
3948.184
 20
10928.695
 10
3947.771
 20
10930.29
 10
3947.376
 20
10931.788
 10
3947.324
 20
10931.984
 10
3946.922
 20
10933.476
 10
3946.486
 20
10935.065
 10
3946.042
 20
10936.653
 10
3945.594
 20
10938.226
 10
3945.587
 20
10938.252
 10
3945.154
 20
10939.743
 10
3945.109
 20
10939.9
 10
3944.679
 20
10941.354
 10
3944.652
 20
10941.445
 10
3944.19
 20
10942.981
 10
3943.708
 20
10944.557
 10
3943.224
 20
10946.112
 10
3956.233
 20
10953.751
 10
3934.689000000001
 20
10990.769
 10
3922.346
 20
11010.932
 10
3926.06
 20
11013.713
 10
3889.166
 20
11073.696
 10
3886.251
 20
11078.449
 10
3882.147
 20
11075.807
 10
3857.159
 20
11116.07
 10
3846.477
 20
11133.48
 10
3839.156
 20
11145.413
 10
3831.525
 20
11157.688
 10
3831.981
 20
11157.973
 10
3828.568
 20
11163.498
 10
3827.023
 20
11162.564
 10
3824.904
 20
11166.067
 10
3826.505
 20
11167.036
 10
3825.383000000001
 20
11168.893
 10
3823.607
 20
11167.818
 10
3815.997000000001
 20
11180.396
 10
3817.821
 20
11181.5
 10
3809.057
 20
11195.251
 10
3808.07
 20
11195.08
 10
3806.37
 20
11197.66
 10
3806.950000000001
 20
11198.427
 10
3805.59
 20
11200.69
 10
3808.042
 20
11202.343
 10
3800.147
 20
11215.4
 10
3796.568
 20
11213.176
 10
3751.748
 20
11284.45
 10
3709.499000000001
 20
11353.07
 10
3702.707
 20
11364.433
 10
3702.277
 20
11364.176
 10
3692.439
 20
11379.484
 10
3692.779
 20
11379.694
 10
3684.391
 20
11393.15
 10
3680.619
 20
11399.486
 10
3659.023
 20
11434.574
 10
3609.418
 20
11406.406
 10
3611.498
 20
11391.04
 10
3601.444
 20
11368.699
 10
3624.874000000001
 20
11357.986
 10
3633.950000000001
 20
11367.404
 10
3636.903
 20
11366.378
 10
3684.159
 20
11292.226
 10
3684.174
 20
11292.229
 10
3685.4
 20
11292.475
 10
3687.925
 20
11279.381
 10
3691.871
 20
11272.876
 10
3695.773
 20
11275.395
 10
3698.227
 20
11271.684
 10
3699.735
 20
11272.618
 10
3697.619
 20
11276.031
  0
TEXT
  5
C10
330
2
100
AcDbEntity
  8
Подписи рамок
  6
Continuous
100
AcDbText
 10
3610.0
 20
11431.667
 30
0.0
 40
8.333
  1
6
  7
Style-RUSSIAN_1251 I 0.00000
 11
3610.0
 21
11440.0
 31
0.0
100
AcDbText
 73
     3
  0
TEXT
  5
C11
330
2
100
AcDbEntity
  8
Подписи рамок
  6
Continuous
100
AcDbText
 10
3610.0
 20
11181.667
 30
0.0
 40
8.333
  1
7
  7
Style-RUSSIAN_1251 I 0.00000
 11
3610.0
 21
11190.0
 31
0.0
100
AcDbText
 73
     3
  0
TEXT
  5
C12
330
2
100
AcDbEntity
  8
Подписи рамок
  6
Continuous
100
AcDbText
 10
3860.0
 20
11181.667
 30
0.0
 40
8.333
  1
8
  7
Style-RUSSIAN_1251 I 0.00000
 11
3860.0
 21
11190.0
 31
0.0
100
AcDbText
 73
     3
  0
TEXT
  5
C13
330
2
100
AcDbEntity
  8
Подписи рамок
  6
Continuous
100
AcDbText
 10
3810.0
 20
10931.667
 30
0.0
 40
8.333
  1
9
  7
Style-RUSSIAN_1251 I 0.00000
 11
3810.0
 21
10940.0
 31
0.0
100
AcDbText
 73
     3
  0
LWPOLYLINE
  5
D69
330
2
100
AcDbEntity
  8
Рамки
  6
Continuous
100
AcDbPolyline
 90
        5
 70
   128
 43
0.0
 10
2900.0
 20
9850.0
 10
2900.0
 20
10100.0
 10
3150.0
 20
10100.0
 10
3150.0
 20
9850.0
 10
2900.0
 20
9850.0
  0
LINE
  5
D6A
330
2
100
AcDbEntity
  8
Координатные кресты
  6
Continuous
100
AcDbLine
 10
2897.5
 20
9850.0
 30
0.0
 11
2902.5
 21
9850.0
 31
0.0
  0
LINE
  5
D6B
330
2
100
AcDbEntity
  8
Координатные кресты
  6
Continuous
100
AcDbLine
 10
2900.0
 20
9847.5
 30
0.0
 11
2900.0
 21
9852.5
 31
0.0
  0
LINE
  5
D6C
330
2
100
AcDbEntity
  8
Координатные кресты
  6
Continuous
100
AcDbLine
 10
2897.5
 20
9900.0
 30
0.0
 11
2902.5
 21
9900.0
 31
0.0
  0
LINE
  5
D6D
330
2
100
AcDbEntity
  8
Координатные кресты
  6
Continuous
100
AcDbLine
 10
2900.0
 20
9897.5
 30
0.0
 11
2900.0
 21
9902.5
 31
0.0
  0
LINE
  5
D6E
330
2
100
AcDbEntity
  8
Координатные кресты
  6
Continuous
100
AcDbLine
 10
2897.5
 20
9950.0
 30
0.0
 11
2902.5
 21
9950.0
 31
0.0
  0
LINE
  5
D6F
330
2
100
AcDbEntity
  8
Координатные кресты
  6
Continuous
100
AcDbLine
 10
2900.0
 20
9947.5
 30
0.0
 11
2900.0
 21
9952.5
 31
0.0
  0
LINE
  5
D70
330
2
100
AcDbEntity
  8
Координатные кресты
  6
Continuous
100
AcDbLine
 10
2897.5
 20
10000.0
 30
0.0
 11
2902.5
 21
10000.0
 31
0.0
  0
LINE
  5
D71
330
2
100
AcDbEntity
  8
Координатные кресты
  6
Continuous
100
AcDbLine
 10
2900.0
 20
9997.5
 30
0.0
 11
2900.0
 21
10002.5
 31
0.0
  0
LINE
  5
D72
330
2
100
AcDbEntity
  8
Координатные кресты
  6
Continuous
100
AcDbLine
 10
2897.5
 20
10050.0
 30
0.0
 11
2902.5
 21
10050.0
 31
0.0
  0
LINE
  5
D73
330
2
100
AcDbEntity
  8
Координатные кресты
  6
Continuous
100
AcDbLine
 10
2900.0
 20
10047.5
 30
0.0
 11
2900.0
 21
10052.5
 31
0.0
  0
LINE
  5
D74
330
2
100
AcDbEntity
  8
Координатные кресты
  6
Continuous
100
AcDbLine
 10
2897.5
 20
10100.0
 30
0.0
 11
2902.5
 21
10100.0
 31
0.0
  0
LINE
  5
D75
330
2
100
AcDbEntity
  8
Координатные кресты
  6
Continuous
100
AcDbLine
 10
2900.0
 20
10097.5
 30
0.0
 11
2900.0
 21
10102.5
 31
0.0
  0
LINE
  5
D76
330
2
100
AcDbEntity
  8
Координатные кресты
  6
Continuous
100
AcDbLine
 10
2947.5
 20
9850.0
 30
0.0
 11
2952.5
 21
9850.0
 31
0.0
  0
LINE
  5
D77
330
2
100
AcDbEntity
  8
Координатные кресты
  6
Continuous
100
AcDbLine
 10
2950.0
 20
9847.5
 30
0.0
 11
2950.0
 21
9852.5
 31
0.0
  0
LINE
  5
D78
330
2
100
AcDbEntity
  8
Координатные кресты
  6
Continuous
100
AcDbLine
 10
2947.5
 20
9900.0
 30
0.0
 11
2952.5
 21
9900.0
 31
0.0
  0
LINE
  5
D79
330
2
100
AcDbEntity
  8
Координатные кресты
  6
Continuous
100
AcDbLine
 10
2950.0
 20
9897.5
 30
0.0
 11
2950.0
 21
9902.5
 31
0.0
  0
LINE
  5
D7A
330
2
100
AcDbEntity
  8
Координатные кресты
  6
Continuous
100
AcDbLine
 10
2947.5
 20
9950.0
 30
0.0
 11
2952.5
 21
9950.0
 31
0.0
  0
LINE
  5
D7B
330
2
100
AcDbEntity
  8
Координатные кресты
  6
Continuous
100
AcDbLine
 10
2950.0
 20
9947.5
 30
0.0
 11
2950.0
 21
9952.5
 31
0.0
  0
LINE
  5
D7C
330
2
100
AcDbEntity
  8
Координатные кресты
  6
Continuous
100
AcDbLine
 10
2947.5
 20
10000.0
 30
0.0
 11
2952.5
 21
10000.0
 31
0.0
  0
LINE
  5
D7D
330
2
100
AcDbEntity
  8
Координатные кресты
  6
Continuous
100
AcDbLine
 10
2950.0
 20
9997.5
 30
0.0
 11
2950.0
 21
10002.5
 31
0.0
  0
LINE
  5
D7E
330
2
100
AcDbEntity
  8
Координатные кресты
  6
Continuous
100
AcDbLine
 10
2947.5
 20
10050.0
 30
0.0
 11
2952.5
 21
10050.0
 31
0.0
  0
LINE
  5
D7F
330
2
100
AcDbEntity
  8
Координатные кресты
  6
Continuous
100
AcDbLine
 10
2950.0
 20
10047.5
 30
0.0
 11
2950.0
 21
10052.5
 31
0.0
  0
LINE
  5
D80
330
2
100
AcDbEntity
  8
Координатные кресты
  6
Continuous
100
AcDbLine
 10
2947.5
 20
10100.0
 30
0.0
 11
2952.5
 21
10100.0
 31
0.0
  0
LINE
  5
D81
330
2
100
AcDbEntity
  8
Координатные кресты
  6
Continuous
100
AcDbLine
 10
2950.0
 20
10097.5
 30
0.0
 11
2950.0
 21
10102.5
 31
0.0
  0
LINE
  5
D82
330
2
100
AcDbEntity
  8
Координатные кресты
  6
Continuous
100
AcDbLine
 10
2997.5
 20
9850.0
 30
0.0
 11
3002.5
 21
9850.0
 31
0.0
  0
LINE
  5
D83
330
2
100
AcDbEntity
  8
Координатные кресты
  6
Continuous
100
AcDbLine
 10
3000.0
 20
9847.5
 30
0.0
 11
3000.0
 21
9852.5
 31
0.0
  0
LINE
  5
D84
330
2
100
AcDbEntity
  8
Координатные кресты
  6
Continuous
100
AcDbLine
 10
2997.5
 20
9900.0
 30
0.0
 11
3002.5
 21
9900.0
 31
0.0
  0
LINE
  5
D85
330
2
100
AcDbEntity
  8
Координатные кресты
  6
Continuous
100
AcDbLine
 10
3000.0
 20
9897.5
 30
0.0
 11
3000.0
 21
9902.5
 31
0.0
  0
LINE
  5
D86
330
2
100
AcDbEntity
  8
Координатные кресты
  6
Continuous
100
AcDbLine
 10
2997.5
 20
9950.0
 30
0.0
 11
3002.5
 21
9950.0
 31
0.0
  0
LINE
  5
D87
330
2
100
AcDbEntity
  8
Координатные кресты
  6
Continuous
100
AcDbLine
 10
3000.0
 20
9947.5
 30
0.0
 11
3000.0
 21
9952.5
 31
0.0
  0
LINE
  5
D88
330
2
100
AcDbEntity
  8
Координатные кресты
  6
Continuous
100
AcDbLine
 10
2997.5
 20
10000.0
 30
0.0
 11
3002.5
 21
10000.0
 31
0.0
  0
LINE
  5
D89
330
2
100
AcDbEntity
  8
Координатные кресты
  6
Continuous
100
AcDbLine
 10
3000.0
 20
9997.5
 30
0.0
 11
3000.0
 21
10002.5
 31
0.0
  0
LINE
  5
D8A
330
2
100
AcDbEntity
  8
Координатные кресты
  6
Continuous
100
AcDbLine
 10
2997.5
 20
10050.0
 30
0.0
 11
3002.5
 21
10050.0
 31
0.0
  0
LINE
  5
D8B
330
2
100
AcDbEntity
  8
Координатные кресты
  6
Continuous
100
AcDbLine
 10
3000.0
 20
10047.5
 30
0.0
 11
3000.0
 21
10052.5
 31
0.0
  0
LINE
  5
D8C
330
2
100
AcDbEntity
  8
Координатные кресты
  6
Continuous
100
AcDbLine
 10
2997.5
 20
10100.0
 30
0.0
 11
3002.5
 21
10100.0
 31
0.0
  0
LINE
  5
D8D
330
2
100
AcDbEntity
  8
Координатные кресты
  6
Continuous
100
AcDbLine
 10
3000.0
 20
10097.5
 30
0.0
 11
3000.0
 21
10102.5
 31
0.0
  0
LINE
  5
D8E
330
2
100
AcDbEntity
  8
Координатные кресты
  6
Continuous
100
AcDbLine
 10
3047.5
 20
9850.0
 30
0.0
 11
3052.5
 21
9850.0
 31
0.0
  0
LINE
  5
D8F
330
2
100
AcDbEntity
  8
Координатные кресты
  6
Continuous
100
AcDbLine
 10
3050.0
 20
9847.5
 30
0.0
 11
3050.0
 21
9852.5
 31
0.0
  0
LINE
  5
D90
330
2
100
AcDbEntity
  8
Координатные кресты
  6
Continuous
100
AcDbLine
 10
3047.5
 20
9900.0
 30
0.0
 11
3052.5
 21
9900.0
 31
0.0
  0
LINE
  5
D91
330
2
100
AcDbEntity
  8
Координатные кресты
  6
Continuous
100
AcDbLine
 10
3050.0
 20
9897.5
 30
0.0
 11
3050.0
 21
9902.5
 31
0.0
  0
LINE
  5
D92
330
2
100
AcDbEntity
  8
Координатные кресты
  6
Continuous
100
AcDbLine
 10
3047.5
 20
9950.0
 30
0.0
 11
3052.5
 21
9950.0
 31
0.0
  0
LINE
  5
D93
330
2
100
AcDbEntity
  8
Координатные кресты
  6
Continuous
100
AcDbLine
 10
3050.0
 20
9947.5
 30
0.0
 11
3050.0
 21
9952.5
 31
0.0
  0
LINE
  5
D94
330
2
100
AcDbEntity
  8
Координатные кресты
  6
Continuous
100
AcDbLine
 10
3047.5
 20
10000.0
 30
0.0
 11
3052.5
 21
10000.0
 31
0.0
  0
LINE
  5
D95
330
2
100
AcDbEntity
  8
Координатные кресты
  6
Continuous
100
AcDbLine
 10
3050.0
 20
9997.5
 30
0.0
 11
3050.0
 21
10002.5
 31
0.0
  0
LINE
  5
D96
330
2
100
AcDbEntity
  8
Координатные кресты
  6
Continuous
100
AcDbLine
 10
3047.5
 20
10050.0
 30
0.0
 11
3052.5
 21
10050.0
 31
0.0
  0
LINE
  5
D97
330
2
100
AcDbEntity
  8
Координатные кресты
  6
Continuous
100
AcDbLine
 10
3050.0
 20
10047.5
 30
0.0
 11
3050.0
 21
10052.5
 31
0.0
  0
LINE
  5
D98
330
2
100
AcDbEntity
  8
Координатные кресты
  6
Continuous
100
AcDbLine
 10
3047.5
 20
10100.0
 30
0.0
 11
3052.5
 21
10100.0
 31
0.0
  0
LINE
  5
D99
330
2
100
AcDbEntity
  8
Координатные кресты
  6
Continuous
100
AcDbLine
 10
3050.0
 20
10097.5
 30
0.0
 11
3050.0
 21
10102.5
 31
0.0
  0
LINE
  5
D9A
330
2
100
AcDbEntity
  8
Координатные кресты
  6
Continuous
100
AcDbLine
 10
3097.5
 20
9850.0
 30
0.0
 11
3102.5
 21
9850.0
 31
0.0
  0
LINE
  5
D9B
330
2
100
AcDbEntity
  8
Координатные кресты
  6
Continuous
100
AcDbLine
 10
3100.0
 20
9847.5
 30
0.0
 11
3100.0
 21
9852.5
 31
0.0
  0
LINE
  5
D9C
330
2
100
AcDbEntity
  8
Координатные кресты
  6
Continuous
100
AcDbLine
 10
3097.5
 20
9900.0
 30
0.0
 11
3102.5
 21
9900.0
 31
0.0
  0
LINE
  5
D9D
330
2
100
AcDbEntity
  8
Координатные кресты
  6
Continuous
100
AcDbLine
 10
3100.0
 20
9897.5
 30
0.0
 11
3100.0
 21
9902.5
 31
0.0
  0
LINE
  5
D9E
330
2
100
AcDbEntity
  8
Координатные кресты
  6
Continuous
100
AcDbLine
 10
3097.5
 20
9950.0
 30
0.0
 11
3102.5
 21
9950.0
 31
0.0
  0
LINE
  5
D9F
330
2
100
AcDbEntity
  8
Координатные кресты
  6
Continuous
100
AcDbLine
 10
3100.0
 20
9947.5
 30
0.0
 11
3100.0
 21
9952.5
 31
0.0
  0
LINE
  5
DA0
330
2
100
AcDbEntity
  8
Координатные кресты
  6
Continuous
100
AcDbLine
 10
3097.5
 20
10000.0
 30
0.0
 11
3102.5
 21
10000.0
 31
0.0
  0
LINE
  5
DA1
330
2
100
AcDbEntity
  8
Координатные кресты
  6
Continuous
100
AcDbLine
 10
3100.0
 20
9997.5
 30
0.0
 11
3100.0
 21
10002.5
 31
0.0
  0
LINE
  5
DA2
330
2
100
AcDbEntity
  8
Координатные кресты
  6
Continuous
100
AcDbLine
 10
3097.5
 20
10050.0
 30
0.0
 11
3102.5
 21
10050.0
 31
0.0
  0
LINE
  5
DA3
330
2
100
AcDbEntity
  8
Координатные кресты
  6
Continuous
100
AcDbLine
 10
3100.0
 20
10047.5
 30
0.0
 11
3100.0
 21
10052.5
 31
0.0
  0
LINE
  5
DA4
330
2
100
AcDbEntity
  8
Координатные кресты
  6
Continuous
100
AcDbLine
 10
3097.5
 20
10100.0
 30
0.0
 11
3102.5
 21
10100.0
 31
0.0
  0
LINE
  5
DA5
330
2
100
AcDbEntity
  8
Координатные кресты
  6
Continuous
100
AcDbLine
 10
3100.0
 20
10097.5
 30
0.0
 11
3100.0
 21
10102.5
 31
0.0
  0
LINE
  5
DA6
330
2
100
AcDbEntity
  8
Координатные кресты
  6
Continuous
100
AcDbLine
 10
3147.5
 20
9850.0
 30
0.0
 11
3152.5
 21
9850.0
 31
0.0
  0
LINE
  5
DA7
330
2
100
AcDbEntity
  8
Координатные кресты
  6
Continuous
100
AcDbLine
 10
3150.0
 20
9847.5
 30
0.0
 11
3150.0
 21
9852.5
 31
0.0
  0
LINE
  5
DA8
330
2
100
AcDbEntity
  8
Координатные кресты
  6
Continuous
100
AcDbLine
 10
3147.5
 20
9900.0
 30
0.0
 11
3152.5
 21
9900.0
 31
0.0
  0
LINE
  5
DA9
330
2
100
AcDbEntity
  8
Координатные кресты
  6
Continuous
100
AcDbLine
 10
3150.0
 20
9897.5
 30
0.0
 11
3150.0
 21
9902.5
 31
0.0
  0
LINE
  5
DAA
330
2
100
AcDbEntity
  8
Координатные кресты
  6
Continuous
100
AcDbLine
 10
3147.5
 20
9950.0
 30
0.0
 11
3152.5
 21
9950.0
 31
0.0
  0
LINE
  5
DAB
330
2
100
AcDbEntity
  8
Координатные кресты
  6
Continuous
100
AcDbLine
 10
3150.0
 20
9947.5
 30
0.0
 11
3150.0
 21
9952.5
 31
0.0
  0
LINE
  5
DAC
330
2
100
AcDbEntity
  8
Координатные кресты
  6
Continuous
100
AcDbLine
 10
3147.5
 20
10000.0
 30
0.0
 11
3152.5
 21
10000.0
 31
0.0
  0
LINE
  5
DAD
330
2
100
AcDbEntity
  8
Координатные кресты
  6
Continuous
100
AcDbLine
 10
3150.0
 20
9997.5
 30
0.0
 11
3150.0
 21
10002.5
 31
0.0
  0
LINE
  5
DAE
330
2
100
AcDbEntity
  8
Координатные кресты
  6
Continuous
100
AcDbLine
 10
3147.5
 20
10050.0
 30
0.0
 11
3152.5
 21
10050.0
 31
0.0
  0
LINE
  5
DAF
330
2
100
AcDbEntity
  8
Координатные кресты
  6
Continuous
100
AcDbLine
 10
3150.0
 20
10047.5
 30
0.0
 11
3150.0
 21
10052.5
 31
0.0
  0
LINE
  5
DB0
330
2
100
AcDbEntity
  8
Координатные кресты
  6
Continuous
100
AcDbLine
 10
3147.5
 20
10100.0
 30
0.0
 11
3152.5
 21
10100.0
 31
0.0
  0
LINE
  5
DB1
330
2
100
AcDbEntity
  8
Координатные кресты
  6
Continuous
100
AcDbLine
 10
3150.0
 20
10097.5
 30
0.0
 11
3150.0
 21
10102.5
 31
0.0
  0
LWPOLYLINE
  5
DB2
330
2
100
AcDbEntity
  8
Рамки
  6
Continuous
100
AcDbPolyline
 90
        5
 70
   128
 43
0.0
 10
3150.0
 20
9800.0
 10
3150.0
 20
10050.0
 10
3400.0
 20
10050.0
 10
3400.0
 20
9800.0
 10
3150.0
 20
9800.0
  0
LINE
  5
DB3
330
2
100
AcDbEntity
  8
Координатные кресты
  6
Continuous
100
AcDbLine
 10
3147.5
 20
9800.0
 30
0.0
 11
3152.5
 21
9800.0
 31
0.0
  0
LINE
  5
DB4
330
2
100
AcDbEntity
  8
Координатные кресты
  6
Continuous
100
AcDbLine
 10
3150.0
 20
9797.5
 30
0.0
 11
3150.0
 21
9802.5
 31
0.0
  0
LINE
  5
DB5
330
2
100
AcDbEntity
  8
Координатные кресты
  6
Continuous
100
AcDbLine
 10
3197.5
 20
9800.0
 30
0.0
 11
3202.5
 21
9800.0
 31
0.0
  0
LINE
  5
DB6
330
2
100
AcDbEntity
  8
Координатные кресты
  6
Continuous
100
AcDbLine
 10
3200.0
 20
9797.5
 30
0.0
 11
3200.0
 21
9802.5
 31
0.0
  0
LINE
  5
DB7
330
2
100
AcDbEntity
  8
Координатные кресты
  6
Continuous
100
AcDbLine
 10
3197.5
 20
9850.0
 30
0.0
 11
3202.5
 21
9850.0
 31
0.0
  0
LINE
  5
DB8
330
2
100
AcDbEntity
  8
Координатные кресты
  6
Continuous
100
AcDbLine
 10
3200.0
 20
9847.5
 30
0.0
 11
3200.0
 21
9852.5
 31
0.0
  0
LINE
  5
DB9
330
2
100
AcDbEntity
  8
Координатные кресты
  6
Continuous
100
AcDbLine
 10
3197.5
 20
9900.0
 30
0.0
 11
3202.5
 21
9900.0
 31
0.0
  0
LINE
  5
DBA
330
2
100
AcDbEntity
  8
Координатные кресты
  6
Continuous
100
AcDbLine
 10
3200.0
 20
9897.5
 30
0.0
 11
3200.0
 21
9902.5
 31
0.0
  0
LINE
  5
DBB
330
2
100
AcDbEntity
  8
Координатные кресты
  6
Continuous
100
AcDbLine
 10
3197.5
 20
9950.0
 30
0.0
 11
3202.5
 21
9950.0
 31
0.0
  0
LINE
  5
DBC
330
2
100
AcDbEntity
  8
Координатные кресты
  6
Continuous
100
AcDbLine
 10
3200.0
 20
9947.5
 30
0.0
 11
3200.0
 21
9952.5
 31
0.0
  0
LINE
  5
DBD
330
2
100
AcDbEntity
  8
Координатные кресты
  6
Continuous
100
AcDbLine
 10
3197.5
 20
10000.0
 30
0.0
 11
3202.5
 21
10000.0
 31
0.0
  0
LINE
  5
DBE
330
2
100
AcDbEntity
  8
Координатные кресты
  6
Continuous
100
AcDbLine
 10
3200.0
 20
9997.5
 30
0.0
 11
3200.0
 21
10002.5
 31
0.0
  0
LINE
  5
DBF
330
2
100
AcDbEntity
  8
Координатные кресты
  6
Continuous
100
AcDbLine
 10
3197.5
 20
10050.0
 30
0.0
 11
3202.5
 21
10050.0
 31
0.0
  0
LINE
  5
DC0
330
2
100
AcDbEntity
  8
Координатные кресты
  6
Continuous
100
AcDbLine
 10
3200.0
 20
10047.5
 30
0.0
 11
3200.0
 21
10052.5
 31
0.0
  0
LINE
  5
DC1
330
2
100
AcDbEntity
  8
Координатные кресты
  6
Continuous
100
AcDbLine
 10
3247.5
 20
9800.0
 30
0.0
 11
3252.5
 21
9800.0
 31
0.0
  0
LINE
  5
DC2
330
2
100
AcDbEntity
  8
Координатные кресты
  6
Continuous
100
AcDbLine
 10
3250.0
 20
9797.5
 30
0.0
 11
3250.0
 21
9802.5
 31
0.0
  0
LINE
  5
DC3
330
2
100
AcDbEntity
  8
Координатные кресты
  6
Continuous
100
AcDbLine
 10
3247.5
 20
9850.0
 30
0.0
 11
3252.5
 21
9850.0
 31
0.0
  0
LINE
  5
DC4
330
2
100
AcDbEntity
  8
Координатные кресты
  6
Continuous
100
AcDbLine
 10
3250.0
 20
9847.5
 30
0.0
 11
3250.0
 21
9852.5
 31
0.0
  0
LINE
  5
DC5
330
2
100
AcDbEntity
  8
Координатные кресты
  6
Continuous
100
AcDbLine
 10
3247.5
 20
9900.0
 30
0.0
 11
3252.5
 21
9900.0
 31
0.0
  0
LINE
  5
DC6
330
2
100
AcDbEntity
  8
Координатные кресты
  6
Continuous
100
AcDbLine
 10
3250.0
 20
9897.5
 30
0.0
 11
3250.0
 21
9902.5
 31
0.0
  0
LINE
  5
DC7
330
2
100
AcDbEntity
  8
Координатные кресты
  6
Continuous
100
AcDbLine
 10
3247.5
 20
9950.0
 30
0.0
 11
3252.5
 21
9950.0
 31
0.0
  0
LINE
  5
DC8
330
2
100
AcDbEntity
  8
Координатные кресты
  6
Continuous
100
AcDbLine
 10
3250.0
 20
9947.5
 30
0.0
 11
3250.0
 21
9952.5
 31
0.0
  0
LINE
  5
DC9
330
2
100
AcDbEntity
  8
Координатные кресты
  6
Continuous
100
AcDbLine
 10
3247.5
 20
10000.0
 30
0.0
 11
3252.5
 21
10000.0
 31
0.0
  0
LINE
  5
DCA
330
2
100
AcDbEntity
  8
Координатные кресты
  6
Continuous
100
AcDbLine
 10
3250.0
 20
9997.5
 30
0.0
 11
3250.0
 21
10002.5
 31
0.0
  0
LINE
  5
DCB
330
2
100
AcDbEntity
  8
Координатные кресты
  6
Continuous
100
AcDbLine
 10
3247.5
 20
10050.0
 30
0.0
 11
3252.5
 21
10050.0
 31
0.0
  0
LINE
  5
DCC
330
2
100
AcDbEntity
  8
Координатные кресты
  6
Continuous
100
AcDbLine
 10
3250.0
 20
10047.5
 30
0.0
 11
3250.0
 21
10052.5
 31
0.0
  0
LINE
  5
DCD
330
2
100
AcDbEntity
  8
Координатные кресты
  6
Continuous
100
AcDbLine
 10
3297.5
 20
9800.0
 30
0.0
 11
3302.5
 21
9800.0
 31
0.0
  0
LINE
  5
DCE
330
2
100
AcDbEntity
  8
Координатные кресты
  6
Continuous
100
AcDbLine
 10
3300.0
 20
9797.5
 30
0.0
 11
3300.0
 21
9802.5
 31
0.0
  0
LINE
  5
DCF
330
2
100
AcDbEntity
  8
Координатные кресты
  6
Continuous
100
AcDbLine
 10
3297.5
 20
9850.0
 30
0.0
 11
3302.5
 21
9850.0
 31
0.0
  0
LINE
  5
DD0
330
2
100
AcDbEntity
  8
Координатные кресты
  6
Continuous
100
AcDbLine
 10
3300.0
 20
9847.5
 30
0.0
 11
3300.0
 21
9852.5
 31
0.0
  0
LINE
  5
DD1
330
2
100
AcDbEntity
  8
Координатные кресты
  6
Continuous
100
AcDbLine
 10
3297.5
 20
9900.0
 30
0.0
 11
3302.5
 21
9900.0
 31
0.0
  0
LINE
  5
DD2
330
2
100
AcDbEntity
  8
Координатные кресты
  6
Continuous
100
AcDbLine
 10
3300.0
 20
9897.5
 30
0.0
 11
3300.0
 21
9902.5
 31
0.0
  0
LINE
  5
DD3
330
2
100
AcDbEntity
  8
Координатные кресты
  6
Continuous
100
AcDbLine
 10
3297.5
 20
9950.0
 30
0.0
 11
3302.5
 21
9950.0
 31
0.0
  0
LINE
  5
DD4
330
2
100
AcDbEntity
  8
Координатные кресты
  6
Continuous
100
AcDbLine
 10
3300.0
 20
9947.5
 30
0.0
 11
3300.0
 21
9952.5
 31
0.0
  0
LINE
  5
DD5
330
2
100
AcDbEntity
  8
Координатные кресты
  6
Continuous
100
AcDbLine
 10
3297.5
 20
10000.0
 30
0.0
 11
3302.5
 21
10000.0
 31
0.0
  0
LINE
  5
DD6
330
2
100
AcDbEntity
  8
Координатные кресты
  6
Continuous
100
AcDbLine
 10
3300.0
 20
9997.5
 30
0.0
 11
3300.0
 21
10002.5
 31
0.0
  0
LINE
  5
DD7
330
2
100
AcDbEntity
  8
Координатные кресты
  6
Continuous
100
AcDbLine
 10
3297.5
 20
10050.0
 30
0.0
 11
3302.5
 21
10050.0
 31
0.0
  0
LINE
  5
DD8
330
2
100
AcDbEntity
  8
Координатные кресты
  6
Continuous
100
AcDbLine
 10
3300.0
 20
10047.5
 30
0.0
 11
3300.0
 21
10052.5
 31
0.0
  0
LINE
  5
DD9
330
2
100
AcDbEntity
  8
Координатные кресты
  6
Continuous
100
AcDbLine
 10
3347.5
 20
9800.0
 30
0.0
 11
3352.5
 21
9800.0
 31
0.0
  0
LINE
  5
DDA
330
2
100
AcDbEntity
  8
Координатные кресты
  6
Continuous
100
AcDbLine
 10
3350.0
 20
9797.5
 30
0.0
 11
3350.0
 21
9802.5
 31
0.0
  0
LINE
  5
DDB
330
2
100
AcDbEntity
  8
Координатные кресты
  6
Continuous
100
AcDbLine
 10
3347.5
 20
9850.0
 30
0.0
 11
3352.5
 21
9850.0
 31
0.0
  0
LINE
  5
DDC
330
2
100
AcDbEntity
  8
Координатные кресты
  6
Continuous
100
AcDbLine
 10
3350.0
 20
9847.5
 30
0.0
 11
3350.0
 21
9852.5
 31
0.0
  0
LINE
  5
DDD
330
2
100
AcDbEntity
  8
Координатные кресты
  6
Continuous
100
AcDbLine
 10
3347.5
 20
9900.0
 30
0.0
 11
3352.5
 21
9900.0
 31
0.0
  0
LINE
  5
DDE
330
2
100
AcDbEntity
  8
Координатные кресты
  6
Continuous
100
AcDbLine
 10
3350.0
 20
9897.5
 30
0.0
 11
3350.0
 21
9902.5
 31
0.0
  0
LINE
  5
DDF
330
2
100
AcDbEntity
  8
Координатные кресты
  6
Continuous
100
AcDbLine
 10
3347.5
 20
9950.0
 30
0.0
 11
3352.5
 21
9950.0
 31
0.0
  0
LINE
  5
DE0
330
2
100
AcDbEntity
  8
Координатные кресты
  6
Continuous
100
AcDbLine
 10
3350.0
 20
9947.5
 30
0.0
 11
3350.0
 21
9952.5
 31
0.0
  0
LINE
  5
DE1
330
2
100
AcDbEntity
  8
Координатные кресты
  6
Continuous
100
AcDbLine
 10
3347.5
 20
10000.0
 30
0.0
 11
3352.5
 21
10000.0
 31
0.0
  0
LINE
  5
DE2
330
2
100
AcDbEntity
  8
Координатные кресты
  6
Continuous
100
AcDbLine
 10
3350.0
 20
9997.5
 30
0.0
 11
3350.0
 21
10002.5
 31
0.0
  0
LINE
  5
DE3
330
2
100
AcDbEntity
  8
Координатные кресты
  6
Continuous
100
AcDbLine
 10
3347.5
 20
10050.0
 30
0.0
 11
3352.5
 21
10050.0
 31
0.0
  0
LINE
  5
DE4
330
2
100
AcDbEntity
  8
Координатные кресты
  6
Continuous
100
AcDbLine
 10
3350.0
 20
10047.5
 30
0.0
 11
3350.0
 21
10052.5
 31
0.0
  0
LINE
  5
DE5
330
2
100
AcDbEntity
  8
Координатные кресты
  6
Continuous
100
AcDbLine
 10
3397.5
 20
9800.0
 30
0.0
 11
3402.5
 21
9800.0
 31
0.0
  0
LINE
  5
DE6
330
2
100
AcDbEntity
  8
Координатные кресты
  6
Continuous
100
AcDbLine
 10
3400.0
 20
9797.5
 30
0.0
 11
3400.0
 21
9802.5
 31
0.0
  0
LINE
  5
DE7
330
2
100
AcDbEntity
  8
Координатные кресты
  6
Continuous
100
AcDbLine
 10
3397.5
 20
9850.0
 30
0.0
 11
3402.5
 21
9850.0
 31
0.0
  0
LINE
  5
DE8
330
2
100
AcDbEntity
  8
Координатные кресты
  6
Continuous
100
AcDbLine
 10
3400.0
 20
9847.5
 30
0.0
 11
3400.0
 21
9852.5
 31
0.0
  0
LINE
  5
DE9
330
2
100
AcDbEntity
  8
Координатные кресты
  6
Continuous
100
AcDbLine
 10
3397.5
 20
9900.0
 30
0.0
 11
3402.5
 21
9900.0
 31
0.0
  0
LINE
  5
DEA
330
2
100
AcDbEntity
  8
Координатные кресты
  6
Continuous
100
AcDbLine
 10
3400.0
 20
9897.5
 30
0.0
 11
3400.0
 21
9902.5
 31
0.0
  0
LINE
  5
DEB
330
2
100
AcDbEntity
  8
Координатные кресты
  6
Continuous
100
AcDbLine
 10
3397.5
 20
9950.0
 30
0.0
 11
3402.5
 21
9950.0
 31
0.0
  0
LINE
  5
DEC
330
2
100
AcDbEntity
  8
Координатные кресты
  6
Continuous
100
AcDbLine
 10
3400.0
 20
9947.5
 30
0.0
 11
3400.0
 21
9952.5
 31
0.0
  0
LINE
  5
DED
330
2
100
AcDbEntity
  8
Координатные кресты
  6
Continuous
100
AcDbLine
 10
3397.5
 20
10000.0
 30
0.0
 11
3402.5
 21
10000.0
 31
0.0
  0
LINE
  5
DEE
330
2
100
AcDbEntity
  8
Координатные кресты
  6
Continuous
100
AcDbLine
 10
3400.0
 20
9997.5
 30
0.0
 11
3400.0
 21
10002.5
 31
0.0
  0
LINE
  5
DEF
330
2
100
AcDbEntity
  8
Координатные кресты
  6
Continuous
100
AcDbLine
 10
3397.5
 20
10050.0
 30
0.0
 11
3402.5
 21
10050.0
 31
0.0
  0
LINE
  5
DF0
330
2
100
AcDbEntity
  8
Координатные кресты
  6
Continuous
100
AcDbLine
 10
3400.0
 20
10047.5
 30
0.0
 11
3400.0
 21
10052.5
 31
0.0
  0
LWPOLYLINE
  5
DF1
330
2
100
AcDbEntity
  8
Рамки
  6
Continuous
100
AcDbPolyline
 90
        5
 70
   128
 43
0.0
 10
3400.0
 20
9800.0
 10
3400.0
 20
10050.0
 10
3650.0
 20
10050.0
 10
3650.0
 20
9800.0
 10
3400.0
 20
9800.0
  0
LINE
  5
DF2
330
2
100
AcDbEntity
  8
Координатные кресты
  6
Continuous
100
AcDbLine
 10
3447.5
 20
9800.0
 30
0.0
 11
3452.5
 21
9800.0
 31
0.0
  0
LINE
  5
DF3
330
2
100
AcDbEntity
  8
Координатные кресты
  6
Continuous
100
AcDbLine
 10
3450.0
 20
9797.5
 30
0.0
 11
3450.0
 21
9802.5
 31
0.0
  0
LINE
  5
DF4
330
2
100
AcDbEntity
  8
Координатные кресты
  6
Continuous
100
AcDbLine
 10
3447.5
 20
9850.0
 30
0.0
 11
3452.5
 21
9850.0
 31
0.0
  0
LINE
  5
DF5
330
2
100
AcDbEntity
  8
Координатные кресты
  6
Continuous
100
AcDbLine
 10
3450.0
 20
9847.5
 30
0.0
 11
3450.0
 21
9852.5
 31
0.0
  0
LINE
  5
DF6
330
2
100
AcDbEntity
  8
Координатные кресты
  6
Continuous
100
AcDbLine
 10
3447.5
 20
9900.0
 30
0.0
 11
3452.5
 21
9900.0
 31
0.0
  0
LINE
  5
DF7
330
2
100
AcDbEntity
  8
Координатные кресты
  6
Continuous
100
AcDbLine
 10
3450.0
 20
9897.5
 30
0.0
 11
3450.0
 21
9902.5
 31
0.0
  0
LINE
  5
DF8
330
2
100
AcDbEntity
  8
Координатные кресты
  6
Continuous
100
AcDbLine
 10
3447.5
 20
9950.0
 30
0.0
 11
3452.5
 21
9950.0
 31
0.0
  0
LINE
  5
DF9
330
2
100
AcDbEntity
  8
Координатные кресты
  6
Continuous
100
AcDbLine
 10
3450.0
 20
9947.5
 30
0.0
 11
3450.0
 21
9952.5
 31
0.0
  0
LINE
  5
DFA
330
2
100
AcDbEntity
  8
Координатные кресты
  6
Continuous
100
AcDbLine
 10
3447.5
 20
10000.0
 30
0.0
 11
3452.5
 21
10000.0
 31
0.0
  0
LINE
  5
DFB
330
2
100
AcDbEntity
  8
Координатные кресты
  6
Continuous
100
AcDbLine
 10
3450.0
 20
9997.5
 30
0.0
 11
3450.0
 21
10002.5
 31
0.0
  0
LINE
  5
DFC
330
2
100
AcDbEntity
  8
Координатные кресты
  6
Continuous
100
AcDbLine
 10
3447.5
 20
10050.0
 30
0.0
 11
3452.5
 21
10050.0
 31
0.0
  0
LINE
  5
DFD
330
2
100
AcDbEntity
  8
Координатные кресты
  6
Continuous
100
AcDbLine
 10
3450.0
 20
10047.5
 30
0.0
 11
3450.0
 21
10052.5
 31
0.0
  0
LINE
  5
DFE
330
2
100
AcDbEntity
  8
Координатные кресты
  6
Continuous
100
AcDbLine
 10
3497.5
 20
9800.0
 30
0.0
 11
3502.5
 21
9800.0
 31
0.0
  0
LINE
  5
DFF
330
2
100
AcDbEntity
  8
Координатные кресты
  6
Continuous
100
AcDbLine
 10
3500.0
 20
9797.5
 30
0.0
 11
3500.0
 21
9802.5
 31
0.0
  0
LINE
  5
E00
330
2
100
AcDbEntity
  8
Координатные кресты
  6
Continuous
100
AcDbLine
 10
3497.5
 20
9850.0
 30
0.0
 11
3502.5
 21
9850.0
 31
0.0
  0
LINE
  5
E01
330
2
100
AcDbEntity
  8
Координатные кресты
  6
Continuous
100
AcDbLine
 10
3500.0
 20
9847.5
 30
0.0
 11
3500.0
 21
9852.5
 31
0.0
  0
LINE
  5
E02
330
2
100
AcDbEntity
  8
Координатные кресты
  6
Continuous
100
AcDbLine
 10
3497.5
 20
9900.0
 30
0.0
 11
3502.5
 21
9900.0
 31
0.0
  0
LINE
  5
E03
330
2
100
AcDbEntity
  8
Координатные кресты
  6
Continuous
100
AcDbLine
 10
3500.0
 20
9897.5
 30
0.0
 11
3500.0
 21
9902.5
 31
0.0
  0
LINE
  5
E04
330
2
100
AcDbEntity
  8
Координатные кресты
  6
Continuous
100
AcDbLine
 10
3497.5
 20
9950.0
 30
0.0
 11
3502.5
 21
9950.0
 31
0.0
  0
LINE
  5
E05
330
2
100
AcDbEntity
  8
Координатные кресты
  6
Continuous
100
AcDbLine
 10
3500.0
 20
9947.5
 30
0.0
 11
3500.0
 21
9952.5
 31
0.0
  0
LINE
  5
E06
330
2
100
AcDbEntity
  8
Координатные кресты
  6
Continuous
100
AcDbLine
 10
3497.5
 20
10000.0
 30
0.0
 11
3502.5
 21
10000.0
 31
0.0
  0
LINE
  5
E07
330
2
100
AcDbEntity
  8
Координатные кресты
  6
Continuous
100
AcDbLine
 10
3500.0
 20
9997.5
 30
0.0
 11
3500.0
 21
10002.5
 31
0.0
  0
LINE
  5
E08
330
2
100
AcDbEntity
  8
Координатные кресты
  6
Continuous
100
AcDbLine
 10
3497.5
 20
10050.0
 30
0.0
 11
3502.5
 21
10050.0
 31
0.0
  0
LINE
  5
E09
330
2
100
AcDbEntity
  8
Координатные кресты
  6
Continuous
100
AcDbLine
 10
3500.0
 20
10047.5
 30
0.0
 11
3500.0
 21
10052.5
 31
0.0
  0
LINE
  5
E0A
330
2
100
AcDbEntity
  8
Координатные кресты
  6
Continuous
100
AcDbLine
 10
3547.5
 20
9800.0
 30
0.0
 11
3552.5
 21
9800.0
 31
0.0
  0
LINE
  5
E0B
330
2
100
AcDbEntity
  8
Координатные кресты
  6
Continuous
100
AcDbLine
 10
3550.0
 20
9797.5
 30
0.0
 11
3550.0
 21
9802.5
 31
0.0
  0
LINE
  5
E0C
330
2
100
AcDbEntity
  8
Координатные кресты
  6
Continuous
100
AcDbLine
 10
3547.5
 20
9850.0
 30
0.0
 11
3552.5
 21
9850.0
 31
0.0
  0
LINE
  5
E0D
330
2
100
AcDbEntity
  8
Координатные кресты
  6
Continuous
100
AcDbLine
 10
3550.0
 20
9847.5
 30
0.0
 11
3550.0
 21
9852.5
 31
0.0
  0
LINE
  5
E0E
330
2
100
AcDbEntity
  8
Координатные кресты
  6
Continuous
100
AcDbLine
 10
3547.5
 20
9900.0
 30
0.0
 11
3552.5
 21
9900.0
 31
0.0
  0
LINE
  5
E0F
330
2
100
AcDbEntity
  8
Координатные кресты
  6
Continuous
100
AcDbLine
 10
3550.0
 20
9897.5
 30
0.0
 11
3550.0
 21
9902.5
 31
0.0
  0
LINE
  5
E10
330
2
100
AcDbEntity
  8
Координатные кресты
  6
Continuous
100
AcDbLine
 10
3547.5
 20
9950.0
 30
0.0
 11
3552.5
 21
9950.0
 31
0.0
  0
LINE
  5
E11
330
2
100
AcDbEntity
  8
Координатные кресты
  6
Continuous
100
AcDbLine
 10
3550.0
 20
9947.5
 30
0.0
 11
3550.0
 21
9952.5
 31
0.0
  0
LINE
  5
E12
330
2
100
AcDbEntity
  8
Координатные кресты
  6
Continuous
100
AcDbLine
 10
3547.5
 20
10000.0
 30
0.0
 11
3552.5
 21
10000.0
 31
0.0
  0
LINE
  5
E13
330
2
100
AcDbEntity
  8
Координатные кресты
  6
Continuous
100
AcDbLine
 10
3550.0
 20
9997.5
 30
0.0
 11
3550.0
 21
10002.5
 31
0.0
  0
LINE
  5
E14
330
2
100
AcDbEntity
  8
Координатные кресты
  6
Continuous
100
AcDbLine
 10
3547.5
 20
10050.0
 30
0.0
 11
3552.5
 21
10050.0
 31
0.0
  0
LINE
  5
E15
330
2
100
AcDbEntity
  8
Координатные кресты
  6
Continuous
100
AcDbLine
 10
3550.0
 20
10047.5
 30
0.0
 11
3550.0
 21
10052.5
 31
0.0
  0
LINE
  5
E16
330
2
100
AcDbEntity
  8
Координатные кресты
  6
Continuous
100
AcDbLine
 10
3597.5
 20
9800.0
 30
0.0
 11
3602.5
 21
9800.0
 31
0.0
  0
LINE
  5
E17
330
2
100
AcDbEntity
  8
Координатные кресты
  6
Continuous
100
AcDbLine
 10
3600.0
 20
9797.5
 30
0.0
 11
3600.0
 21
9802.5
 31
0.0
  0
LINE
  5
E18
330
2
100
AcDbEntity
  8
Координатные кресты
  6
Continuous
100
AcDbLine
 10
3597.5
 20
9850.0
 30
0.0
 11
3602.5
 21
9850.0
 31
0.0
  0
LINE
  5
E19
330
2
100
AcDbEntity
  8
Координатные кресты
  6
Continuous
100
AcDbLine
 10
3600.0
 20
9847.5
 30
0.0
 11
3600.0
 21
9852.5
 31
0.0
  0
LINE
  5
E1A
330
2
100
AcDbEntity
  8
Координатные кресты
  6
Continuous
100
AcDbLine
 10
3597.5
 20
9900.0
 30
0.0
 11
3602.5
 21
9900.0
 31
0.0
  0
LINE
  5
E1B
330
2
100
AcDbEntity
  8
Координатные кресты
  6
Continuous
100
AcDbLine
 10
3600.0
 20
9897.5
 30
0.0
 11
3600.0
 21
9902.5
 31
0.0
  0
LINE
  5
E1C
330
2
100
AcDbEntity
  8
Координатные кресты
  6
Continuous
100
AcDbLine
 10
3597.5
 20
9950.0
 30
0.0
 11
3602.5
 21
9950.0
 31
0.0
  0
LINE
  5
E1D
330
2
100
AcDbEntity
  8
Координатные кресты
  6
Continuous
100
AcDbLine
 10
3600.0
 20
9947.5
 30
0.0
 11
3600.0
 21
9952.5
 31
0.0
  0
LINE
  5
E1E
330
2
100
AcDbEntity
  8
Координатные кресты
  6
Continuous
100
AcDbLine
 10
3597.5
 20
10000.0
 30
0.0
 11
3602.5
 21
10000.0
 31
0.0
  0
LINE
  5
E1F
330
2
100
AcDbEntity
  8
Координатные кресты
  6
Continuous
100
AcDbLine
 10
3600.0
 20
9997.5
 30
0.0
 11
3600.0
 21
10002.5
 31
0.0
  0
LINE
  5
E20
330
2
100
AcDbEntity
  8
Координатные кресты
  6
Continuous
100
AcDbLine
 10
3597.5
 20
10050.0
 30
0.0
 11
3602.5
 21
10050.0
 31
0.0
  0
LINE
  5
E21
330
2
100
AcDbEntity
  8
Координатные кресты
  6
Continuous
100
AcDbLine
 10
3600.0
 20
10047.5
 30
0.0
 11
3600.0
 21
10052.5
 31
0.0
  0
LINE
  5
E22
330
2
100
AcDbEntity
  8
Координатные кресты
  6
Continuous
100
AcDbLine
 10
3647.5
 20
9800.0
 30
0.0
 11
3652.5
 21
9800.0
 31
0.0
  0
LINE
  5
E23
330
2
100
AcDbEntity
  8
Координатные кресты
  6
Continuous
100
AcDbLine
 10
3650.0
 20
9797.5
 30
0.0
 11
3650.0
 21
9802.5
 31
0.0
  0
LINE
  5
E24
330
2
100
AcDbEntity
  8
Координатные кресты
  6
Continuous
100
AcDbLine
 10
3647.5
 20
9850.0
 30
0.0
 11
3652.5
 21
9850.0
 31
0.0
  0
LINE
  5
E25
330
2
100
AcDbEntity
  8
Координатные кресты
  6
Continuous
100
AcDbLine
 10
3650.0
 20
9847.5
 30
0.0
 11
3650.0
 21
9852.5
 31
0.0
  0
LINE
  5
E26
330
2
100
AcDbEntity
  8
Координатные кресты
  6
Continuous
100
AcDbLine
 10
3647.5
 20
9900.0
 30
0.0
 11
3652.5
 21
9900.0
 31
0.0
  0
LINE
  5
E27
330
2
100
AcDbEntity
  8
Координатные кресты
  6
Continuous
100
AcDbLine
 10
3650.0
 20
9897.5
 30
0.0
 11
3650.0
 21
9902.5
 31
0.0
  0
LINE
  5
E28
330
2
100
AcDbEntity
  8
Координатные кресты
  6
Continuous
100
AcDbLine
 10
3647.5
 20
9950.0
 30
0.0
 11
3652.5
 21
9950.0
 31
0.0
  0
LINE
  5
E29
330
2
100
AcDbEntity
  8
Координатные кресты
  6
Continuous
100
AcDbLine
 10
3650.0
 20
9947.5
 30
0.0
 11
3650.0
 21
9952.5
 31
0.0
  0
LINE
  5
E2A
330
2
100
AcDbEntity
  8
Координатные кресты
  6
Continuous
100
AcDbLine
 10
3647.5
 20
10000.0
 30
0.0
 11
3652.5
 21
10000.0
 31
0.0
  0
LINE
  5
E2B
330
2
100
AcDbEntity
  8
Координатные кресты
  6
Continuous
100
AcDbLine
 10
3650.0
 20
9997.5
 30
0.0
 11
3650.0
 21
10002.5
 31
0.0
  0
LINE
  5
E2C
330
2
100
AcDbEntity
  8
Координатные кресты
  6
Continuous
100
AcDbLine
 10
3647.5
 20
10050.0
 30
0.0
 11
3652.5
 21
10050.0
 31
0.0
  0
LINE
  5
E2D
330
2
100
AcDbEntity
  8
Координатные кресты
  6
Continuous
100
AcDbLine
 10
3650.0
 20
10047.5
 30
0.0
 11
3650.0
 21
10052.5
 31
0.0
  0
LWPOLYLINE
  5
E2E
330
2
100
AcDbEntity
  8
Граница заказа
  6
Continuous
100
AcDbPolyline
 90
       39
 70
   128
 43
0.0
 10
3418.3
 20
9950.17
 10
3416.589
 20
9960.017
 10
3407.364
 20
9958.69
 10
3408.597
 20
9948.241
 10
3384.716
 20
9945.033
 10
3376.769
 20
10009.233
 10
3343.376
 20
10006.018
 10
3349.141
 20
9942.484
 10
3324.517000000001
 20
9938.647
 10
3307.139
 20
9936.128
 10
3282.079
 20
9933.152
 10
3281.344
 20
9942.486
 10
3244.135
 20
9939.742
 10
3208.145
 20
9938.473
 10
3193.287000000001
 20
9923.34
 10
3146.308
 20
9969.997
 10
3165.204
 20
9989.023000000003
 10
3141.725
 20
10009.944
 10
3120.639
 20
9990.578
 10
3078.746
 20
10035.25
 10
3090.338
 20
10086.057
 10
3011.399
 20
10064.696
 10
3015.875
 20
10048.89
 10
3018.204
 20
10046.457
 10
3121.066000000001
 20
9931.203
 10
3136.796000000001
 20
9911.839
 10
3106.394
 20
9889.597
 10
3140.343
 20
9852.959
 10
3190.105
 20
9861.853
 10
3220.739
 20
9874.348
 10
3252.611
 20
9879.507
 10
3293.384
 20
9882.788
 10
3392.117
 20
9895.089
 10
3415.484
 20
9904.42
 10
3486.787000000001
 20
9911.921
 10
3498.252
 20
9913.865
 10
3490.96
 20
9960.026
 10
3490.96
 20
9960.026
 10
3418.3
 20
9950.17
  0
TEXT
  5
E2F
330
2
100
AcDbEntity
  8
Подписи рамок
  6
Continuous
100
AcDbText
 10
2910.0
 20
10081.667
 30
0.0
 40
8.333
  1
1
  7
Style-RUSSIAN_1251 I 0.00000
 11
2910.0
 21
10090.0
 31
0.0
100
AcDbText
 73
     3
  0
TEXT
  5
E30
330
2
100
AcDbEntity
  8
Подписи рамок
  6
Continuous
100
AcDbText
 10
3160.0
 20
10031.667
 30
0.0
 40
8.333
  1
2
  7
Style-RUSSIAN_1251 I 0.00000
 11
3160.0
 21
10040.0
 31
0.0
100
AcDbText
 73
     3
  0
TEXT
  5
E31
330
2
100
AcDbEntity
  8
Подписи рамок
  6
Continuous
100
AcDbText
 10
3410.0
 20
10031.667
 30
0.0
 40
8.333
  1
3
  7
Style-RUSSIAN_1251 I 0.00000
 11
3410.0
 21
10040.0
 31
0.0
100
AcDbText
 73
     3
  0
LWPOLYLINE
  5
1276
330
2
100
AcDbEntity
  8
Рамки
  6
Continuous
100
AcDbPolyline
 90
        5
 70
   128
 43
0.0
 10
2900.0
 20
10000.0
 10
2900.0
 20
10250.0
 10
3250.0
 20
10250.0
 10
3250.0
 20
10000.0
 10
2900.0
 20
10000.0
  0
LWPOLYLINE
  5
12A7
330
2
100
AcDbEntity
  8
Рамки
  6
Continuous
100
AcDbPolyline
 90
        5
 70
   128
 43
0.0
 10
3250.0
 20
10000.0
 10
3250.0
 20
10350.0
 10
3500.0
 20
10350.0
 10
3500.0
 20
10000.0
 10
3250.0
 20
10000.0
  0
LWPOLYLINE
  5
12D2
330
2
100
AcDbEntity
  8
Рамки
  6
Continuous
100
AcDbPolyline
 90
        5
 70
   128
 43
0.0
 10
3500.0
 20
10050.0
 10
3500.0
 20
10400.0
 10
3750.0
 20
10400.0
 10
3750.0
 20
10050.0
 10
3500.0
 20
10050.0
  0
LWPOLYLINE
  5
12FC
330
2
100
AcDbEntity
  8
Рамки
  6
Continuous
100
AcDbPolyline
 90
        5
 70
   128
 43
0.0
 10
3750.0
 20
10050.0
 10
3750.0
 20
10400.0
 10
4000.0
 20
10400.0
 10
4000.0
 20
10050.0
 10
3750.0
 20
10050.0
  0
LWPOLYLINE
  5
1325
330
2
100
AcDbEntity
  8
Граница заказа
  6
Continuous
100
AcDbPolyline
 90
       32
 70
   128
 43
0.0
 10
3136.075000000001
 20
10038.85
 10
3153.473
 20
10004.85
 10
3179.926
 20
10015.743
 10
3168.189
 20
10050.247
 10
3267.638
 20
10085.54
 10
3266.836
 20
10118.717
 10
3327.842
 20
10137.407
 10
3331.53
 20
10096.217
 10
3371.623
 20
10101.986
 10
3431.63
 20
10119.361
 10
3496.273
 20
10153.97
 10
3740.877
 20
10181.187
 10
3746.007
 20
10131.196
 10
3910.274
 20
10163.78
 10
3893.344
 20
10238.382
 10
3912.583
 20
10277.606
 10
3865.34
 20
10330.284
 10
3655.251
 20
10290.291
 10
3419.62
 20
10253.306
 10
3358.679
 20
10240.444
 10
3219.142000000001
 20
10204.05
 10
3029.14
 20
10156.38
 10
3018.786
 20
10152.707
 10
3020.124000000001
 20
10150.451
 10
3035.198
 20
10151.668
 10
3050.271
 20
10106.174
 10
3003.718
 20
10091.825
 10
3011.399
 20
10064.696
 10
3090.338
 20
10086.057
 10
3078.746
 20
10035.25
 10
3085.654
 20
10027.884
 10
3136.075000000001
 20
10038.85
  0
TEXT
  5
1326
330
2
100
AcDbEntity
  8
Подписи рамок
  6
Continuous
100
AcDbText
 10
2910.0
 20
10231.667
 30
0.0
 40
8.333
  1
3
  7
Style-RUSSIAN_1251 I 0.00000
 11
2910.0
 21
10240.0
 31
0.0
100
AcDbText
 73
     3
  0
TEXT
  5
1327
330
2
100
AcDbEntity
  8
Подписи рамок
  6
Continuous
100
AcDbText
 10
3260.0
 20
10331.667
 30
0.0
 40
8.333
  1
4
  7
Style-RUSSIAN_1251 I 0.00000
 11
3260.0
 21
10340.0
 31
0.0
100
AcDbText
 73
     3
  0
TEXT
  5
1328
330
2
100
AcDbEntity
  8
Подписи рамок
  6
Continuous
100
AcDbText
 10
3510.0
 20
10381.667
 30
0.0
 40
8.333
  1
5
  7
Style-RUSSIAN_1251 I 0.00000
 11
3510.0
 21
10390.0
 31
0.0
100
AcDbText
 73
     3
  0
TEXT
  5
1329
330
2
100
AcDbEntity
  8
Подписи рамок
  6
Continuous
100
AcDbText
 10
3760.0
 20
10381.667
 30
0.0
 40
8.333
  1
6
  7
Style-RUSSIAN_1251 I 0.00000
 11
3760.0
 21
10390.0
 31
0.0
100
AcDbText
 73
     3
  0
LINE
  5
13BA
330
2
100
AcDbEntity
  8
Координатные кресты
  6
Continuous
100
AcDbLine
 10
2897.5
 20
10000.0
 30
0.0
 11
2902.5
 21
10000.0
 31
0.0
  0
LINE
  5
13BB
330
2
100
AcDbEntity
  8
Координатные кресты
  6
Continuous
100
AcDbLine
 10
2900.0
 20
9997.5
 30
0.0
 11
2900.0
 21
10002.5
 31
0.0
  0
LINE
  5
13BC
330
2
100
AcDbEntity
  8
Координатные кресты
  6
Continuous
100
AcDbLine
 10
2897.5
 20
10050.0
 30
0.0
 11
2902.5
 21
10050.0
 31
0.0
  0
LINE
  5
13BD
330
2
100
AcDbEntity
  8
Координатные кресты
  6
Continuous
100
AcDbLine
 10
2900.0
 20
10047.5
 30
0.0
 11
2900.0
 21
10052.5
 31
0.0
  0
LINE
  5
13BE
330
2
100
AcDbEntity
  8
Координатные кресты
  6
Continuous
100
AcDbLine
 10
2947.5
 20
10000.0
 30
0.0
 11
2952.5
 21
10000.0
 31
0.0
  0
LINE
  5
13BF
330
2
100
AcDbEntity
  8
Координатные кресты
  6
Continuous
100
AcDbLine
 10
2950.0
 20
9997.5
 30
0.0
 11
2950.0
 21
10002.5
 31
0.0
  0
LINE
  5
13C0
330
2
100
AcDbEntity
  8
Координатные кресты
  6
Continuous
100
AcDbLine
 10
2947.5
 20
10050.0
 30
0.0
 11
2952.5
 21
10050.0
 31
0.0
  0
LINE
  5
13C1
330
2
100
AcDbEntity
  8
Координатные кресты
  6
Continuous
100
AcDbLine
 10
2950.0
 20
10047.5
 30
0.0
 11
2950.0
 21
10052.5
 31
0.0
  0
LINE
  5
13C2
330
2
100
AcDbEntity
  8
Координатные кресты
  6
Continuous
100
AcDbLine
 10
2997.5
 20
10000.0
 30
0.0
 11
3002.5
 21
10000.0
 31
0.0
  0
LINE
  5
13C3
330
2
100
AcDbEntity
  8
Координатные кресты
  6
Continuous
100
AcDbLine
 10
3000.0
 20
9997.5
 30
0.0
 11
3000.0
 21
10002.5
 31
0.0
  0
LINE
  5
13C4
330
2
100
AcDbEntity
  8
Координатные кресты
  6
Continuous
100
AcDbLine
 10
2997.5
 20
10050.0
 30
0.0
 11
3002.5
 21
10050.0
 31
0.0
  0
LINE
  5
13C5
330
2
100
AcDbEntity
  8
Координатные кресты
  6
Continuous
100
AcDbLine
 10
3000.0
 20
10047.5
 30
0.0
 11
3000.0
 21
10052.5
 31
0.0
  0
LINE
  5
13C6
330
2
100
AcDbEntity
  8
Координатные кресты
  6
Continuous
100
AcDbLine
 10
3047.5
 20
10000.0
 30
0.0
 11
3052.5
 21
10000.0
 31
0.0
  0
LINE
  5
13C7
330
2
100
AcDbEntity
  8
Координатные кресты
  6
Continuous
100
AcDbLine
 10
3050.0
 20
9997.5
 30
0.0
 11
3050.0
 21
10002.5
 31
0.0
  0
LINE
  5
13C8
330
2
100
AcDbEntity
  8
Координатные кресты
  6
Continuous
100
AcDbLine
 10
3047.5
 20
10050.0
 30
0.0
 11
3052.5
 21
10050.0
 31
0.0
  0
LINE
  5
13C9
330
2
100
AcDbEntity
  8
Координатные кресты
  6
Continuous
100
AcDbLine
 10
3050.0
 20
10047.5
 30
0.0
 11
3050.0
 21
10052.5
 31
0.0
  0
LINE
  5
13CA
330
2
100
AcDbEntity
  8
Координатные кресты
  6
Continuous
100
AcDbLine
 10
2897.5
 20
10100.0
 30
0.0
 11
2902.5
 21
10100.0
 31
0.0
  0
LINE
  5
13CB
330
2
100
AcDbEntity
  8
Координатные кресты
  6
Continuous
100
AcDbLine
 10
2900.0
 20
10097.5
 30
0.0
 11
2900.0
 21
10102.5
 31
0.0
  0
LINE
  5
13CC
330
2
100
AcDbEntity
  8
Координатные кресты
  6
Continuous
100
AcDbLine
 10
2897.5
 20
10150.0
 30
0.0
 11
2902.5
 21
10150.0
 31
0.0
  0
LINE
  5
13CD
330
2
100
AcDbEntity
  8
Координатные кресты
  6
Continuous
100
AcDbLine
 10
2900.0
 20
10147.5
 30
0.0
 11
2900.0
 21
10152.5
 31
0.0
  0
LINE
  5
13CE
330
2
100
AcDbEntity
  8
Координатные кресты
  6
Continuous
100
AcDbLine
 10
2897.5
 20
10200.0
 30
0.0
 11
2902.5
 21
10200.0
 31
0.0
  0
LINE
  5
13CF
330
2
100
AcDbEntity
  8
Координатные кресты
  6
Continuous
100
AcDbLine
 10
2900.0
 20
10197.5
 30
0.0
 11
2900.0
 21
10202.5
 31
0.0
  0
LINE
  5
13D0
330
2
100
AcDbEntity
  8
Координатные кресты
  6
Continuous
100
AcDbLine
 10
2897.5
 20
10250.0
 30
0.0
 11
2902.5
 21
10250.0
 31
0.0
  0
LINE
  5
13D1
330
2
100
AcDbEntity
  8
Координатные кресты
  6
Continuous
100
AcDbLine
 10
2900.0
 20
10247.5
 30
0.0
 11
2900.0
 21
10252.5
 31
0.0
  0
LINE
  5
13D2
330
2
100
AcDbEntity
  8
Координатные кресты
  6
Continuous
100
AcDbLine
 10
2947.5
 20
10100.0
 30
0.0
 11
2952.5
 21
10100.0
 31
0.0
  0
LINE
  5
13D3
330
2
100
AcDbEntity
  8
Координатные кресты
  6
Continuous
100
AcDbLine
 10
2950.0
 20
10097.5
 30
0.0
 11
2950.0
 21
10102.5
 31
0.0
  0
LINE
  5
13D4
330
2
100
AcDbEntity
  8
Координатные кресты
  6
Continuous
100
AcDbLine
 10
2947.5
 20
10150.0
 30
0.0
 11
2952.5
 21
10150.0
 31
0.0
  0
LINE
  5
13D5
330
2
100
AcDbEntity
  8
Координатные кресты
  6
Continuous
100
AcDbLine
 10
2950.0
 20
10147.5
 30
0.0
 11
2950.0
 21
10152.5
 31
0.0
  0
LINE
  5
13D6
330
2
100
AcDbEntity
  8
Координатные кресты
  6
Continuous
100
AcDbLine
 10
2947.5
 20
10200.0
 30
0.0
 11
2952.5
 21
10200.0
 31
0.0
  0
LINE
  5
13D7
330
2
100
AcDbEntity
  8
Координатные кресты
  6
Continuous
100
AcDbLine
 10
2950.0
 20
10197.5
 30
0.0
 11
2950.0
 21
10202.5
 31
0.0
  0
LINE
  5
13D8
330
2
100
AcDbEntity
  8
Координатные кресты
  6
Continuous
100
AcDbLine
 10
2947.5
 20
10250.0
 30
0.0
 11
2952.5
 21
10250.0
 31
0.0
  0
LINE
  5
13D9
330
2
100
AcDbEntity
  8
Координатные кресты
  6
Continuous
100
AcDbLine
 10
2950.0
 20
10247.5
 30
0.0
 11
2950.0
 21
10252.5
 31
0.0
  0
LINE
  5
13DA
330
2
100
AcDbEntity
  8
Координатные кресты
  6
Continuous
100
AcDbLine
 10
2997.5
 20
10100.0
 30
0.0
 11
3002.5
 21
10100.0
 31
0.0
  0
LINE
  5
13DB
330
2
100
AcDbEntity
  8
Координатные кресты
  6
Continuous
100
AcDbLine
 10
3000.0
 20
10097.5
 30
0.0
 11
3000.0
 21
10102.5
 31
0.0
  0
LINE
  5
13DC
330
2
100
AcDbEntity
  8
Координатные кресты
  6
Continuous
100
AcDbLine
 10
2997.5
 20
10150.0
 30
0.0
 11
3002.5
 21
10150.0
 31
0.0
  0
LINE
  5
13DD
330
2
100
AcDbEntity
  8
Координатные кресты
  6
Continuous
100
AcDbLine
 10
3000.0
 20
10147.5
 30
0.0
 11
3000.0
 21
10152.5
 31
0.0
  0
LINE
  5
13DE
330
2
100
AcDbEntity
  8
Координатные кресты
  6
Continuous
100
AcDbLine
 10
2997.5
 20
10200.0
 30
0.0
 11
3002.5
 21
10200.0
 31
0.0
  0
LINE
  5
13DF
330
2
100
AcDbEntity
  8
Координатные кресты
  6
Continuous
100
AcDbLine
 10
3000.0
 20
10197.5
 30
0.0
 11
3000.0
 21
10202.5
 31
0.0
  0
LINE
  5
13E0
330
2
100
AcDbEntity
  8
Координатные кресты
  6
Continuous
100
AcDbLine
 10
2997.5
 20
10250.0
 30
0.0
 11
3002.5
 21
10250.0
 31
0.0
  0
LINE
  5
13E1
330
2
100
AcDbEntity
  8
Координатные кресты
  6
Continuous
100
AcDbLine
 10
3000.0
 20
10247.5
 30
0.0
 11
3000.0
 21
10252.5
 31
0.0
  0
LINE
  5
13E2
330
2
100
AcDbEntity
  8
Координатные кресты
  6
Continuous
100
AcDbLine
 10
3047.5
 20
10100.0
 30
0.0
 11
3052.5
 21
10100.0
 31
0.0
  0
LINE
  5
13E3
330
2
100
AcDbEntity
  8
Координатные кресты
  6
Continuous
100
AcDbLine
 10
3050.0
 20
10097.5
 30
0.0
 11
3050.0
 21
10102.5
 31
0.0
  0
LINE
  5
13E4
330
2
100
AcDbEntity
  8
Координатные кресты
  6
Continuous
100
AcDbLine
 10
3047.5
 20
10150.0
 30
0.0
 11
3052.5
 21
10150.0
 31
0.0
  0
LINE
  5
13E5
330
2
100
AcDbEntity
  8
Координатные кресты
  6
Continuous
100
AcDbLine
 10
3050.0
 20
10147.5
 30
0.0
 11
3050.0
 21
10152.5
 31
0.0
  0
LINE
  5
13E6
330
2
100
AcDbEntity
  8
Координатные кресты
  6
Continuous
100
AcDbLine
 10
3047.5
 20
10200.0
 30
0.0
 11
3052.5
 21
10200.0
 31
0.0
  0
LINE
  5
13E7
330
2
100
AcDbEntity
  8
Координатные кресты
  6
Continuous
100
AcDbLine
 10
3050.0
 20
10197.5
 30
0.0
 11
3050.0
 21
10202.5
 31
0.0
  0
LINE
  5
13E8
330
2
100
AcDbEntity
  8
Координатные кресты
  6
Continuous
100
AcDbLine
 10
3047.5
 20
10250.0
 30
0.0
 11
3052.5
 21
10250.0
 31
0.0
  0
LINE
  5
13E9
330
2
100
AcDbEntity
  8
Координатные кресты
  6
Continuous
100
AcDbLine
 10
3050.0
 20
10247.5
 30
0.0
 11
3050.0
 21
10252.5
 31
0.0
  0
LINE
  5
13EA
330
2
100
AcDbEntity
  8
Координатные кресты
  6
Continuous
100
AcDbLine
 10
3097.5
 20
10000.0
 30
0.0
 11
3102.5
 21
10000.0
 31
0.0
  0
LINE
  5
13EB
330
2
100
AcDbEntity
  8
Координатные кресты
  6
Continuous
100
AcDbLine
 10
3100.0
 20
9997.5
 30
0.0
 11
3100.0
 21
10002.5
 31
0.0
  0
LINE
  5
13EC
330
2
100
AcDbEntity
  8
Координатные кресты
  6
Continuous
100
AcDbLine
 10
3097.5
 20
10050.0
 30
0.0
 11
3102.5
 21
10050.0
 31
0.0
  0
LINE
  5
13ED
330
2
100
AcDbEntity
  8
Координатные кресты
  6
Continuous
100
AcDbLine
 10
3100.0
 20
10047.5
 30
0.0
 11
3100.0
 21
10052.5
 31
0.0
  0
LINE
  5
13EE
330
2
100
AcDbEntity
  8
Координатные кресты
  6
Continuous
100
AcDbLine
 10
3097.5
 20
10100.0
 30
0.0
 11
3102.5
 21
10100.0
 31
0.0
  0
LINE
  5
13EF
330
2
100
AcDbEntity
  8
Координатные кресты
  6
Continuous
100
AcDbLine
 10
3100.0
 20
10097.5
 30
0.0
 11
3100.0
 21
10102.5
 31
0.0
  0
LINE
  5
13F0
330
2
100
AcDbEntity
  8
Координатные кресты
  6
Continuous
100
AcDbLine
 10
3097.5
 20
10150.0
 30
0.0
 11
3102.5
 21
10150.0
 31
0.0
  0
LINE
  5
13F1
330
2
100
AcDbEntity
  8
Координатные кресты
  6
Continuous
100
AcDbLine
 10
3100.0
 20
10147.5
 30
0.0
 11
3100.0
 21
10152.5
 31
0.0
  0
LINE
  5
13F2
330
2
100
AcDbEntity
  8
Координатные кресты
  6
Continuous
100
AcDbLine
 10
3097.5
 20
10200.0
 30
0.0
 11
3102.5
 21
10200.0
 31
0.0
  0
LINE
  5
13F3
330
2
100
AcDbEntity
  8
Координатные кресты
  6
Continuous
100
AcDbLine
 10
3100.0
 20
10197.5
 30
0.0
 11
3100.0
 21
10202.5
 31
0.0
  0
LINE
  5
13F4
330
2
100
AcDbEntity
  8
Координатные кресты
  6
Continuous
100
AcDbLine
 10
3097.5
 20
10250.0
 30
0.0
 11
3102.5
 21
10250.0
 31
0.0
  0
LINE
  5
13F5
330
2
100
AcDbEntity
  8
Координатные кресты
  6
Continuous
100
AcDbLine
 10
3100.0
 20
10247.5
 30
0.0
 11
3100.0
 21
10252.5
 31
0.0
  0
LINE
  5
13F6
330
2
100
AcDbEntity
  8
Координатные кресты
  6
Continuous
100
AcDbLine
 10
3147.5
 20
10000.0
 30
0.0
 11
3152.5
 21
10000.0
 31
0.0
  0
LINE
  5
13F7
330
2
100
AcDbEntity
  8
Координатные кресты
  6
Continuous
100
AcDbLine
 10
3150.0
 20
9997.5
 30
0.0
 11
3150.0
 21
10002.5
 31
0.0
  0
LINE
  5
13F8
330
2
100
AcDbEntity
  8
Координатные кресты
  6
Continuous
100
AcDbLine
 10
3147.5
 20
10050.0
 30
0.0
 11
3152.5
 21
10050.0
 31
0.0
  0
LINE
  5
13F9
330
2
100
AcDbEntity
  8
Координатные кресты
  6
Continuous
100
AcDbLine
 10
3150.0
 20
10047.5
 30
0.0
 11
3150.0
 21
10052.5
 31
0.0
  0
LINE
  5
13FA
330
2
100
AcDbEntity
  8
Координатные кресты
  6
Continuous
100
AcDbLine
 10
3147.5
 20
10100.0
 30
0.0
 11
3152.5
 21
10100.0
 31
0.0
  0
LINE
  5
13FB
330
2
100
AcDbEntity
  8
Координатные кресты
  6
Continuous
100
AcDbLine
 10
3150.0
 20
10097.5
 30
0.0
 11
3150.0
 21
10102.5
 31
0.0
  0
LINE
  5
13FC
330
2
100
AcDbEntity
  8
Координатные кресты
  6
Continuous
100
AcDbLine
 10
3147.5
 20
10150.0
 30
0.0
 11
3152.5
 21
10150.0
 31
0.0
  0
LINE
  5
13FD
330
2
100
AcDbEntity
  8
Координатные кресты
  6
Continuous
100
AcDbLine
 10
3150.0
 20
10147.5
 30
0.0
 11
3150.0
 21
10152.5
 31
0.0
  0
LINE
  5
13FE
330
2
100
AcDbEntity
  8
Координатные кресты
  6
Continuous
100
AcDbLine
 10
3147.5
 20
10200.0
 30
0.0
 11
3152.5
 21
10200.0
 31
0.0
  0
LINE
  5
13FF
330
2
100
AcDbEntity
  8
Координатные кресты
  6
Continuous
100
AcDbLine
 10
3150.0
 20
10197.5
 30
0.0
 11
3150.0
 21
10202.5
 31
0.0
  0
LINE
  5
1400
330
2
100
AcDbEntity
  8
Координатные кресты
  6
Continuous
100
AcDbLine
 10
3147.5
 20
10250.0
 30
0.0
 11
3152.5
 21
10250.0
 31
0.0
  0
LINE
  5
1401
330
2
100
AcDbEntity
  8
Координатные кресты
  6
Continuous
100
AcDbLine
 10
3150.0
 20
10247.5
 30
0.0
 11
3150.0
 21
10252.5
 31
0.0
  0
LINE
  5
1402
330
2
100
AcDbEntity
  8
Координатные кресты
  6
Continuous
100
AcDbLine
 10
3197.5
 20
10000.0
 30
0.0
 11
3202.5
 21
10000.0
 31
0.0
  0
LINE
  5
1403
330
2
100
AcDbEntity
  8
Координатные кресты
  6
Continuous
100
AcDbLine
 10
3200.0
 20
9997.5
 30
0.0
 11
3200.0
 21
10002.5
 31
0.0
  0
LINE
  5
1404
330
2
100
AcDbEntity
  8
Координатные кресты
  6
Continuous
100
AcDbLine
 10
3197.5
 20
10050.0
 30
0.0
 11
3202.5
 21
10050.0
 31
0.0
  0
LINE
  5
1405
330
2
100
AcDbEntity
  8
Координатные кресты
  6
Continuous
100
AcDbLine
 10
3200.0
 20
10047.5
 30
0.0
 11
3200.0
 21
10052.5
 31
0.0
  0
LINE
  5
1406
330
2
100
AcDbEntity
  8
Координатные кресты
  6
Continuous
100
AcDbLine
 10
3197.5
 20
10100.0
 30
0.0
 11
3202.5
 21
10100.0
 31
0.0
  0
LINE
  5
1407
330
2
100
AcDbEntity
  8
Координатные кресты
  6
Continuous
100
AcDbLine
 10
3200.0
 20
10097.5
 30
0.0
 11
3200.0
 21
10102.5
 31
0.0
  0
LINE
  5
1408
330
2
100
AcDbEntity
  8
Координатные кресты
  6
Continuous
100
AcDbLine
 10
3197.5
 20
10150.0
 30
0.0
 11
3202.5
 21
10150.0
 31
0.0
  0
LINE
  5
1409
330
2
100
AcDbEntity
  8
Координатные кресты
  6
Continuous
100
AcDbLine
 10
3200.0
 20
10147.5
 30
0.0
 11
3200.0
 21
10152.5
 31
0.0
  0
LINE
  5
140A
330
2
100
AcDbEntity
  8
Координатные кресты
  6
Continuous
100
AcDbLine
 10
3197.5
 20
10200.0
 30
0.0
 11
3202.5
 21
10200.0
 31
0.0
  0
LINE
  5
140B
330
2
100
AcDbEntity
  8
Координатные кресты
  6
Continuous
100
AcDbLine
 10
3200.0
 20
10197.5
 30
0.0
 11
3200.0
 21
10202.5
 31
0.0
  0
LINE
  5
140C
330
2
100
AcDbEntity
  8
Координатные кресты
  6
Continuous
100
AcDbLine
 10
3197.5
 20
10250.0
 30
0.0
 11
3202.5
 21
10250.0
 31
0.0
  0
LINE
  5
140D
330
2
100
AcDbEntity
  8
Координатные кресты
  6
Continuous
100
AcDbLine
 10
3200.0
 20
10247.5
 30
0.0
 11
3200.0
 21
10252.5
 31
0.0
  0
LINE
  5
140E
330
2
100
AcDbEntity
  8
Координатные кресты
  6
Continuous
100
AcDbLine
 10
3247.5
 20
10000.0
 30
0.0
 11
3252.5
 21
10000.0
 31
0.0
  0
LINE
  5
140F
330
2
100
AcDbEntity
  8
Координатные кресты
  6
Continuous
100
AcDbLine
 10
3250.0
 20
9997.5
 30
0.0
 11
3250.0
 21
10002.5
 31
0.0
  0
LINE
  5
1410
330
2
100
AcDbEntity
  8
Координатные кресты
  6
Continuous
100
AcDbLine
 10
3247.5
 20
10050.0
 30
0.0
 11
3252.5
 21
10050.0
 31
0.0
  0
LINE
  5
1411
330
2
100
AcDbEntity
  8
Координатные кресты
  6
Continuous
100
AcDbLine
 10
3250.0
 20
10047.5
 30
0.0
 11
3250.0
 21
10052.5
 31
0.0
  0
LINE
  5
1412
330
2
100
AcDbEntity
  8
Координатные кресты
  6
Continuous
100
AcDbLine
 10
3247.5
 20
10100.0
 30
0.0
 11
3252.5
 21
10100.0
 31
0.0
  0
LINE
  5
1413
330
2
100
AcDbEntity
  8
Координатные кресты
  6
Continuous
100
AcDbLine
 10
3250.0
 20
10097.5
 30
0.0
 11
3250.0
 21
10102.5
 31
0.0
  0
LINE
  5
1414
330
2
100
AcDbEntity
  8
Координатные кресты
  6
Continuous
100
AcDbLine
 10
3247.5
 20
10150.0
 30
0.0
 11
3252.5
 21
10150.0
 31
0.0
  0
LINE
  5
1415
330
2
100
AcDbEntity
  8
Координатные кресты
  6
Continuous
100
AcDbLine
 10
3250.0
 20
10147.5
 30
0.0
 11
3250.0
 21
10152.5
 31
0.0
  0
LINE
  5
1416
330
2
100
AcDbEntity
  8
Координатные кресты
  6
Continuous
100
AcDbLine
 10
3247.5
 20
10200.0
 30
0.0
 11
3252.5
 21
10200.0
 31
0.0
  0
LINE
  5
1417
330
2
100
AcDbEntity
  8
Координатные кресты
  6
Continuous
100
AcDbLine
 10
3250.0
 20
10197.5
 30
0.0
 11
3250.0
 21
10202.5
 31
0.0
  0
LINE
  5
1418
330
2
100
AcDbEntity
  8
Координатные кресты
  6
Continuous
100
AcDbLine
 10
3247.5
 20
10250.0
 30
0.0
 11
3252.5
 21
10250.0
 31
0.0
  0
LINE
  5
1419
330
2
100
AcDbEntity
  8
Координатные кресты
  6
Continuous
100
AcDbLine
 10
3250.0
 20
10247.5
 30
0.0
 11
3250.0
 21
10252.5
 31
0.0
  0
LINE
  5
141A
330
2
100
AcDbEntity
  8
Координатные кресты
  6
Continuous
100
AcDbLine
 10
3247.5
 20
10300.0
 30
0.0
 11
3252.5
 21
10300.0
 31
0.0
  0
LINE
  5
141B
330
2
100
AcDbEntity
  8
Координатные кресты
  6
Continuous
100
AcDbLine
 10
3250.0
 20
10297.5
 30
0.0
 11
3250.0
 21
10302.5
 31
0.0
  0
LINE
  5
141C
330
2
100
AcDbEntity
  8
Координатные кресты
  6
Continuous
100
AcDbLine
 10
3247.5
 20
10350.0
 30
0.0
 11
3252.5
 21
10350.0
 31
0.0
  0
LINE
  5
141D
330
2
100
AcDbEntity
  8
Координатные кресты
  6
Continuous
100
AcDbLine
 10
3250.0
 20
10347.5
 30
0.0
 11
3250.0
 21
10352.5
 31
0.0
  0
LINE
  5
141E
330
2
100
AcDbEntity
  8
Координатные кресты
  6
Continuous
100
AcDbLine
 10
3297.5
 20
10000.0
 30
0.0
 11
3302.5
 21
10000.0
 31
0.0
  0
LINE
  5
141F
330
2
100
AcDbEntity
  8
Координатные кресты
  6
Continuous
100
AcDbLine
 10
3300.0
 20
9997.5
 30
0.0
 11
3300.0
 21
10002.5
 31
0.0
  0
LINE
  5
1420
330
2
100
AcDbEntity
  8
Координатные кресты
  6
Continuous
100
AcDbLine
 10
3297.5
 20
10050.0
 30
0.0
 11
3302.5
 21
10050.0
 31
0.0
  0
LINE
  5
1421
330
2
100
AcDbEntity
  8
Координатные кресты
  6
Continuous
100
AcDbLine
 10
3300.0
 20
10047.5
 30
0.0
 11
3300.0
 21
10052.5
 31
0.0
  0
LINE
  5
1422
330
2
100
AcDbEntity
  8
Координатные кресты
  6
Continuous
100
AcDbLine
 10
3297.5
 20
10100.0
 30
0.0
 11
3302.5
 21
10100.0
 31
0.0
  0
LINE
  5
1423
330
2
100
AcDbEntity
  8
Координатные кресты
  6
Continuous
100
AcDbLine
 10
3300.0
 20
10097.5
 30
0.0
 11
3300.0
 21
10102.5
 31
0.0
  0
LINE
  5
1424
330
2
100
AcDbEntity
  8
Координатные кресты
  6
Continuous
100
AcDbLine
 10
3297.5
 20
10150.0
 30
0.0
 11
3302.5
 21
10150.0
 31
0.0
  0
LINE
  5
1425
330
2
100
AcDbEntity
  8
Координатные кресты
  6
Continuous
100
AcDbLine
 10
3300.0
 20
10147.5
 30
0.0
 11
3300.0
 21
10152.5
 31
0.0
  0
LINE
  5
1426
330
2
100
AcDbEntity
  8
Координатные кресты
  6
Continuous
100
AcDbLine
 10
3297.5
 20
10200.0
 30
0.0
 11
3302.5
 21
10200.0
 31
0.0
  0
LINE
  5
1427
330
2
100
AcDbEntity
  8
Координатные кресты
  6
Continuous
100
AcDbLine
 10
3300.0
 20
10197.5
 30
0.0
 11
3300.0
 21
10202.5
 31
0.0
  0
LINE
  5
1428
330
2
100
AcDbEntity
  8
Координатные кресты
  6
Continuous
100
AcDbLine
 10
3297.5
 20
10250.0
 30
0.0
 11
3302.5
 21
10250.0
 31
0.0
  0
LINE
  5
1429
330
2
100
AcDbEntity
  8
Координатные кресты
  6
Continuous
100
AcDbLine
 10
3300.0
 20
10247.5
 30
0.0
 11
3300.0
 21
10252.5
 31
0.0
  0
LINE
  5
142A
330
2
100
AcDbEntity
  8
Координатные кресты
  6
Continuous
100
AcDbLine
 10
3297.5
 20
10300.0
 30
0.0
 11
3302.5
 21
10300.0
 31
0.0
  0
LINE
  5
142B
330
2
100
AcDbEntity
  8
Координатные кресты
  6
Continuous
100
AcDbLine
 10
3300.0
 20
10297.5
 30
0.0
 11
3300.0
 21
10302.5
 31
0.0
  0
LINE
  5
142C
330
2
100
AcDbEntity
  8
Координатные кресты
  6
Continuous
100
AcDbLine
 10
3297.5
 20
10350.0
 30
0.0
 11
3302.5
 21
10350.0
 31
0.0
  0
LINE
  5
142D
330
2
100
AcDbEntity
  8
Координатные кресты
  6
Continuous
100
AcDbLine
 10
3300.0
 20
10347.5
 30
0.0
 11
3300.0
 21
10352.5
 31
0.0
  0
LINE
  5
142E
330
2
100
AcDbEntity
  8
Координатные кресты
  6
Continuous
100
AcDbLine
 10
3347.5
 20
10000.0
 30
0.0
 11
3352.5
 21
10000.0
 31
0.0
  0
LINE
  5
142F
330
2
100
AcDbEntity
  8
Координатные кресты
  6
Continuous
100
AcDbLine
 10
3350.0
 20
9997.5
 30
0.0
 11
3350.0
 21
10002.5
 31
0.0
  0
LINE
  5
1430
330
2
100
AcDbEntity
  8
Координатные кресты
  6
Continuous
100
AcDbLine
 10
3347.5
 20
10050.0
 30
0.0
 11
3352.5
 21
10050.0
 31
0.0
  0
LINE
  5
1431
330
2
100
AcDbEntity
  8
Координатные кресты
  6
Continuous
100
AcDbLine
 10
3350.0
 20
10047.5
 30
0.0
 11
3350.0
 21
10052.5
 31
0.0
  0
LINE
  5
1432
330
2
100
AcDbEntity
  8
Координатные кресты
  6
Continuous
100
AcDbLine
 10
3347.5
 20
10100.0
 30
0.0
 11
3352.5
 21
10100.0
 31
0.0
  0
LINE
  5
1433
330
2
100
AcDbEntity
  8
Координатные кресты
  6
Continuous
100
AcDbLine
 10
3350.0
 20
10097.5
 30
0.0
 11
3350.0
 21
10102.5
 31
0.0
  0
LINE
  5
1434
330
2
100
AcDbEntity
  8
Координатные кресты
  6
Continuous
100
AcDbLine
 10
3347.5
 20
10150.0
 30
0.0
 11
3352.5
 21
10150.0
 31
0.0
  0
LINE
  5
1435
330
2
100
AcDbEntity
  8
Координатные кресты
  6
Continuous
100
AcDbLine
 10
3350.0
 20
10147.5
 30
0.0
 11
3350.0
 21
10152.5
 31
0.0
  0
LINE
  5
1436
330
2
100
AcDbEntity
  8
Координатные кресты
  6
Continuous
100
AcDbLine
 10
3347.5
 20
10200.0
 30
0.0
 11
3352.5
 21
10200.0
 31
0.0
  0
LINE
  5
1437
330
2
100
AcDbEntity
  8
Координатные кресты
  6
Continuous
100
AcDbLine
 10
3350.0
 20
10197.5
 30
0.0
 11
3350.0
 21
10202.5
 31
0.0
  0
LINE
  5
1438
330
2
100
AcDbEntity
  8
Координатные кресты
  6
Continuous
100
AcDbLine
 10
3347.5
 20
10250.0
 30
0.0
 11
3352.5
 21
10250.0
 31
0.0
  0
LINE
  5
1439
330
2
100
AcDbEntity
  8
Координатные кресты
  6
Continuous
100
AcDbLine
 10
3350.0
 20
10247.5
 30
0.0
 11
3350.0
 21
10252.5
 31
0.0
  0
LINE
  5
143A
330
2
100
AcDbEntity
  8
Координатные кресты
  6
Continuous
100
AcDbLine
 10
3347.5
 20
10300.0
 30
0.0
 11
3352.5
 21
10300.0
 31
0.0
  0
LINE
  5
143B
330
2
100
AcDbEntity
  8
Координатные кресты
  6
Continuous
100
AcDbLine
 10
3350.0
 20
10297.5
 30
0.0
 11
3350.0
 21
10302.5
 31
0.0
  0
LINE
  5
143C
330
2
100
AcDbEntity
  8
Координатные кресты
  6
Continuous
100
AcDbLine
 10
3347.5
 20
10350.0
 30
0.0
 11
3352.5
 21
10350.0
 31
0.0
  0
LINE
  5
143D
330
2
100
AcDbEntity
  8
Координатные кресты
  6
Continuous
100
AcDbLine
 10
3350.0
 20
10347.5
 30
0.0
 11
3350.0
 21
10352.5
 31
0.0
  0
LINE
  5
143E
330
2
100
AcDbEntity
  8
Координатные кресты
  6
Continuous
100
AcDbLine
 10
3397.5
 20
10000.0
 30
0.0
 11
3402.5
 21
10000.0
 31
0.0
  0
LINE
  5
143F
330
2
100
AcDbEntity
  8
Координатные кресты
  6
Continuous
100
AcDbLine
 10
3400.0
 20
9997.5
 30
0.0
 11
3400.0
 21
10002.5
 31
0.0
  0
LINE
  5
1440
330
2
100
AcDbEntity
  8
Координатные кресты
  6
Continuous
100
AcDbLine
 10
3397.5
 20
10050.0
 30
0.0
 11
3402.5
 21
10050.0
 31
0.0
  0
LINE
  5
1441
330
2
100
AcDbEntity
  8
Координатные кресты
  6
Continuous
100
AcDbLine
 10
3400.0
 20
10047.5
 30
0.0
 11
3400.0
 21
10052.5
 31
0.0
  0
LINE
  5
1442
330
2
100
AcDbEntity
  8
Координатные кресты
  6
Continuous
100
AcDbLine
 10
3397.5
 20
10100.0
 30
0.0
 11
3402.5
 21
10100.0
 31
0.0
  0
LINE
  5
1443
330
2
100
AcDbEntity
  8
Координатные кресты
  6
Continuous
100
AcDbLine
 10
3400.0
 20
10097.5
 30
0.0
 11
3400.0
 21
10102.5
 31
0.0
  0
LINE
  5
1444
330
2
100
AcDbEntity
  8
Координатные кресты
  6
Continuous
100
AcDbLine
 10
3397.5
 20
10150.0
 30
0.0
 11
3402.5
 21
10150.0
 31
0.0
  0
LINE
  5
1445
330
2
100
AcDbEntity
  8
Координатные кресты
  6
Continuous
100
AcDbLine
 10
3400.0
 20
10147.5
 30
0.0
 11
3400.0
 21
10152.5
 31
0.0
  0
LINE
  5
1446
330
2
100
AcDbEntity
  8
Координатные кресты
  6
Continuous
100
AcDbLine
 10
3397.5
 20
10200.0
 30
0.0
 11
3402.5
 21
10200.0
 31
0.0
  0
LINE
  5
1447
330
2
100
AcDbEntity
  8
Координатные кресты
  6
Continuous
100
AcDbLine
 10
3400.0
 20
10197.5
 30
0.0
 11
3400.0
 21
10202.5
 31
0.0
  0
LINE
  5
1448
330
2
100
AcDbEntity
  8
Координатные кресты
  6
Continuous
100
AcDbLine
 10
3397.5
 20
10250.0
 30
0.0
 11
3402.5
 21
10250.0
 31
0.0
  0
LINE
  5
1449
330
2
100
AcDbEntity
  8
Координатные кресты
  6
Continuous
100
AcDbLine
 10
3400.0
 20
10247.5
 30
0.0
 11
3400.0
 21
10252.5
 31
0.0
  0
LINE
  5
144A
330
2
100
AcDbEntity
  8
Координатные кресты
  6
Continuous
100
AcDbLine
 10
3397.5
 20
10300.0
 30
0.0
 11
3402.5
 21
10300.0
 31
0.0
  0
LINE
  5
144B
330
2
100
AcDbEntity
  8
Координатные кресты
  6
Continuous
100
AcDbLine
 10
3400.0
 20
10297.5
 30
0.0
 11
3400.0
 21
10302.5
 31
0.0
  0
LINE
  5
144C
330
2
100
AcDbEntity
  8
Координатные кресты
  6
Continuous
100
AcDbLine
 10
3397.5
 20
10350.0
 30
0.0
 11
3402.5
 21
10350.0
 31
0.0
  0
LINE
  5
144D
330
2
100
AcDbEntity
  8
Координатные кресты
  6
Continuous
100
AcDbLine
 10
3400.0
 20
10347.5
 30
0.0
 11
3400.0
 21
10352.5
 31
0.0
  0
LINE
  5
144E
330
2
100
AcDbEntity
  8
Координатные кресты
  6
Continuous
100
AcDbLine
 10
3447.5
 20
10000.0
 30
0.0
 11
3452.5
 21
10000.0
 31
0.0
  0
LINE
  5
144F
330
2
100
AcDbEntity
  8
Координатные кресты
  6
Continuous
100
AcDbLine
 10
3450.0
 20
9997.5
 30
0.0
 11
3450.0
 21
10002.5
 31
0.0
  0
LINE
  5
1450
330
2
100
AcDbEntity
  8
Координатные кресты
  6
Continuous
100
AcDbLine
 10
3447.5
 20
10050.0
 30
0.0
 11
3452.5
 21
10050.0
 31
0.0
  0
LINE
  5
1451
330
2
100
AcDbEntity
  8
Координатные кресты
  6
Continuous
100
AcDbLine
 10
3450.0
 20
10047.5
 30
0.0
 11
3450.0
 21
10052.5
 31
0.0
  0
LINE
  5
1452
330
2
100
AcDbEntity
  8
Координатные кресты
  6
Continuous
100
AcDbLine
 10
3447.5
 20
10100.0
 30
0.0
 11
3452.5
 21
10100.0
 31
0.0
  0
LINE
  5
1453
330
2
100
AcDbEntity
  8
Координатные кресты
  6
Continuous
100
AcDbLine
 10
3450.0
 20
10097.5
 30
0.0
 11
3450.0
 21
10102.5
 31
0.0
  0
LINE
  5
1454
330
2
100
AcDbEntity
  8
Координатные кресты
  6
Continuous
100
AcDbLine
 10
3447.5
 20
10150.0
 30
0.0
 11
3452.5
 21
10150.0
 31
0.0
  0
LINE
  5
1455
330
2
100
AcDbEntity
  8
Координатные кресты
  6
Continuous
100
AcDbLine
 10
3450.0
 20
10147.5
 30
0.0
 11
3450.0
 21
10152.5
 31
0.0
  0
LINE
  5
1456
330
2
100
AcDbEntity
  8
Координатные кресты
  6
Continuous
100
AcDbLine
 10
3447.5
 20
10200.0
 30
0.0
 11
3452.5
 21
10200.0
 31
0.0
  0
LINE
  5
1457
330
2
100
AcDbEntity
  8
Координатные кресты
  6
Continuous
100
AcDbLine
 10
3450.0
 20
10197.5
 30
0.0
 11
3450.0
 21
10202.5
 31
0.0
  0
LINE
  5
1458
330
2
100
AcDbEntity
  8
Координатные кресты
  6
Continuous
100
AcDbLine
 10
3447.5
 20
10250.0
 30
0.0
 11
3452.5
 21
10250.0
 31
0.0
  0
LINE
  5
1459
330
2
100
AcDbEntity
  8
Координатные кресты
  6
Continuous
100
AcDbLine
 10
3450.0
 20
10247.5
 30
0.0
 11
3450.0
 21
10252.5
 31
0.0
  0
LINE
  5
145A
330
2
100
AcDbEntity
  8
Координатные кресты
  6
Continuous
100
AcDbLine
 10
3447.5
 20
10300.0
 30
0.0
 11
3452.5
 21
10300.0
 31
0.0
  0
LINE
  5
145B
330
2
100
AcDbEntity
  8
Координатные кресты
  6
Continuous
100
AcDbLine
 10
3450.0
 20
10297.5
 30
0.0
 11
3450.0
 21
10302.5
 31
0.0
  0
LINE
  5
145C
330
2
100
AcDbEntity
  8
Координатные кресты
  6
Continuous
100
AcDbLine
 10
3447.5
 20
10350.0
 30
0.0
 11
3452.5
 21
10350.0
 31
0.0
  0
LINE
  5
145D
330
2
100
AcDbEntity
  8
Координатные кресты
  6
Continuous
100
AcDbLine
 10
3450.0
 20
10347.5
 30
0.0
 11
3450.0
 21
10352.5
 31
0.0
  0
LINE
  5
145E
330
2
100
AcDbEntity
  8
Координатные кресты
  6
Continuous
100
AcDbLine
 10
3497.5
 20
10000.0
 30
0.0
 11
3502.5
 21
10000.0
 31
0.0
  0
LINE
  5
145F
330
2
100
AcDbEntity
  8
Координатные кресты
  6
Continuous
100
AcDbLine
 10
3500.0
 20
9997.5
 30
0.0
 11
3500.0
 21
10002.5
 31
0.0
  0
LINE
  5
1460
330
2
100
AcDbEntity
  8
Координатные кресты
  6
Continuous
100
AcDbLine
 10
3497.5
 20
10050.0
 30
0.0
 11
3502.5
 21
10050.0
 31
0.0
  0
LINE
  5
1461
330
2
100
AcDbEntity
  8
Координатные кресты
  6
Continuous
100
AcDbLine
 10
3500.0
 20
10047.5
 30
0.0
 11
3500.0
 21
10052.5
 31
0.0
  0
LINE
  5
1462
330
2
100
AcDbEntity
  8
Координатные кресты
  6
Continuous
100
AcDbLine
 10
3497.5
 20
10100.0
 30
0.0
 11
3502.5
 21
10100.0
 31
0.0
  0
LINE
  5
1463
330
2
100
AcDbEntity
  8
Координатные кресты
  6
Continuous
100
AcDbLine
 10
3500.0
 20
10097.5
 30
0.0
 11
3500.0
 21
10102.5
 31
0.0
  0
LINE
  5
1464
330
2
100
AcDbEntity
  8
Координатные кресты
  6
Continuous
100
AcDbLine
 10
3497.5
 20
10150.0
 30
0.0
 11
3502.5
 21
10150.0
 31
0.0
  0
LINE
  5
1465
330
2
100
AcDbEntity
  8
Координатные кресты
  6
Continuous
100
AcDbLine
 10
3500.0
 20
10147.5
 30
0.0
 11
3500.0
 21
10152.5
 31
0.0
  0
LINE
  5
1466
330
2
100
AcDbEntity
  8
Координатные кресты
  6
Continuous
100
AcDbLine
 10
3497.5
 20
10200.0
 30
0.0
 11
3502.5
 21
10200.0
 31
0.0
  0
LINE
  5
1467
330
2
100
AcDbEntity
  8
Координатные кресты
  6
Continuous
100
AcDbLine
 10
3500.0
 20
10197.5
 30
0.0
 11
3500.0
 21
10202.5
 31
0.0
  0
LINE
  5
1468
330
2
100
AcDbEntity
  8
Координатные кресты
  6
Continuous
100
AcDbLine
 10
3497.5
 20
10250.0
 30
0.0
 11
3502.5
 21
10250.0
 31
0.0
  0
LINE
  5
1469
330
2
100
AcDbEntity
  8
Координатные кресты
  6
Continuous
100
AcDbLine
 10
3500.0
 20
10247.5
 30
0.0
 11
3500.0
 21
10252.5
 31
0.0
  0
LINE
  5
146A
330
2
100
AcDbEntity
  8
Координатные кресты
  6
Continuous
100
AcDbLine
 10
3497.5
 20
10300.0
 30
0.0
 11
3502.5
 21
10300.0
 31
0.0
  0
LINE
  5
146B
330
2
100
AcDbEntity
  8
Координатные кресты
  6
Continuous
100
AcDbLine
 10
3500.0
 20
10297.5
 30
0.0
 11
3500.0
 21
10302.5
 31
0.0
  0
LINE
  5
146C
330
2
100
AcDbEntity
  8
Координатные кресты
  6
Continuous
100
AcDbLine
 10
3497.5
 20
10350.0
 30
0.0
 11
3502.5
 21
10350.0
 31
0.0
  0
LINE
  5
146D
330
2
100
AcDbEntity
  8
Координатные кресты
  6
Continuous
100
AcDbLine
 10
3500.0
 20
10347.5
 30
0.0
 11
3500.0
 21
10352.5
 31
0.0
  0
LINE
  5
146E
330
2
100
AcDbEntity
  8
Координатные кресты
  6
Continuous
100
AcDbLine
 10
3497.5
 20
10400.0
 30
0.0
 11
3502.5
 21
10400.0
 31
0.0
  0
LINE
  5
146F
330
2
100
AcDbEntity
  8
Координатные кресты
  6
Continuous
100
AcDbLine
 10
3500.0
 20
10397.5
 30
0.0
 11
3500.0
 21
10402.5
 31
0.0
  0
LINE
  5
1470
330
2
100
AcDbEntity
  8
Координатные кресты
  6
Continuous
100
AcDbLine
 10
3547.5
 20
10050.0
 30
0.0
 11
3552.5
 21
10050.0
 31
0.0
  0
LINE
  5
1471
330
2
100
AcDbEntity
  8
Координатные кресты
  6
Continuous
100
AcDbLine
 10
3550.0
 20
10047.5
 30
0.0
 11
3550.0
 21
10052.5
 31
0.0
  0
LINE
  5
1472
330
2
100
AcDbEntity
  8
Координатные кресты
  6
Continuous
100
AcDbLine
 10
3547.5
 20
10100.0
 30
0.0
 11
3552.5
 21
10100.0
 31
0.0
  0
LINE
  5
1473
330
2
100
AcDbEntity
  8
Координатные кресты
  6
Continuous
100
AcDbLine
 10
3550.0
 20
10097.5
 30
0.0
 11
3550.0
 21
10102.5
 31
0.0
  0
LINE
  5
1474
330
2
100
AcDbEntity
  8
Координатные кресты
  6
Continuous
100
AcDbLine
 10
3547.5
 20
10150.0
 30
0.0
 11
3552.5
 21
10150.0
 31
0.0
  0
LINE
  5
1475
330
2
100
AcDbEntity
  8
Координатные кресты
  6
Continuous
100
AcDbLine
 10
3550.0
 20
10147.5
 30
0.0
 11
3550.0
 21
10152.5
 31
0.0
  0
LINE
  5
1476
330
2
100
AcDbEntity
  8
Координатные кресты
  6
Continuous
100
AcDbLine
 10
3547.5
 20
10200.0
 30
0.0
 11
3552.5
 21
10200.0
 31
0.0
  0
LINE
  5
1477
330
2
100
AcDbEntity
  8
Координатные кресты
  6
Continuous
100
AcDbLine
 10
3550.0
 20
10197.5
 30
0.0
 11
3550.0
 21
10202.5
 31
0.0
  0
LINE
  5
1478
330
2
100
AcDbEntity
  8
Координатные кресты
  6
Continuous
100
AcDbLine
 10
3547.5
 20
10250.0
 30
0.0
 11
3552.5
 21
10250.0
 31
0.0
  0
LINE
  5
1479
330
2
100
AcDbEntity
  8
Координатные кресты
  6
Continuous
100
AcDbLine
 10
3550.0
 20
10247.5
 30
0.0
 11
3550.0
 21
10252.5
 31
0.0
  0
LINE
  5
147A
330
2
100
AcDbEntity
  8
Координатные кресты
  6
Continuous
100
AcDbLine
 10
3547.5
 20
10300.0
 30
0.0
 11
3552.5
 21
10300.0
 31
0.0
  0
LINE
  5
147B
330
2
100
AcDbEntity
  8
Координатные кресты
  6
Continuous
100
AcDbLine
 10
3550.0
 20
10297.5
 30
0.0
 11
3550.0
 21
10302.5
 31
0.0
  0
LINE
  5
147C
330
2
100
AcDbEntity
  8
Координатные кресты
  6
Continuous
100
AcDbLine
 10
3547.5
 20
10350.0
 30
0.0
 11
3552.5
 21
10350.0
 31
0.0
  0
LINE
  5
147D
330
2
100
AcDbEntity
  8
Координатные кресты
  6
Continuous
100
AcDbLine
 10
3550.0
 20
10347.5
 30
0.0
 11
3550.0
 21
10352.5
 31
0.0
  0
LINE
  5
147E
330
2
100
AcDbEntity
  8
Координатные кресты
  6
Continuous
100
AcDbLine
 10
3547.5
 20
10400.0
 30
0.0
 11
3552.5
 21
10400.0
 31
0.0
  0
LINE
  5
147F
330
2
100
AcDbEntity
  8
Координатные кресты
  6
Continuous
100
AcDbLine
 10
3550.0
 20
10397.5
 30
0.0
 11
3550.0
 21
10402.5
 31
0.0
  0
LINE
  5
1480
330
2
100
AcDbEntity
  8
Координатные кресты
  6
Continuous
100
AcDbLine
 10
3597.5
 20
10050.0
 30
0.0
 11
3602.5
 21
10050.0
 31
0.0
  0
LINE
  5
1481
330
2
100
AcDbEntity
  8
Координатные кресты
  6
Continuous
100
AcDbLine
 10
3600.0
 20
10047.5
 30
0.0
 11
3600.0
 21
10052.5
 31
0.0
  0
LINE
  5
1482
330
2
100
AcDbEntity
  8
Координатные кресты
  6
Continuous
100
AcDbLine
 10
3597.5
 20
10100.0
 30
0.0
 11
3602.5
 21
10100.0
 31
0.0
  0
LINE
  5
1483
330
2
100
AcDbEntity
  8
Координатные кресты
  6
Continuous
100
AcDbLine
 10
3600.0
 20
10097.5
 30
0.0
 11
3600.0
 21
10102.5
 31
0.0
  0
LINE
  5
1484
330
2
100
AcDbEntity
  8
Координатные кресты
  6
Continuous
100
AcDbLine
 10
3597.5
 20
10150.0
 30
0.0
 11
3602.5
 21
10150.0
 31
0.0
  0
LINE
  5
1485
330
2
100
AcDbEntity
  8
Координатные кресты
  6
Continuous
100
AcDbLine
 10
3600.0
 20
10147.5
 30
0.0
 11
3600.0
 21
10152.5
 31
0.0
  0
LINE
  5
1486
330
2
100
AcDbEntity
  8
Координатные кресты
  6
Continuous
100
AcDbLine
 10
3597.5
 20
10200.0
 30
0.0
 11
3602.5
 21
10200.0
 31
0.0
  0
LINE
  5
1487
330
2
100
AcDbEntity
  8
Координатные кресты
  6
Continuous
100
AcDbLine
 10
3600.0
 20
10197.5
 30
0.0
 11
3600.0
 21
10202.5
 31
0.0
  0
LINE
  5
1488
330
2
100
AcDbEntity
  8
Координатные кресты
  6
Continuous
100
AcDbLine
 10
3597.5
 20
10250.0
 30
0.0
 11
3602.5
 21
10250.0
 31
0.0
  0
LINE
  5
1489
330
2
100
AcDbEntity
  8
Координатные кресты
  6
Continuous
100
AcDbLine
 10
3600.0
 20
10247.5
 30
0.0
 11
3600.0
 21
10252.5
 31
0.0
  0
LINE
  5
148A
330
2
100
AcDbEntity
  8
Координатные кресты
  6
Continuous
100
AcDbLine
 10
3597.5
 20
10300.0
 30
0.0
 11
3602.5
 21
10300.0
 31
0.0
  0
LINE
  5
148B
330
2
100
AcDbEntity
  8
Координатные кресты
  6
Continuous
100
AcDbLine
 10
3600.0
 20
10297.5
 30
0.0
 11
3600.0
 21
10302.5
 31
0.0
  0
LINE
  5
148C
330
2
100
AcDbEntity
  8
Координатные кресты
  6
Continuous
100
AcDbLine
 10
3597.5
 20
10350.0
 30
0.0
 11
3602.5
 21
10350.0
 31
0.0
  0
LINE
  5
148D
330
2
100
AcDbEntity
  8
Координатные кресты
  6
Continuous
100
AcDbLine
 10
3600.0
 20
10347.5
 30
0.0
 11
3600.0
 21
10352.5
 31
0.0
  0
LINE
  5
148E
330
2
100
AcDbEntity
  8
Координатные кресты
  6
Continuous
100
AcDbLine
 10
3597.5
 20
10400.0
 30
0.0
 11
3602.5
 21
10400.0
 31
0.0
  0
LINE
  5
148F
330
2
100
AcDbEntity
  8
Координатные кресты
  6
Continuous
100
AcDbLine
 10
3600.0
 20
10397.5
 30
0.0
 11
3600.0
 21
10402.5
 31
0.0
  0
LINE
  5
1490
330
2
100
AcDbEntity
  8
Координатные кресты
  6
Continuous
100
AcDbLine
 10
3647.5
 20
10050.0
 30
0.0
 11
3652.5
 21
10050.0
 31
0.0
  0
LINE
  5
1491
330
2
100
AcDbEntity
  8
Координатные кресты
  6
Continuous
100
AcDbLine
 10
3650.0
 20
10047.5
 30
0.0
 11
3650.0
 21
10052.5
 31
0.0
  0
LINE
  5
1492
330
2
100
AcDbEntity
  8
Координатные кресты
  6
Continuous
100
AcDbLine
 10
3647.5
 20
10100.0
 30
0.0
 11
3652.5
 21
10100.0
 31
0.0
  0
LINE
  5
1493
330
2
100
AcDbEntity
  8
Координатные кресты
  6
Continuous
100
AcDbLine
 10
3650.0
 20
10097.5
 30
0.0
 11
3650.0
 21
10102.5
 31
0.0
  0
LINE
  5
1494
330
2
100
AcDbEntity
  8
Координатные кресты
  6
Continuous
100
AcDbLine
 10
3647.5
 20
10150.0
 30
0.0
 11
3652.5
 21
10150.0
 31
0.0
  0
LINE
  5
1495
330
2
100
AcDbEntity
  8
Координатные кресты
  6
Continuous
100
AcDbLine
 10
3650.0
 20
10147.5
 30
0.0
 11
3650.0
 21
10152.5
 31
0.0
  0
LINE
  5
1496
330
2
100
AcDbEntity
  8
Координатные кресты
  6
Continuous
100
AcDbLine
 10
3647.5
 20
10200.0
 30
0.0
 11
3652.5
 21
10200.0
 31
0.0
  0
LINE
  5
1497
330
2
100
AcDbEntity
  8
Координатные кресты
  6
Continuous
100
AcDbLine
 10
3650.0
 20
10197.5
 30
0.0
 11
3650.0
 21
10202.5
 31
0.0
  0
LINE
  5
1498
330
2
100
AcDbEntity
  8
Координатные кресты
  6
Continuous
100
AcDbLine
 10
3647.5
 20
10250.0
 30
0.0
 11
3652.5
 21
10250.0
 31
0.0
  0
LINE
  5
1499
330
2
100
AcDbEntity
  8
Координатные кресты
  6
Continuous
100
AcDbLine
 10
3650.0
 20
10247.5
 30
0.0
 11
3650.0
 21
10252.5
 31
0.0
  0
LINE
  5
149A
330
2
100
AcDbEntity
  8
Координатные кресты
  6
Continuous
100
AcDbLine
 10
3647.5
 20
10300.0
 30
0.0
 11
3652.5
 21
10300.0
 31
0.0
  0
LINE
  5
149B
330
2
100
AcDbEntity
  8
Координатные кресты
  6
Continuous
100
AcDbLine
 10
3650.0
 20
10297.5
 30
0.0
 11
3650.0
 21
10302.5
 31
0.0
  0
LINE
  5
149C
330
2
100
AcDbEntity
  8
Координатные кресты
  6
Continuous
100
AcDbLine
 10
3647.5
 20
10350.0
 30
0.0
 11
3652.5
 21
10350.0
 31
0.0
  0
LINE
  5
149D
330
2
100
AcDbEntity
  8
Координатные кресты
  6
Continuous
100
AcDbLine
 10
3650.0
 20
10347.5
 30
0.0
 11
3650.0
 21
10352.5
 31
0.0
  0
LINE
  5
149E
330
2
100
AcDbEntity
  8
Координатные кресты
  6
Continuous
100
AcDbLine
 10
3647.5
 20
10400.0
 30
0.0
 11
3652.5
 21
10400.0
 31
0.0
  0
LINE
  5
149F
330
2
100
AcDbEntity
  8
Координатные кресты
  6
Continuous
100
AcDbLine
 10
3650.0
 20
10397.5
 30
0.0
 11
3650.0
 21
10402.5
 31
0.0
  0
LINE
  5
14A0
330
2
100
AcDbEntity
  8
Координатные кресты
  6
Continuous
100
AcDbLine
 10
3697.5
 20
10050.0
 30
0.0
 11
3702.5
 21
10050.0
 31
0.0
  0
LINE
  5
14A1
330
2
100
AcDbEntity
  8
Координатные кресты
  6
Continuous
100
AcDbLine
 10
3700.0
 20
10047.5
 30
0.0
 11
3700.0
 21
10052.5
 31
0.0
  0
LINE
  5
14A2
330
2
100
AcDbEntity
  8
Координатные кресты
  6
Continuous
100
AcDbLine
 10
3697.5
 20
10100.0
 30
0.0
 11
3702.5
 21
10100.0
 31
0.0
  0
LINE
  5
14A3
330
2
100
AcDbEntity
  8
Координатные кресты
  6
Continuous
100
AcDbLine
 10
3700.0
 20
10097.5
 30
0.0
 11
3700.0
 21
10102.5
 31
0.0
  0
LINE
  5
14A4
330
2
100
AcDbEntity
  8
Координатные кресты
  6
Continuous
100
AcDbLine
 10
3697.5
 20
10150.0
 30
0.0
 11
3702.5
 21
10150.0
 31
0.0
  0
LINE
  5
14A5
330
2
100
AcDbEntity
  8
Координатные кресты
  6
Continuous
100
AcDbLine
 10
3700.0
 20
10147.5
 30
0.0
 11
3700.0
 21
10152.5
 31
0.0
  0
LINE
  5
14A6
330
2
100
AcDbEntity
  8
Координатные кресты
  6
Continuous
100
AcDbLine
 10
3697.5
 20
10200.0
 30
0.0
 11
3702.5
 21
10200.0
 31
0.0
  0
LINE
  5
14A7
330
2
100
AcDbEntity
  8
Координатные кресты
  6
Continuous
100
AcDbLine
 10
3700.0
 20
10197.5
 30
0.0
 11
3700.0
 21
10202.5
 31
0.0
  0
LINE
  5
14A8
330
2
100
AcDbEntity
  8
Координатные кресты
  6
Continuous
100
AcDbLine
 10
3697.5
 20
10250.0
 30
0.0
 11
3702.5
 21
10250.0
 31
0.0
  0
LINE
  5
14A9
330
2
100
AcDbEntity
  8
Координатные кресты
  6
Continuous
100
AcDbLine
 10
3700.0
 20
10247.5
 30
0.0
 11
3700.0
 21
10252.5
 31
0.0
  0
LINE
  5
14AA
330
2
100
AcDbEntity
  8
Координатные кресты
  6
Continuous
100
AcDbLine
 10
3697.5
 20
10300.0
 30
0.0
 11
3702.5
 21
10300.0
 31
0.0
  0
LINE
  5
14AB
330
2
100
AcDbEntity
  8
Координатные кресты
  6
Continuous
100
AcDbLine
 10
3700.0
 20
10297.5
 30
0.0
 11
3700.0
 21
10302.5
 31
0.0
  0
LINE
  5
14AC
330
2
100
AcDbEntity
  8
Координатные кресты
  6
Continuous
100
AcDbLine
 10
3697.5
 20
10350.0
 30
0.0
 11
3702.5
 21
10350.0
 31
0.0
  0
LINE
  5
14AD
330
2
100
AcDbEntity
  8
Координатные кресты
  6
Continuous
100
AcDbLine
 10
3700.0
 20
10347.5
 30
0.0
 11
3700.0
 21
10352.5
 31
0.0
  0
LINE
  5
14AE
330
2
100
AcDbEntity
  8
Координатные кресты
  6
Continuous
100
AcDbLine
 10
3697.5
 20
10400.0
 30
0.0
 11
3702.5
 21
10400.0
 31
0.0
  0
LINE
  5
14AF
330
2
100
AcDbEntity
  8
Координатные кресты
  6
Continuous
100
AcDbLine
 10
3700.0
 20
10397.5
 30
0.0
 11
3700.0
 21
10402.5
 31
0.0
  0
LINE
  5
14B0
330
2
100
AcDbEntity
  8
Координатные кресты
  6
Continuous
100
AcDbLine
 10
3747.5
 20
10050.0
 30
0.0
 11
3752.5
 21
10050.0
 31
0.0
  0
LINE
  5
14B1
330
2
100
AcDbEntity
  8
Координатные кресты
  6
Continuous
100
AcDbLine
 10
3750.0
 20
10047.5
 30
0.0
 11
3750.0
 21
10052.5
 31
0.0
  0
LINE
  5
14B2
330
2
100
AcDbEntity
  8
Координатные кресты
  6
Continuous
100
AcDbLine
 10
3747.5
 20
10100.0
 30
0.0
 11
3752.5
 21
10100.0
 31
0.0
  0
LINE
  5
14B3
330
2
100
AcDbEntity
  8
Координатные кресты
  6
Continuous
100
AcDbLine
 10
3750.0
 20
10097.5
 30
0.0
 11
3750.0
 21
10102.5
 31
0.0
  0
LINE
  5
14B4
330
2
100
AcDbEntity
  8
Координатные кресты
  6
Continuous
100
AcDbLine
 10
3747.5
 20
10150.0
 30
0.0
 11
3752.5
 21
10150.0
 31
0.0
  0
LINE
  5
14B5
330
2
100
AcDbEntity
  8
Координатные кресты
  6
Continuous
100
AcDbLine
 10
3750.0
 20
10147.5
 30
0.0
 11
3750.0
 21
10152.5
 31
0.0
  0
LINE
  5
14B6
330
2
100
AcDbEntity
  8
Координатные кресты
  6
Continuous
100
AcDbLine
 10
3747.5
 20
10200.0
 30
0.0
 11
3752.5
 21
10200.0
 31
0.0
  0
LINE
  5
14B7
330
2
100
AcDbEntity
  8
Координатные кресты
  6
Continuous
100
AcDbLine
 10
3750.0
 20
10197.5
 30
0.0
 11
3750.0
 21
10202.5
 31
0.0
  0
LINE
  5
14B8
330
2
100
AcDbEntity
  8
Координатные кресты
  6
Continuous
100
AcDbLine
 10
3747.5
 20
10250.0
 30
0.0
 11
3752.5
 21
10250.0
 31
0.0
  0
LINE
  5
14B9
330
2
100
AcDbEntity
  8
Координатные кресты
  6
Continuous
100
AcDbLine
 10
3750.0
 20
10247.5
 30
0.0
 11
3750.0
 21
10252.5
 31
0.0
  0
LINE
  5
14BA
330
2
100
AcDbEntity
  8
Координатные кресты
  6
Continuous
100
AcDbLine
 10
3747.5
 20
10300.0
 30
0.0
 11
3752.5
 21
10300.0
 31
0.0
  0
LINE
  5
14BB
330
2
100
AcDbEntity
  8
Координатные кресты
  6
Continuous
100
AcDbLine
 10
3750.0
 20
10297.5
 30
0.0
 11
3750.0
 21
10302.5
 31
0.0
  0
LINE
  5
14BC
330
2
100
AcDbEntity
  8
Координатные кресты
  6
Continuous
100
AcDbLine
 10
3747.5
 20
10350.0
 30
0.0
 11
3752.5
 21
10350.0
 31
0.0
  0
LINE
  5
14BD
330
2
100
AcDbEntity
  8
Координатные кресты
  6
Continuous
100
AcDbLine
 10
3750.0
 20
10347.5
 30
0.0
 11
3750.0
 21
10352.5
 31
0.0
  0
LINE
  5
14BE
330
2
100
AcDbEntity
  8
Координатные кресты
  6
Continuous
100
AcDbLine
 10
3747.5
 20
10400.0
 30
0.0
 11
3752.5
 21
10400.0
 31
0.0
  0
LINE
  5
14BF
330
2
100
AcDbEntity
  8
Координатные кресты
  6
Continuous
100
AcDbLine
 10
3750.0
 20
10397.5
 30
0.0
 11
3750.0
 21
10402.5
 31
0.0
  0
LINE
  5
14C0
330
2
100
AcDbEntity
  8
Координатные кресты
  6
Continuous
100
AcDbLine
 10
3797.5
 20
10050.0
 30
0.0
 11
3802.5
 21
10050.0
 31
0.0
  0
LINE
  5
14C1
330
2
100
AcDbEntity
  8
Координатные кресты
  6
Continuous
100
AcDbLine
 10
3800.0
 20
10047.5
 30
0.0
 11
3800.0
 21
10052.5
 31
0.0
  0
LINE
  5
14C2
330
2
100
AcDbEntity
  8
Координатные кресты
  6
Continuous
100
AcDbLine
 10
3797.5
 20
10100.0
 30
0.0
 11
3802.5
 21
10100.0
 31
0.0
  0
LINE
  5
14C3
330
2
100
AcDbEntity
  8
Координатные кресты
  6
Continuous
100
AcDbLine
 10
3800.0
 20
10097.5
 30
0.0
 11
3800.0
 21
10102.5
 31
0.0
  0
LINE
  5
14C4
330
2
100
AcDbEntity
  8
Координатные кресты
  6
Continuous
100
AcDbLine
 10
3797.5
 20
10150.0
 30
0.0
 11
3802.5
 21
10150.0
 31
0.0
  0
LINE
  5
14C5
330
2
100
AcDbEntity
  8
Координатные кресты
  6
Continuous
100
AcDbLine
 10
3800.0
 20
10147.5
 30
0.0
 11
3800.0
 21
10152.5
 31
0.0
  0
LINE
  5
14C6
330
2
100
AcDbEntity
  8
Координатные кресты
  6
Continuous
100
AcDbLine
 10
3797.5
 20
10200.0
 30
0.0
 11
3802.5
 21
10200.0
 31
0.0
  0
LINE
  5
14C7
330
2
100
AcDbEntity
  8
Координатные кресты
  6
Continuous
100
AcDbLine
 10
3800.0
 20
10197.5
 30
0.0
 11
3800.0
 21
10202.5
 31
0.0
  0
LINE
  5
14C8
330
2
100
AcDbEntity
  8
Координатные кресты
  6
Continuous
100
AcDbLine
 10
3797.5
 20
10250.0
 30
0.0
 11
3802.5
 21
10250.0
 31
0.0
  0
LINE
  5
14C9
330
2
100
AcDbEntity
  8
Координатные кресты
  6
Continuous
100
AcDbLine
 10
3800.0
 20
10247.5
 30
0.0
 11
3800.0
 21
10252.5
 31
0.0
  0
LINE
  5
14CA
330
2
100
AcDbEntity
  8
Координатные кресты
  6
Continuous
100
AcDbLine
 10
3797.5
 20
10300.0
 30
0.0
 11
3802.5
 21
10300.0
 31
0.0
  0
LINE
  5
14CB
330
2
100
AcDbEntity
  8
Координатные кресты
  6
Continuous
100
AcDbLine
 10
3800.0
 20
10297.5
 30
0.0
 11
3800.0
 21
10302.5
 31
0.0
  0
LINE
  5
14CC
330
2
100
AcDbEntity
  8
Координатные кресты
  6
Continuous
100
AcDbLine
 10
3797.5
 20
10350.0
 30
0.0
 11
3802.5
 21
10350.0
 31
0.0
  0
LINE
  5
14CD
330
2
100
AcDbEntity
  8
Координатные кресты
  6
Continuous
100
AcDbLine
 10
3800.0
 20
10347.5
 30
0.0
 11
3800.0
 21
10352.5
 31
0.0
  0
LINE
  5
14CE
330
2
100
AcDbEntity
  8
Координатные кресты
  6
Continuous
100
AcDbLine
 10
3797.5
 20
10400.0
 30
0.0
 11
3802.5
 21
10400.0
 31
0.0
  0
LINE
  5
14CF
330
2
100
AcDbEntity
  8
Координатные кресты
  6
Continuous
100
AcDbLine
 10
3800.0
 20
10397.5
 30
0.0
 11
3800.0
 21
10402.5
 31
0.0
  0
LINE
  5
14D0
330
2
100
AcDbEntity
  8
Координатные кресты
  6
Continuous
100
AcDbLine
 10
3847.5
 20
10050.0
 30
0.0
 11
3852.5
 21
10050.0
 31
0.0
  0
LINE
  5
14D1
330
2
100
AcDbEntity
  8
Координатные кресты
  6
Continuous
100
AcDbLine
 10
3850.0
 20
10047.5
 30
0.0
 11
3850.0
 21
10052.5
 31
0.0
  0
LINE
  5
14D2
330
2
100
AcDbEntity
  8
Координатные кресты
  6
Continuous
100
AcDbLine
 10
3847.5
 20
10100.0
 30
0.0
 11
3852.5
 21
10100.0
 31
0.0
  0
LINE
  5
14D3
330
2
100
AcDbEntity
  8
Координатные кресты
  6
Continuous
100
AcDbLine
 10
3850.0
 20
10097.5
 30
0.0
 11
3850.0
 21
10102.5
 31
0.0
  0
LINE
  5
14D4
330
2
100
AcDbEntity
  8
Координатные кресты
  6
Continuous
100
AcDbLine
 10
3847.5
 20
10150.0
 30
0.0
 11
3852.5
 21
10150.0
 31
0.0
  0
LINE
  5
14D5
330
2
100
AcDbEntity
  8
Координатные кресты
  6
Continuous
100
AcDbLine
 10
3850.0
 20
10147.5
 30
0.0
 11
3850.0
 21
10152.5
 31
0.0
  0
LINE
  5
14D6
330
2
100
AcDbEntity
  8
Координатные кресты
  6
Continuous
100
AcDbLine
 10
3847.5
 20
10200.0
 30
0.0
 11
3852.5
 21
10200.0
 31
0.0
  0
LINE
  5
14D7
330
2
100
AcDbEntity
  8
Координатные кресты
  6
Continuous
100
AcDbLine
 10
3850.0
 20
10197.5
 30
0.0
 11
3850.0
 21
10202.5
 31
0.0
  0
LINE
  5
14D8
330
2
100
AcDbEntity
  8
Координатные кресты
  6
Continuous
100
AcDbLine
 10
3847.5
 20
10250.0
 30
0.0
 11
3852.5
 21
10250.0
 31
0.0
  0
LINE
  5
14D9
330
2
100
AcDbEntity
  8
Координатные кресты
  6
Continuous
100
AcDbLine
 10
3850.0
 20
10247.5
 30
0.0
 11
3850.0
 21
10252.5
 31
0.0
  0
LINE
  5
14DA
330
2
100
AcDbEntity
  8
Координатные кресты
  6
Continuous
100
AcDbLine
 10
3847.5
 20
10300.0
 30
0.0
 11
3852.5
 21
10300.0
 31
0.0
  0
LINE
  5
14DB
330
2
100
AcDbEntity
  8
Координатные кресты
  6
Continuous
100
AcDbLine
 10
3850.0
 20
10297.5
 30
0.0
 11
3850.0
 21
10302.5
 31
0.0
  0
LINE
  5
14DC
330
2
100
AcDbEntity
  8
Координатные кресты
  6
Continuous
100
AcDbLine
 10
3847.5
 20
10350.0
 30
0.0
 11
3852.5
 21
10350.0
 31
0.0
  0
LINE
  5
14DD
330
2
100
AcDbEntity
  8
Координатные кресты
  6
Continuous
100
AcDbLine
 10
3850.0
 20
10347.5
 30
0.0
 11
3850.0
 21
10352.5
 31
0.0
  0
LINE
  5
14DE
330
2
100
AcDbEntity
  8
Координатные кресты
  6
Continuous
100
AcDbLine
 10
3847.5
 20
10400.0
 30
0.0
 11
3852.5
 21
10400.0
 31
0.0
  0
LINE
  5
14DF
330
2
100
AcDbEntity
  8
Координатные кресты
  6
Continuous
100
AcDbLine
 10
3850.0
 20
10397.5
 30
0.0
 11
3850.0
 21
10402.5
 31
0.0
  0
LINE
  5
14E0
330
2
100
AcDbEntity
  8
Координатные кресты
  6
Continuous
100
AcDbLine
 10
3897.5
 20
10050.0
 30
0.0
 11
3902.5
 21
10050.0
 31
0.0
  0
LINE
  5
14E1
330
2
100
AcDbEntity
  8
Координатные кресты
  6
Continuous
100
AcDbLine
 10
3900.0
 20
10047.5
 30
0.0
 11
3900.0
 21
10052.5
 31
0.0
  0
LINE
  5
14E2
330
2
100
AcDbEntity
  8
Координатные кресты
  6
Continuous
100
AcDbLine
 10
3897.5
 20
10100.0
 30
0.0
 11
3902.5
 21
10100.0
 31
0.0
  0
LINE
  5
14E3
330
2
100
AcDbEntity
  8
Координатные кресты
  6
Continuous
100
AcDbLine
 10
3900.0
 20
10097.5
 30
0.0
 11
3900.0
 21
10102.5
 31
0.0
  0
LINE
  5
14E4
330
2
100
AcDbEntity
  8
Координатные кресты
  6
Continuous
100
AcDbLine
 10
3897.5
 20
10150.0
 30
0.0
 11
3902.5
 21
10150.0
 31
0.0
  0
LINE
  5
14E5
330
2
100
AcDbEntity
  8
Координатные кресты
  6
Continuous
100
AcDbLine
 10
3900.0
 20
10147.5
 30
0.0
 11
3900.0
 21
10152.5
 31
0.0
  0
LINE
  5
14E6
330
2
100
AcDbEntity
  8
Координатные кресты
  6
Continuous
100
AcDbLine
 10
3897.5
 20
10200.0
 30
0.0
 11
3902.5
 21
10200.0
 31
0.0
  0
LINE
  5
14E7
330
2
100
AcDbEntity
  8
Координатные кресты
  6
Continuous
100
AcDbLine
 10
3900.0
 20
10197.5
 30
0.0
 11
3900.0
 21
10202.5
 31
0.0
  0
LINE
  5
14E8
330
2
100
AcDbEntity
  8
Координатные кресты
  6
Continuous
100
AcDbLine
 10
3897.5
 20
10250.0
 30
0.0
 11
3902.5
 21
10250.0
 31
0.0
  0
LINE
  5
14E9
330
2
100
AcDbEntity
  8
Координатные кресты
  6
Continuous
100
AcDbLine
 10
3900.0
 20
10247.5
 30
0.0
 11
3900.0
 21
10252.5
 31
0.0
  0
LINE
  5
14EA
330
2
100
AcDbEntity
  8
Координатные кресты
  6
Continuous
100
AcDbLine
 10
3897.5
 20
10300.0
 30
0.0
 11
3902.5
 21
10300.0
 31
0.0
  0
LINE
  5
14EB
330
2
100
AcDbEntity
  8
Координатные кресты
  6
Continuous
100
AcDbLine
 10
3900.0
 20
10297.5
 30
0.0
 11
3900.0
 21
10302.5
 31
0.0
  0
LINE
  5
14EC
330
2
100
AcDbEntity
  8
Координатные кресты
  6
Continuous
100
AcDbLine
 10
3897.5
 20
10350.0
 30
0.0
 11
3902.5
 21
10350.0
 31
0.0
  0
LINE
  5
14ED
330
2
100
AcDbEntity
  8
Координатные кресты
  6
Continuous
100
AcDbLine
 10
3900.0
 20
10347.5
 30
0.0
 11
3900.0
 21
10352.5
 31
0.0
  0
LINE
  5
14EE
330
2
100
AcDbEntity
  8
Координатные кресты
  6
Continuous
100
AcDbLine
 10
3897.5
 20
10400.0
 30
0.0
 11
3902.5
 21
10400.0
 31
0.0
  0
LINE
  5
14EF
330
2
100
AcDbEntity
  8
Координатные кресты
  6
Continuous
100
AcDbLine
 10
3900.0
 20
10397.5
 30
0.0
 11
3900.0
 21
10402.5
 31
0.0
  0
LINE
  5
14F0
330
2
100
AcDbEntity
  8
Координатные кресты
  6
Continuous
100
AcDbLine
 10
3947.5
 20
10050.0
 30
0.0
 11
3952.5
 21
10050.0
 31
0.0
  0
LINE
  5
14F1
330
2
100
AcDbEntity
  8
Координатные кресты
  6
Continuous
100
AcDbLine
 10
3950.0
 20
10047.5
 30
0.0
 11
3950.0
 21
10052.5
 31
0.0
  0
LINE
  5
14F2
330
2
100
AcDbEntity
  8
Координатные кресты
  6
Continuous
100
AcDbLine
 10
3947.5
 20
10100.0
 30
0.0
 11
3952.5
 21
10100.0
 31
0.0
  0
LINE
  5
14F3
330
2
100
AcDbEntity
  8
Координатные кресты
  6
Continuous
100
AcDbLine
 10
3950.0
 20
10097.5
 30
0.0
 11
3950.0
 21
10102.5
 31
0.0
  0
LINE
  5
14F4
330
2
100
AcDbEntity
  8
Координатные кресты
  6
Continuous
100
AcDbLine
 10
3947.5
 20
10150.0
 30
0.0
 11
3952.5
 21
10150.0
 31
0.0
  0
LINE
  5
14F5
330
2
100
AcDbEntity
  8
Координатные кресты
  6
Continuous
100
AcDbLine
 10
3950.0
 20
10147.5
 30
0.0
 11
3950.0
 21
10152.5
 31
0.0
  0
LINE
  5
14F6
330
2
100
AcDbEntity
  8
Координатные кресты
  6
Continuous
100
AcDbLine
 10
3947.5
 20
10200.0
 30
0.0
 11
3952.5
 21
10200.0
 31
0.0
  0
LINE
  5
14F7
330
2
100
AcDbEntity
  8
Координатные кресты
  6
Continuous
100
AcDbLine
 10
3950.0
 20
10197.5
 30
0.0
 11
3950.0
 21
10202.5
 31
0.0
  0
LINE
  5
14F8
330
2
100
AcDbEntity
  8
Координатные кресты
  6
Continuous
100
AcDbLine
 10
3947.5
 20
10250.0
 30
0.0
 11
3952.5
 21
10250.0
 31
0.0
  0
LINE
  5
14F9
330
2
100
AcDbEntity
  8
Координатные кресты
  6
Continuous
100
AcDbLine
 10
3950.0
 20
10247.5
 30
0.0
 11
3950.0
 21
10252.5
 31
0.0
  0
LINE
  5
14FA
330
2
100
AcDbEntity
  8
Координатные кресты
  6
Continuous
100
AcDbLine
 10
3947.5
 20
10300.0
 30
0.0
 11
3952.5
 21
10300.0
 31
0.0
  0
LINE
  5
14FB
330
2
100
AcDbEntity
  8
Координатные кресты
  6
Continuous
100
AcDbLine
 10
3950.0
 20
10297.5
 30
0.0
 11
3950.0
 21
10302.5
 31
0.0
  0
LINE
  5
14FC
330
2
100
AcDbEntity
  8
Координатные кресты
  6
Continuous
100
AcDbLine
 10
3947.5
 20
10350.0
 30
0.0
 11
3952.5
 21
10350.0
 31
0.0
  0
LINE
  5
14FD
330
2
100
AcDbEntity
  8
Координатные кресты
  6
Continuous
100
AcDbLine
 10
3950.0
 20
10347.5
 30
0.0
 11
3950.0
 21
10352.5
 31
0.0
  0
LINE
  5
14FE
330
2
100
AcDbEntity
  8
Координатные кресты
  6
Continuous
100
AcDbLine
 10
3947.5
 20
10400.0
 30
0.0
 11
3952.5
 21
10400.0
 31
0.0
  0
LINE
  5
14FF
330
2
100
AcDbEntity
  8
Координатные кресты
  6
Continuous
100
AcDbLine
 10
3950.0
 20
10397.5
 30
0.0
 11
3950.0
 21
10402.5
 31
0.0
  0
LINE
  5
1500
330
2
100
AcDbEntity
  8
Координатные кресты
  6
Continuous
100
AcDbLine
 10
3997.5
 20
10050.0
 30
0.0
 11
4002.5
 21
10050.0
 31
0.0
  0
LINE
  5
1501
330
2
100
AcDbEntity
  8
Координатные кресты
  6
Continuous
100
AcDbLine
 10
4000.0
 20
10047.5
 30
0.0
 11
4000.0
 21
10052.5
 31
0.0
  0
LINE
  5
1502
330
2
100
AcDbEntity
  8
Координатные кресты
  6
Continuous
100
AcDbLine
 10
3997.5
 20
10100.0
 30
0.0
 11
4002.5
 21
10100.0
 31
0.0
  0
LINE
  5
1503
330
2
100
AcDbEntity
  8
Координатные кресты
  6
Continuous
100
AcDbLine
 10
4000.0
 20
10097.5
 30
0.0
 11
4000.0
 21
10102.5
 31
0.0
  0
LINE
  5
1504
330
2
100
AcDbEntity
  8
Координатные кресты
  6
Continuous
100
AcDbLine
 10
3997.5
 20
10150.0
 30
0.0
 11
4002.5
 21
10150.0
 31
0.0
  0
LINE
  5
1505
330
2
100
AcDbEntity
  8
Координатные кресты
  6
Continuous
100
AcDbLine
 10
4000.0
 20
10147.5
 30
0.0
 11
4000.0
 21
10152.5
 31
0.0
  0
LINE
  5
1506
330
2
100
AcDbEntity
  8
Координатные кресты
  6
Continuous
100
AcDbLine
 10
3997.5
 20
10200.0
 30
0.0
 11
4002.5
 21
10200.0
 31
0.0
  0
LINE
  5
1507
330
2
100
AcDbEntity
  8
Координатные кресты
  6
Continuous
100
AcDbLine
 10
4000.0
 20
10197.5
 30
0.0
 11
4000.0
 21
10202.5
 31
0.0
  0
LINE
  5
1508
330
2
100
AcDbEntity
  8
Координатные кресты
  6
Continuous
100
AcDbLine
 10
3997.5
 20
10250.0
 30
0.0
 11
4002.5
 21
10250.0
 31
0.0
  0
LINE
  5
1509
330
2
100
AcDbEntity
  8
Координатные кресты
  6
Continuous
100
AcDbLine
 10
4000.0
 20
10247.5
 30
0.0
 11
4000.0
 21
10252.5
 31
0.0
  0
LINE
  5
150A
330
2
100
AcDbEntity
  8
Координатные кресты
  6
Continuous
100
AcDbLine
 10
3997.5
 20
10300.0
 30
0.0
 11
4002.5
 21
10300.0
 31
0.0
  0
LINE
  5
150B
330
2
100
AcDbEntity
  8
Координатные кресты
  6
Continuous
100
AcDbLine
 10
4000.0
 20
10297.5
 30
0.0
 11
4000.0
 21
10302.5
 31
0.0
  0
LINE
  5
150C
330
2
100
AcDbEntity
  8
Координатные кресты
  6
Continuous
100
AcDbLine
 10
3997.5
 20
10350.0
 30
0.0
 11
4002.5
 21
10350.0
 31
0.0
  0
LINE
  5
150D
330
2
100
AcDbEntity
  8
Координатные кресты
  6
Continuous
100
AcDbLine
 10
4000.0
 20
10347.5
 30
0.0
 11
4000.0
 21
10352.5
 31
0.0
  0
LINE
  5
150E
330
2
100
AcDbEntity
  8
Координатные кресты
  6
Continuous
100
AcDbLine
 10
3997.5
 20
10400.0
 30
0.0
 11
4002.5
 21
10400.0
 31
0.0
  0
LINE
  5
150F
330
2
100
AcDbEntity
  8
Координатные кресты
  6
Continuous
100
AcDbLine
 10
4000.0
 20
10397.5
 30
0.0
 11
4000.0
 21
10402.5
 31
0.0
  0
LWPOLYLINE
  5
16BE
330
2
100
AcDbEntity
  8
Рамки
  6
Continuous
100
AcDbPolyline
 90
        5
 70
   128
 43
0.0
 10
3250.0
 20
10350.0
 10
3250.0
 20
10600.0
 10
3500.0
 20
10600.0
 10
3500.0
 20
10350.0
 10
3250.0
 20
10350.0
  0
LINE
  5
16BF
330
2
100
AcDbEntity
  8
Координатные кресты
  6
Continuous
100
AcDbLine
 10
3247.5
 20
10350.0
 30
0.0
 11
3252.5
 21
10350.0
 31
0.0
  0
LINE
  5
16C0
330
2
100
AcDbEntity
  8
Координатные кресты
  6
Continuous
100
AcDbLine
 10
3250.0
 20
10347.5
 30
0.0
 11
3250.0
 21
10352.5
 31
0.0
  0
LINE
  5
16C1
330
2
100
AcDbEntity
  8
Координатные кресты
  6
Continuous
100
AcDbLine
 10
3247.5
 20
10400.0
 30
0.0
 11
3252.5
 21
10400.0
 31
0.0
  0
LINE
  5
16C2
330
2
100
AcDbEntity
  8
Координатные кресты
  6
Continuous
100
AcDbLine
 10
3250.0
 20
10397.5
 30
0.0
 11
3250.0
 21
10402.5
 31
0.0
  0
LINE
  5
16C3
330
2
100
AcDbEntity
  8
Координатные кресты
  6
Continuous
100
AcDbLine
 10
3247.5
 20
10450.0
 30
0.0
 11
3252.5
 21
10450.0
 31
0.0
  0
LINE
  5
16C4
330
2
100
AcDbEntity
  8
Координатные кресты
  6
Continuous
100
AcDbLine
 10
3250.0
 20
10447.5
 30
0.0
 11
3250.0
 21
10452.5
 31
0.0
  0
LINE
  5
16C5
330
2
100
AcDbEntity
  8
Координатные кресты
  6
Continuous
100
AcDbLine
 10
3247.5
 20
10500.0
 30
0.0
 11
3252.5
 21
10500.0
 31
0.0
  0
LINE
  5
16C6
330
2
100
AcDbEntity
  8
Координатные кресты
  6
Continuous
100
AcDbLine
 10
3250.0
 20
10497.5
 30
0.0
 11
3250.0
 21
10502.5
 31
0.0
  0
LINE
  5
16C7
330
2
100
AcDbEntity
  8
Координатные кресты
  6
Continuous
100
AcDbLine
 10
3247.5
 20
10550.0
 30
0.0
 11
3252.5
 21
10550.0
 31
0.0
  0
LINE
  5
16C8
330
2
100
AcDbEntity
  8
Координатные кресты
  6
Continuous
100
AcDbLine
 10
3250.0
 20
10547.5
 30
0.0
 11
3250.0
 21
10552.5
 31
0.0
  0
LINE
  5
16C9
330
2
100
AcDbEntity
  8
Координатные кресты
  6
Continuous
100
AcDbLine
 10
3247.5
 20
10600.0
 30
0.0
 11
3252.5
 21
10600.0
 31
0.0
  0
LINE
  5
16CA
330
2
100
AcDbEntity
  8
Координатные кресты
  6
Continuous
100
AcDbLine
 10
3250.0
 20
10597.5
 30
0.0
 11
3250.0
 21
10602.5
 31
0.0
  0
LINE
  5
16CB
330
2
100
AcDbEntity
  8
Координатные кресты
  6
Continuous
100
AcDbLine
 10
3297.5
 20
10350.0
 30
0.0
 11
3302.5
 21
10350.0
 31
0.0
  0
LINE
  5
16CC
330
2
100
AcDbEntity
  8
Координатные кресты
  6
Continuous
100
AcDbLine
 10
3300.0
 20
10347.5
 30
0.0
 11
3300.0
 21
10352.5
 31
0.0
  0
LINE
  5
16CD
330
2
100
AcDbEntity
  8
Координатные кресты
  6
Continuous
100
AcDbLine
 10
3297.5
 20
10400.0
 30
0.0
 11
3302.5
 21
10400.0
 31
0.0
  0
LINE
  5
16CE
330
2
100
AcDbEntity
  8
Координатные кресты
  6
Continuous
100
AcDbLine
 10
3300.0
 20
10397.5
 30
0.0
 11
3300.0
 21
10402.5
 31
0.0
  0
LINE
  5
16CF
330
2
100
AcDbEntity
  8
Координатные кресты
  6
Continuous
100
AcDbLine
 10
3297.5
 20
10450.0
 30
0.0
 11
3302.5
 21
10450.0
 31
0.0
  0
LINE
  5
16D0
330
2
100
AcDbEntity
  8
Координатные кресты
  6
Continuous
100
AcDbLine
 10
3300.0
 20
10447.5
 30
0.0
 11
3300.0
 21
10452.5
 31
0.0
  0
LINE
  5
16D1
330
2
100
AcDbEntity
  8
Координатные кресты
  6
Continuous
100
AcDbLine
 10
3297.5
 20
10500.0
 30
0.0
 11
3302.5
 21
10500.0
 31
0.0
  0
LINE
  5
16D2
330
2
100
AcDbEntity
  8
Координатные кресты
  6
Continuous
100
AcDbLine
 10
3300.0
 20
10497.5
 30
0.0
 11
3300.0
 21
10502.5
 31
0.0
  0
LINE
  5
16D3
330
2
100
AcDbEntity
  8
Координатные кресты
  6
Continuous
100
AcDbLine
 10
3297.5
 20
10550.0
 30
0.0
 11
3302.5
 21
10550.0
 31
0.0
  0
LINE
  5
16D4
330
2
100
AcDbEntity
  8
Координатные кресты
  6
Continuous
100
AcDbLine
 10
3300.0
 20
10547.5
 30
0.0
 11
3300.0
 21
10552.5
 31
0.0
  0
LINE
  5
16D5
330
2
100
AcDbEntity
  8
Координатные кресты
  6
Continuous
100
AcDbLine
 10
3297.5
 20
10600.0
 30
0.0
 11
3302.5
 21
10600.0
 31
0.0
  0
LINE
  5
16D6
330
2
100
AcDbEntity
  8
Координатные кресты
  6
Continuous
100
AcDbLine
 10
3300.0
 20
10597.5
 30
0.0
 11
3300.0
 21
10602.5
 31
0.0
  0
LINE
  5
16D7
330
2
100
AcDbEntity
  8
Координатные кресты
  6
Continuous
100
AcDbLine
 10
3347.5
 20
10350.0
 30
0.0
 11
3352.5
 21
10350.0
 31
0.0
  0
LINE
  5
16D8
330
2
100
AcDbEntity
  8
Координатные кресты
  6
Continuous
100
AcDbLine
 10
3350.0
 20
10347.5
 30
0.0
 11
3350.0
 21
10352.5
 31
0.0
  0
LINE
  5
16D9
330
2
100
AcDbEntity
  8
Координатные кресты
  6
Continuous
100
AcDbLine
 10
3347.5
 20
10400.0
 30
0.0
 11
3352.5
 21
10400.0
 31
0.0
  0
LINE
  5
16DA
330
2
100
AcDbEntity
  8
Координатные кресты
  6
Continuous
100
AcDbLine
 10
3350.0
 20
10397.5
 30
0.0
 11
3350.0
 21
10402.5
 31
0.0
  0
LINE
  5
16DB
330
2
100
AcDbEntity
  8
Координатные кресты
  6
Continuous
100
AcDbLine
 10
3347.5
 20
10450.0
 30
0.0
 11
3352.5
 21
10450.0
 31
0.0
  0
LINE
  5
16DC
330
2
100
AcDbEntity
  8
Координатные кресты
  6
Continuous
100
AcDbLine
 10
3350.0
 20
10447.5
 30
0.0
 11
3350.0
 21
10452.5
 31
0.0
  0
LINE
  5
16DD
330
2
100
AcDbEntity
  8
Координатные кресты
  6
Continuous
100
AcDbLine
 10
3347.5
 20
10500.0
 30
0.0
 11
3352.5
 21
10500.0
 31
0.0
  0
LINE
  5
16DE
330
2
100
AcDbEntity
  8
Координатные кресты
  6
Continuous
100
AcDbLine
 10
3350.0
 20
10497.5
 30
0.0
 11
3350.0
 21
10502.5
 31
0.0
  0
LINE
  5
16DF
330
2
100
AcDbEntity
  8
Координатные кресты
  6
Continuous
100
AcDbLine
 10
3347.5
 20
10550.0
 30
0.0
 11
3352.5
 21
10550.0
 31
0.0
  0
LINE
  5
16E0
330
2
100
AcDbEntity
  8
Координатные кресты
  6
Continuous
100
AcDbLine
 10
3350.0
 20
10547.5
 30
0.0
 11
3350.0
 21
10552.5
 31
0.0
  0
LINE
  5
16E1
330
2
100
AcDbEntity
  8
Координатные кресты
  6
Continuous
100
AcDbLine
 10
3347.5
 20
10600.0
 30
0.0
 11
3352.5
 21
10600.0
 31
0.0
  0
LINE
  5
16E2
330
2
100
AcDbEntity
  8
Координатные кресты
  6
Continuous
100
AcDbLine
 10
3350.0
 20
10597.5
 30
0.0
 11
3350.0
 21
10602.5
 31
0.0
  0
LINE
  5
16E3
330
2
100
AcDbEntity
  8
Координатные кресты
  6
Continuous
100
AcDbLine
 10
3397.5
 20
10350.0
 30
0.0
 11
3402.5
 21
10350.0
 31
0.0
  0
LINE
  5
16E4
330
2
100
AcDbEntity
  8
Координатные кресты
  6
Continuous
100
AcDbLine
 10
3400.0
 20
10347.5
 30
0.0
 11
3400.0
 21
10352.5
 31
0.0
  0
LINE
  5
16E5
330
2
100
AcDbEntity
  8
Координатные кресты
  6
Continuous
100
AcDbLine
 10
3397.5
 20
10400.0
 30
0.0
 11
3402.5
 21
10400.0
 31
0.0
  0
LINE
  5
16E6
330
2
100
AcDbEntity
  8
Координатные кресты
  6
Continuous
100
AcDbLine
 10
3400.0
 20
10397.5
 30
0.0
 11
3400.0
 21
10402.5
 31
0.0
  0
LINE
  5
16E7
330
2
100
AcDbEntity
  8
Координатные кресты
  6
Continuous
100
AcDbLine
 10
3397.5
 20
10450.0
 30
0.0
 11
3402.5
 21
10450.0
 31
0.0
  0
LINE
  5
16E8
330
2
100
AcDbEntity
  8
Координатные кресты
  6
Continuous
100
AcDbLine
 10
3400.0
 20
10447.5
 30
0.0
 11
3400.0
 21
10452.5
 31
0.0
  0
LINE
  5
16E9
330
2
100
AcDbEntity
  8
Координатные кресты
  6
Continuous
100
AcDbLine
 10
3397.5
 20
10500.0
 30
0.0
 11
3402.5
 21
10500.0
 31
0.0
  0
LINE
  5
16EA
330
2
100
AcDbEntity
  8
Координатные кресты
  6
Continuous
100
AcDbLine
 10
3400.0
 20
10497.5
 30
0.0
 11
3400.0
 21
10502.5
 31
0.0
  0
LINE
  5
16EB
330
2
100
AcDbEntity
  8
Координатные кресты
  6
Continuous
100
AcDbLine
 10
3397.5
 20
10550.0
 30
0.0
 11
3402.5
 21
10550.0
 31
0.0
  0
LINE
  5
16EC
330
2
100
AcDbEntity
  8
Координатные кресты
  6
Continuous
100
AcDbLine
 10
3400.0
 20
10547.5
 30
0.0
 11
3400.0
 21
10552.5
 31
0.0
  0
LINE
  5
16ED
330
2
100
AcDbEntity
  8
Координатные кресты
  6
Continuous
100
AcDbLine
 10
3397.5
 20
10600.0
 30
0.0
 11
3402.5
 21
10600.0
 31
0.0
  0
LINE
  5
16EE
330
2
100
AcDbEntity
  8
Координатные кресты
  6
Continuous
100
AcDbLine
 10
3400.0
 20
10597.5
 30
0.0
 11
3400.0
 21
10602.5
 31
0.0
  0
LINE
  5
16EF
330
2
100
AcDbEntity
  8
Координатные кресты
  6
Continuous
100
AcDbLine
 10
3447.5
 20
10350.0
 30
0.0
 11
3452.5
 21
10350.0
 31
0.0
  0
LINE
  5
16F0
330
2
100
AcDbEntity
  8
Координатные кресты
  6
Continuous
100
AcDbLine
 10
3450.0
 20
10347.5
 30
0.0
 11
3450.0
 21
10352.5
 31
0.0
  0
LINE
  5
16F1
330
2
100
AcDbEntity
  8
Координатные кресты
  6
Continuous
100
AcDbLine
 10
3447.5
 20
10400.0
 30
0.0
 11
3452.5
 21
10400.0
 31
0.0
  0
LINE
  5
16F2
330
2
100
AcDbEntity
  8
Координатные кресты
  6
Continuous
100
AcDbLine
 10
3450.0
 20
10397.5
 30
0.0
 11
3450.0
 21
10402.5
 31
0.0
  0
LINE
  5
16F3
330
2
100
AcDbEntity
  8
Координатные кресты
  6
Continuous
100
AcDbLine
 10
3447.5
 20
10450.0
 30
0.0
 11
3452.5
 21
10450.0
 31
0.0
  0
LINE
  5
16F4
330
2
100
AcDbEntity
  8
Координатные кресты
  6
Continuous
100
AcDbLine
 10
3450.0
 20
10447.5
 30
0.0
 11
3450.0
 21
10452.5
 31
0.0
  0
LINE
  5
16F5
330
2
100
AcDbEntity
  8
Координатные кресты
  6
Continuous
100
AcDbLine
 10
3447.5
 20
10500.0
 30
0.0
 11
3452.5
 21
10500.0
 31
0.0
  0
LINE
  5
16F6
330
2
100
AcDbEntity
  8
Координатные кресты
  6
Continuous
100
AcDbLine
 10
3450.0
 20
10497.5
 30
0.0
 11
3450.0
 21
10502.5
 31
0.0
  0
LINE
  5
16F7
330
2
100
AcDbEntity
  8
Координатные кресты
  6
Continuous
100
AcDbLine
 10
3447.5
 20
10550.0
 30
0.0
 11
3452.5
 21
10550.0
 31
0.0
  0
LINE
  5
16F8
330
2
100
AcDbEntity
  8
Координатные кресты
  6
Continuous
100
AcDbLine
 10
3450.0
 20
10547.5
 30
0.0
 11
3450.0
 21
10552.5
 31
0.0
  0
LINE
  5
16F9
330
2
100
AcDbEntity
  8
Координатные кресты
  6
Continuous
100
AcDbLine
 10
3447.5
 20
10600.0
 30
0.0
 11
3452.5
 21
10600.0
 31
0.0
  0
LINE
  5
16FA
330
2
100
AcDbEntity
  8
Координатные кресты
  6
Continuous
100
AcDbLine
 10
3450.0
 20
10597.5
 30
0.0
 11
3450.0
 21
10602.5
 31
0.0
  0
LINE
  5
16FB
330
2
100
AcDbEntity
  8
Координатные кресты
  6
Continuous
100
AcDbLine
 10
3497.5
 20
10350.0
 30
0.0
 11
3502.5
 21
10350.0
 31
0.0
  0
LINE
  5
16FC
330
2
100
AcDbEntity
  8
Координатные кресты
  6
Continuous
100
AcDbLine
 10
3500.0
 20
10347.5
 30
0.0
 11
3500.0
 21
10352.5
 31
0.0
  0
LINE
  5
16FD
330
2
100
AcDbEntity
  8
Координатные кресты
  6
Continuous
100
AcDbLine
 10
3497.5
 20
10400.0
 30
0.0
 11
3502.5
 21
10400.0
 31
0.0
  0
LINE
  5
16FE
330
2
100
AcDbEntity
  8
Координатные кресты
  6
Continuous
100
AcDbLine
 10
3500.0
 20
10397.5
 30
0.0
 11
3500.0
 21
10402.5
 31
0.0
  0
LINE
  5
16FF
330
2
100
AcDbEntity
  8
Координатные кресты
  6
Continuous
100
AcDbLine
 10
3497.5
 20
10450.0
 30
0.0
 11
3502.5
 21
10450.0
 31
0.0
  0
LINE
  5
1700
330
2
100
AcDbEntity
  8
Координатные кресты
  6
Continuous
100
AcDbLine
 10
3500.0
 20
10447.5
 30
0.0
 11
3500.0
 21
10452.5
 31
0.0
  0
LINE
  5
1701
330
2
100
AcDbEntity
  8
Координатные кресты
  6
Continuous
100
AcDbLine
 10
3497.5
 20
10500.0
 30
0.0
 11
3502.5
 21
10500.0
 31
0.0
  0
LINE
  5
1702
330
2
100
AcDbEntity
  8
Координатные кресты
  6
Continuous
100
AcDbLine
 10
3500.0
 20
10497.5
 30
0.0
 11
3500.0
 21
10502.5
 31
0.0
  0
LINE
  5
1703
330
2
100
AcDbEntity
  8
Координатные кресты
  6
Continuous
100
AcDbLine
 10
3497.5
 20
10550.0
 30
0.0
 11
3502.5
 21
10550.0
 31
0.0
  0
LINE
  5
1704
330
2
100
AcDbEntity
  8
Координатные кресты
  6
Continuous
100
AcDbLine
 10
3500.0
 20
10547.5
 30
0.0
 11
3500.0
 21
10552.5
 31
0.0
  0
LINE
  5
1705
330
2
100
AcDbEntity
  8
Координатные кресты
  6
Continuous
100
AcDbLine
 10
3497.5
 20
10600.0
 30
0.0
 11
3502.5
 21
10600.0
 31
0.0
  0
LINE
  5
1706
330
2
100
AcDbEntity
  8
Координатные кресты
  6
Continuous
100
AcDbLine
 10
3500.0
 20
10597.5
 30
0.0
 11
3500.0
 21
10602.5
 31
0.0
  0
LWPOLYLINE
  5
1707
330
2
100
AcDbEntity
  8
Рамки
  6
Continuous
100
AcDbPolyline
 90
        5
 70
   128
 43
0.0
 10
3500.0
 20
10350.0
 10
3500.0
 20
10600.0
 10
3750.0
 20
10600.0
 10
3750.0
 20
10350.0
 10
3500.0
 20
10350.0
  0
LINE
  5
1708
330
2
100
AcDbEntity
  8
Координатные кресты
  6
Continuous
100
AcDbLine
 10
3547.5
 20
10350.0
 30
0.0
 11
3552.5
 21
10350.0
 31
0.0
  0
LINE
  5
1709
330
2
100
AcDbEntity
  8
Координатные кресты
  6
Continuous
100
AcDbLine
 10
3550.0
 20
10347.5
 30
0.0
 11
3550.0
 21
10352.5
 31
0.0
  0
LINE
  5
170A
330
2
100
AcDbEntity
  8
Координатные кресты
  6
Continuous
100
AcDbLine
 10
3547.5
 20
10400.0
 30
0.0
 11
3552.5
 21
10400.0
 31
0.0
  0
LINE
  5
170B
330
2
100
AcDbEntity
  8
Координатные кресты
  6
Continuous
100
AcDbLine
 10
3550.0
 20
10397.5
 30
0.0
 11
3550.0
 21
10402.5
 31
0.0
  0
LINE
  5
170C
330
2
100
AcDbEntity
  8
Координатные кресты
  6
Continuous
100
AcDbLine
 10
3547.5
 20
10450.0
 30
0.0
 11
3552.5
 21
10450.0
 31
0.0
  0
LINE
  5
170D
330
2
100
AcDbEntity
  8
Координатные кресты
  6
Continuous
100
AcDbLine
 10
3550.0
 20
10447.5
 30
0.0
 11
3550.0
 21
10452.5
 31
0.0
  0
LINE
  5
170E
330
2
100
AcDbEntity
  8
Координатные кресты
  6
Continuous
100
AcDbLine
 10
3547.5
 20
10500.0
 30
0.0
 11
3552.5
 21
10500.0
 31
0.0
  0
LINE
  5
170F
330
2
100
AcDbEntity
  8
Координатные кресты
  6
Continuous
100
AcDbLine
 10
3550.0
 20
10497.5
 30
0.0
 11
3550.0
 21
10502.5
 31
0.0
  0
LINE
  5
1710
330
2
100
AcDbEntity
  8
Координатные кресты
  6
Continuous
100
AcDbLine
 10
3547.5
 20
10550.0
 30
0.0
 11
3552.5
 21
10550.0
 31
0.0
  0
LINE
  5
1711
330
2
100
AcDbEntity
  8
Координатные кресты
  6
Continuous
100
AcDbLine
 10
3550.0
 20
10547.5
 30
0.0
 11
3550.0
 21
10552.5
 31
0.0
  0
LINE
  5
1712
330
2
100
AcDbEntity
  8
Координатные кресты
  6
Continuous
100
AcDbLine
 10
3547.5
 20
10600.0
 30
0.0
 11
3552.5
 21
10600.0
 31
0.0
  0
LINE
  5
1713
330
2
100
AcDbEntity
  8
Координатные кресты
  6
Continuous
100
AcDbLine
 10
3550.0
 20
10597.5
 30
0.0
 11
3550.0
 21
10602.5
 31
0.0
  0
LINE
  5
1714
330
2
100
AcDbEntity
  8
Координатные кресты
  6
Continuous
100
AcDbLine
 10
3597.5
 20
10350.0
 30
0.0
 11
3602.5
 21
10350.0
 31
0.0
  0
LINE
  5
1715
330
2
100
AcDbEntity
  8
Координатные кресты
  6
Continuous
100
AcDbLine
 10
3600.0
 20
10347.5
 30
0.0
 11
3600.0
 21
10352.5
 31
0.0
  0
LINE
  5
1716
330
2
100
AcDbEntity
  8
Координатные кресты
  6
Continuous
100
AcDbLine
 10
3597.5
 20
10400.0
 30
0.0
 11
3602.5
 21
10400.0
 31
0.0
  0
LINE
  5
1717
330
2
100
AcDbEntity
  8
Координатные кресты
  6
Continuous
100
AcDbLine
 10
3600.0
 20
10397.5
 30
0.0
 11
3600.0
 21
10402.5
 31
0.0
  0
LINE
  5
1718
330
2
100
AcDbEntity
  8
Координатные кресты
  6
Continuous
100
AcDbLine
 10
3597.5
 20
10450.0
 30
0.0
 11
3602.5
 21
10450.0
 31
0.0
  0
LINE
  5
1719
330
2
100
AcDbEntity
  8
Координатные кресты
  6
Continuous
100
AcDbLine
 10
3600.0
 20
10447.5
 30
0.0
 11
3600.0
 21
10452.5
 31
0.0
  0
LINE
  5
171A
330
2
100
AcDbEntity
  8
Координатные кресты
  6
Continuous
100
AcDbLine
 10
3597.5
 20
10500.0
 30
0.0
 11
3602.5
 21
10500.0
 31
0.0
  0
LINE
  5
171B
330
2
100
AcDbEntity
  8
Координатные кресты
  6
Continuous
100
AcDbLine
 10
3600.0
 20
10497.5
 30
0.0
 11
3600.0
 21
10502.5
 31
0.0
  0
LINE
  5
171C
330
2
100
AcDbEntity
  8
Координатные кресты
  6
Continuous
100
AcDbLine
 10
3597.5
 20
10550.0
 30
0.0
 11
3602.5
 21
10550.0
 31
0.0
  0
LINE
  5
171D
330
2
100
AcDbEntity
  8
Координатные кресты
  6
Continuous
100
AcDbLine
 10
3600.0
 20
10547.5
 30
0.0
 11
3600.0
 21
10552.5
 31
0.0
  0
LINE
  5
171E
330
2
100
AcDbEntity
  8
Координатные кресты
  6
Continuous
100
AcDbLine
 10
3597.5
 20
10600.0
 30
0.0
 11
3602.5
 21
10600.0
 31
0.0
  0
LINE
  5
171F
330
2
100
AcDbEntity
  8
Координатные кресты
  6
Continuous
100
AcDbLine
 10
3600.0
 20
10597.5
 30
0.0
 11
3600.0
 21
10602.5
 31
0.0
  0
LINE
  5
1720
330
2
100
AcDbEntity
  8
Координатные кресты
  6
Continuous
100
AcDbLine
 10
3647.5
 20
10350.0
 30
0.0
 11
3652.5
 21
10350.0
 31
0.0
  0
LINE
  5
1721
330
2
100
AcDbEntity
  8
Координатные кресты
  6
Continuous
100
AcDbLine
 10
3650.0
 20
10347.5
 30
0.0
 11
3650.0
 21
10352.5
 31
0.0
  0
LINE
  5
1722
330
2
100
AcDbEntity
  8
Координатные кресты
  6
Continuous
100
AcDbLine
 10
3647.5
 20
10400.0
 30
0.0
 11
3652.5
 21
10400.0
 31
0.0
  0
LINE
  5
1723
330
2
100
AcDbEntity
  8
Координатные кресты
  6
Continuous
100
AcDbLine
 10
3650.0
 20
10397.5
 30
0.0
 11
3650.0
 21
10402.5
 31
0.0
  0
LINE
  5
1724
330
2
100
AcDbEntity
  8
Координатные кресты
  6
Continuous
100
AcDbLine
 10
3647.5
 20
10450.0
 30
0.0
 11
3652.5
 21
10450.0
 31
0.0
  0
LINE
  5
1725
330
2
100
AcDbEntity
  8
Координатные кресты
  6
Continuous
100
AcDbLine
 10
3650.0
 20
10447.5
 30
0.0
 11
3650.0
 21
10452.5
 31
0.0
  0
LINE
  5
1726
330
2
100
AcDbEntity
  8
Координатные кресты
  6
Continuous
100
AcDbLine
 10
3647.5
 20
10500.0
 30
0.0
 11
3652.5
 21
10500.0
 31
0.0
  0
LINE
  5
1727
330
2
100
AcDbEntity
  8
Координатные кресты
  6
Continuous
100
AcDbLine
 10
3650.0
 20
10497.5
 30
0.0
 11
3650.0
 21
10502.5
 31
0.0
  0
LINE
  5
1728
330
2
100
AcDbEntity
  8
Координатные кресты
  6
Continuous
100
AcDbLine
 10
3647.5
 20
10550.0
 30
0.0
 11
3652.5
 21
10550.0
 31
0.0
  0
LINE
  5
1729
330
2
100
AcDbEntity
  8
Координатные кресты
  6
Continuous
100
AcDbLine
 10
3650.0
 20
10547.5
 30
0.0
 11
3650.0
 21
10552.5
 31
0.0
  0
LINE
  5
172A
330
2
100
AcDbEntity
  8
Координатные кресты
  6
Continuous
100
AcDbLine
 10
3647.5
 20
10600.0
 30
0.0
 11
3652.5
 21
10600.0
 31
0.0
  0
LINE
  5
172B
330
2
100
AcDbEntity
  8
Координатные кресты
  6
Continuous
100
AcDbLine
 10
3650.0
 20
10597.5
 30
0.0
 11
3650.0
 21
10602.5
 31
0.0
  0
LINE
  5
172C
330
2
100
AcDbEntity
  8
Координатные кресты
  6
Continuous
100
AcDbLine
 10
3697.5
 20
10350.0
 30
0.0
 11
3702.5
 21
10350.0
 31
0.0
  0
LINE
  5
172D
330
2
100
AcDbEntity
  8
Координатные кресты
  6
Continuous
100
AcDbLine
 10
3700.0
 20
10347.5
 30
0.0
 11
3700.0
 21
10352.5
 31
0.0
  0
LINE
  5
172E
330
2
100
AcDbEntity
  8
Координатные кресты
  6
Continuous
100
AcDbLine
 10
3697.5
 20
10400.0
 30
0.0
 11
3702.5
 21
10400.0
 31
0.0
  0
LINE
  5
172F
330
2
100
AcDbEntity
  8
Координатные кресты
  6
Continuous
100
AcDbLine
 10
3700.0
 20
10397.5
 30
0.0
 11
3700.0
 21
10402.5
 31
0.0
  0
LINE
  5
1730
330
2
100
AcDbEntity
  8
Координатные кресты
  6
Continuous
100
AcDbLine
 10
3697.5
 20
10450.0
 30
0.0
 11
3702.5
 21
10450.0
 31
0.0
  0
LINE
  5
1731
330
2
100
AcDbEntity
  8
Координатные кресты
  6
Continuous
100
AcDbLine
 10
3700.0
 20
10447.5
 30
0.0
 11
3700.0
 21
10452.5
 31
0.0
  0
LINE
  5
1732
330
2
100
AcDbEntity
  8
Координатные кресты
  6
Continuous
100
AcDbLine
 10
3697.5
 20
10500.0
 30
0.0
 11
3702.5
 21
10500.0
 31
0.0
  0
LINE
  5
1733
330
2
100
AcDbEntity
  8
Координатные кресты
  6
Continuous
100
AcDbLine
 10
3700.0
 20
10497.5
 30
0.0
 11
3700.0
 21
10502.5
 31
0.0
  0
LINE
  5
1734
330
2
100
AcDbEntity
  8
Координатные кресты
  6
Continuous
100
AcDbLine
 10
3697.5
 20
10550.0
 30
0.0
 11
3702.5
 21
10550.0
 31
0.0
  0
LINE
  5
1735
330
2
100
AcDbEntity
  8
Координатные кресты
  6
Continuous
100
AcDbLine
 10
3700.0
 20
10547.5
 30
0.0
 11
3700.0
 21
10552.5
 31
0.0
  0
LINE
  5
1736
330
2
100
AcDbEntity
  8
Координатные кресты
  6
Continuous
100
AcDbLine
 10
3697.5
 20
10600.0
 30
0.0
 11
3702.5
 21
10600.0
 31
0.0
  0
LINE
  5
1737
330
2
100
AcDbEntity
  8
Координатные кресты
  6
Continuous
100
AcDbLine
 10
3700.0
 20
10597.5
 30
0.0
 11
3700.0
 21
10602.5
 31
0.0
  0
LINE
  5
1738
330
2
100
AcDbEntity
  8
Координатные кресты
  6
Continuous
100
AcDbLine
 10
3747.5
 20
10350.0
 30
0.0
 11
3752.5
 21
10350.0
 31
0.0
  0
LINE
  5
1739
330
2
100
AcDbEntity
  8
Координатные кресты
  6
Continuous
100
AcDbLine
 10
3750.0
 20
10347.5
 30
0.0
 11
3750.0
 21
10352.5
 31
0.0
  0
LINE
  5
173A
330
2
100
AcDbEntity
  8
Координатные кресты
  6
Continuous
100
AcDbLine
 10
3747.5
 20
10400.0
 30
0.0
 11
3752.5
 21
10400.0
 31
0.0
  0
LINE
  5
173B
330
2
100
AcDbEntity
  8
Координатные кресты
  6
Continuous
100
AcDbLine
 10
3750.0
 20
10397.5
 30
0.0
 11
3750.0
 21
10402.5
 31
0.0
  0
LINE
  5
173C
330
2
100
AcDbEntity
  8
Координатные кресты
  6
Continuous
100
AcDbLine
 10
3747.5
 20
10450.0
 30
0.0
 11
3752.5
 21
10450.0
 31
0.0
  0
LINE
  5
173D
330
2
100
AcDbEntity
  8
Координатные кресты
  6
Continuous
100
AcDbLine
 10
3750.0
 20
10447.5
 30
0.0
 11
3750.0
 21
10452.5
 31
0.0
  0
LINE
  5
173E
330
2
100
AcDbEntity
  8
Координатные кресты
  6
Continuous
100
AcDbLine
 10
3747.5
 20
10500.0
 30
0.0
 11
3752.5
 21
10500.0
 31
0.0
  0
LINE
  5
173F
330
2
100
AcDbEntity
  8
Координатные кресты
  6
Continuous
100
AcDbLine
 10
3750.0
 20
10497.5
 30
0.0
 11
3750.0
 21
10502.5
 31
0.0
  0
LINE
  5
1740
330
2
100
AcDbEntity
  8
Координатные кресты
  6
Continuous
100
AcDbLine
 10
3747.5
 20
10550.0
 30
0.0
 11
3752.5
 21
10550.0
 31
0.0
  0
LINE
  5
1741
330
2
100
AcDbEntity
  8
Координатные кресты
  6
Continuous
100
AcDbLine
 10
3750.0
 20
10547.5
 30
0.0
 11
3750.0
 21
10552.5
 31
0.0
  0
LINE
  5
1742
330
2
100
AcDbEntity
  8
Координатные кресты
  6
Continuous
100
AcDbLine
 10
3747.5
 20
10600.0
 30
0.0
 11
3752.5
 21
10600.0
 31
0.0
  0
LINE
  5
1743
330
2
100
AcDbEntity
  8
Координатные кресты
  6
Continuous
100
AcDbLine
 10
3750.0
 20
10597.5
 30
0.0
 11
3750.0
 21
10602.5
 31
0.0
  0
LWPOLYLINE
  5
1744
330
2
100
AcDbEntity
  8
Рамки
  6
Continuous
100
AcDbPolyline
 90
        5
 70
   128
 43
0.0
 10
3750.0
 20
10350.0
 10
3750.0
 20
10600.0
 10
4000.0
 20
10600.0
 10
4000.0
 20
10350.0
 10
3750.0
 20
10350.0
  0
LINE
  5
1745
330
2
100
AcDbEntity
  8
Координатные кресты
  6
Continuous
100
AcDbLine
 10
3797.5
 20
10350.0
 30
0.0
 11
3802.5
 21
10350.0
 31
0.0
  0
LINE
  5
1746
330
2
100
AcDbEntity
  8
Координатные кресты
  6
Continuous
100
AcDbLine
 10
3800.0
 20
10347.5
 30
0.0
 11
3800.0
 21
10352.5
 31
0.0
  0
LINE
  5
1747
330
2
100
AcDbEntity
  8
Координатные кресты
  6
Continuous
100
AcDbLine
 10
3797.5
 20
10400.0
 30
0.0
 11
3802.5
 21
10400.0
 31
0.0
  0
LINE
  5
1748
330
2
100
AcDbEntity
  8
Координатные кресты
  6
Continuous
100
AcDbLine
 10
3800.0
 20
10397.5
 30
0.0
 11
3800.0
 21
10402.5
 31
0.0
  0
LINE
  5
1749
330
2
100
AcDbEntity
  8
Координатные кресты
  6
Continuous
100
AcDbLine
 10
3797.5
 20
10450.0
 30
0.0
 11
3802.5
 21
10450.0
 31
0.0
  0
LINE
  5
174A
330
2
100
AcDbEntity
  8
Координатные кресты
  6
Continuous
100
AcDbLine
 10
3800.0
 20
10447.5
 30
0.0
 11
3800.0
 21
10452.5
 31
0.0
  0
LINE
  5
174B
330
2
100
AcDbEntity
  8
Координатные кресты
  6
Continuous
100
AcDbLine
 10
3797.5
 20
10500.0
 30
0.0
 11
3802.5
 21
10500.0
 31
0.0
  0
LINE
  5
174C
330
2
100
AcDbEntity
  8
Координатные кресты
  6
Continuous
100
AcDbLine
 10
3800.0
 20
10497.5
 30
0.0
 11
3800.0
 21
10502.5
 31
0.0
  0
LINE
  5
174D
330
2
100
AcDbEntity
  8
Координатные кресты
  6
Continuous
100
AcDbLine
 10
3797.5
 20
10550.0
 30
0.0
 11
3802.5
 21
10550.0
 31
0.0
  0
LINE
  5
174E
330
2
100
AcDbEntity
  8
Координатные кресты
  6
Continuous
100
AcDbLine
 10
3800.0
 20
10547.5
 30
0.0
 11
3800.0
 21
10552.5
 31
0.0
  0
LINE
  5
174F
330
2
100
AcDbEntity
  8
Координатные кресты
  6
Continuous
100
AcDbLine
 10
3797.5
 20
10600.0
 30
0.0
 11
3802.5
 21
10600.0
 31
0.0
  0
LINE
  5
1750
330
2
100
AcDbEntity
  8
Координатные кресты
  6
Continuous
100
AcDbLine
 10
3800.0
 20
10597.5
 30
0.0
 11
3800.0
 21
10602.5
 31
0.0
  0
LINE
  5
1751
330
2
100
AcDbEntity
  8
Координатные кресты
  6
Continuous
100
AcDbLine
 10
3847.5
 20
10350.0
 30
0.0
 11
3852.5
 21
10350.0
 31
0.0
  0
LINE
  5
1752
330
2
100
AcDbEntity
  8
Координатные кресты
  6
Continuous
100
AcDbLine
 10
3850.0
 20
10347.5
 30
0.0
 11
3850.0
 21
10352.5
 31
0.0
  0
LINE
  5
1753
330
2
100
AcDbEntity
  8
Координатные кресты
  6
Continuous
100
AcDbLine
 10
3847.5
 20
10400.0
 30
0.0
 11
3852.5
 21
10400.0
 31
0.0
  0
LINE
  5
1754
330
2
100
AcDbEntity
  8
Координатные кресты
  6
Continuous
100
AcDbLine
 10
3850.0
 20
10397.5
 30
0.0
 11
3850.0
 21
10402.5
 31
0.0
  0
LINE
  5
1755
330
2
100
AcDbEntity
  8
Координатные кресты
  6
Continuous
100
AcDbLine
 10
3847.5
 20
10450.0
 30
0.0
 11
3852.5
 21
10450.0
 31
0.0
  0
LINE
  5
1756
330
2
100
AcDbEntity
  8
Координатные кресты
  6
Continuous
100
AcDbLine
 10
3850.0
 20
10447.5
 30
0.0
 11
3850.0
 21
10452.5
 31
0.0
  0
LINE
  5
1757
330
2
100
AcDbEntity
  8
Координатные кресты
  6
Continuous
100
AcDbLine
 10
3847.5
 20
10500.0
 30
0.0
 11
3852.5
 21
10500.0
 31
0.0
  0
LINE
  5
1758
330
2
100
AcDbEntity
  8
Координатные кресты
  6
Continuous
100
AcDbLine
 10
3850.0
 20
10497.5
 30
0.0
 11
3850.0
 21
10502.5
 31
0.0
  0
LINE
  5
1759
330
2
100
AcDbEntity
  8
Координатные кресты
  6
Continuous
100
AcDbLine
 10
3847.5
 20
10550.0
 30
0.0
 11
3852.5
 21
10550.0
 31
0.0
  0
LINE
  5
175A
330
2
100
AcDbEntity
  8
Координатные кресты
  6
Continuous
100
AcDbLine
 10
3850.0
 20
10547.5
 30
0.0
 11
3850.0
 21
10552.5
 31
0.0
  0
LINE
  5
175B
330
2
100
AcDbEntity
  8
Координатные кресты
  6
Continuous
100
AcDbLine
 10
3847.5
 20
10600.0
 30
0.0
 11
3852.5
 21
10600.0
 31
0.0
  0
LINE
  5
175C
330
2
100
AcDbEntity
  8
Координатные кресты
  6
Continuous
100
AcDbLine
 10
3850.0
 20
10597.5
 30
0.0
 11
3850.0
 21
10602.5
 31
0.0
  0
LINE
  5
175D
330
2
100
AcDbEntity
  8
Координатные кресты
  6
Continuous
100
AcDbLine
 10
3897.5
 20
10350.0
 30
0.0
 11
3902.5
 21
10350.0
 31
0.0
  0
LINE
  5
175E
330
2
100
AcDbEntity
  8
Координатные кресты
  6
Continuous
100
AcDbLine
 10
3900.0
 20
10347.5
 30
0.0
 11
3900.0
 21
10352.5
 31
0.0
  0
LINE
  5
175F
330
2
100
AcDbEntity
  8
Координатные кресты
  6
Continuous
100
AcDbLine
 10
3897.5
 20
10400.0
 30
0.0
 11
3902.5
 21
10400.0
 31
0.0
  0
LINE
  5
1760
330
2
100
AcDbEntity
  8
Координатные кресты
  6
Continuous
100
AcDbLine
 10
3900.0
 20
10397.5
 30
0.0
 11
3900.0
 21
10402.5
 31
0.0
  0
LINE
  5
1761
330
2
100
AcDbEntity
  8
Координатные кресты
  6
Continuous
100
AcDbLine
 10
3897.5
 20
10450.0
 30
0.0
 11
3902.5
 21
10450.0
 31
0.0
  0
LINE
  5
1762
330
2
100
AcDbEntity
  8
Координатные кресты
  6
Continuous
100
AcDbLine
 10
3900.0
 20
10447.5
 30
0.0
 11
3900.0
 21
10452.5
 31
0.0
  0
LINE
  5
1763
330
2
100
AcDbEntity
  8
Координатные кресты
  6
Continuous
100
AcDbLine
 10
3897.5
 20
10500.0
 30
0.0
 11
3902.5
 21
10500.0
 31
0.0
  0
LINE
  5
1764
330
2
100
AcDbEntity
  8
Координатные кресты
  6
Continuous
100
AcDbLine
 10
3900.0
 20
10497.5
 30
0.0
 11
3900.0
 21
10502.5
 31
0.0
  0
LINE
  5
1765
330
2
100
AcDbEntity
  8
Координатные кресты
  6
Continuous
100
AcDbLine
 10
3897.5
 20
10550.0
 30
0.0
 11
3902.5
 21
10550.0
 31
0.0
  0
LINE
  5
1766
330
2
100
AcDbEntity
  8
Координатные кресты
  6
Continuous
100
AcDbLine
 10
3900.0
 20
10547.5
 30
0.0
 11
3900.0
 21
10552.5
 31
0.0
  0
LINE
  5
1767
330
2
100
AcDbEntity
  8
Координатные кресты
  6
Continuous
100
AcDbLine
 10
3897.5
 20
10600.0
 30
0.0
 11
3902.5
 21
10600.0
 31
0.0
  0
LINE
  5
1768
330
2
100
AcDbEntity
  8
Координатные кресты
  6
Continuous
100
AcDbLine
 10
3900.0
 20
10597.5
 30
0.0
 11
3900.0
 21
10602.5
 31
0.0
  0
LINE
  5
1769
330
2
100
AcDbEntity
  8
Координатные кресты
  6
Continuous
100
AcDbLine
 10
3947.5
 20
10350.0
 30
0.0
 11
3952.5
 21
10350.0
 31
0.0
  0
LINE
  5
176A
330
2
100
AcDbEntity
  8
Координатные кресты
  6
Continuous
100
AcDbLine
 10
3950.0
 20
10347.5
 30
0.0
 11
3950.0
 21
10352.5
 31
0.0
  0
LINE
  5
176B
330
2
100
AcDbEntity
  8
Координатные кресты
  6
Continuous
100
AcDbLine
 10
3947.5
 20
10400.0
 30
0.0
 11
3952.5
 21
10400.0
 31
0.0
  0
LINE
  5
176C
330
2
100
AcDbEntity
  8
Координатные кресты
  6
Continuous
100
AcDbLine
 10
3950.0
 20
10397.5
 30
0.0
 11
3950.0
 21
10402.5
 31
0.0
  0
LINE
  5
176D
330
2
100
AcDbEntity
  8
Координатные кресты
  6
Continuous
100
AcDbLine
 10
3947.5
 20
10450.0
 30
0.0
 11
3952.5
 21
10450.0
 31
0.0
  0
LINE
  5
176E
330
2
100
AcDbEntity
  8
Координатные кресты
  6
Continuous
100
AcDbLine
 10
3950.0
 20
10447.5
 30
0.0
 11
3950.0
 21
10452.5
 31
0.0
  0
LINE
  5
176F
330
2
100
AcDbEntity
  8
Координатные кресты
  6
Continuous
100
AcDbLine
 10
3947.5
 20
10500.0
 30
0.0
 11
3952.5
 21
10500.0
 31
0.0
  0
LINE
  5
1770
330
2
100
AcDbEntity
  8
Координатные кресты
  6
Continuous
100
AcDbLine
 10
3950.0
 20
10497.5
 30
0.0
 11
3950.0
 21
10502.5
 31
0.0
  0
LINE
  5
1771
330
2
100
AcDbEntity
  8
Координатные кресты
  6
Continuous
100
AcDbLine
 10
3947.5
 20
10550.0
 30
0.0
 11
3952.5
 21
10550.0
 31
0.0
  0
LINE
  5
1772
330
2
100
AcDbEntity
  8
Координатные кресты
  6
Continuous
100
AcDbLine
 10
3950.0
 20
10547.5
 30
0.0
 11
3950.0
 21
10552.5
 31
0.0
  0
LINE
  5
1773
330
2
100
AcDbEntity
  8
Координатные кресты
  6
Continuous
100
AcDbLine
 10
3947.5
 20
10600.0
 30
0.0
 11
3952.5
 21
10600.0
 31
0.0
  0
LINE
  5
1774
330
2
100
AcDbEntity
  8
Координатные кресты
  6
Continuous
100
AcDbLine
 10
3950.0
 20
10597.5
 30
0.0
 11
3950.0
 21
10602.5
 31
0.0
  0
LINE
  5
1775
330
2
100
AcDbEntity
  8
Координатные кресты
  6
Continuous
100
AcDbLine
 10
3997.5
 20
10350.0
 30
0.0
 11
4002.5
 21
10350.0
 31
0.0
  0
LINE
  5
1776
330
2
100
AcDbEntity
  8
Координатные кресты
  6
Continuous
100
AcDbLine
 10
4000.0
 20
10347.5
 30
0.0
 11
4000.0
 21
10352.5
 31
0.0
  0
LINE
  5
1777
330
2
100
AcDbEntity
  8
Координатные кресты
  6
Continuous
100
AcDbLine
 10
3997.5
 20
10400.0
 30
0.0
 11
4002.5
 21
10400.0
 31
0.0
  0
LINE
  5
1778
330
2
100
AcDbEntity
  8
Координатные кресты
  6
Continuous
100
AcDbLine
 10
4000.0
 20
10397.5
 30
0.0
 11
4000.0
 21
10402.5
 31
0.0
  0
LINE
  5
1779
330
2
100
AcDbEntity
  8
Координатные кресты
  6
Continuous
100
AcDbLine
 10
3997.5
 20
10450.0
 30
0.0
 11
4002.5
 21
10450.0
 31
0.0
  0
LINE
  5
177A
330
2
100
AcDbEntity
  8
Координатные кресты
  6
Continuous
100
AcDbLine
 10
4000.0
 20
10447.5
 30
0.0
 11
4000.0
 21
10452.5
 31
0.0
  0
LINE
  5
177B
330
2
100
AcDbEntity
  8
Координатные кресты
  6
Continuous
100
AcDbLine
 10
3997.5
 20
10500.0
 30
0.0
 11
4002.5
 21
10500.0
 31
0.0
  0
LINE
  5
177C
330
2
100
AcDbEntity
  8
Координатные кресты
  6
Continuous
100
AcDbLine
 10
4000.0
 20
10497.5
 30
0.0
 11
4000.0
 21
10502.5
 31
0.0
  0
LINE
  5
177D
330
2
100
AcDbEntity
  8
Координатные кресты
  6
Continuous
100
AcDbLine
 10
3997.5
 20
10550.0
 30
0.0
 11
4002.5
 21
10550.0
 31
0.0
  0
LINE
  5
177E
330
2
100
AcDbEntity
  8
Координатные кресты
  6
Continuous
100
AcDbLine
 10
4000.0
 20
10547.5
 30
0.0
 11
4000.0
 21
10552.5
 31
0.0
  0
LINE
  5
177F
330
2
100
AcDbEntity
  8
Координатные кресты
  6
Continuous
100
AcDbLine
 10
3997.5
 20
10600.0
 30
0.0
 11
4002.5
 21
10600.0
 31
0.0
  0
LINE
  5
1780
330
2
100
AcDbEntity
  8
Координатные кресты
  6
Continuous
100
AcDbLine
 10
4000.0
 20
10597.5
 30
0.0
 11
4000.0
 21
10602.5
 31
0.0
  0
LWPOLYLINE
  5
1781
330
2
100
AcDbEntity
  8
Граница заказа
  6
Continuous
100
AcDbPolyline
 90
       28
 70
   128
 43
0.0
 10
3303.614
 20
10453.332
 10
3333.84
 20
10446.209
 10
3339.982
 20
10458.041
 10
3376.746
 20
10450.461
 10
3393.687
 20
10446.359
 10
3404.769
 20
10428.375
 10
3442.11
 20
10434.48
 10
3447.006
 20
10439.387
 10
3464.074
 20
10438.873
 10
3482.224
 20
10438.946
 10
3493.806
 20
10436.802
 10
3531.983
 20
10436.179
 10
3560.759
 20
10422.513
 10
3661.06
 20
10431.275
 10
3724.512
 20
10430.58
 10
3758.162000000001
 20
10415.945
 10
3781.706
 20
10469.903
 10
3692.769
 20
10476.276
 10
3663.950000000001
 20
10473.222
 10
3638.099
 20
10475.753
 10
3571.768
 20
10476.307
 10
3491.941000000001
 20
10478.98
 10
3467.197
 20
10493.127
 10
3450.648
 20
10506.068
 10
3416.009
 20
10513.555
 10
3344.054
 20
10522.814
 10
3317.476
 20
10528.908
 10
3303.614
 20
10453.332
  0
TEXT
  5
1782
330
2
100
AcDbEntity
  8
Подписи рамок
  6
Continuous
100
AcDbText
 10
3260.0
 20
10581.667
 30
0.0
 40
8.333
  1
1
  7
Style-RUSSIAN_1251 I 0.00000
 11
3260.0
 21
10590.0
 31
0.0
100
AcDbText
 73
     3
  0
TEXT
  5
1783
330
2
100
AcDbEntity
  8
Подписи рамок
  6
Continuous
100
AcDbText
 10
3510.0
 20
10581.667
 30
0.0
 40
8.333
  1
2
  7
Style-RUSSIAN_1251 I 0.00000
 11
3510.0
 21
10590.0
 31
0.0
100
AcDbText
 73
     3
  0
TEXT
  5
1784
330
2
100
AcDbEntity
  8
Подписи рамок
  6
Continuous
100
AcDbText
 10
3760.0
 20
10581.667
 30
0.0
 40
8.333
  1
3
  7
Style-RUSSIAN_1251 I 0.00000
 11
3760.0
 21
10590.0
 31
0.0
100
AcDbText
 73
     3
  0
ENDSEC
  0
SECTION
  2
OBJECTS
  0
DICTIONARY
  5
9
330
0
100
AcDbDictionary
281
     1
  3
ACAD_CIP_PREVIOUS_PRODUCT_INFO
350
6A1
  3
ACAD_COLOR
350
49
  3
ACAD_DETAILVIEWSTYLE
350
69D
  3
ACAD_GROUP
350
35
  3
ACAD_LAYOUT
350
17
  3
ACAD_MATERIAL
350
B
  3
ACAD_MLEADERSTYLE
350
4C
  3
ACAD_MLINESTYLE
350
36
  3
ACAD_PLOTSETTINGS
350
37
  3
ACAD_PLOTSTYLENAME
350
8
  3
ACAD_SCALELIST
350
4A
  3
ACAD_SECTIONVIEWSTYLE
350
69B
  3
ACAD_TABLESTYLE
350
4B
  3
ACAD_VISUALSTYLE
350
38
  3
ACDB_RECOMPOSE_DATA
350
1790
  3
AcDbVariableDictionary
350
E42
  3
AEC_PROPERTY_SET_DEFS
350
8CF
  0
DICTIONARY
  5
22
330
21
100
AcDbDictionary
280
     1
281
     1
  3
ACAD_LAYERFILTERS
360
23
  3
ACAD_LAYERSTATES
360
24
  3
ACLYDICTIONARY
360
25
  0
DICTIONARY
  5
5
330
4
100
AcDbDictionary
280
     1
281
     1
  3
ADSK_XREC_LAYER_RECONCILED
360
6
  0
DICTIONARY
  5
667
330
2
100
AcDbDictionary
280
     1
281
     1
  3
ACAD_SORTENTS
360
668
  0
XRECORD
  5
6A1
102
{ACAD_REACTORS
330
9
102
}
330
9
100
AcDbXrecord
280
     1
300
ACD
300
2022
300

  0
DICTIONARY
  5
49
102
{ACAD_REACTORS
330
9
102
}
330
9
100
AcDbDictionary
281
     1
  0
DICTIONARY
  5
69D
102
{ACAD_REACTORS
330
9
102
}
330
9
100
AcDbDictionary
281
     1
  3
Imperial24
350
69E
  3
Metric50
350
8AB
  0
DICTIONARY
  5
35
102
{ACAD_REACTORS
330
9
102
}
330
9
100
AcDbDictionary
281
     1
  0
DICTIONARY
  5
17
102
{ACAD_REACTORS
330
9
102
}
330
9
100
AcDbDictionary
281
     1
  3
Layout1
350
1D
  3
Model
350
16
  0
DICTIONARY
  5
B
102
{ACAD_REACTORS
330
9
102
}
330
9
100
AcDbDictionary
281
     1
  3
ByBlock
350
41
  3
ByLayer
350
39
  3
Global
350
A
  0
DICTIONARY
  5
4C
102
{ACAD_REACTORS
330
9
102
}
330
9
100
AcDbDictionary
281
     1
  3
Standard
350
69A
  0
DICTIONARY
  5
36
102
{ACAD_REACTORS
330
9
102
}
330
9
100
AcDbDictionary
281
     1
  3
Standard
350
59
  3
ТРУБА_4_БД_20М_ПР200
350
54
  0
DICTIONARY
  5
37
102
{ACAD_REACTORS
330
9
102
}
330
9
100
AcDbDictionary
281
     1
  0
ACDBDICTIONARYWDFLT
  5
8
102
{ACAD_REACTORS
330
9
102
}
330
9
100
AcDbDictionary
281
     1
  3
Normal
350
7
100
AcDbDictionaryWithDefault
340
7
  0
DICTIONARY
  5
4A
102
{ACAD_REACTORS
330
9
102
}
330
9
100
AcDbDictionary
281
     1
  3
A0
350
5A
  3
A1
350
5B
  3
A2
350
5C
  3
A3
350
5D
  3
A4
350
5E
  3
A5
350
5F
  3
A6
350
60
  3
A7
350
61
  3
A8
350
62
  3
A9
350
63
  3
B0
350
64
  3
B1
350
65
  3
B2
350
66
  3
B3
350
67
  3
B4
350
68
  3
B5
350
69
  3
B6
350
6A
  3
B7
350
6B
  3
B8
350
6C
  3
B9
350
6D
  3
C0
350
6E
  3
C1
350
6F
  3
C2
350
70
  3
C3
350
71
  3
C4
350
72
  3
C5
350
73
  3
C6
350
74
  3
C7
350
75
  3
C8
350
76
  3
C9
350
77
  3
D0
350
78
  3
D1
350
79
  3
D2
350
7A
  0
DICTIONARY
  5
69B
102
{ACAD_REACTORS
330
9
102
}
330
9
100
AcDbDictionary
281
     1
  3
Imperial24
350
69C
  3
Metric50
350
8AA
  0
DICTIONARY
  5
4B
102
{ACAD_REACTORS
330
9
102
}
330
9
100
AcDbDictionary
281
     1
  3
Standard
350
55
  0
DICTIONARY
  5
38
102
{ACAD_REACTORS
330
9
102
}
330
9
100
AcDbDictionary
281
     1
  3
2dWireframe
350
689
  3
Basic
350
688
  3
Brighten
350
68D
  3
ColorChange
350
691
  3
Conceptual
350
68B
  3
Dim
350
68C
  3
EdgeColorOff
350
699
  3
Facepattern
350
690
  3
Flat
350
684
  3
FlatWithEdges
350
685
  3
Gouraud
350
686
  3
GouraudWithEdges
350
687
  3
Hidden
350
68A
  3
JitterOff
350
697
  3
Linepattern
350
68F
  3
OverhangOff
350
698
  3
Realistic
350
57
  3
Shaded
350
696
  3
Shaded with edges
350
695
  3
Shades of Gray
350
692
  3
Sketchy
350
693
  3
Thicken
350
68E
  3
Wireframe
350
58
  3
X-Ray
350
694
  0
XRECORD
  5
1790
102
{ACAD_REACTORS
330
9
102
}
330
9
100
AcDbXrecord
280
     1
 90
        1
330
55
  0
DICTIONARY
  5
E42
102
{ACAD_REACTORS
330
9
102
}
330
9
100
AcDbDictionary
281
     1
  3
CANNOSCALE
350
E48
  3
CMLEADERSTYLE
350
E44
  3
CTABLESTYLE
350
E43
  3
CVIEWDETAILSTYLE
350
E45
  3
CVIEWSECTIONSTYLE
350
E46
  3
LAYEREVAL
350
E49
  3
LAYERNOTIFY
350
E4A
  3
MSLTSCALE
350
E47
  0
DICTIONARY
  5
8CF
102
{ACAD_REACTORS
330
9
102
}
330
9
100
AcDbDictionary
281
     1
  0
DICTIONARY
  5
23
102
{ACAD_REACTORS
330
22
102
}
330
22
100
AcDbDictionary
281
     1
  0
DICTIONARY
  5
24
102
{ACAD_REACTORS
330
22
102
}
330
22
100
AcDbDictionary
281
     1
  0
DICTIONARY
  5
25
102
{ACAD_REACTORS
330
22
102
}
330
22
100
AcDbDictionary
281
     1
  0
XRECORD
  5
6
102
{ACAD_REACTORS
330
5
102
}
330
5
100
AcDbXrecord
280
     1
290
     1
  0
SORTENTSTABLE
  5
668
102
{ACAD_REACTORS
330
667
102
}
330
667
100
AcDbSortentsTable
330
2
331
156
  5
6DC
331
229
  5
723
331
2C0
  5
756
331
375
  5
793
331
436
  5
7D4
331
4DF
  5
80D
331
5A0
  5
84E
331
65B
  5
88D
331
65D
  5
88E
331
660
  5
88F
331
661
  5
890
331
662
  5
891
331
663
  5
892
331
664
  5
893
331
665
  5
894
331
666
  5
895
331
6A4
  5
156
331
6A5
  5
229
331
6A6
  5
2C0
331
6A7
  5
375
331
6A8
  5
436
331
6A9
  5
4DF
331
6AA
  5
5A0
331
6AB
  5
65B
331
6AC
  5
65D
331
6AD
  5
660
331
6AE
  5
661
331
6AF
  5
662
331
6B0
  5
663
331
6B1
  5
664
331
6B2
  5
665
331
6B3
  5
666
331
6B4
  5
6A4
331
6B5
  5
6A5
331
6B6
  5
6A6
331
6B7
  5
6A7
331
6B8
  5
6A8
331
6B9
  5
6A9
331
6BA
  5
6AA
331
6BB
  5
6AB
331
6BC
  5
6AC
331
6BD
  5
6AD
331
6BE
  5
6AE
331
6BF
  5
6AF
331
6C0
  5
6B0
331
6C1
  5
6B1
331
6C2
  5
6B2
331
6C3
  5
6B3
331
6C4
  5
6B4
331
6C5
  5
6B5
331
6C6
  5
6B6
331
6C7
  5
6B7
331
6C8
  5
6B8
331
6C9
  5
6B9
331
6CA
  5
6BA
331
6CB
  5
6BB
331
6CC
  5
6BC
331
6CD
  5
6BD
331
6CE
  5
6BE
331
6CF
  5
6BF
331
6D0
  5
6C0
331
6D1
  5
6C1
331
6D2
  5
6C2
331
6D3
  5
6C3
331
6D4
  5
6C4
331
6D5
  5
6C5
331
6D6
  5
6C6
331
6D7
  5
6C7
331
6D8
  5
6C8
331
6D9
  5
6C9
331
6DA
  5
6CA
331
6DB
  5
6CB
331
6DC
  5
6CC
331
6DD
  5
6CD
331
6DE
  5
6CE
331
6DF
  5
6CF
331
6E0
  5
6D0
331
6E1
  5
6D1
331
6E2
  5
6D2
331
6E3
  5
6D3
331
6E4
  5
6D4
331
6E5
  5
6D5
331
6E6
  5
6D6
331
6E7
  5
6D7
331
6E8
  5
6D8
331
6E9
  5
6D9
331
6EA
  5
6DA
331
6EB
  5
6DB
331
6EC
  5
6DD
331
6ED
  5
6DE
331
6EE
  5
6DF
331
6EF
  5
6E0
331
6F0
  5
6E1
331
6F1
  5
6E2
331
6F2
  5
6E3
331
6F3
  5
6E4
331
6F4
  5
6E5
331
6F5
  5
6E6
331
6F6
  5
6E7
331
6F7
  5
6E8
331
6F8
  5
6E9
331
6F9
  5
6EA
331
6FA
  5
6EB
331
6FB
  5
6EC
331
6FC
  5
6ED
331
6FD
  5
6EE
331
6FE
  5
6EF
331
6FF
  5
6F0
331
700
  5
6F1
331
701
  5
6F2
331
702
  5
6F3
331
703
  5
6F4
331
704
  5
6F5
331
705
  5
6F6
331
706
  5
6F7
331
707
  5
6F8
331
708
  5
6F9
331
709
  5
6FA
331
70A
  5
6FB
331
70B
  5
6FC
331
70C
  5
6FD
331
70D
  5
6FE
331
70E
  5
6FF
331
70F
  5
700
331
710
  5
701
331
711
  5
702
331
712
  5
703
331
713
  5
704
331
714
  5
705
331
715
  5
706
331
716
  5
707
331
717
  5
708
331
718
  5
709
331
719
  5
70A
331
71A
  5
70B
331
71B
  5
70C
331
71C
  5
70D
331
71D
  5
70E
331
71E
  5
70F
331
71F
  5
710
331
720
  5
711
331
721
  5
712
331
722
  5
713
331
723
  5
714
331
724
  5
715
331
725
  5
716
331
726
  5
717
331
727
  5
718
331
728
  5
719
331
729
  5
71A
331
72A
  5
71B
331
72B
  5
71C
331
72C
  5
71D
331
72D
  5
71E
331
72E
  5
71F
331
72F
  5
720
331
730
  5
721
331
731
  5
722
331
732
  5
724
331
733
  5
725
331
734
  5
726
331
735
  5
727
331
736
  5
728
331
737
  5
729
331
738
  5
72A
331
739
  5
72B
331
73A
  5
72C
331
73B
  5
72D
331
73C
  5
72E
331
73D
  5
72F
331
73E
  5
730
331
73F
  5
731
331
740
  5
732
331
741
  5
733
331
742
  5
734
331
743
  5
735
331
744
  5
736
331
745
  5
737
331
746
  5
738
331
747
  5
739
331
748
  5
73A
331
749
  5
73B
331
74A
  5
73C
331
74B
  5
73D
331
74C
  5
73E
331
74D
  5
73F
331
74E
  5
740
331
74F
  5
741
331
750
  5
742
331
751
  5
743
331
752
  5
744
331
753
  5
745
331
754
  5
746
331
755
  5
747
331
756
  5
748
331
757
  5
749
331
758
  5
74A
331
759
  5
74B
331
75A
  5
74C
331
75B
  5
74D
331
75C
  5
74E
331
75D
  5
74F
331
75E
  5
750
331
75F
  5
751
331
760
  5
752
331
761
  5
753
331
762
  5
754
331
763
  5
755
331
764
  5
757
331
765
  5
758
331
766
  5
759
331
767
  5
75A
331
768
  5
75B
331
769
  5
75C
331
76A
  5
75D
331
76B
  5
75E
331
76C
  5
75F
331
76D
  5
760
331
76E
  5
761
331
76F
  5
762
331
770
  5
763
331
771
  5
764
331
772
  5
765
331
773
  5
766
331
774
  5
767
331
775
  5
768
331
776
  5
769
331
777
  5
76A
331
778
  5
76B
331
779
  5
76C
331
77A
  5
76D
331
77B
  5
76E
331
77C
  5
76F
331
77D
  5
770
331
77E
  5
771
331
77F
  5
772
331
780
  5
773
331
781
  5
774
331
782
  5
775
331
783
  5
776
331
784
  5
777
331
785
  5
778
331
786
  5
779
331
787
  5
77A
331
788
  5
77B
331
789
  5
77C
331
78A
  5
77D
331
78B
  5
77E
331
78C
  5
77F
331
78D
  5
780
331
78E
  5
781
331
78F
  5
782
331
790
  5
783
331
791
  5
784
331
792
  5
785
331
793
  5
786
331
794
  5
787
331
795
  5
788
331
796
  5
789
331
797
  5
78A
331
798
  5
78B
331
799
  5
78C
331
79A
  5
78D
331
79B
  5
78E
331
79C
  5
78F
331
79D
  5
790
331
79E
  5
791
331
79F
  5
792
331
7A0
  5
794
331
7A1
  5
795
331
7A2
  5
796
331
7A3
  5
797
331
7A4
  5
798
331
7A5
  5
799
331
7A6
  5
79A
331
7A7
  5
79B
331
7A8
  5
79C
331
7A9
  5
79D
331
7AA
  5
79E
331
7AB
  5
79F
331
7AC
  5
7A0
331
7AD
  5
7A1
331
7AE
  5
7A2
331
7AF
  5
7A3
331
7B0
  5
7A4
331
7B1
  5
7A5
331
7B2
  5
7A6
331
7B3
  5
7A7
331
7B4
  5
7A8
331
7B5
  5
7A9
331
7B6
  5
7AA
331
7B7
  5
7AB
331
7B8
  5
7AC
331
7B9
  5
7AD
331
7BA
  5
7AE
331
7BB
  5
7AF
331
7BC
  5
7B0
331
7BD
  5
7B1
331
7BE
  5
7B2
331
7BF
  5
7B3
331
7C0
  5
7B4
331
7C1
  5
7B5
331
7C2
  5
7B6
331
7C3
  5
7B7
331
7C4
  5
7B8
331
7C5
  5
7B9
331
7C6
  5
7BA
331
7C7
  5
7BB
331
7C8
  5
7BC
331
7C9
  5
7BD
331
7CA
  5
7BE
331
7CB
  5
7BF
331
7CC
  5
7C0
331
7CD
  5
7C1
331
7CE
  5
7C2
331
7CF
  5
7C3
331
7D0
  5
7C4
331
7D1
  5
7C5
331
7D2
  5
7C6
331
7D3
  5
7C7
331
7D4
  5
7C8
331
7D5
  5
7C9
331
7D6
  5
7CA
331
7D7
  5
7CB
331
7D8
  5
7CC
331
7D9
  5
7CD
331
7DA
  5
7CE
331
7DB
  5
7CF
331
7DC
  5
7D0
331
7DD
  5
7D1
331
7DE
  5
7D2
331
7DF
  5
7D3
331
7E0
  5
7D5
331
7E1
  5
7D6
331
7E2
  5
7D7
331
7E3
  5
7D8
331
7E4
  5
7D9
331
7E5
  5
7DA
331
7E6
  5
7DB
331
7E7
  5
7DC
331
7E8
  5
7DD
331
7E9
  5
7DE
331
7EA
  5
7DF
331
7EB
  5
7E0
331
7EC
  5
7E1
331
7ED
  5
7E2
331
7EE
  5
7E3
331
7EF
  5
7E4
331
7F0
  5
7E5
331
7F1
  5
7E6
331
7F2
  5
7E7
331
7F3
  5
7E8
331
7F4
  5
7E9
331
7F5
  5
7EA
331
7F6
  5
7EB
331
7F7
  5
7EC
331
7F8
  5
7ED
331
7F9
  5
7EE
331
7FA
  5
7EF
331
7FB
  5
7F0
331
7FC
  5
7F1
331
7FD
  5
7F2
331
7FE
  5
7F3
331
7FF
  5
7F4
331
800
  5
7F5
331
801
  5
7F6
331
802
  5
7F7
331
803
  5
7F8
331
804
  5
7F9
331
805
  5
7FA
331
806
  5
7FB
331
807
  5
7FC
331
808
  5
7FD
331
809
  5
7FE
331
80A
  5
7FF
331
80B
  5
800
331
80C
  5
801
331
80D
  5
802
331
80E
  5
803
331
80F
  5
804
331
810
  5
805
331
811
  5
806
331
812
  5
807
331
813
  5
808
331
814
  5
809
331
815
  5
80A
331
816
  5
80B
331
817
  5
80C
331
818
  5
80E
331
819
  5
80F
331
81A
  5
810
331
81B
  5
811
331
81C
  5
812
331
81D
  5
813
331
81E
  5
814
331
81F
  5
815
331
820
  5
816
331
821
  5
817
331
822
  5
818
331
823
  5
819
331
824
  5
81A
331
825
  5
81B
331
826
  5
81C
331
827
  5
81D
331
828
  5
81E
331
829
  5
81F
331
82A
  5
820
331
82B
  5
821
331
82C
  5
822
331
82D
  5
823
331
82E
  5
824
331
82F
  5
825
331
830
  5
826
331
831
  5
827
331
832
  5
828
331
833
  5
829
331
834
  5
82A
331
835
  5
82B
331
836
  5
82C
331
837
  5
82D
331
838
  5
82E
331
839
  5
82F
331
83A
  5
830
331
83B
  5
831
331
83C
  5
832
331
83D
  5
833
331
83E
  5
834
331
83F
  5
835
331
840
  5
836
331
841
  5
837
331
842
  5
838
331
843
  5
839
331
844
  5
83A
331
845
  5
83B
331
846
  5
83C
331
847
  5
83D
331
848
  5
83E
331
849
  5
83F
331
84A
  5
840
331
84B
  5
841
331
84C
  5
842
331
84D
  5
843
331
84E
  5
844
331
84F
  5
845
331
850
  5
846
331
851
  5
847
331
852
  5
848
331
853
  5
849
331
854
  5
84A
331
855
  5
84B
331
856
  5
84C
331
857
  5
84D
331
858
  5
84F
331
859
  5
850
331
85A
  5
851
331
85B
  5
852
331
85C
  5
853
331
85D
  5
854
331
85E
  5
855
331
85F
  5
856
331
860
  5
857
331
861
  5
858
331
862
  5
859
331
863
  5
85A
331
864
  5
85B
331
865
  5
85C
331
866
  5
85D
331
867
  5
85E
331
868
  5
85F
331
869
  5
860
331
86A
  5
861
331
86B
  5
862
331
86C
  5
863
331
86D
  5
864
331
86E
  5
865
331
86F
  5
866
331
870
  5
867
331
871
  5
868
331
872
  5
869
331
873
  5
86A
331
874
  5
86B
331
875
  5
86C
331
876
  5
86D
331
877
  5
86E
331
878
  5
86F
331
879
  5
870
331
87A
  5
871
331
87B
  5
872
331
87C
  5
873
331
87D
  5
874
331
87E
  5
875
331
87F
  5
876
331
880
  5
877
331
881
  5
878
331
882
  5
879
331
883
  5
87A
331
884
  5
87B
331
885
  5
87C
331
886
  5
87D
331
887
  5
87E
331
888
  5
87F
331
889
  5
880
331
88A
  5
881
331
88B
  5
882
331
88C
  5
883
331
88D
  5
884
331
88E
  5
885
331
88F
  5
886
331
890
  5
887
331
891
  5
888
331
892
  5
889
331
893
  5
88A
331
894
  5
88B
331
895
  5
88C
331
12A7
  5
1412
331
12D2
  5
1467
331
12FC
  5
14BA
331
1325
  5
150B
331
1326
  5
150C
331
1327
  5
150D
331
1328
  5
150E
331
1329
  5
150F
331
13BA
  5
12A7
331
13BB
  5
12D2
331
13BC
  5
12FC
331
13BD
  5
1325
331
13BE
  5
1326
331
13BF
  5
1327
331
13C0
  5
1328
331
13C1
  5
1329
331
13C2
  5
13BA
331
13C3
  5
13BB
331
13C4
  5
13BC
331
13C5
  5
13BD
331
13C6
  5
13BE
331
13C7
  5
13BF
331
13C8
  5
13C0
331
13C9
  5
13C1
331
13CA
  5
13C2
331
13CB
  5
13C3
331
13CC
  5
13C4
331
13CD
  5
13C5
331
13CE
  5
13C6
331
13CF
  5
13C7
331
13D0
  5
13C8
331
13D1
  5
13C9
331
13D2
  5
13CA
331
13D3
  5
13CB
331
13D4
  5
13CC
331
13D5
  5
13CD
331
13D6
  5
13CE
331
13D7
  5
13CF
331
13D8
  5
13D0
331
13D9
  5
13D1
331
13DA
  5
13D2
331
13DB
  5
13D3
331
13DC
  5
13D4
331
13DD
  5
13D5
331
13DE
  5
13D6
331
13DF
  5
13D7
331
13E0
  5
13D8
331
13E1
  5
13D9
331
13E2
  5
13DA
331
13E3
  5
13DB
331
13E4
  5
13DC
331
13E5
  5
13DD
331
13E6
  5
13DE
331
13E7
  5
13DF
331
13E8
  5
13E0
331
13E9
  5
13E1
331
13EA
  5
13E2
331
13EB
  5
13E3
331
13EC
  5
13E4
331
13ED
  5
13E5
331
13EE
  5
13E6
331
13EF
  5
13E7
331
13F0
  5
13E8
331
13F1
  5
13E9
331
13F2
  5
13EA
331
13F3
  5
13EB
331
13F4
  5
13EC
331
13F5
  5
13ED
331
13F6
  5
13EE
331
13F7
  5
13EF
331
13F8
  5
13F0
331
13F9
  5
13F1
331
13FA
  5
13F2
331
13FB
  5
13F3
331
13FC
  5
13F4
331
13FD
  5
13F5
331
13FE
  5
13F6
331
13FF
  5
13F7
331
1400
  5
13F8
331
1401
  5
13F9
331
1402
  5
13FA
331
1403
  5
13FB
331
1404
  5
13FC
331
1405
  5
13FD
331
1406
  5
13FE
331
1407
  5
13FF
331
1408
  5
1400
331
1409
  5
1401
331
140A
  5
1402
331
140B
  5
1403
331
140C
  5
1404
331
140D
  5
1405
331
140E
  5
1406
331
140F
  5
1407
331
1410
  5
1408
331
1411
  5
1409
331
1412
  5
140A
331
1413
  5
140B
331
1414
  5
140C
331
1415
  5
140D
331
1416
  5
140E
331
1417
  5
140F
331
1418
  5
1410
331
1419
  5
1411
331
141A
  5
1413
331
141B
  5
1414
331
141C
  5
1415
331
141D
  5
1416
331
141E
  5
1417
331
141F
  5
1418
331
1420
  5
1419
331
1421
  5
141A
331
1422
  5
141B
331
1423
  5
141C
331
1424
  5
141D
331
1425
  5
141E
331
1426
  5
141F
331
1427
  5
1420
331
1428
  5
1421
331
1429
  5
1422
331
142A
  5
1423
331
142B
  5
1424
331
142C
  5
1425
331
142D
  5
1426
331
142E
  5
1427
331
142F
  5
1428
331
1430
  5
1429
331
1431
  5
142A
331
1432
  5
142B
331
1433
  5
142C
331
1434
  5
142D
331
1435
  5
142E
331
1436
  5
142F
331
1437
  5
1430
331
1438
  5
1431
331
1439
  5
1432
331
143A
  5
1433
331
143B
  5
1434
331
143C
  5
1435
331
143D
  5
1436
331
143E
  5
1437
331
143F
  5
1438
331
1440
  5
1439
331
1441
  5
143A
331
1442
  5
143B
331
1443
  5
143C
331
1444
  5
143D
331
1445
  5
143E
331
1446
  5
143F
331
1447
  5
1440
331
1448
  5
1441
331
1449
  5
1442
331
144A
  5
1443
331
144B
  5
1444
331
144C
  5
1445
331
144D
  5
1446
331
144E
  5
1447
331
144F
  5
1448
331
1450
  5
1449
331
1451
  5
144A
331
1452
  5
144B
331
1453
  5
144C
331
1454
  5
144D
331
1455
  5
144E
331
1456
  5
144F
331
1457
  5
1450
331
1458
  5
1451
331
1459
  5
1452
331
145A
  5
1453
331
145B
  5
1454
331
145C
  5
1455
331
145D
  5
1456
331
145E
  5
1457
331
145F
  5
1458
331
1460
  5
1459
331
1461
  5
145A
331
1462
  5
145B
331
1463
  5
145C
331
1464
  5
145D
331
1465
  5
145E
331
1466
  5
145F
331
1467
  5
1460
331
1468
  5
1461
331
1469
  5
1462
331
146A
  5
1463
331
146B
  5
1464
331
146C
  5
1465
331
146D
  5
1466
331
146E
  5
1468
331
146F
  5
1469
331
1470
  5
146A
331
1471
  5
146B
331
1472
  5
146C
331
1473
  5
146D
331
1474
  5
146E
331
1475
  5
146F
331
1476
  5
1470
331
1477
  5
1471
331
1478
  5
1472
331
1479
  5
1473
331
147A
  5
1474
331
147B
  5
1475
331
147C
  5
1476
331
147D
  5
1477
331
147E
  5
1478
331
147F
  5
1479
331
1480
  5
147A
331
1481
  5
147B
331
1482
  5
147C
331
1483
  5
147D
331
1484
  5
147E
331
1485
  5
147F
331
1486
  5
1480
331
1487
  5
1481
331
1488
  5
1482
331
1489
  5
1483
331
148A
  5
1484
331
148B
  5
1485
331
148C
  5
1486
331
148D
  5
1487
331
148E
  5
1488
331
148F
  5
1489
331
1490
  5
148A
331
1491
  5
148B
331
1492
  5
148C
331
1493
  5
148D
331
1494
  5
148E
331
1495
  5
148F
331
1496
  5
1490
331
1497
  5
1491
331
1498
  5
1492
331
1499
  5
1493
331
149A
  5
1494
331
149B
  5
1495
331
149C
  5
1496
331
149D
  5
1497
331
149E
  5
1498
331
149F
  5
1499
331
14A0
  5
149A
331
14A1
  5
149B
331
14A2
  5
149C
331
14A3
  5
149D
331
14A4
  5
149E
331
14A5
  5
149F
331
14A6
  5
14A0
331
14A7
  5
14A1
331
14A8
  5
14A2
331
14A9
  5
14A3
331
14AA
  5
14A4
331
14AB
  5
14A5
331
14AC
  5
14A6
331
14AD
  5
14A7
331
14AE
  5
14A8
331
14AF
  5
14A9
331
14B0
  5
14AA
331
14B1
  5
14AB
331
14B2
  5
14AC
331
14B3
  5
14AD
331
14B4
  5
14AE
331
14B5
  5
14AF
331
14B6
  5
14B0
331
14B7
  5
14B1
331
14B8
  5
14B2
331
14B9
  5
14B3
331
14BA
  5
14B4
331
14BB
  5
14B5
331
14BC
  5
14B6
331
14BD
  5
14B7
331
14BE
  5
14B8
331
14BF
  5
14B9
331
14C0
  5
14BB
331
14C1
  5
14BC
331
14C2
  5
14BD
331
14C3
  5
14BE
331
14C4
  5
14BF
331
14C5
  5
14C0
331
14C6
  5
14C1
331
14C7
  5
14C2
331
14C8
  5
14C3
331
14C9
  5
14C4
331
14CA
  5
14C5
331
14CB
  5
14C6
331
14CC
  5
14C7
331
14CD
  5
14C8
331
14CE
  5
14C9
331
14CF
  5
14CA
331
14D0
  5
14CB
331
14D1
  5
14CC
331
14D2
  5
14CD
331
14D3
  5
14CE
331
14D4
  5
14CF
331
14D5
  5
14D0
331
14D6
  5
14D1
331
14D7
  5
14D2
331
14D8
  5
14D3
331
14D9
  5
14D4
331
14DA
  5
14D5
331
14DB
  5
14D6
331
14DC
  5
14D7
331
14DD
  5
14D8
331
14DE
  5
14D9
331
14DF
  5
14DA
331
14E0
  5
14DB
331
14E1
  5
14DC
331
14E2
  5
14DD
331
14E3
  5
14DE
331
14E4
  5
14DF
331
14E5
  5
14E0
331
14E6
  5
14E1
331
14E7
  5
14E2
331
14E8
  5
14E3
331
14E9
  5
14E4
331
14EA
  5
14E5
331
14EB
  5
14E6
331
14EC
  5
14E7
331
14ED
  5
14E8
331
14EE
  5
14E9
331
14EF
  5
14EA
331
14F0
  5
14EB
331
14F1
  5
14EC
331
14F2
  5
14ED
331
14F3
  5
14EE
331
14F4
  5
14EF
331
14F5
  5
14F0
331
14F6
  5
14F1
331
14F7
  5
14F2
331
14F8
  5
14F3
331
14F9
  5
14F4
331
14FA
  5
14F5
331
14FB
  5
14F6
331
14FC
  5
14F7
331
14FD
  5
14F8
331
14FE
  5
14F9
331
14FF
  5
14FA
331
1500
  5
14FB
331
1501
  5
14FC
331
1502
  5
14FD
331
1503
  5
14FE
331
1504
  5
14FF
331
1505
  5
1500
331
1506
  5
1501
331
1507
  5
1502
331
1508
  5
1503
331
1509
  5
1504
331
150A
  5
1505
331
150B
  5
1506
331
150C
  5
1507
331
150D
  5
1508
331
150E
  5
1509
331
150F
  5
150A
  0
ACDBDETAILVIEWSTYLE
  5
69E
102
{ACAD_REACTORS
330
69D
102
}
330
69D
100
AcDbModelDocViewStyle
 70
     0
  3
Imperial24
290
     0
300
Imperial24
 90
        0
100
AcDbDetailViewStyle
 70
     0
 71
     0
 90
        3
 71
     1
340
27
 62
   256
 40
0.24
340
0
 62
   256
 40
0.24
300

 40
0.36
280
     3
 71
     2
340
13
 90
       25
 62
   256
 71
     3
340
27
 62
   256
 40
0.24
 90
        1
 40
0.75
 90
        1
300
%<\AcVar ViewType \f "%tc1">% %<\AcVar ViewDetailId>%\PМАСШТАБ %<\AcVar ViewScale \f "%sn">%
 71
     4
340
13
 90
       25
 62
   256
340
13
 90
       25
 62
   256
280
     0
  0
ACDBDETAILVIEWSTYLE
  5
8AB
102
{ACAD_REACTORS
330
69D
102
}
330
69D
100
AcDbModelDocViewStyle
 70
     0
  3
Metric50
290
     0
300
Metric50
 90
        0
100
AcDbDetailViewStyle
 70
     0
 71
     0
 90
        3
 71
     1
340
27
 62
   256
 40
5.0
340
0
 62
   256
 40
5.0
300

 40
0.0
280
     1
 71
     2
340
13
 90
       25
 62
   256
 71
     3
340
27
 62
   256
 40
5.0
 90
        0
 40
15.0
 90
        1
300
%<\AcVar ViewDetailId>% (%<\AcVar ViewScale \f "%sn">%)
 71
     4
340
13
 90
       25
 62
   256
340
13
 90
       25
 62
   256
280
     0
  0
LAYOUT
  5
1D
102
{ACAD_REACTORS
330
17
102
}
102
{ACAD_XDICTIONARY
360
1E
102
}
330
17
100
AcDbPlotSettings
  1

  2
none_device
  4
Letter_(8.50_x_11.00_Inches)
  6

 40
6.349999904632568
 41
6.349999904632568
 42
6.350006103515625
 43
6.350006103515625
 44
215.8999938964844
 45
279.3999938964844
 46
0.0
 47
0.0
 48
0.0
 49
0.0
140
0.0
141
0.0
142
1.0
143
1.0
 70
   688
 72
     0
 73
     1
 74
     5
  7

 75
    16
 76
     0
 77
     2
 78
   300
147
1.0
148
0.0
149
0.0
100
AcDbLayout
  1
Layout1
 70
     0
 71
     1
 10
-0.2500002402958907
 20
-0.2499999962453767
 11
10.74999951940822
 21
8.249999763458732
 12
0.0
 22
0.0
 32
0.0
 14
1.049999952316284
 24
0.7999999523162842
 34
0.0
 15
9.449999570846556
 25
7.199999570846557
 35
0.0
146
0.0
 13
0.0
 23
0.0
 33
0.0
 16
1.0
 26
0.0
 36
0.0
 17
0.0
 27
1.0
 37
0.0
 76
     0
330
1A
1001
ACAD_PSEXT
1000
None
1000
None
1000
Not applicable
1000
The layout will not be plotted unless a new plotter configuration name is selected.
1070
     0
  0
LAYOUT
  5
16
102
{ACAD_REACTORS
330
17
102
}
102
{ACAD_XDICTIONARY
360
18
102
}
330
17
100
AcDbPlotSettings
  1

  2
none_device
  4
ANSI_A_(8.50_x_11.00_Inches)
  6

 40
6.349999904632568
 41
19.04999923706055
 42
6.350006103515625
 43
19.04998779296875
 44
215.8999938964844
 45
279.3999938964844
 46
0.0
 47
0.0
 48
0.0
 49
0.0
140
0.0
141
0.0
142
1.0
143
2.584895464708374
 70
 11952
 72
     0
 73
     1
 74
     0
  7

 75
     0
 76
     0
 77
     2
 78
   300
147
0.3868628397755418
148
0.0
149
0.0
100
AcDbLayout
  1
Model
 70
     1
 71
     0
 10
0.0
 20
0.0
 11
12.0
 21
9.0
 12
0.0
 22
0.0
 32
0.0
 14
0.0
 24
0.0
 34
0.0
 15
0.0
 25
0.0
 35
0.0
146
0.0
 13
0.0
 23
0.0
 33
0.0
 16
1.0
 26
0.0
 36
0.0
 17
0.0
 27
1.0
 37
0.0
 76
     0
330
2
331
2F
  0
MATERIAL
  5
41
102
{ACAD_REACTORS
330
B
102
}
330
B
100
AcDbMaterial
  1
ByBlock
 72
     0
 73
     2
 43
0.0208333333333333
 43
0.0
 43
0.0
 43
0.0
 43
0.0
 43
0.0208333333333333
 43
0.0
 43
0.0
 43
0.0
 43
0.0
 43
1.0
 43
0.0
 43
0.0
 43
0.0
 43
0.0
 43
1.0
 77
     0
 78
     2
 47
0.0208333333333333
 47
0.0
 47
0.0
 47
0.0
 47
0.0
 47
0.0208333333333333
 47
0.0
 47
0.0
 47
0.0
 47
0.0
 47
1.0
 47
0.0
 47
0.0
 47
0.0
 47
0.0
 47
1.0
171
     0
172
     2
 49
0.0208333333333333
 49
0.0
 49
0.0
 49
0.0
 49
0.0
 49
0.0208333333333333
 49
0.0
 49
0.0
 49
0.0
 49
0.0
 49
1.0
 49
0.0
 49
0.0
 49
0.0
 49
0.0
 49
1.0
175
     0
176
     2
142
0.0208333333333333
142
0.0
142
0.0
142
0.0
142
0.0
142
0.0208333333333333
142
0.0
142
0.0
142
0.0
142
0.0
142
1.0
142
0.0
142
0.0
142
0.0
142
0.0
142
1.0
179
     0
270
     2
144
0.0208333333333333
144
0.0
144
0.0
144
0.0
144
0.0
144
0.0208333333333333
144
0.0
144
0.0
144
0.0
144
0.0
144
1.0
144
0.0
144
0.0
144
0.0
144
0.0
144
1.0
274
     2
147
0.0208333333333333
147
0.0
147
0.0
147
0.0
147
0.0
147
0.0208333333333333
147
0.0
147
0.0
147
0.0
147
0.0
147
1.0
147
0.0
147
0.0
147
0.0
147
0.0
147
1.0
 94
      127
  0
MATERIAL
  5
39
102
{ACAD_REACTORS
330
B
102
}
330
B
100
AcDbMaterial
  1
ByLayer
 72
     0
 73
     2
 43
0.0208333333333333
 43
0.0
 43
0.0
 43
0.0
 43
0.0
 43
0.0208333333333333
 43
0.0
 43
0.0
 43
0.0
 43
0.0
 43
1.0
 43
0.0
 43
0.0
 43
0.0
 43
0.0
 43
1.0
 77
     0
 78
     2
 47
0.0208333333333333
 47
0.0
 47
0.0
 47
0.0
 47
0.0
 47
0.0208333333333333
 47
0.0
 47
0.0
 47
0.0
 47
0.0
 47
1.0
 47
0.0
 47
0.0
 47
0.0
 47
0.0
 47
1.0
171
     0
172
     2
 49
0.0208333333333333
 49
0.0
 49
0.0
 49
0.0
 49
0.0
 49
0.0208333333333333
 49
0.0
 49
0.0
 49
0.0
 49
0.0
 49
1.0
 49
0.0
 49
0.0
 49
0.0
 49
0.0
 49
1.0
175
     0
176
     2
142
0.0208333333333333
142
0.0
142
0.0
142
0.0
142
0.0
142
0.0208333333333333
142
0.0
142
0.0
142
0.0
142
0.0
142
1.0
142
0.0
142
0.0
142
0.0
142
0.0
142
1.0
179
     0
270
     2
144
0.0208333333333333
144
0.0
144
0.0
144
0.0
144
0.0
144
0.0208333333333333
144
0.0
144
0.0
144
0.0
144
0.0
144
1.0
144
0.0
144
0.0
144
0.0
144
0.0
144
1.0
274
     2
147
0.0208333333333333
147
0.0
147
0.0
147
0.0
147
0.0
147
0.0208333333333333
147
0.0
147
0.0
147
0.0
147
0.0
147
1.0
147
0.0
147
0.0
147
0.0
147
0.0
147
1.0
 94
      127
  0
MATERIAL
  5
A
102
{ACAD_REACTORS
330
B
102
}
330
B
100
AcDbMaterial
  1
Global
 72
     0
 73
     2
 43
0.0208333333333333
 43
0.0
 43
0.0
 43
0.0
 43
0.0
 43
0.0208333333333333
 43
0.0
 43
0.0
 43
0.0
 43
0.0
 43
1.0
 43
0.0
 43
0.0
 43
0.0
 43
0.0
 43
1.0
 77
     0
 78
     2
 47
0.0208333333333333
 47
0.0
 47
0.0
 47
0.0
 47
0.0
 47
0.0208333333333333
 47
0.0
 47
0.0
 47
0.0
 47
0.0
 47
1.0
 47
0.0
 47
0.0
 47
0.0
 47
0.0
 47
1.0
171
     0
172
     2
 49
0.0208333333333333
 49
0.0
 49
0.0
 49
0.0
 49
0.0
 49
0.0208333333333333
 49
0.0
 49
0.0
 49
0.0
 49
0.0
 49
1.0
 49
0.0
 49
0.0
 49
0.0
 49
0.0
 49
1.0
175
     0
176
     2
142
0.0208333333333333
142
0.0
142
0.0
142
0.0
142
0.0
142
0.0208333333333333
142
0.0
142
0.0
142
0.0
142
0.0
142
1.0
142
0.0
142
0.0
142
0.0
142
0.0
142
1.0
179
     0
270
     2
144
0.0208333333333333
144
0.0
144
0.0
144
0.0
144
0.0
144
0.0208333333333333
144
0.0
144
0.0
144
0.0
144
0.0
144
1.0
144
0.0
144
0.0
144
0.0
144
0.0
144
1.0
274
     2
147
0.0208333333333333
147
0.0
147
0.0
147
0.0
147
0.0
147
0.0208333333333333
147
0.0
147
0.0
147
0.0
147
0.0
147
1.0
147
0.0
147
0.0
147
0.0
147
0.0
147
1.0
 94
      127
  0
MLEADERSTYLE
  5
69A
102
{ACAD_REACTORS
330
4C
102
}
330
4C
100
AcDbMLeaderStyle
179
     2
170
     2
171
     1
172
     0
 90
        2
 40
0.0
 41
0.0
173
     1
 91
-1056964608
340
2A
 92
       -2
290
     1
 42
0.09
291
     1
 43
0.36
  3
Standard
341
0
 44
0.18
300

342
27
174
     1
178
     6
175
     1
176
     0
 93
-1056964608
 45
0.18
292
     0
297
     0
 46
0.18
343
0
 94
-1056964608
 47
1.0
 49
1.0
140
1.0
293
     1
141
0.0
294
     1
177
     0
142
1.0
295
     1
296
     0
143
0.125
271
     0
272
     9
273
     9
298
     1
  0
MLINESTYLE
  5
59
102
{ACAD_REACTORS
330
36
102
}
330
36
100
AcDbMlineStyle
  2
STANDARD
 70
     0
  3

 62
   256
 51
90.0
 52
90.0
 71
     2
 49
0.5
 62
   256
  6
BYLAYER
 49
-0.5
 62
   256
  6
BYLAYER
  0
MLINESTYLE
  5
54
102
{ACAD_REACTORS
330
36
102
}
330
36
100
AcDbMlineStyle
  2
ТРУБА_4_БД_20М_ПР200
 70
   272
  3

 62
     7
 51
90.0
 52
90.0
 71
     3
 49
0.25
 62
     7
  6
Continuous
 49
0.0
 62
     1
  6
Continuous
 49
-0.25
 62
     7
  6
Continuous
  0
ACDBPLACEHOLDER
  5
7
102
{ACAD_REACTORS
330
8
102
}
330
8
  0
SCALE
  5
5A
102
{ACAD_REACTORS
330
4A
102
}
330
4A
100
AcDbScale
 70
     0
300
1:1
140
1.0
141
1.0
290
     1
  0
SCALE
  5
5B
102
{ACAD_REACTORS
330
4A
102
}
330
4A
100
AcDbScale
 70
     0
300
1:2
140
1.0
141
2.0
290
     0
  0
SCALE
  5
5C
102
{ACAD_REACTORS
330
4A
102
}
330
4A
100
AcDbScale
 70
     0
300
1:4
140
1.0
141
4.0
290
     0
  0
SCALE
  5
5D
102
{ACAD_REACTORS
330
4A
102
}
330
4A
100
AcDbScale
 70
     0
300
1:5
140
1.0
141
5.0
290
     0
  0
SCALE
  5
5E
102
{ACAD_REACTORS
330
4A
102
}
330
4A
100
AcDbScale
 70
     0
300
1:8
140
1.0
141
8.0
290
     0
  0
SCALE
  5
5F
102
{ACAD_REACTORS
330
4A
102
}
330
4A
100
AcDbScale
 70
     0
300
1:10
140
1.0
141
10.0
290
     0
  0
SCALE
  5
60
102
{ACAD_REACTORS
330
4A
102
}
330
4A
100
AcDbScale
 70
     0
300
1:16
140
1.0
141
16.0
290
     0
  0
SCALE
  5
61
102
{ACAD_REACTORS
330
4A
102
}
330
4A
100
AcDbScale
 70
     0
300
1:20
140
1.0
141
20.0
290
     0
  0
SCALE
  5
62
102
{ACAD_REACTORS
330
4A
102
}
330
4A
100
AcDbScale
 70
     0
300
1:30
140
1.0
141
30.0
290
     0
  0
SCALE
  5
63
102
{ACAD_REACTORS
330
4A
102
}
330
4A
100
AcDbScale
 70
     0
300
1:40
140
1.0
141
40.0
290
     0
  0
SCALE
  5
64
102
{ACAD_REACTORS
330
4A
102
}
330
4A
100
AcDbScale
 70
     0
300
1:50
140
1.0
141
50.0
290
     0
  0
SCALE
  5
65
102
{ACAD_REACTORS
330
4A
102
}
330
4A
100
AcDbScale
 70
     0
300
1:100
140
1.0
141
100.0
290
     0
  0
SCALE
  5
66
102
{ACAD_REACTORS
330
4A
102
}
330
4A
100
AcDbScale
 70
     0
300
2:1
140
2.0
141
1.0
290
     0
  0
SCALE
  5
67
102
{ACAD_REACTORS
330
4A
102
}
330
4A
100
AcDbScale
 70
     0
300
4:1
140
4.0
141
1.0
290
     0
  0
SCALE
  5
68
102
{ACAD_REACTORS
330
4A
102
}
330
4A
100
AcDbScale
 70
     0
300
8:1
140
8.0
141
1.0
290
     0
  0
SCALE
  5
69
102
{ACAD_REACTORS
330
4A
102
}
330
4A
100
AcDbScale
 70
     0
300
10:1
140
10.0
141
1.0
290
     0
  0
SCALE
  5
6A
102
{ACAD_REACTORS
330
4A
102
}
330
4A
100
AcDbScale
 70
     0
300
100:1
140
100.0
141
1.0
290
     0
  0
SCALE
  5
6B
102
{ACAD_REACTORS
330
4A
102
}
330
4A
100
AcDbScale
 70
     0
300
1/128" = 1'-0"
140
0.0078125
141
12.0
290
     0
  0
SCALE
  5
6C
102
{ACAD_REACTORS
330
4A
102
}
330
4A
100
AcDbScale
 70
     0
300
1/64" = 1'-0"
140
0.015625
141
12.0
290
     0
  0
SCALE
  5
6D
102
{ACAD_REACTORS
330
4A
102
}
330
4A
100
AcDbScale
 70
     0
300
1/32" = 1'-0"
140
0.03125
141
12.0
290
     0
  0
SCALE
  5
6E
102
{ACAD_REACTORS
330
4A
102
}
330
4A
100
AcDbScale
 70
     0
300
1/16" = 1'-0"
140
0.0625
141
12.0
290
     0
  0
SCALE
  5
6F
102
{ACAD_REACTORS
330
4A
102
}
330
4A
100
AcDbScale
 70
     0
300
3/32" = 1'-0"
140
0.09375
141
12.0
290
     0
  0
SCALE
  5
70
102
{ACAD_REACTORS
330
4A
102
}
330
4A
100
AcDbScale
 70
     0
300
1/8" = 1'-0"
140
0.125
141
12.0
290
     0
  0
SCALE
  5
71
102
{ACAD_REACTORS
330
4A
102
}
330
4A
100
AcDbScale
 70
     0
300
3/16" = 1'-0"
140
0.1875
141
12.0
290
     0
  0
SCALE
  5
72
102
{ACAD_REACTORS
330
4A
102
}
330
4A
100
AcDbScale
 70
     0
300
1/4" = 1'-0"
140
0.25
141
12.0
290
     0
  0
SCALE
  5
73
102
{ACAD_REACTORS
330
4A
102
}
330
4A
100
AcDbScale
 70
     0
300
3/8" = 1'-0"
140
0.375
141
12.0
290
     0
  0
SCALE
  5
74
102
{ACAD_REACTORS
330
4A
102
}
330
4A
100
AcDbScale
 70
     0
300
1/2" = 1'-0"
140
0.5
141
12.0
290
     0
  0
SCALE
  5
75
102
{ACAD_REACTORS
330
4A
102
}
330
4A
100
AcDbScale
 70
     0
300
3/4" = 1'-0"
140
0.75
141
12.0
290
     0
  0
SCALE
  5
76
102
{ACAD_REACTORS
330
4A
102
}
330
4A
100
AcDbScale
 70
     0
300
1" = 1'-0"
140
1.0
141
12.0
290
     0
  0
SCALE
  5
77
102
{ACAD_REACTORS
330
4A
102
}
330
4A
100
AcDbScale
 70
     0
300
1-1/2" = 1'-0"
140
1.5
141
12.0
290
     0
  0
SCALE
  5
78
102
{ACAD_REACTORS
330
4A
102
}
330
4A
100
AcDbScale
 70
     0
300
3" = 1'-0"
140
3.0
141
12.0
290
     0
  0
SCALE
  5
79
102
{ACAD_REACTORS
330
4A
102
}
330
4A
100
AcDbScale
 70
     0
300
6" = 1'-0"
140
6.0
141
12.0
290
     0
  0
SCALE
  5
7A
102
{ACAD_REACTORS
330
4A
102
}
330
4A
100
AcDbScale
 70
     0
300
1'-0" = 1'-0"
140
12.0
141
12.0
290
     0
  0
ACDBSECTIONVIEWSTYLE
  5
69C
102
{ACAD_REACTORS
330
69B
102
}
330
69B
100
AcDbModelDocViewStyle
 70
     0
  3
Imperial24
290
     0
300
Imperial24
 90
        0
100
AcDbSectionViewStyle
 70
     0
 71
     0
 90
       78
 71
     1
340
27
 62
   256
 40
0.24
340
0
340
0
 62
   256
 40
0.24
300
I, O, Q, S, X, Z
 40
0.48
 90
        3
 40
0.18
 90
        1
 71
     2
340
13
 90
       25
 62
   256
340
13
 90
       50
 62
   256
 40
0.24
 40
0.0
 40
0.24
 71
     3
340
27
 62
   256
 40
0.24
 90
        1
 40
0.75
 90
        1
300
%<\AcVar ViewType \f "%tc1">% %<\AcVar ViewSectionStartId>%-%<\AcVar ViewSectionEndId>%\PМАСШТАБ %<\AcVar ViewScale \f "%sn">%
 71
     4
 62
   256
 62
   257
300
ANSI31
 40
1.0
 90
        0
290
     0
290
     0
 90
        6
 40
0.0
 40
1.570796326794897
 40
0.2617993877991494
 40
1.308996938995747
 40
-0.2617993877991494
 40
1.832595714594046
  0
ACDBSECTIONVIEWSTYLE
  5
8AA
102
{ACAD_REACTORS
330
69B
102
}
330
69B
100
AcDbModelDocViewStyle
 70
     0
  3
Metric50
290
     0
300
Metric50
 90
        0
100
AcDbSectionViewStyle
 70
     0
 71
     0
 90
      102
 71
     1
340
27
 62
   256
 40
5.0
340
0
340
0
 62
   256
 40
5.0
300
I, O, Q, S, X, Z
 40
10.0
 90
        0
 40
2.5
 90
        0
 71
     2
340
13
 90
       25
 62
   256
340
13
 90
       50
 62
   256
 40
5.0
 40
2.5
 40
5.0
 71
     3
340
27
 62
   256
 40
5.0
 90
        0
 40
15.0
 90
        1
300
%<\AcVar ViewSectionStartId>%-%<\AcVar ViewSectionEndId>% (%<\AcVar ViewScale \f "%sn">%)
 71
     4
 62
   256
 62
   257
300
ANSI31
 40
1.0
 90
        0
290
     0
290
     0
 90
        6
 40
0.0
 40
1.570796326794897
 40
0.2617993877991494
 40
1.308996938995747
 40
-0.2617993877991494
 40
1.832595714594046
  0
TABLESTYLE
  5
55
102
{ACAD_REACTORS
330
4B
102
}
102
{ACAD_XDICTIONARY
360
178E
102
}
330
4B
100
AcDbTableStyle
  3
Standard
 70
     0
 71
     0
 40
0.06
 41
0.06
280
     0
281
     0
  7
Standard
140
0.18
170
     2
 62
     0
 63
   257
283
     0
 90
        4
 91
        0
  1

274
    -2
284
     1
 64
     0
275
    -2
285
     1
 65
     0
276
    -2
286
     1
 66
     0
277
    -2
287
     1
 67
     0
278
    -2
288
     1
 68
     0
279
    -2
289
     1
 69
     0
  7
Standard
140
0.25
170
     5
 62
     0
 63
   257
283
     0
 90
        4
 91
        0
  1

274
    -2
284
     1
 64
     0
275
    -2
285
     1
 65
     0
276
    -2
286
     1
 66
     0
277
    -2
287
     1
 67
     0
278
    -2
288
     1
 68
     0
279
    -2
289
     1
 69
     0
  7
Standard
140
0.18
170
     5
 62
     0
 63
   257
283
     0
 90
        4
 91
        0
  1

274
    -2
284
     1
 64
     0
275
    -2
285
     1
 65
     0
276
    -2
286
     1
 66
     0
277
    -2
287
     1
 67
     0
278
    -2
288
     1
 68
     0
279
    -2
289
     1
 69
     0
  0
VISUALSTYLE
  5
689
102
{ACAD_REACTORS
330
38
102
}
330
38
100
AcDbVisualStyle
  2
2dWireframe
 70
     4
177
     3
291
     0
 70
    58
 90
        0
176
     1
 90
        2
176
     1
 90
        0
176
     1
 90
        0
176
     1
 40
0.6
176
     1
 40
30.0
176
     1
 62
     7
420
 16777215
176
     1
 90
        1
176
     1
 90
        4
176
     1
 62
     7
176
     1
 62
   257
176
     1
 90
        1
176
     1
 90
        1
176
     1
 40
1.0
176
     1
 90
        0
176
     1
 62
   257
176
     1
 40
1.0
176
     1
 90
        1
176
     1
 90
        6
176
     1
 90
        2
176
     1
 62
     7
176
     1
 90
        5
176
     1
 90
        0
176
     1
 90
        0
176
     1
290
     0
176
     1
 90
        1
176
     1
 40
0.0
176
     1
 90
        0
176
     1
290
     1
176
     1
290
     1
176
     1
290
     0
176
     1
290
     0
176
     1
290
     0
176
     1
290
     0
176
     1
290
     0
176
     1
290
     0
176
     1
290
     0
176
     1
 90
       50
176
     1
 40
0.0
176
     1
 40
1.0
176
     1
 90
        0
176
     1
 62
    18
420
        0
176
     1
 90
       50
176
     1
 90
        3
176
     1
 62
     5
420
      255
176
     1
290
     0
176
     1
 90
       50
176
     1
 90
       50
176
     1
 90
       50
176
     1
290
     0
176
     1
 90
       50
176
     1
 62
   256
176
     0
 40
1.0
176
     0
 90
        2
176
     1
  1
strokes_ogs.tif
176
     1
290
     0
176
     1
 40
1.0
176
     1
 40
1.0
176
     1
  0
VISUALSTYLE
  5
688
102
{ACAD_REACTORS
330
38
102
}
330
38
100
AcDbVisualStyle
  2
Basic
 70
     7
177
     3
291
     1
 70
    58
 90
        1
176
     1
 90
        0
176
     1
 90
        1
176
     1
 90
        0
176
     1
 40
0.6
176
     1
 40
30.0
176
     1
 62
     7
420
 16777215
176
     1
 90
        0
176
     1
 90
        4
176
     1
 62
     7
176
     1
 62
   257
176
     1
 90
        1
176
     1
 90
        1
176
     1
 40
1.0
176
     1
 90
        8
176
     1
 62
     7
176
     1
 40
1.0
176
     1
 90
        1
176
     1
 90
        6
176
     1
 90
        2
176
     1
 62
     7
176
     1
 90
        5
176
     1
 90
        0
176
     1
 90
        0
176
     1
290
     0
176
     1
 90
        1
176
     1
 40
0.0
176
     1
 90
        0
176
     1
290
     0
176
     1
290
     1
176
     1
290
     1
176
     1
290
     0
176
     1
290
     0
176
     1
290
     0
176
     1
290
     0
176
     1
290
     0
176
     1
290
     0
176
     1
 90
       50
176
     1
 40
0.0
176
     1
 40
1.0
176
     1
 90
        0
176
     1
 62
    18
420
        0
176
     1
 90
       50
176
     1
 90
        3
176
     1
 62
     5
420
      255
176
     1
290
     0
176
     1
 90
       50
176
     1
 90
       50
176
     1
 90
       50
176
     1
290
     0
176
     1
 90
       50
176
     1
 62
   256
176
     0
 40
1.0
176
     0
 90
        2
176
     1
  1
strokes_ogs.tif
176
     1
290
     0
176
     1
 40
1.0
176
     1
 40
1.0
176
     1
  0
VISUALSTYLE
  5
68D
102
{ACAD_REACTORS
330
38
102
}
330
38
100
AcDbVisualStyle
  2
Brighten
 70
    12
177
     3
291
     1
 70
    58
 90
        2
176
     1
 90
        2
176
     1
 90
        0
176
     1
 90
        0
176
     1
 40
0.6
176
     1
 40
30.0
176
     1
 62
     7
420
 16777215
176
     1
 90
        1
176
     1
 90
        4
176
     1
 62
     7
176
     1
 62
   257
176
     1
 90
        1
176
     1
 90
        1
176
     1
 40
1.0
176
     1
 90
        8
176
     1
 62
     7
176
     1
 40
1.0
176
     1
 90
        1
176
     1
 90
        6
176
     1
 90
        2
176
     1
 62
     7
176
     1
 90
        5
176
     1
 90
        0
176
     1
 90
        0
176
     1
290
     0
176
     1
 90
        1
176
     1
 40
50.0
176
     1
 90
        0
176
     1
290
     0
176
     1
290
     1
176
     1
290
     1
176
     1
290
     0
176
     1
290
     0
176
     1
290
     0
176
     1
290
     0
176
     1
290
     0
176
     1
290
     0
176
     1
 90
       50
176
     1
 40
0.0
176
     1
 40
1.0
176
     1
 90
        0
176
     1
 62
    18
420
        0
176
     1
 90
       50
176
     1
 90
        3
176
     1
 62
     5
420
      255
176
     1
290
     0
176
     1
 90
       50
176
     1
 90
       50
176
     1
 90
       50
176
     1
290
     0
176
     1
 90
       50
176
     1
 62
   256
176
     0
 40
1.0
176
     0
 90
        2
176
     1
  1
strokes_ogs.tif
176
     1
290
     0
176
     1
 40
1.0
176
     1
 40
1.0
176
     1
  0
VISUALSTYLE
  5
691
102
{ACAD_REACTORS
330
38
102
}
330
38
100
AcDbVisualStyle
  2
ColorChange
 70
    16
177
     3
291
     1
 70
    58
 90
        2
176
     1
 90
        2
176
     1
 90
        3
176
     1
 90
        0
176
     1
 40
0.6
176
     1
 40
30.0
176
     1
 62
     8
420
  8421504
176
     1
 90
        1
176
     1
 90
        4
176
     1
 62
     7
176
     1
 62
   257
176
     1
 90
        1
176
     1
 90
        1
176
     1
 40
1.0
176
     1
 90
        8
176
     1
 62
     8
420
  8421504
176
     1
 40
1.0
176
     1
 90
        1
176
     1
 90
        6
176
     1
 90
        2
176
     1
 62
     7
176
     1
 90
        5
176
     1
 90
        0
176
     1
 90
        0
176
     1
290
     0
176
     1
 90
        1
176
     1
 40
0.0
176
     1
 90
        0
176
     1
290
     0
176
     1
290
     1
176
     1
290
     1
176
     1
290
     0
176
     1
290
     0
176
     1
290
     0
176
     1
290
     0
176
     1
290
     0
176
     1
290
     0
176
     1
 90
       50
176
     1
 40
0.0
176
     1
 40
1.0
176
     1
 90
        0
176
     1
 62
    18
420
        0
176
     1
 90
       50
176
     1
 90
        3
176
     1
 62
     5
420
      255
176
     1
290
     0
176
     1
 90
       50
176
     1
 90
       50
176
     1
 90
       50
176
     1
290
     0
176
     1
 90
       50
176
     1
 62
   256
176
     0
 40
1.0
176
     0
 90
        2
176
     1
  1
strokes_ogs.tif
176
     1
290
     0
176
     1
 40
1.0
176
     1
 40
1.0
176
     1
  0
VISUALSTYLE
  5
68B
102
{ACAD_REACTORS
330
38
102
}
330
38
100
AcDbVisualStyle
  2
Conceptual
 70
     9
177
     3
291
     0
 70
    58
 90
        3
176
     1
 90
        2
176
     1
 90
        0
176
     1
 90
        0
176
     1
 40
0.6
176
     1
 40
30.0
176
     1
 62
     7
420
 16777215
176
     1
 90
        2
176
     1
 90
        2
176
     1
 62
     7
176
     1
 62
   257
176
     1
 90
        1
176
     1
 90
        1
176
     1
 40
179.0
176
     1
 90
        8
176
     1
 62
     7
176
     1
 40
1.0
176
     1
 90
        1
176
     1
 90
        6
176
     1
 90
        2
176
     1
 62
     7
176
     1
 90
        3
176
     1
 90
        0
176
     1
 90
        0
176
     1
290
     0
176
     1
 90
        1
176
     1
 40
0.0
176
     1
 90
        0
176
     1
290
     0
176
     1
290
     1
176
     1
290
     1
176
     1
290
     0
176
     1
290
     0
176
     1
290
     0
176
     1
290
     0
176
     1
290
     0
176
     1
290
     0
176
     1
 90
       50
176
     1
 40
0.0
176
     1
 40
1.0
176
     1
 90
        0
176
     1
 62
    18
420
        0
176
     1
 90
       50
176
     1
 90
        3
176
     1
 62
     5
420
      255
176
     1
290
     0
176
     1
 90
       50
176
     1
 90
       50
176
     1
 90
       50
176
     1
290
     0
176
     1
 90
       50
176
     1
 62
   256
176
     0
 40
1.0
176
     0
 90
        2
176
     1
  1
strokes_ogs.tif
176
     1
290
     0
176
     1
 40
1.0
176
     1
 40
1.0
176
     1
  0
VISUALSTYLE
  5
68C
102
{ACAD_REACTORS
330
38
102
}
330
38
100
AcDbVisualStyle
  2
Dim
 70
    11
177
     3
291
     1
 70
    58
 90
        2
176
     1
 90
        2
176
     1
 90
        0
176
     1
 90
        0
176
     1
 40
0.6
176
     1
 40
30.0
176
     1
 62
     7
420
 16777215
176
     1
 90
        1
176
     1
 90
        4
176
     1
 62
     7
176
     1
 62
   257
176
     1
 90
        1
176
     1
 90
        1
176
     1
 40
1.0
176
     1
 90
        8
176
     1
 62
     7
176
     1
 40
1.0
176
     1
 90
        1
176
     1
 90
        6
176
     1
 90
        2
176
     1
 62
     7
176
     1
 90
        5
176
     1
 90
        0
176
     1
 90
        0
176
     1
290
     0
176
     1
 90
        1
176
     1
 40
-50.0
176
     1
 90
        0
176
     1
290
     0
176
     1
290
     1
176
     1
290
     1
176
     1
290
     0
176
     1
290
     0
176
     1
290
     0
176
     1
290
     0
176
     1
290
     0
176
     1
290
     0
176
     1
 90
       50
176
     1
 40
0.0
176
     1
 40
1.0
176
     1
 90
        0
176
     1
 62
    18
420
        0
176
     1
 90
       50
176
     1
 90
        3
176
     1
 62
     5
420
      255
176
     1
290
     0
176
     1
 90
       50
176
     1
 90
       50
176
     1
 90
       50
176
     1
290
     0
176
     1
 90
       50
176
     1
 62
   256
176
     0
 40
1.0
176
     0
 90
        2
176
     1
  1
strokes_ogs.tif
176
     1
290
     0
176
     1
 40
1.0
176
     1
 40
1.0
176
     1
  0
VISUALSTYLE
  5
699
102
{ACAD_REACTORS
330
38
102
}
330
38
100
AcDbVisualStyle
  2
EdgeColorOff
 70
    22
177
     3
291
     1
 70
    58
 90
        2
176
     0
 90
        2
176
     0
 90
        0
176
     0
 90
        0
176
     0
 40
0.6
176
     0
 40
30.0
176
     0
 62
     7
420
 16777215
176
     0
 90
        1
176
     0
 90
        4
176
     0
 62
     7
176
     0
 62
   257
176
     0
 90
        1
176
     0
 90
        1
176
     0
 40
1.0
176
     0
 90
        8
176
     2
 62
     7
176
     0
 40
1.0
176
     0
 90
        1
176
     0
 90
        6
176
     0
 90
        2
176
     0
 62
     7
176
     0
 90
        5
176
     0
 90
        0
176
     0
 90
        0
176
     0
290
     0
176
     0
 90
        1
176
     0
 40
0.0
176
     0
 90
        0
176
     0
290
     0
176
     0
290
     1
176
     0
290
     1
176
     0
290
     0
176
     0
290
     0
176
     0
290
     0
176
     0
290
     0
176
     0
290
     0
176
     0
290
     0
176
     0
 90
       50
176
     0
 40
0.0
176
     0
 40
1.0
176
     0
 90
        0
176
     0
 62
    18
420
        0
176
     0
 90
       50
176
     0
 90
        3
176
     0
 62
     5
420
      255
176
     0
290
     0
176
     0
 90
       50
176
     0
 90
       50
176
     0
 90
       50
176
     0
290
     0
176
     0
 90
       50
176
     0
 62
   256
176
     0
 40
1.0
176
     0
 90
        2
176
     0
  1
strokes_ogs.tif
176
     0
290
     0
176
     0
 40
1.0
176
     0
 40
1.0
176
     0
  0
VISUALSTYLE
  5
690
102
{ACAD_REACTORS
330
38
102
}
330
38
100
AcDbVisualStyle
  2
Facepattern
 70
    15
177
     3
291
     1
 70
    58
 90
        2
176
     1
 90
        2
176
     1
 90
        0
176
     1
 90
        0
176
     1
 40
0.6
176
     1
 40
30.0
176
     1
 62
     7
420
 16777215
176
     1
 90
        1
176
     1
 90
        4
176
     1
 62
     7
176
     1
 62
   257
176
     1
 90
        1
176
     1
 90
        1
176
     1
 40
1.0
176
     1
 90
        8
176
     1
 62
     7
176
     1
 40
1.0
176
     1
 90
        1
176
     1
 90
        6
176
     1
 90
        2
176
     1
 62
     7
176
     1
 90
        5
176
     1
 90
        0
176
     1
 90
        0
176
     1
290
     0
176
     1
 90
        1
176
     1
 40
0.0
176
     1
 90
        0
176
     1
290
     0
176
     1
290
     1
176
     1
290
     1
176
     1
290
     0
176
     1
290
     0
176
     1
290
     0
176
     1
290
     0
176
     1
290
     0
176
     1
290
     0
176
     1
 90
       50
176
     1
 40
0.0
176
     1
 40
1.0
176
     1
 90
        0
176
     1
 62
    18
420
        0
176
     1
 90
       50
176
     1
 90
        3
176
     1
 62
     5
420
      255
176
     1
290
     0
176
     1
 90
       50
176
     1
 90
       50
176
     1
 90
       50
176
     1
290
     0
176
     1
 90
       50
176
     1
 62
   256
176
     0
 40
1.0
176
     0
 90
        2
176
     1
  1
strokes_ogs.tif
176
     1
290
     0
176
     1
 40
1.0
176
     1
 40
1.0
176
     1
  0
VISUALSTYLE
  5
684
102
{ACAD_REACTORS
330
38
102
}
330
38
100
AcDbVisualStyle
  2
Flat
 70
     0
177
     3
291
     1
 70
    58
 90
        2
176
     1
 90
        1
176
     1
 90
        1
176
     1
 90
        2
176
     1
 40
0.6
176
     1
 40
30.0
176
     1
 62
     7
420
 16777215
176
     1
 90
        0
176
     1
 90
        0
176
     1
 62
     7
176
     1
 62
   257
176
     1
 90
        1
176
     1
 90
        1
176
     1
 40
1.0
176
     1
 90
        8
176
     1
 62
     7
176
     1
 40
1.0
176
     1
 90
        1
176
     1
 90
        6
176
     1
 90
        2
176
     1
 62
     7
176
     1
 90
        5
176
     1
 90
        0
176
     1
 90
        0
176
     1
290
     0
176
     1
 90
       13
176
     1
 40
0.0
176
     1
 90
        0
176
     1
290
     0
176
     1
290
     1
176
     1
290
     1
176
     1
290
     0
176
     1
290
     0
176
     1
290
     0
176
     1
290
     0
176
     1
290
     0
176
     1
290
     0
176
     1
 90
       50
176
     1
 40
0.0
176
     1
 40
1.0
176
     1
 90
        0
176
     1
 62
    18
420
        0
176
     1
 90
       50
176
     1
 90
        3
176
     1
 62
     5
420
      255
176
     1
290
     0
176
     1
 90
       50
176
     1
 90
       50
176
     1
 90
       50
176
     1
290
     0
176
     1
 90
       50
176
     1
 62
   256
176
     0
 40
1.0
176
     0
 90
        2
176
     1
  1
strokes_ogs.tif
176
     1
290
     0
176
     1
 40
1.0
176
     1
 40
1.0
176
     1
  0
VISUALSTYLE
  5
685
102
{ACAD_REACTORS
330
38
102
}
330
38
100
AcDbVisualStyle
  2
FlatWithEdges
 70
     1
177
     3
291
     1
 70
    58
 90
        2
176
     1
 90
        1
176
     1
 90
        1
176
     1
 90
        2
176
     1
 40
0.6
176
     1
 40
30.0
176
     1
 62
     7
420
 16777215
176
     1
 90
        1
176
     1
 90
        0
176
     1
 62
     7
176
     1
 62
   257
176
     1
 90
        1
176
     1
 90
        1
176
     1
 40
1.0
176
     1
 90
        0
176
     1
 62
   257
176
     1
 40
1.0
176
     1
 90
        1
176
     1
 90
        6
176
     1
 90
        2
176
     1
 62
     7
176
     1
 90
        5
176
     1
 90
        0
176
     1
 90
        0
176
     1
290
     0
176
     1
 90
       13
176
     1
 40
0.0
176
     1
 90
        0
176
     1
290
     0
176
     1
290
     1
176
     1
290
     1
176
     1
290
     0
176
     1
290
     0
176
     1
290
     0
176
     1
290
     0
176
     1
290
     0
176
     1
290
     0
176
     1
 90
       50
176
     1
 40
0.0
176
     1
 40
1.0
176
     1
 90
        0
176
     1
 62
    18
420
        0
176
     1
 90
       50
176
     1
 90
        3
176
     1
 62
     5
420
      255
176
     1
290
     0
176
     1
 90
       50
176
     1
 90
       50
176
     1
 90
       50
176
     1
290
     0
176
     1
 90
       50
176
     1
 62
   256
176
     0
 40
1.0
176
     0
 90
        2
176
     1
  1
strokes_ogs.tif
176
     1
290
     0
176
     1
 40
1.0
176
     1
 40
1.0
176
     1
  0
VISUALSTYLE
  5
686
102
{ACAD_REACTORS
330
38
102
}
330
38
100
AcDbVisualStyle
  2
Gouraud
 70
     2
177
     3
291
     1
 70
    58
 90
        2
176
     1
 90
        2
176
     1
 90
        1
176
     1
 90
        2
176
     1
 40
0.6
176
     1
 40
30.0
176
     1
 62
     7
420
 16777215
176
     1
 90
        0
176
     1
 90
        0
176
     1
 62
     7
176
     1
 62
   257
176
     1
 90
        1
176
     1
 90
        1
176
     1
 40
1.0
176
     1
 90
        0
176
     1
 62
     7
176
     1
 40
1.0
176
     1
 90
        1
176
     1
 90
        6
176
     1
 90
        2
176
     1
 62
     7
176
     1
 90
        5
176
     1
 90
        0
176
     1
 90
        0
176
     1
290
     0
176
     1
 90
       13
176
     1
 40
0.0
176
     1
 90
        0
176
     1
290
     0
176
     1
290
     1
176
     1
290
     1
176
     1
290
     0
176
     1
290
     0
176
     1
290
     0
176
     1
290
     0
176
     1
290
     0
176
     1
290
     0
176
     1
 90
       50
176
     1
 40
0.0
176
     1
 40
1.0
176
     1
 90
        0
176
     1
 62
    18
420
        0
176
     1
 90
       50
176
     1
 90
        3
176
     1
 62
     5
420
      255
176
     1
290
     0
176
     1
 90
       50
176
     1
 90
       50
176
     1
 90
       50
176
     1
290
     0
176
     1
 90
       50
176
     1
 62
   256
176
     0
 40
1.0
176
     0
 90
        2
176
     1
  1
strokes_ogs.tif
176
     1
290
     0
176
     1
 40
1.0
176
     1
 40
1.0
176
     1
  0
VISUALSTYLE
  5
687
102
{ACAD_REACTORS
330
38
102
}
330
38
100
AcDbVisualStyle
  2
GouraudWithEdges
 70
     3
177
     3
291
     1
 70
    58
 90
        2
176
     1
 90
        2
176
     1
 90
        1
176
     1
 90
        2
176
     1
 40
0.6
176
     1
 40
30.0
176
     1
 62
     7
420
 16777215
176
     1
 90
        1
176
     1
 90
        0
176
     1
 62
     7
176
     1
 62
   257
176
     1
 90
        1
176
     1
 90
        1
176
     1
 40
1.0
176
     1
 90
        0
176
     1
 62
   257
176
     1
 40
1.0
176
     1
 90
        1
176
     1
 90
        6
176
     1
 90
        2
176
     1
 62
     7
176
     1
 90
        5
176
     1
 90
        0
176
     1
 90
        0
176
     1
290
     0
176
     1
 90
       13
176
     1
 40
0.0
176
     1
 90
        0
176
     1
290
     0
176
     1
290
     1
176
     1
290
     1
176
     1
290
     0
176
     1
290
     0
176
     1
290
     0
176
     1
290
     0
176
     1
290
     0
176
     1
290
     0
176
     1
 90
       50
176
     1
 40
0.0
176
     1
 40
1.0
176
     1
 90
        0
176
     1
 62
    18
420
        0
176
     1
 90
       50
176
     1
 90
        3
176
     1
 62
     5
420
      255
176
     1
290
     0
176
     1
 90
       50
176
     1
 90
       50
176
     1
 90
       50
176
     1
290
     0
176
     1
 90
       50
176
     1
 62
   256
176
     0
 40
1.0
176
     0
 90
        2
176
     1
  1
strokes_ogs.tif
176
     1
290
     0
176
     1
 40
1.0
176
     1
 40
1.0
176
     1
  0
VISUALSTYLE
  5
68A
102
{ACAD_REACTORS
330
38
102
}
330
38
100
AcDbVisualStyle
  2
Hidden
 70
     6
177
     3
291
     0
 70
    58
 90
        1
176
     1
 90
        2
176
     1
 90
        2
176
     1
 90
        0
176
     1
 40
0.6
176
     1
 40
30.0
176
     1
 62
     7
420
 16777215
176
     1
 90
        2
176
     1
 90
        2
176
     1
 62
     7
176
     1
 62
   257
176
     1
 90
        2
176
     1
 90
        1
176
     1
 40
40.0
176
     1
 90
        0
176
     1
 62
   257
176
     1
 40
1.0
176
     1
 90
        1
176
     1
 90
        6
176
     1
 90
        2
176
     1
 62
     7
176
     1
 90
        3
176
     1
 90
        0
176
     1
 90
        0
176
     1
290
     0
176
     1
 90
        1
176
     1
 40
0.0
176
     1
 90
        0
176
     1
290
     0
176
     1
290
     1
176
     1
290
     1
176
     1
290
     0
176
     1
290
     0
176
     1
290
     0
176
     1
290
     0
176
     1
290
     0
176
     1
290
     0
176
     1
 90
       50
176
     1
 40
0.0
176
     1
 40
1.0
176
     1
 90
        0
176
     1
 62
    18
420
        0
176
     1
 90
       50
176
     1
 90
        3
176
     1
 62
     5
420
      255
176
     1
290
     0
176
     1
 90
       50
176
     1
 90
       50
176
     1
 90
       50
176
     1
290
     0
176
     1
 90
       50
176
     1
 62
   256
176
     0
 40
1.0
176
     0
 90
        2
176
     1
  1
strokes_ogs.tif
176
     1
290
     0
176
     1
 40
1.0
176
     1
 40
1.0
176
     1
  0
VISUALSTYLE
  5
697
102
{ACAD_REACTORS
330
38
102
}
330
38
100
AcDbVisualStyle
  2
JitterOff
 70
    20
177
     3
291
     1
 70
    58
 90
        2
176
     0
 90
        2
176
     0
 90
        0
176
     0
 90
        0
176
     0
 40
0.6
176
     0
 40
30.0
176
     0
 62
     7
420
 16777215
176
     0
 90
        1
176
     0
 90
        4
176
     0
 62
     7
176
     0
 62
   257
176
     0
 90
        1
176
     0
 90
        1
176
     0
 40
1.0
176
     0
 90
       10
176
     2
 62
     7
176
     0
 40
1.0
176
     0
 90
        1
176
     0
 90
        6
176
     0
 90
        2
176
     0
 62
     7
176
     0
 90
        5
176
     0
 90
        0
176
     0
 90
        0
176
     0
290
     0
176
     0
 90
        1
176
     0
 40
0.0
176
     0
 90
        0
176
     0
290
     0
176
     0
290
     1
176
     0
290
     1
176
     0
290
     0
176
     0
290
     0
176
     0
290
     0
176
     0
290
     0
176
     0
290
     0
176
     0
290
     0
176
     0
 90
       50
176
     0
 40
0.0
176
     0
 40
1.0
176
     0
 90
        0
176
     0
 62
    18
420
        0
176
     0
 90
       50
176
     0
 90
        3
176
     0
 62
     5
420
      255
176
     0
290
     0
176
     0
 90
       50
176
     0
 90
       50
176
     0
 90
       50
176
     0
290
     0
176
     0
 90
       50
176
     0
 62
   256
176
     0
 40
1.0
176
     0
 90
        2
176
     0
  1
strokes_ogs.tif
176
     0
290
     0
176
     0
 40
1.0
176
     0
 40
1.0
176
     0
  0
VISUALSTYLE
  5
68F
102
{ACAD_REACTORS
330
38
102
}
330
38
100
AcDbVisualStyle
  2
Linepattern
 70
    14
177
     3
291
     1
 70
    58
 90
        2
176
     1
 90
        2
176
     1
 90
        0
176
     1
 90
        0
176
     1
 40
0.6
176
     1
 40
30.0
176
     1
 62
     7
420
 16777215
176
     1
 90
        1
176
     1
 90
        4
176
     1
 62
     7
176
     1
 62
   257
176
     1
 90
        7
176
     1
 90
        7
176
     1
 40
1.0
176
     1
 90
        8
176
     1
 62
     7
176
     1
 40
1.0
176
     1
 90
        1
176
     1
 90
        6
176
     1
 90
        2
176
     1
 62
     7
176
     1
 90
        5
176
     1
 90
        0
176
     1
 90
        0
176
     1
290
     0
176
     1
 90
        1
176
     1
 40
0.0
176
     1
 90
        0
176
     1
290
     0
176
     1
290
     1
176
     1
290
     1
176
     1
290
     0
176
     1
290
     0
176
     1
290
     0
176
     1
290
     0
176
     1
290
     0
176
     1
290
     0
176
     1
 90
       50
176
     1
 40
0.0
176
     1
 40
1.0
176
     1
 90
        0
176
     1
 62
    18
420
        0
176
     1
 90
       50
176
     1
 90
        3
176
     1
 62
     5
420
      255
176
     1
290
     0
176
     1
 90
       50
176
     1
 90
       50
176
     1
 90
       50
176
     1
290
     0
176
     1
 90
       50
176
     1
 62
   256
176
     0
 40
1.0
176
     0
 90
        2
176
     1
  1
strokes_ogs.tif
176
     1
290
     0
176
     1
 40
1.0
176
     1
 40
1.0
176
     1
  0
VISUALSTYLE
  5
698
102
{ACAD_REACTORS
330
38
102
}
330
38
100
AcDbVisualStyle
  2
OverhangOff
 70
    21
177
     3
291
     1
 70
    58
 90
        2
176
     0
 90
        2
176
     0
 90
        0
176
     0
 90
        0
176
     0
 40
0.6
176
     0
 40
30.0
176
     0
 62
     7
420
 16777215
176
     0
 90
        1
176
     0
 90
        4
176
     0
 62
     7
176
     0
 62
   257
176
     0
 90
        1
176
     0
 90
        1
176
     0
 40
1.0
176
     0
 90
        9
176
     2
 62
     7
176
     0
 40
1.0
176
     0
 90
        1
176
     0
 90
        6
176
     0
 90
        2
176
     0
 62
     7
176
     0
 90
        5
176
     0
 90
        0
176
     0
 90
        0
176
     0
290
     0
176
     0
 90
        1
176
     0
 40
0.0
176
     0
 90
        0
176
     0
290
     0
176
     0
290
     1
176
     0
290
     1
176
     0
290
     0
176
     0
290
     0
176
     0
290
     0
176
     0
290
     0
176
     0
290
     0
176
     0
290
     0
176
     0
 90
       50
176
     0
 40
0.0
176
     0
 40
1.0
176
     0
 90
        0
176
     0
 62
    18
420
        0
176
     0
 90
       50
176
     0
 90
        3
176
     0
 62
     5
420
      255
176
     0
290
     0
176
     0
 90
       50
176
     0
 90
       50
176
     0
 90
       50
176
     0
290
     0
176
     0
 90
       50
176
     0
 62
   256
176
     0
 40
1.0
176
     0
 90
        2
176
     0
  1
strokes_ogs.tif
176
     0
290
     0
176
     0
 40
1.0
176
     0
 40
1.0
176
     0
  0
VISUALSTYLE
  5
57
102
{ACAD_REACTORS
330
38
102
}
330
38
100
AcDbVisualStyle
  2
Realistic
 70
     8
177
     3
291
     0
 70
    58
 90
        2
176
     1
 90
        2
176
     1
 90
        0
176
     1
 90
        0
176
     1
 40
0.6
176
     1
 40
30.0
176
     1
 62
     7
176
     1
 90
        1
176
     1
 90
        0
176
     1
 62
     7
176
     1
 62
   257
176
     1
 90
        1
176
     1
 90
        1
176
     1
 40
1.0
176
     1
 90
        8
176
     1
 62
     8
176
     1
 40
1.0
176
     1
 90
        1
176
     1
 90
        6
176
     1
 90
        2
176
     1
 62
     7
176
     1
 90
        5
176
     1
 90
        0
176
     1
 90
        0
176
     1
290
     0
176
     1
 90
       13
176
     1
 40
0.0
176
     1
 90
        0
176
     1
290
     0
176
     1
290
     1
176
     1
290
     1
176
     1
290
     0
176
     1
290
     0
176
     1
290
     0
176
     1
290
     0
176
     1
290
     0
176
     1
290
     0
176
     1
 90
       50
176
     1
 40
0.0
176
     1
 40
1.0
176
     1
 90
        0
176
     1
 62
    18
420
        0
176
     1
 90
       50
176
     1
 90
        3
176
     1
 62
     5
420
      255
176
     1
290
     0
176
     1
 90
       50
176
     1
 90
       50
176
     1
 90
       50
176
     1
290
     0
176
     1
 90
       50
176
     1
 62
   256
176
     0
 40
1.0
176
     0
 90
        2
176
     1
  1
strokes_ogs.tif
176
     1
290
     0
176
     1
 40
1.0
176
     1
 40
1.0
176
     1
  0
VISUALSTYLE
  5
696
102
{ACAD_REACTORS
330
38
102
}
330
38
100
AcDbVisualStyle
  2
Shaded
 70
    27
177
     3
291
     0
 70
    58
 90
        2
176
     1
 90
        2
176
     1
 90
        1
176
     1
 90
        2
176
     1
 40
0.6
176
     1
 40
30.0
176
     1
 62
     7
420
 16777215
176
     1
 90
        0
176
     1
 90
        4
176
     1
 62
     7
176
     1
 62
   257
176
     1
 90
        1
176
     1
 90
        1
176
     1
 40
1.0
176
     1
 90
        8
176
     1
 62
   257
176
     1
 40
1.0
176
     1
 90
        1
176
     1
 90
        6
176
     1
 90
        2
176
     1
 62
     8
420
  7895160
176
     1
 90
        3
176
     1
 90
        0
176
     1
 90
        0
176
     1
290
     0
176
     1
 90
        5
176
     1
 40
0.0
176
     1
 90
        0
176
     1
290
     0
176
     1
290
     1
176
     1
290
     1
176
     1
290
     0
176
     1
290
     0
176
     1
290
     0
176
     1
290
     0
176
     1
290
     0
176
     1
290
     0
176
     1
 90
       50
176
     1
 40
0.0
176
     1
 40
1.0
176
     1
 90
        0
176
     1
 62
    18
420
        0
176
     1
 90
       50
176
     1
 90
        3
176
     1
 62
     5
420
      255
176
     1
290
     0
176
     1
 90
       50
176
     1
 90
       50
176
     1
 90
       50
176
     1
290
     0
176
     1
 90
       50
176
     1
 62
   256
176
     0
 40
1.0
176
     0
 90
        2
176
     1
  1
strokes_ogs.tif
176
     1
290
     0
176
     1
 40
1.0
176
     1
 40
1.0
176
     1
  0
VISUALSTYLE
  5
695
102
{ACAD_REACTORS
330
38
102
}
330
38
100
AcDbVisualStyle
  2
Shaded with edges
 70
    26
177
     3
291
     0
 70
    58
 90
        2
176
     1
 90
        2
176
     1
 90
        1
176
     1
 90
        2
176
     1
 40
0.6
176
     1
 40
30.0
176
     1
 62
     7
420
 16777215
176
     1
 90
        1
176
     1
 90
        2
176
     1
 62
     7
176
     1
 62
   257
176
     1
 90
        2
176
     1
 90
        1
176
     1
 40
1.0
176
     1
 90
        8
176
     1
 62
   257
176
     1
 40
1.0
176
     1
 90
        1
176
     1
 90
        6
176
     1
 90
        2
176
     1
 62
     7
176
     1
 90
        3
176
     1
 90
        0
176
     1
 90
        0
176
     1
290
     0
176
     1
 90
        5
176
     1
 40
0.0
176
     1
 90
        0
176
     1
290
     0
176
     1
290
     1
176
     1
290
     1
176
     1
290
     0
176
     1
290
     0
176
     1
290
     0
176
     1
290
     0
176
     1
290
     0
176
     1
290
     0
176
     1
 90
       50
176
     1
 40
0.0
176
     1
 40
1.0
176
     1
 90
        0
176
     1
 62
    18
420
        0
176
     1
 90
       50
176
     1
 90
        3
176
     1
 62
     5
420
      255
176
     1
290
     0
176
     1
 90
       50
176
     1
 90
       50
176
     1
 90
       50
176
     1
290
     0
176
     1
 90
       50
176
     1
 62
   256
176
     0
 40
1.0
176
     0
 90
        2
176
     1
  1
strokes_ogs.tif
176
     1
290
     0
176
     1
 40
1.0
176
     1
 40
1.0
176
     1
  0
VISUALSTYLE
  5
692
102
{ACAD_REACTORS
330
38
102
}
330
38
100
AcDbVisualStyle
  2
Shades of Gray
 70
    23
177
     3
291
     0
 70
    58
 90
        2
176
     1
 90
        2
176
     1
 90
        3
176
     1
 90
        0
176
     1
 40
0.6
176
     1
 40
30.0
176
     1
 62
     7
420
 16777215
176
     1
 90
        2
176
     1
 90
        2
176
     1
 62
     7
176
     1
 62
     7
176
     1
 90
        1
176
     1
 90
        1
176
     1
 40
40.0
176
     1
 90
        8
176
     1
 62
     7
176
     1
 40
1.0
176
     1
 90
        1
176
     1
 90
        6
176
     1
 90
        2
176
     1
 62
     7
176
     1
 90
        3
176
     1
 90
        0
176
     1
 90
        0
176
     1
290
     0
176
     1
 90
        1
176
     1
 40
0.0
176
     1
 90
        0
176
     1
290
     0
176
     1
290
     1
176
     1
290
     1
176
     1
290
     0
176
     1
290
     0
176
     1
290
     0
176
     1
290
     0
176
     1
290
     0
176
     1
290
     0
176
     1
 90
       50
176
     1
 40
0.0
176
     1
 40
1.0
176
     1
 90
        0
176
     1
 62
    18
420
        0
176
     1
 90
       50
176
     1
 90
        3
176
     1
 62
     5
420
      255
176
     1
290
     0
176
     1
 90
       50
176
     1
 90
       50
176
     1
 90
       50
176
     1
290
     0
176
     1
 90
       50
176
     1
 62
   256
176
     0
 40
1.0
176
     0
 90
        2
176
     1
  1
strokes_ogs.tif
176
     1
290
     0
176
     1
 40
1.0
176
     1
 40
1.0
176
     1
  0
VISUALSTYLE
  5
693
102
{ACAD_REACTORS
330
38
102
}
330
38
100
AcDbVisualStyle
  2
Sketchy
 70
    24
177
     3
291
     0
 70
    58
 90
        1
176
     1
 90
        2
176
     1
 90
        2
176
     1
 90
        0
176
     1
 40
0.6
176
     1
 40
30.0
176
     1
 62
     7
420
 16777215
176
     1
 90
        2
176
     1
 90
        2
176
     1
 62
     7
176
     1
 62
     7
176
     1
 90
        1
176
     1
 90
        1
176
     1
 40
40.0
176
     1
 90
       11
176
     1
 62
     7
176
     1
 40
1.0
176
     1
 90
        1
176
     1
 90
        6
176
     1
 90
        2
176
     1
 62
     7
176
     1
 90
        6
176
     1
 90
        0
176
     1
 90
        0
176
     1
290
     0
176
     1
 90
        1
176
     1
 40
0.0
176
     1
 90
        0
176
     1
290
     0
176
     1
290
     1
176
     1
290
     1
176
     1
290
     0
176
     1
290
     0
176
     1
290
     0
176
     1
290
     0
176
     1
290
     0
176
     1
290
     0
176
     1
 90
       50
176
     1
 40
0.0
176
     1
 40
1.0
176
     1
 90
        0
176
     1
 62
    18
420
        0
176
     1
 90
       50
176
     1
 90
        3
176
     1
 62
     5
420
      255
176
     1
290
     0
176
     1
 90
       50
176
     1
 90
       50
176
     1
 90
       50
176
     1
290
     0
176
     1
 90
       50
176
     1
 62
   256
176
     0
 40
1.0
176
     0
 90
        2
176
     1
  1
strokes_ogs.tif
176
     1
290
     0
176
     1
 40
1.0
176
     1
 40
1.0
176
     1
  0
VISUALSTYLE
  5
68E
102
{ACAD_REACTORS
330
38
102
}
330
38
100
AcDbVisualStyle
  2
Thicken
 70
    13
177
     3
291
     1
 70
    58
 90
        2
176
     1
 90
        2
176
     1
 90
        0
176
     1
 90
        0
176
     1
 40
0.6
176
     1
 40
30.0
176
     1
 62
     7
420
 16777215
176
     1
 90
        1
176
     1
 90
        4
176
     1
 62
     7
176
     1
 62
   257
176
     1
 90
        1
176
     1
 90
        1
176
     1
 40
1.0
176
     1
 90
       12
176
     1
 62
     7
176
     1
 40
1.0
176
     1
 90
        1
176
     1
 90
        6
176
     1
 90
        2
176
     1
 62
     7
176
     1
 90
        5
176
     1
 90
        0
176
     1
 90
        0
176
     1
290
     0
176
     1
 90
        1
176
     1
 40
0.0
176
     1
 90
        0
176
     1
290
     0
176
     1
290
     1
176
     1
290
     1
176
     1
290
     0
176
     1
290
     0
176
     1
290
     0
176
     1
290
     0
176
     1
290
     0
176
     1
290
     0
176
     1
 90
       50
176
     1
 40
0.0
176
     1
 40
1.0
176
     1
 90
        0
176
     1
 62
    18
420
        0
176
     1
 90
       50
176
     1
 90
        3
176
     1
 62
     5
420
      255
176
     1
290
     0
176
     1
 90
       50
176
     1
 90
       50
176
     1
 90
       50
176
     1
290
     0
176
     1
 90
       50
176
     1
 62
   256
176
     0
 40
1.0
176
     0
 90
        2
176
     1
  1
strokes_ogs.tif
176
     1
290
     0
176
     1
 40
1.0
176
     1
 40
1.0
176
     1
  0
VISUALSTYLE
  5
58
102
{ACAD_REACTORS
330
38
102
}
330
38
100
AcDbVisualStyle
  2
Wireframe
 70
     5
177
     3
291
     0
 70
    58
 90
        0
176
     1
 90
        2
176
     1
 90
        0
176
     1
 90
        0
176
     1
 40
0.6
176
     1
 40
30.0
176
     1
 62
     7
176
     1
 90
        1
176
     1
 90
        4
176
     1
 62
     7
176
     1
 62
   257
176
     1
 90
        1
176
     1
 90
        1
176
     1
 40
1.0
176
     1
 90
        0
176
     1
 62
   257
176
     1
 40
1.0
176
     1
 90
        1
176
     1
 90
        6
176
     1
 90
        2
176
     1
 62
     7
176
     1
 90
        3
176
     1
 90
        0
176
     1
 90
        0
176
     1
290
     0
176
     1
 90
        1
176
     1
 40
0.0
176
     1
 90
        0
176
     1
290
     0
176
     1
290
     1
176
     1
290
     1
176
     1
290
     0
176
     1
290
     0
176
     1
290
     0
176
     1
290
     0
176
     1
290
     0
176
     1
290
     0
176
     1
 90
       50
176
     1
 40
0.0
176
     1
 40
1.0
176
     1
 90
        0
176
     1
 62
    18
420
        0
176
     1
 90
       50
176
     1
 90
        3
176
     1
 62
     5
420
      255
176
     1
290
     0
176
     1
 90
       50
176
     1
 90
       50
176
     1
 90
       50
176
     1
290
     0
176
     1
 90
       50
176
     1
 62
   256
176
     0
 40
1.0
176
     0
 90
        2
176
     1
  1
strokes_ogs.tif
176
     1
290
     0
176
     1
 40
1.0
176
     1
 40
1.0
176
     1
  0
VISUALSTYLE
  5
694
102
{ACAD_REACTORS
330
38
102
}
330
38
100
AcDbVisualStyle
  2
X-Ray
 70
    25
177
     3
291
     0
 70
    58
 90
        2
176
     1
 90
        2
176
     1
 90
        1
176
     1
 90
        1
176
     1
 40
0.5
176
     1
 40
30.0
176
     1
 62
     7
420
 16777215
176
     1
 90
        1
176
     1
 90
        0
176
     1
 62
     7
176
     1
 62
   257
176
     1
 90
        1
176
     1
 90
        1
176
     1
 40
1.0
176
     1
 90
        8
176
     1
 62
     7
176
     1
 40
1.0
176
     1
 90
        1
176
     1
 90
        6
176
     1
 90
        2
176
     1
 62
     7
176
     1
 90
        3
176
     1
 90
        0
176
     1
 90
        0
176
     1
290
     0
176
     1
 90
       13
176
     1
 40
0.0
176
     1
 90
        0
176
     1
290
     0
176
     1
290
     1
176
     1
290
     1
176
     1
290
     0
176
     1
290
     0
176
     1
290
     0
176
     1
290
     0
176
     1
290
     0
176
     1
290
     0
176
     1
 90
       50
176
     1
 40
0.0
176
     1
 40
1.0
176
     1
 90
        0
176
     1
 62
    18
420
        0
176
     1
 90
       50
176
     1
 90
        3
176
     1
 62
     5
420
      255
176
     1
290
     0
176
     1
 90
       50
176
     1
 90
       50
176
     1
 90
       50
176
     1
290
     0
176
     1
 90
       50
176
     1
 62
   256
176
     0
 40
1.0
176
     0
 90
        2
176
     1
  1
strokes_ogs.tif
176
     1
290
     0
176
     1
 40
1.0
176
     1
 40
1.0
176
     1
  0
DICTIONARYVAR
  5
E48
102
{ACAD_REACTORS
330
E42
102
}
330
E42
100
DictionaryVariables
280
     0
  1
1:1
  0
DICTIONARYVAR
  5
E44
102
{ACAD_REACTORS
330
E42
102
}
330
E42
100
DictionaryVariables
280
     0
  1
Standard
  0
DICTIONARYVAR
  5
E43
102
{ACAD_REACTORS
330
E42
102
}
330
E42
100
DictionaryVariables
280
     0
  1
Standard
  0
DICTIONARYVAR
  5
E45
102
{ACAD_REACTORS
330
E42
102
}
330
E42
100
DictionaryVariables
280
     0
  1
Imperial24
  0
DICTIONARYVAR
  5
E46
102
{ACAD_REACTORS
330
E42
102
}
330
E42
100
DictionaryVariables
280
     0
  1
Imperial24
  0
DICTIONARYVAR
  5
E49
102
{ACAD_REACTORS
330
E42
102
}
330
E42
100
DictionaryVariables
280
     0
  1
1
  0
DICTIONARYVAR
  5
E4A
102
{ACAD_REACTORS
330
E42
102
}
330
E42
100
DictionaryVariables
280
     0
  1
15
  0
DICTIONARYVAR
  5
E47
102
{ACAD_REACTORS
330
E42
102
}
330
E42
100
DictionaryVariables
280
     0
  1
0
  0
DICTIONARY
  5
1E
330
1D
100
AcDbDictionary
280
     1
281
     1
  0
DICTIONARY
  5
18
330
16
100
AcDbDictionary
280
     1
281
     1
  0
DICTIONARY
  5
178E
330
55
100
AcDbDictionary
280
     1
281
     1
  3
ACAD_ROUNDTRIP_2008_TABLESTYLE_CELLSTYLEMAP
360
178F
  0
CELLSTYLEMAP
  5
178F
102
{ACAD_REACTORS
330
178E
102
}
330
178E
100
AcDbCellStyleMap
 90
        3
300
CELLSTYLE
  1
TABLEFORMAT_BEGIN
 90
        5
170
     1
 91
        0
 92
    32768
 62
   257
 93
        1
300
CONTENTFORMAT
  1
CONTENTFORMAT_BEGIN
 90
        0
 91
        0
 92
        4
 93
        0
300

 40
0.0
140
1.0
 94
        5
 62
     0
340
27
144
0.25
309
CONTENTFORMAT_END
171
     0
 94
        6
 95
        1
302
GRIDFORMAT
  1
GRIDFORMAT_BEGIN
 90
        0
 91
        1
 62
     0
 92
       -2
340
0
 93
        0
 40
0.045
309
GRIDFORMAT_END
 95
        2
302
GRIDFORMAT
  1
GRIDFORMAT_BEGIN
 90
        0
 91
        1
 62
     0
 92
       -2
340
0
 93
        0
 40
0.045
309
GRIDFORMAT_END
 95
        4
302
GRIDFORMAT
  1
GRIDFORMAT_BEGIN
 90
        0
 91
        1
 62
     0
 92
       -2
340
0
 93
        0
 40
0.045
309
GRIDFORMAT_END
 95
        8
302
GRIDFORMAT
  1
GRIDFORMAT_BEGIN
 90
        0
 91
        1
 62
     0
 92
       -2
340
0
 93
        0
 40
0.045
309
GRIDFORMAT_END
 95
       16
302
GRIDFORMAT
  1
GRIDFORMAT_BEGIN
 90
        0
 91
        1
 62
     0
 92
       -2
340
0
 93
        0
 40
0.045
309
GRIDFORMAT_END
 95
       32
302
GRIDFORMAT
  1
GRIDFORMAT_BEGIN
 90
        0
 91
        1
 62
     0
 92
       -2
340
0
 93
        0
 40
0.045
309
GRIDFORMAT_END
309
TABLEFORMAT_END
  1
CELLSTYLE_BEGIN
 90
        1
 91
        1
300
_TITLE
309
CELLSTYLE_END
300
CELLSTYLE
  1
TABLEFORMAT_BEGIN
 90
        5
170
     1
 91
        0
 92
        0
 62
   257
 93
        1
300
CONTENTFORMAT
  1
CONTENTFORMAT_BEGIN
 90
        0
 91
        0
 92
        4
 93
        0
300

 40
0.0
140
1.0
 94
        5
 62
     0
340
27
144
0.18
309
CONTENTFORMAT_END
171
     0
 94
        6
 95
        1
302
GRIDFORMAT
  1
GRIDFORMAT_BEGIN
 90
        0
 91
        1
 62
     0
 92
       -2
340
0
 93
        0
 40
0.045
309
GRIDFORMAT_END
 95
        2
302
GRIDFORMAT
  1
GRIDFORMAT_BEGIN
 90
        0
 91
        1
 62
     0
 92
       -2
340
0
 93
        0
 40
0.045
309
GRIDFORMAT_END
 95
        4
302
GRIDFORMAT
  1
GRIDFORMAT_BEGIN
 90
        0
 91
        1
 62
     0
 92
       -2
340
0
 93
        0
 40
0.045
309
GRIDFORMAT_END
 95
        8
302
GRIDFORMAT
  1
GRIDFORMAT_BEGIN
 90
        0
 91
        1
 62
     0
 92
       -2
340
0
 93
        0
 40
0.045
309
GRIDFORMAT_END
 95
       16
302
GRIDFORMAT
  1
GRIDFORMAT_BEGIN
 90
        0
 91
        1
 62
     0
 92
       -2
340
0
 93
        0
 40
0.045
309
GRIDFORMAT_END
 95
       32
302
GRIDFORMAT
  1
GRIDFORMAT_BEGIN
 90
        0
 91
        1
 62
     0
 92
       -2
340
0
 93
        0
 40
0.045
309
GRIDFORMAT_END
309
TABLEFORMAT_END
  1
CELLSTYLE_BEGIN
 90
        2
 91
        1
300
_HEADER
309
CELLSTYLE_END
300
CELLSTYLE
  1
TABLEFORMAT_BEGIN
 90
        5
170
     1
 91
        0
 92
        0
 62
   257
 93
        1
300
CONTENTFORMAT
  1
CONTENTFORMAT_BEGIN
 90
        0
 91
        0
 92
        4
 93
        0
300

 40
0.0
140
1.0
 94
        2
 62
     0
340
27
144
0.18
309
CONTENTFORMAT_END
171
     0
 94
        6
 95
        1
302
GRIDFORMAT
  1
GRIDFORMAT_BEGIN
 90
        0
 91
        1
 62
     0
 92
       -2
340
0
 93
        0
 40
0.045
309
GRIDFORMAT_END
 95
        2
302
GRIDFORMAT
  1
GRIDFORMAT_BEGIN
 90
        0
 91
        1
 62
     0
 92
       -2
340
0
 93
        0
 40
0.045
309
GRIDFORMAT_END
 95
        4
302
GRIDFORMAT
  1
GRIDFORMAT_BEGIN
 90
        0
 91
        1
 62
     0
 92
       -2
340
0
 93
        0
 40
0.045
309
GRIDFORMAT_END
 95
        8
302
GRIDFORMAT
  1
GRIDFORMAT_BEGIN
 90
        0
 91
        1
 62
     0
 92
       -2
340
0
 93
        0
 40
0.045
309
GRIDFORMAT_END
 95
       16
302
GRIDFORMAT
  1
GRIDFORMAT_BEGIN
 90
        0
 91
        1
 62
     0
 92
       -2
340
0
 93
        0
 40
0.045
309
GRIDFORMAT_END
 95
       32
302
GRIDFORMAT
  1
GRIDFORMAT_BEGIN
 90
        0
 91
        1
 62
     0
 92
       -2
340
0
 93
        0
 40
0.045
309
GRIDFORMAT_END
309
TABLEFORMAT_END
  1
CELLSTYLE_BEGIN
 90
        3
 91
        2
300
_DATA
309
CELLSTYLE_END
  0
ENDSEC
  0
SECTION
  2
ACDSDATA
 70
     2
 71
     2
  0
ACDSSCHEMA
 90
        0
  1
AcDb_Thumbnail_Schema
  2
AcDbDs::ID
280
    10
 91
        8
  2
Thumbnail_Data
280
    15
 91
        0
101
ACDSRECORD
 95
        0
 90
        2
  2
AcDbDs::TreatedAsObjectData
280
     1
291
     1
101
ACDSRECORD
 95
        0
 90
        3
  2
AcDbDs::Legacy
280
     1
291
     1
101
ACDSRECORD
  1
AcDbDs::ID
 90
        4
  2
AcDs:Indexable
280
     1
291
     1
101
ACDSRECORD
  1
AcDbDs::ID
 90
        5
  2
AcDbDs::HandleAttribute
280
     7
282
     1
  0
ACDSSCHEMA
 90
        1
  1
AcDb3DSolid_ASM_Data
  2
AcDbDs::ID
280
    10
 91
        8
  2
ASM_Data
280
    15
 91
        0
101
ACDSRECORD
 95
        1
 90
        2
  2
AcDbDs::TreatedAsObjectData
280
     1
291
     1
101
ACDSRECORD
 95
        1
 90
        3
  2
AcDbDs::Legacy
280
     1
291
     1
101
ACDSRECORD
  1
AcDbDs::ID
 90
        4
  2
AcDs:Indexable
280
     1
291
     1
101
ACDSRECORD
  1
AcDbDs::ID
 90
        5
  2
AcDbDs::HandleAttribute
280
     7
282
     1
  0
ACDSSCHEMA
 90
        2
  1
AcDbDs::TreatedAsObjectDataSchema
  2
AcDbDs::TreatedAsObjectData
280
     1
 91
        0
  0
ACDSSCHEMA
 90
        3
  1
AcDbDs::LegacySchema
  2
AcDbDs::Legacy
280
     1
 91
        0
  0
ACDSSCHEMA
 90
        4
  1
AcDbDs::IndexedPropertySchema
  2
AcDs:Indexable
280
     1
 91
        0
  0
ACDSSCHEMA
 90
        5
  1
AcDbDs::HandleAttributeSchema
  2
AcDbDs::HandleAttribute
280
     7
 91
        1
284
     1
  0
ACDSRECORD
 90
        0
  2
AcDbDs::ID
280
    10
320
16
  2
Thumbnail_Data
280
    15
 94
     2834
310
89504E470D0A1A0A0000000D494844520000010B000001000803000000934CA3A300000300504C5445B3BECBFFFFFFB3BECB0000000000000000000000000000000000000000000000000000330000660000990000CC0000FF0033000033330033660033990033CC0033FF0066000066330066660066990066CC0066FF0099
310
000099330099660099990099CC0099FF00CC0000CC3300CC6600CC9900CCCC00CCFF00FF0000FF3300FF6600FF9900FFCC00FFFF3300003300333300663300993300CC3300FF3333003333333333663333993333CC3333FF3366003366333366663366993366CC3366FF3399003399333399663399993399CC3399FF33CC00
310
33CC3333CC6633CC9933CCCC33CCFF33FF0033FF3333FF6633FF9933FFCC33FFFF6600006600336600666600996600CC6600FF6633006633336633666633996633CC6633FF6666006666336666666666996666CC6666FF6699006699336699666699996699CC6699FF66CC0066CC3366CC6666CC9966CCCC66CCFF66FF0066
310
FF3366FF6666FF9966FFCC66FFFF9900009900339900669900999900CC9900FF9933009933339933669933999933CC9933FF9966009966339966669966999966CC9966FF9999009999339999669999999999CC9999FF99CC0099CC3399CC6699CC9999CCCC99CCFF99FF0099FF3399FF6699FF9999FFCC99FFFFCC0000CC00
310
33CC0066CC0099CC00CCCC00FFCC3300CC3333CC3366CC3399CC33CCCC33FFCC6600CC6633CC6666CC6699CC66CCCC66FFCC9900CC9933CC9966CC9999CC99CCCC99FFCCCC00CCCC33CCCC66CCCC99CCCCCCCCCCFFCCFF00CCFF33CCFF66CCFF99CCFFCCCCFFFFFF0000FF0033FF0066FF0099FF00CCFF00FFFF3300FF3333
310
FF3366FF3399FF33CCFF33FFFF6600FF6633FF6666FF6699FF66CCFF66FFFF9900FF9933FF9966FF9999FF99CCFF99FFFFCC00FFCC33FFCC66FFCC99FFCCCCFFCCFFFFFF00FFFF33FFFF66FFFF99FFFFCCFFFFFF0000000D0D0D1A1A1A2828283535354343435050505D5D5D6B6B6B787878868686939393A1A1A1AEAEAEBB
310
BBBBC9C9C9D6D6D6E4E4E4F1F1F1FFFFFF000000000000000000000000000000000000000000000000000000000000D3E874C2000007CD4944415478DAED9DDBBAE32008857DFFC75C4F3237DD89CA4134E954106EE6CBA4ED6EFEAAB014B194FF6B68FFD52ED1BFE9BE0B7C2E41EFFAB1CF738C5FC5B0B8AF2E16E28B02B1
310
00EA674373AB79816F16D657F12C70371CB4F78E6301D270E079BC30BE0ADC9B2A14A89B886F16433F02EEEED514801ACCAC87DA8545FBDDE44BD4972F9AFB3E026E9CEC4611ABB70EC60260BC4B5C16E0D0A0A603D22EDEFBFB7BB3E8DD6CD55A3E0D252C0B1426D424B13870280BB6E74068493E58587D6A3D46A2E914B7
310
A7AD1DEF35BEB61F255CFA8AB5EE7FA408B31D51E130D632FB54F0FE751CA8C71A2F902C5A16558780C9F122228BBF592D248B7BA2864E5EF5F10566BDAA333F727710B4CA837F2F442F1340B383C60C7AC80026DCF0145FE8AF000C6F4221B215C1C60BE69992859D4535D620120BA68B4CB028C98271180158808B147416
310
70CB62E053D18AF432E553636976349ACB28C331BF5CE2A18F8015A6187E541B8CC7182FB0E253FBD68F102C5096591861B862C109D3135930D9366B2CE05FB3634A77733E880EBF5B6BF6B7D7CCB908024EE20BF9EB400A1EE767EFE0A38FFC1716E25B9C8C9D107B35AC9D2F59DC5A660CC3070BC8F989F63E328CC40F62
310
31CC7DF5A1D9518DABF89E23F6106BA14EB4E1DBC5CCA23C3C6BF6469261AEA9714326F6ED1B165FB798E79E2CA4391DFF2CE48D01CB2C703A8B2AFEF4C3C2980CBF7409CE79EFC8429CE65F48861754395024CDEEA08FF453DF9849ED86108EFB1C2FC874EF892C3E4D1DE6A918138B6B3D0DAE58DCCD027899C503CFF443
310
16342238B75D345DE6390B18FED2863E15D4C5365B0C6DEBECDDA5B6ECBE6FAC05314DB10D1D6797DDBDC45A56010F73EA15F8C6E7CCA7EAAB18EB2C4A341628C9E28E3892851421C465A1FA917A1715B020E1E14FB3C3B6F76E3E530FEE34FB44C608105CA74214E9B068FDB02CDA857258A63D22B1E0B07479AB0F58B85A
310
13C06886E71C16EAF88052FA8D7533F3171085FC663E756235FCEF62DEA74AB3E47BC65A50E28AC2ED1E98AB5F27ADB3EFC502AC087D73BE93246FEDCB427E80D75818A2B7DDF488C9C7248B6471240B604DC23FBEDC50B34348EEB754D3A18B00DE12F8C63FD3EC2A97BFC28CEC03B0BFD4A12C469316E7B19005DA812C9A
310
85F0E5183C1C8B05F5E09FC5689D7D5ED9BB6F17DD8C4494F0E9411F911ECAFD63268B64F1840599D13D9905A9DE71328BD2D57EC71745FAC658F1DF6DE776C1E4A531AB3DB6035B9C1547E7580CE5C7292C38F1BEF400FE8ADAAA3178B24816C942D7EC5726FC4419796395B91D8BC2F03F535DA477296B3144ACD57F432C
310
37EC28E3C5B5ADEA41958A502CE42CE713599082E707B2E036A402E15988D54BE82E2A20B81F7922B4A3C517E024A9B2511988DC47280B7DAB0B107DBCB0B390FB5573EF101662F594E6B03BDB145E5416C247796671A3001E16A97476B004F58B778D87AB9DAF6A76782F147F8B91F2749D1DBE622D72C9E9753EEF62F8C9
310
9E0F4CED7CA1E814C8A60FCEC17A67D1845E18FB11A585C0EF215E170B569CAE16B5F5DD47E4F98CF8F317A0A3A3E235A36B761A5F8C038A230E64473B732316B50DB9B62CB3D00AFCE21416E01CCC496367B2481616162FCD5FF8D6EC07E7AE49427B7A8B7A84588B0AED73FB881014B4EDF70D16829CF53A97B3CAE20F2C
310
8E6601B57D9DC382F312F0C0823B457D79033B9802547A89954DE38B86856511A0D5FBF07F782C55E3B37EA4EF13B076CADD59E845E7D8F38AAC2301DCB0304D7042A730784A4463311613515868897B564915A58FF02CA0C48F9BB3785F5EFBCD8D7F20A5DB52B7CFF6B36FA1D9F599FBDE6BD69D036A1CFDA88FFCA840E3
310
A864359B90D6C9AA07930E7BB1989B5EE0C4E5A12C6A0CAF9C72BA550C3ECF82748B682CCCC782D449395F771CF80D8B7150304A77F7BFF7CED647D49D21078D17D46B1ECAC212452DB250E51BF662217FD5472CBA0D03FBB3D0C3A80516C2D228600A867FC7621846D9598C168701536BFC994F6575F7FC06B36B1AC3EC53
310
B5E3547F166BBD104D01F351DC2EB196F09FF7E290105FF0797C53F35AB60CFADD5974C9EDD0A70017A60CF664C18AD5BF1FB615F45F28F9BD370B74876F57E36E89C5625065B35B67071FA3BA65A1B773E6F8B6C6013752DEB1669F0A1DAEC1F11A32D8BB5E35BB1A152B7D441A3B5DF71131F4A7CDBE50171B99457DBCA5
310
C0A28F3502B128CC8F2E94E42CF586D4135870EE920F340F6817F431854033280BB4297AD701A6538ED77B6E3C8D6AEA1D1134B8EA1B02E2AD8F080138FE5C2BEB44491F31C4E03B5787D60F6CFC1473B8232B52730EEDC81A8E05C96915B24D3A45661A3BDDB16037CF4833C267B100DAE34C85903C0A0B082E16A53E1613
310
855967BF8610F7078E7C3D281024BC9F3E52C42042C95B727F4091E9AC796867759DC0A25FEF2845F317C159488E836D18D159F4AB3FC982280D69C0E88E2177CB623879DDD59AA42F4601989D640E7DAAB8FC5DFBD5EAB23E9C07AD30311DD7EEAF8F145A0FA6AA4408758F2D828D17759BA045C6061F85782C0AACEDFB28
310
16E5781665B642B13A61EB50B3F3C2CC92390FC79A7D105F00652D8FAF04D2EC9DF01A4C7F987FF218F1050B61FA3183C4170D86D5C78CC3425DD08BCFE25E401CAD6B1EC042388227228BB5DCB5C7973E63ADEF5CBAB51733469245B24816C9E23816E9475E5E8C2F69696969696969696969696969696969696969696969
310
696969696969696969696969696969696941ED1FBAB1DC0E5613C94C0000000049454E44AE426082
  0
ACDSRECORD
 90
        0
  2
AcDbDs::ID
280
    10
320
1D
  2
Thumbnail_Data
280
    15
 94
     1183
310
89504E470D0A1A0A0000000D4948445200000100000000C508030000008CFEDCE700000300504C5445FFFFFF000000FFFFFF0000000000000000000000000000000000000000000000000000330000660000990000CC0000FF0033000033330033660033990033CC0033FF0066000066330066660066990066CC0066FF0099
310
000099330099660099990099CC0099FF00CC0000CC3300CC6600CC9900CCCC00CCFF00FF0000FF3300FF6600FF9900FFCC00FFFF3300003300333300663300993300CC3300FF3333003333333333663333993333CC3333FF3366003366333366663366993366CC3366FF3399003399333399663399993399CC3399FF33CC00
310
33CC3333CC6633CC9933CCCC33CCFF33FF0033FF3333FF6633FF9933FFCC33FFFF6600006600336600666600996600CC6600FF6633006633336633666633996633CC6633FF6666006666336666666666996666CC6666FF6699006699336699666699996699CC6699FF66CC0066CC3366CC6666CC9966CCCC66CCFF66FF0066
310
FF3366FF6666FF9966FFCC66FFFF9900009900339900669900999900CC9900FF9933009933339933669933999933CC9933FF9966009966339966669966999966CC9966FF9999009999339999669999999999CC9999FF99CC0099CC3399CC6699CC9999CCCC99CCFF99FF0099FF3399FF6699FF9999FFCC99FFFFCC0000CC00
310
33CC0066CC0099CC00CCCC00FFCC3300CC3333CC3366CC3399CC33CCCC33FFCC6600CC6633CC6666CC6699CC66CCCC66FFCC9900CC9933CC9966CC9999CC99CCCC99FFCCCC00CCCC33CCCC66CCCC99CCCCCCCCCCFFCCFF00CCFF33CCFF66CCFF99CCFFCCCCFFFFFF0000FF0033FF0066FF0099FF00CCFF00FFFF3300FF3333
310
FF3366FF3399FF33CCFF33FFFF6600FF6633FF6666FF6699FF66CCFF66FFFF9900FF9933FF9966FF9999FF99CCFF99FFFFCC00FFCC33FFCC66FFCC99FFCCCCFFCCFFFFFF00FFFF33FFFF66FFFF99FFFFCCFFFFFF0000000D0D0D1A1A1A2828283535354343435050505D5D5D6B6B6B787878868686939393A1A1A1AEAEAEBB
310
BBBBC9C9C9D6D6D6E4E4E4F1F1F1FFFFFF000000000000000000000000000000000000000000000000000000000000790CAC0F0000015A4944415478DAEDD8410A8340100440FFFFCCF9C09EE61E104224896014844D579F64F420A587DE592A3A632CD5C101100F500500C0F36ACDF6D636BFCEEBAEF9E9177D0788FBF600
310
000000000000004D1000000000000000100F50FB4F4C9E8B5578FAFF0300000000000000000000000000000000B00BD069000D0000000000000000A009020000000000000000000000000000000052013A0DA001000000000000000000A8C2000000000000000000000000000000402A40FC420400000000000000002016C0
310
5900000000000000000000000000000000C803885F88000000000000000000C402380B0000000000000000000000000000000000E2003A0DA0010000000000000000344100000000000000000000000000000000C0E7C660F21C04080D0000000000000000C01F54DE73151900000000000000D0AFCDCFB6227CDDAB1C9CD7
310
5DF3D32FAA0902000000C00A109E658C110DF0000E6CC6FBCCF8EC2E0000000049454E44AE426082
  0
ENDSEC
  0
EOF
