  0
SECTION
  2
HEADER
  9
$ACADVER
  1
AC1032
  9
$ACADMAINTVER
 90
       55
  9
$DWGCODEPAGE
  3
ANSI_1251
  9
$LASTSAVEDBY
  1
Lecoo
  9
$REQUIREDVERSIONS
160
                 0
  9
$INSBASE
 10
0.0
 20
0.0
 30
0.0
  9
$EXTMIN
 10
1.000000000000000E+20
 20
1.000000000000000E+20
 30
1.000000000000000E+20
  9
$EXTMAX
 10
0.0
 20
0.0
 30
0.0
  9
$LIMMIN
 10
-8025.407264260686
 20
1319.504735739314
  9
$LIMMAX
 10
1005.009264260686
 20
10349.92126426069
  9
$ORTHOMODE
 70
     0
  9
$REGENMODE
 70
     1
  9
$FILLMODE
 70
     1
  9
$QTEXTMODE
 70
     0
  9
$MIRRTEXT
 70
     0
  9
$LTSCALE
 40
1.0
  9
$ATTMODE
 70
     1
  9
$TEXTSIZE
 40
1.0
  9
$TRACEWID
 40
0.05
  9
$TEXTSTYLE
  7
Standard
  9
$CLAYER
  8
0
  9
$CELTYPE
  6
Continuous
  9
$CECOLOR
 62
     7
  9
$CELTSCALE
 40
0.4
  9
$DISPSILH
 70
     0
  9
$DIMSCALE
 40
1.0
  9
$DIMASZ
 40
1.0
  9
$DIMEXO
 40
0.5
  9
$DIMDLI
 40
0.0
  9
$DIMRND
 40
0.0
  9
$DIMDLE
 40
0.0
  9
$DIMEXE
 40
0.5
  9
$DIMTP
 40
0.0
  9
$DIMTM
 40
0.0
  9
$DIMTXT
 40
1.0
  9
$DIMCEN
 40
0.09
  9
$DIMTSZ
 40
0.0
  9
$DIMTOL
 70
     0
  9
$DIMLIM
 70
     0
  9
$DIMTIH
 70
     0
  9
$DIMTOH
 70
     0
  9
$DIMSE1
 70
     0
  9
$DIMSE2
 70
     0
  9
$DIMTAD
 70
     1
  9
$DIMZIN
 70
    11
  9
$DIMBLK
  1
TerminatorOpen_0.5
  9
$DIMASO
 70
     1
  9
$DIMSHO
 70
     1
  9
$DIMPOST
  1

  9
$DIMAPOST
  1

  9
$DIMALT
 70
     0
  9
$DIMALTD
 70
     4
  9
$DIMALTF
 40
25.4
  9
$DIMLFAC
 40
1.0
  9
$DIMTOFL
 70
     0
  9
$DIMTVP
 40
0.0
  9
$DIMTIX
 70
     0
  9
$DIMSOXD
 70
     0
  9
$DIMSAH
 70
     0
  9
$DIMBLK1
  1

  9
$DIMBLK2
  1

  9
$DIMSTYLE
  2
Standard
  9
$DIMCLRD
 70
     0
  9
$DIMCLRE
 70
     0
  9
$DIMCLRT
 70
     0
  9
$DIMTFAC
 40
1.0
  9
$DIMGAP
 40
0.5
  9
$DIMJUST
 70
     0
  9
$DIMSD1
 70
     0
  9
$DIMSD2
 70
     0
  9
$DIMTOLJ
 70
     1
  9
$DIMTZIN
 70
    11
  9
$DIMALTZ
 70
    15
  9
$DIMALTTZ
 70
    15
  9
$DIMUPT
 70
     0
  9
$DIMDEC
 70
     4
  9
$DIMTDEC
 70
     4
  9
$DIMALTU
 70
     2
  9
$DIMALTTD
 70
     4
  9
$DIMTXSTY
  7
Style-RUSSIAN_1251
  9
$DIMAUNIT
 70
     0
  9
$DIMADEC
 70
     4
  9
$DIMALTRND
 40
0.0
  9
$DIMAZIN
 70
     3
  9
$DIMDSEP
 70
    46
  9
$DIMATFIT
 70
     1
  9
$DIMFRAC
 70
     0
  9
$DIMLDRBLK
  1
TerminatorOpen_0.5
  9
$DIMLUNIT
 70
     2
  9
$DIMLWD
 70
    -2
  9
$DIMLWE
 70
    -2
  9
$DIMTMOVE
 70
     0
  9
$DIMFXL
 40
1.0
  9
$DIMFXLON
 70
     0
  9
$DIMJOGANG
 40
0.7853981633974483
  9
$DIMTFILL
 70
     0
  9
$DIMTFILLCLR
 70
     0
  9
$DIMARCSYM
 70
     0
  9
$DIMLTYPE
  6

  9
$DIMLTEX1
  6

  9
$DIMLTEX2
  6

  9
$DIMTXTDIRECTION
 70
     0
  9
$LUNITS
 70
     2
  9
$LUPREC
 70
     6
  9
$SKETCHINC
 40
0.1
  9
$FILLETRAD
 40
0.0
  9
$AUNITS
 70
     0
  9
$AUPREC
 70
     4
  9
$MENU
  1
.
  9
$ELEVATION
 40
0.0
  9
$PELEVATION
 40
0.0
  9
$THICKNESS
 40
0.0
  9
$LIMCHECK
 70
     0
  9
$CHAMFERA
 40
0.0
  9
$CHAMFERB
 40
0.0
  9
$CHAMFERC
 40
0.0
  9
$CHAMFERD
 40
0.0
  9
$SKPOLY
 70
     0
  9
$TDCREATE
 40
2454144.903024017
  9
$TDUCREATE
 40
2454144.778024017
  9
$TDUPDATE
 40
2461308.655762639
  9
$TDUUPDATE
 40
2461308.530762639
  9
$TDINDWG
 40
0.0272392824
  9
$TDUSRTIMER
 40
0.0272390972
  9
$USRTIMER
 70
     1
  9
$ANGBASE
 50
0.0
  9
$ANGDIR
 70
     0
  9
$PDMODE
 70
     0
  9
$PDSIZE
 40
0.0
  9
$PLINEWID
 40
0.0
  9
$SPLFRAME
 70
     0
  9
$SPLINETYPE
 70
     6
  9
$SPLINESEGS
 70
     8
  9
$HANDSEED
  5
7E8
  9
$SURFTAB1
 70
     6
  9
$SURFTAB2
 70
     6
  9
$SURFTYPE
 70
     6
  9
$SURFU
 70
     6
  9
$SURFV
 70
     6
  9
$UCSBASE
  2

  9
$UCSNAME
  2

  9
$UCSORG
 10
0.0
 20
0.0
 30
0.0
  9
$UCSXDIR
 10
1.0
 20
0.0
 30
0.0
  9
$UCSYDIR
 10
0.0
 20
1.0
 30
0.0
  9
$UCSORTHOREF
  2

  9
$UCSORTHOVIEW
 70
     0
  9
$UCSORGTOP
 10
0.0
 20
0.0
 30
0.0
  9
$UCSORGBOTTOM
 10
0.0
 20
0.0
 30
0.0
  9
$UCSORGLEFT
 10
0.0
 20
0.0
 30
0.0
  9
$UCSORGRIGHT
 10
0.0
 20
0.0
 30
0.0
  9
$UCSORGFRONT
 10
0.0
 20
0.0
 30
0.0
  9
$UCSORGBACK
 10
0.0
 20
0.0
 30
0.0
  9
$PUCSBASE
  2

  9
$PUCSNAME
  2

  9
$PUCSORG
 10
0.0
 20
0.0
 30
0.0
  9
$PUCSXDIR
 10
1.0
 20
0.0
 30
0.0
  9
$PUCSYDIR
 10
0.0
 20
1.0
 30
0.0
  9
$PUCSORTHOREF
  2

  9
$PUCSORTHOVIEW
 70
     0
  9
$PUCSORGTOP
 10
0.0
 20
0.0
 30
0.0
  9
$PUCSORGBOTTOM
 10
0.0
 20
0.0
 30
0.0
  9
$PUCSORGLEFT
 10
0.0
 20
0.0
 30
0.0
  9
$PUCSORGRIGHT
 10
0.0
 20
0.0
 30
0.0
  9
$PUCSORGFRONT
 10
0.0
 20
0.0
 30
0.0
  9
$PUCSORGBACK
 10
0.0
 20
0.0
 30
0.0
  9
$USERI1
 70
     0
  9
$USERI2
 70
     0
  9
$USERI3
 70
     0
  9
$USERI4
 70
     0
  9
$USERI5
 70
     0
  9
$USERR1
 40
0.0
  9
$USERR2
 40
0.0
  9
$USERR3
 40
0.0
  9
$USERR4
 40
0.0
  9
$USERR5
 40
0.0
  9
$WORLDVIEW
 70
     1
  9
$SHADEDGE
 70
     3
  9
$SHADEDIF
 70
    70
  9
$TILEMODE
 70
     1
  9
$MAXACTVP
 70
    64
  9
$PINSBASE
 10
0.0
 20
0.0
 30
0.0
  9
$PLIMCHECK
 70
     0
  9
$PEXTMIN
 10
1.049999952316284
 20
0.7999999523162842
 30
0.0
  9
$PEXTMAX
 10
9.449999570846556
 20
7.199999570846557
 30
0.0
  9
$PLIMMIN
 10
-0.2500002402958907
 20
-0.2499999962453767
  9
$PLIMMAX
 10
10.74999951940822
 20
8.249999763458732
  9
$UNITMODE
 70
     0
  9
$VISRETAIN
 70
     1
  9
$PLINEGEN
 70
     0
  9
$PSLTSCALE
 70
     0
  9
$TREEDEPTH
 70
  3020
  9
$CMLSTYLE
  2
ТРУБА_4_БД_20М_ПР200
  9
$CMLJUST
 70
     0
  9
$CMLSCALE
 40
1.0
  9
$PROXYGRAPHICS
 70
     1
  9
$MEASUREMENT
 70
     0
  9
$CELWEIGHT
370
    -1
  9
$ENDCAPS
280
     0
  9
$JOINSTYLE
280
     0
  9
$LWDISPLAY
290
     1
  9
$INSUNITS
 70
     6
  9
$HYPERLINKBASE
  1

  9
$STYLESHEET
  1

  9
$XEDIT
290
     1
  9
$CEPSNTYPE
380
     0
  9
$PSTYLEMODE
290
     1
  9
$FINGERPRINTGUID
  2
{59F451C2-7BA8-4778-A5A7-694C8E5953DD}
  9
$VERSIONGUID
  2
{96D7F17F-C970-CA48-AA5A-BB58F2C185CF}
  9
$EXTNAMES
290
     1
  9
$PSVPSCALE
 40
0.0
  9
$OLESTARTUP
290
     0
  9
$SORTENTS
280
   127
  9
$INDEXCTL
280
     0
  9
$HIDETEXT
280
     1
  9
$XCLIPFRAME
280
     2
  9
$HALOGAP
280
     0
  9
$OBSCOLOR
 70
   257
  9
$OBSLTYPE
280
     0
  9
$INTERSECTIONDISPLAY
280
     0
  9
$INTERSECTIONCOLOR
 70
   257
  9
$DIMASSOC
280
     1
  9
$PROJECTNAME
  1

  9
$CAMERADISPLAY
290
     0
  9
$LENSLENGTH
 40
50.0
  9
$CAMERAHEIGHT
 40
0.0
  9
$STEPSPERSEC
 40
2.0
  9
$STEPSIZE
 40
6.0
  9
$3DDWFPREC
 40
2.0
  9
$PSOLWIDTH
 40
0.25
  9
$PSOLHEIGHT
 40
4.0
  9
$LOFTANG1
 40
1.570796326794897
  9
$LOFTANG2
 40
1.570796326794897
  9
$LOFTMAG1
 40
0.0
  9
$LOFTMAG2
 40
0.0
  9
$LOFTPARAM
 70
     7
  9
$LOFTNORMALS
280
     1
  9
$LATITUDE
 40
37.795
  9
$LONGITUDE
 40
-122.394
  9
$NORTHDIRECTION
 40
0.0
  9
$TIMEZONE
 70
 -8000
  9
$LIGHTGLYPHDISPLAY
280
     1
  9
$TILEMODELIGHTSYNCH
280
     1
  9
$CMATERIAL
347
39
  9
$SOLIDHIST
280
     1
  9
$SHOWHIST
280
     1
  9
$DWFFRAME
280
     2
  9
$DGNFRAME
280
     0
  9
$REALWORLDSCALE
290
     1
  9
$INTERFERECOLOR
 62
     1
  9
$CSHADOW
280
     0
  9
$SHADOWPLANELOCATION
 40
0.0
  0
ENDSEC
  0
SECTION
  2
CLASSES
  0
CLASS
  1
ACDBDICTIONARYWDFLT
  2
AcDbDictionaryWithDefault
  3
ObjectDBX Classes
 90
        0
 91
        3
280
     0
281
     0
  0
CLASS
  1
ACDBPLACEHOLDER
  2
AcDbPlaceHolder
  3
ObjectDBX Classes
 90
        0
 91
        1
280
     0
281
     0
  0
CLASS
  1
LAYOUT
  2
AcDbLayout
  3
ObjectDBX Classes
 90
        0
 91
        1
280
     0
281
     0
  0
CLASS
  1
DICTIONARYVAR
  2
AcDbDictionaryVar
  3
ObjectDBX Classes
 90
        0
 91
        3
280
     0
281
     0
  0
CLASS
  1
TABLESTYLE
  2
AcDbTableStyle
  3
ObjectDBX Classes
 90
     4095
 91
        3
280
     0
281
     0
  0
CLASS
  1
MATERIAL
  2
AcDbMaterial
  3
ObjectDBX Classes
 90
     1153
 91
        3
280
     0
281
     0
  0
CLASS
  1
VISUALSTYLE
  2
AcDbVisualStyle
  3
ObjectDBX Classes
 90
     4095
 91
        3
280
     0
281
     0
  0
CLASS
  1
SCALE
  2
AcDbScale
  3
ObjectDBX Classes
 90
     1153
 91
        3
280
     0
281
     0
  0
CLASS
  1
MLEADERSTYLE
  2
AcDbMLeaderStyle
  3
ACDB_MLEADERSTYLE_CLASS
 90
     4095
 91
        3
280
     0
281
     0
  0
CLASS
  1
EXACXREFPANELOBJECT
  2
ExAcXREFPanelObject
  3
EXAC_ESW
 90
     1025
 91
        1
280
     1
281
     0
  0
CLASS
  1
NPOCOLLECTION
  2
AcDbImpNonPersistentObjectsCollection
  3
ObjectDBX Classes
 90
     1153
 91
        1
280
     1
281
     0
  0
CLASS
  1
CELLSTYLEMAP
  2
AcDbCellStyleMap
  3
ObjectDBX Classes
 90
     1152
 91
        3
280
     0
281
     0
  0
CLASS
  1
ACDBSECTIONVIEWSTYLE
  2
AcDbSectionViewStyle
  3
ObjectDBX Classes
 90
     1025
 91
        3
280
     0
281
     0
  0
CLASS
  1
ACDBDETAILVIEWSTYLE
  2
AcDbDetailViewStyle
  3
ObjectDBX Classes
 90
     1025
 91
        3
280
     0
281
     0
  0
CLASS
  1
SORTENTSTABLE
  2
AcDbSortentsTable
  3
ObjectDBX Classes
 90
        0
 91
        3
280
     0
281
     0
  0
ENDSEC
  0
SECTION
  2
TABLES
  0
TABLE
  2
VPORT
  5
2E
330
0
100
AcDbSymbolTable
 70
     1
  0
VPORT
  5
2F
330
2E
100
AcDbSymbolTableRecord
100
AcDbViewportTableRecord
  2
*ACTIVE
 70
     0
 10
0.0
 20
0.0
 11
1.0
 21
1.0
 12
-3849.859269024461
 22
5850.214758401082
 13
0.0
 23
0.0
 14
1.0
 24
1.0
 15
50.0
 25
50.0
 16
0.0
 26
0.0
 36
1.0
 17
0.0
 27
0.0
 37
0.0
 40
1821.214170602527
 41
1.654778887303852
 42
50.0
 43
0.0
 44
0.0
 50
0.0
 51
0.0
 71
     0
 72
   100
 73
     1
 74
     0
 75
     0
 76
     0
 77
     0
 78
     1
281
     0
 65
     1
110
0.0
120
0.0
130
0.0
111
1.0
121
0.0
131
0.0
112
0.0
122
1.0
132
0.0
 79
     0
146
0.0
348
5EA
 60
     3
 61
     5
292
     1
282
     1
141
0.0
142
0.0
 63
   250
421
  3355443
1001
ACAD_NAV_VCDISPLAY
1070
     3
  0
ENDTAB
  0
TABLE
  2
LTYPE
  5
29
330
0
100
AcDbSymbolTable
 70
     1
  0
LTYPE
  5
2A
330
29
100
AcDbSymbolTableRecord
100
AcDbLinetypeTableRecord
  2
ByBlock
 70
     0
  3

 72
    65
 73
     0
 40
0.0
  0
LTYPE
  5
2B
330
29
100
AcDbSymbolTableRecord
100
AcDbLinetypeTableRecord
  2
ByLayer
 70
     0
  3

 72
    65
 73
     0
 40
0.0
  0
LTYPE
  5
13
330
29
100
AcDbSymbolTableRecord
100
AcDbLinetypeTableRecord
  2
Continuous
 70
     0
  3
Solid line
 72
    65
 73
     0
 40
0.0
  0
ENDTAB
  0
TABLE
  2
LAYER
  5
21
102
{ACAD_XDICTIONARY
360
22
102
}
330
0
100
AcDbSymbolTable
 70
     5
  0
LAYER
  5
4
102
{ACAD_XDICTIONARY
360
5
102
}
330
21
100
AcDbSymbolTableRecord
100
AcDbLayerTableRecord
  2
0
 70
     0
 62
     7
  6
Continuous
370
    -3
390
7
347
A
348
0
1001
AcCmTransparency
1071
 33554687
  0
LAYER
  5
7C
330
21
100
AcDbSymbolTableRecord
100
AcDbLayerTableRecord
  2
Рамки
 70
     0
 62
     7
  6
Continuous
370
    25
390
7
347
A
348
0
1001
AcCmTransparency
1071
 33554687
  0
LAYER
  5
5C1
330
21
100
AcDbSymbolTableRecord
100
AcDbLayerTableRecord
  2
Подписи рамок
 70
     0
 62
     7
  6
Continuous
370
    25
390
7
347
A
348
0
1001
AcCmTransparency
1071
 33554687
  0
LAYER
  5
7E
330
21
100
AcDbSymbolTableRecord
100
AcDbLayerTableRecord
  2
Координатные кресты
 70
     0
 62
     7
  6
Continuous
370
    25
390
7
347
A
348
0
1001
AcCmTransparency
1071
 33554687
  0
LAYER
  5
5BF
330
21
100
AcDbSymbolTableRecord
100
AcDbLayerTableRecord
  2
Граница заказа
 70
     1
 62
    -7
  6
Continuous
370
    25
390
7
347
A
348
0
1001
AcCmTransparency
1071
 33554687
  0
ENDTAB
  0
TABLE
  2
STYLE
  5
26
330
0
100
AcDbSymbolTable
 70
     2
  0
STYLE
  5
27
330
26
100
AcDbSymbolTableRecord
100
AcDbTextStyleTableRecord
  2
Standard
 70
     0
 40
0.0
 41
1.0
 50
0.0
 71
     0
 42
1.0
  3
txt
  4

  0
STYLE
  5
4D
330
26
100
AcDbSymbolTableRecord
100
AcDbTextStyleTableRecord
  2
Style-RUSSIAN_1251
 70
     0
 40
0.0
 41
1.0
 50
0.0
 71
     0
 42
1.0
  3
RUSSIAN_1251.shx
  4

  0
ENDTAB
  0
TABLE
  2
VIEW
  5
2C
330
0
100
AcDbSymbolTable
 70
     0
  0
ENDTAB
  0
TABLE
  2
UCS
  5
2D
330
0
100
AcDbSymbolTable
 70
     0
  0
ENDTAB
  0
TABLE
  2
APPID
  5
30
330
0
100
AcDbSymbolTable
 70
     5
  0
APPID
  5
31
330
30
100
AcDbSymbolTableRecord
100
AcDbRegAppTableRecord
  2
ACAD
 70
     0
  0
APPID
  5
20
330
30
100
AcDbSymbolTableRecord
100
AcDbRegAppTableRecord
  2
ACAD_PSEXT
 70
     0
  0
APPID
  5
14
330
30
100
AcDbSymbolTableRecord
100
AcDbRegAppTableRecord
  2
AcCmTransparency
 70
     0
  0
APPID
  5
612
330
30
100
AcDbSymbolTableRecord
100
AcDbRegAppTableRecord
  2
AeccLand130
 70
     0
  0
APPID
  5
7DE
330
30
100
AcDbSymbolTableRecord
100
AcDbRegAppTableRecord
  2
ACAD_NAV_VCDISPLAY
 70
     0
  0
ENDTAB
  0
TABLE
  2
DIMSTYLE
  5
32
330
0
100
AcDbSymbolTable
 70
     1
100
AcDbDimStyleTable
  0
DIMSTYLE
105
33
330
32
100
AcDbSymbolTableRecord
100
AcDbDimStyleTableRecord
  2
Standard
 70
     0
178
     0
340
27
  0
ENDTAB
  0
TABLE
  2
BLOCK_RECORD
  5
1
330
0
100
AcDbSymbolTable
 70
   224
  0
BLOCK_RECORD
  5
2
102
{ACAD_XDICTIONARY
360
5C8
102
}
330
1
100
AcDbSymbolTableRecord
100
AcDbBlockTableRecord
  2
*Model_Space
340
16
 70
     0
280
     1
281
     0
  0
BLOCK_RECORD
  5
1A
330
1
100
AcDbSymbolTableRecord
100
AcDbBlockTableRecord
  2
*Paper_Space
340
1D
 70
     0
280
     1
281
     0
  0
BLOCK_RECORD
  5
4E
330
1
100
AcDbSymbolTableRecord
100
AcDbBlockTableRecord
  2
TerminatorOpen_0.5
340
0
 70
     0
280
     1
281
     0
  0
BLOCK_RECORD
  5
7F
330
1
100
AcDbSymbolTableRecord
100
AcDbBlockTableRecord
  2
KREST
340
0
 70
     0
280
     1
281
     0
  0
BLOCK_RECORD
  5
85
330
1
100
AcDbSymbolTableRecord
100
AcDbBlockTableRecord
  2
KREST_1
340
0
 70
     0
280
     1
281
     0
  0
BLOCK_RECORD
  5
8B
330
1
100
AcDbSymbolTableRecord
100
AcDbBlockTableRecord
  2
KREST_2
340
0
 70
     0
280
     1
281
     0
  0
BLOCK_RECORD
  5
91
330
1
100
AcDbSymbolTableRecord
100
AcDbBlockTableRecord
  2
KREST_3
340
0
 70
     0
280
     1
281
     0
  0
BLOCK_RECORD
  5
97
330
1
100
AcDbSymbolTableRecord
100
AcDbBlockTableRecord
  2
KREST_4
340
0
 70
     0
280
     1
281
     0
  0
BLOCK_RECORD
  5
9D
330
1
100
AcDbSymbolTableRecord
100
AcDbBlockTableRecord
  2
KREST_5
340
0
 70
     0
280
     1
281
     0
  0
BLOCK_RECORD
  5
A3
330
1
100
AcDbSymbolTableRecord
100
AcDbBlockTableRecord
  2
KREST_6
340
0
 70
     0
280
     1
281
     0
  0
BLOCK_RECORD
  5
A9
330
1
100
AcDbSymbolTableRecord
100
AcDbBlockTableRecord
  2
KREST_7
340
0
 70
     0
280
     1
281
     0
  0
BLOCK_RECORD
  5
AF
330
1
100
AcDbSymbolTableRecord
100
AcDbBlockTableRecord
  2
KREST_8
340
0
 70
     0
280
     1
281
     0
  0
BLOCK_RECORD
  5
B5
330
1
100
AcDbSymbolTableRecord
100
AcDbBlockTableRecord
  2
KREST_9
340
0
 70
     0
280
     1
281
     0
  0
BLOCK_RECORD
  5
BB
330
1
100
AcDbSymbolTableRecord
100
AcDbBlockTableRecord
  2
KREST_10
340
0
 70
     0
280
     1
281
     0
  0
BLOCK_RECORD
  5
C1
330
1
100
AcDbSymbolTableRecord
100
AcDbBlockTableRecord
  2
KREST_11
340
0
 70
     0
280
     1
281
     0
  0
BLOCK_RECORD
  5
C7
330
1
100
AcDbSymbolTableRecord
100
AcDbBlockTableRecord
  2
KREST_12
340
0
 70
     0
280
     1
281
     0
  0
BLOCK_RECORD
  5
CD
330
1
100
AcDbSymbolTableRecord
100
AcDbBlockTableRecord
  2
KREST_13
340
0
 70
     0
280
     1
281
     0
  0
BLOCK_RECORD
  5
D3
330
1
100
AcDbSymbolTableRecord
100
AcDbBlockTableRecord
  2
KREST_14
340
0
 70
     0
280
     1
281
     0
  0
BLOCK_RECORD
  5
D9
330
1
100
AcDbSymbolTableRecord
100
AcDbBlockTableRecord
  2
KREST_15
340
0
 70
     0
280
     1
281
     0
  0
BLOCK_RECORD
  5
DF
330
1
100
AcDbSymbolTableRecord
100
AcDbBlockTableRecord
  2
KREST_16
340
0
 70
     0
280
     1
281
     0
  0
BLOCK_RECORD
  5
E5
330
1
100
AcDbSymbolTableRecord
100
AcDbBlockTableRecord
  2
KREST_17
340
0
 70
     0
280
     1
281
     0
  0
BLOCK_RECORD
  5
EB
330
1
100
AcDbSymbolTableRecord
100
AcDbBlockTableRecord
  2
KREST_18
340
0
 70
     0
280
     1
281
     0
  0
BLOCK_RECORD
  5
F1
330
1
100
AcDbSymbolTableRecord
100
AcDbBlockTableRecord
  2
KREST_19
340
0
 70
     0
280
     1
281
     0
  0
BLOCK_RECORD
  5
F7
330
1
100
AcDbSymbolTableRecord
100
AcDbBlockTableRecord
  2
KREST_20
340
0
 70
     0
280
     1
281
     0
  0
BLOCK_RECORD
  5
FD
330
1
100
AcDbSymbolTableRecord
100
AcDbBlockTableRecord
  2
KREST_21
340
0
 70
     0
280
     1
281
     0
  0
BLOCK_RECORD
  5
103
330
1
100
AcDbSymbolTableRecord
100
AcDbBlockTableRecord
  2
KREST_22
340
0
 70
     0
280
     1
281
     0
  0
BLOCK_RECORD
  5
109
330
1
100
AcDbSymbolTableRecord
100
AcDbBlockTableRecord
  2
KREST_23
340
0
 70
     0
280
     1
281
     0
  0
BLOCK_RECORD
  5
10F
330
1
100
AcDbSymbolTableRecord
100
AcDbBlockTableRecord
  2
KREST_24
340
0
 70
     0
280
     1
281
     0
  0
BLOCK_RECORD
  5
115
330
1
100
AcDbSymbolTableRecord
100
AcDbBlockTableRecord
  2
KREST_25
340
0
 70
     0
280
     1
281
     0
  0
BLOCK_RECORD
  5
11B
330
1
100
AcDbSymbolTableRecord
100
AcDbBlockTableRecord
  2
KREST_26
340
0
 70
     0
280
     1
281
     0
  0
BLOCK_RECORD
  5
121
330
1
100
AcDbSymbolTableRecord
100
AcDbBlockTableRecord
  2
KREST_27
340
0
 70
     0
280
     1
281
     0
  0
BLOCK_RECORD
  5
127
330
1
100
AcDbSymbolTableRecord
100
AcDbBlockTableRecord
  2
KREST_28
340
0
 70
     0
280
     1
281
     0
  0
BLOCK_RECORD
  5
12D
330
1
100
AcDbSymbolTableRecord
100
AcDbBlockTableRecord
  2
KREST_29
340
0
 70
     0
280
     1
281
     0
  0
BLOCK_RECORD
  5
133
330
1
100
AcDbSymbolTableRecord
100
AcDbBlockTableRecord
  2
KREST_30
340
0
 70
     0
280
     1
281
     0
  0
BLOCK_RECORD
  5
139
330
1
100
AcDbSymbolTableRecord
100
AcDbBlockTableRecord
  2
KREST_31
340
0
 70
     0
280
     1
281
     0
  0
BLOCK_RECORD
  5
13F
330
1
100
AcDbSymbolTableRecord
100
AcDbBlockTableRecord
  2
KREST_32
340
0
 70
     0
280
     1
281
     0
  0
BLOCK_RECORD
  5
145
330
1
100
AcDbSymbolTableRecord
100
AcDbBlockTableRecord
  2
KREST_33
340
0
 70
     0
280
     1
281
     0
  0
BLOCK_RECORD
  5
14B
330
1
100
AcDbSymbolTableRecord
100
AcDbBlockTableRecord
  2
KREST_34
340
0
 70
     0
280
     1
281
     0
  0
BLOCK_RECORD
  5
151
330
1
100
AcDbSymbolTableRecord
100
AcDbBlockTableRecord
  2
KREST_35
340
0
 70
     0
280
     1
281
     0
  0
BLOCK_RECORD
  5
158
330
1
100
AcDbSymbolTableRecord
100
AcDbBlockTableRecord
  2
KREST_36
340
0
 70
     0
280
     1
281
     0
  0
BLOCK_RECORD
  5
15E
330
1
100
AcDbSymbolTableRecord
100
AcDbBlockTableRecord
  2
KREST_37
340
0
 70
     0
280
     1
281
     0
  0
BLOCK_RECORD
  5
164
330
1
100
AcDbSymbolTableRecord
100
AcDbBlockTableRecord
  2
KREST_38
340
0
 70
     0
280
     1
281
     0
  0
BLOCK_RECORD
  5
16A
330
1
100
AcDbSymbolTableRecord
100
AcDbBlockTableRecord
  2
KREST_39
340
0
 70
     0
280
     1
281
     0
  0
BLOCK_RECORD
  5
170
330
1
100
AcDbSymbolTableRecord
100
AcDbBlockTableRecord
  2
KREST_40
340
0
 70
     0
280
     1
281
     0
  0
BLOCK_RECORD
  5
176
330
1
100
AcDbSymbolTableRecord
100
AcDbBlockTableRecord
  2
KREST_41
340
0
 70
     0
280
     1
281
     0
  0
BLOCK_RECORD
  5
17C
330
1
100
AcDbSymbolTableRecord
100
AcDbBlockTableRecord
  2
KREST_42
340
0
 70
     0
280
     1
281
     0
  0
BLOCK_RECORD
  5
182
330
1
100
AcDbSymbolTableRecord
100
AcDbBlockTableRecord
  2
KREST_43
340
0
 70
     0
280
     1
281
     0
  0
BLOCK_RECORD
  5
188
330
1
100
AcDbSymbolTableRecord
100
AcDbBlockTableRecord
  2
KREST_44
340
0
 70
     0
280
     1
281
     0
  0
BLOCK_RECORD
  5
18E
330
1
100
AcDbSymbolTableRecord
100
AcDbBlockTableRecord
  2
KREST_45
340
0
 70
     0
280
     1
281
     0
  0
BLOCK_RECORD
  5
194
330
1
100
AcDbSymbolTableRecord
100
AcDbBlockTableRecord
  2
KREST_46
340
0
 70
     0
280
     1
281
     0
  0
BLOCK_RECORD
  5
19A
330
1
100
AcDbSymbolTableRecord
100
AcDbBlockTableRecord
  2
KREST_47
340
0
 70
     0
280
     1
281
     0
  0
BLOCK_RECORD
  5
1A0
330
1
100
AcDbSymbolTableRecord
100
AcDbBlockTableRecord
  2
KREST_48
340
0
 70
     0
280
     1
281
     0
  0
BLOCK_RECORD
  5
1A6
330
1
100
AcDbSymbolTableRecord
100
AcDbBlockTableRecord
  2
KREST_49
340
0
 70
     0
280
     1
281
     0
  0
BLOCK_RECORD
  5
1AC
330
1
100
AcDbSymbolTableRecord
100
AcDbBlockTableRecord
  2
KREST_50
340
0
 70
     0
280
     1
281
     0
  0
BLOCK_RECORD
  5
1B2
330
1
100
AcDbSymbolTableRecord
100
AcDbBlockTableRecord
  2
KREST_51
340
0
 70
     0
280
     1
281
     0
  0
BLOCK_RECORD
  5
1B8
330
1
100
AcDbSymbolTableRecord
100
AcDbBlockTableRecord
  2
KREST_52
340
0
 70
     0
280
     1
281
     0
  0
BLOCK_RECORD
  5
1BE
330
1
100
AcDbSymbolTableRecord
100
AcDbBlockTableRecord
  2
KREST_53
340
0
 70
     0
280
     1
281
     0
  0
BLOCK_RECORD
  5
1C4
330
1
100
AcDbSymbolTableRecord
100
AcDbBlockTableRecord
  2
KREST_54
340
0
 70
     0
280
     1
281
     0
  0
BLOCK_RECORD
  5
1CA
330
1
100
AcDbSymbolTableRecord
100
AcDbBlockTableRecord
  2
KREST_55
340
0
 70
     0
280
     1
281
     0
  0
BLOCK_RECORD
  5
1D0
330
1
100
AcDbSymbolTableRecord
100
AcDbBlockTableRecord
  2
KREST_56
340
0
 70
     0
280
     1
281
     0
  0
BLOCK_RECORD
  5
1D6
330
1
100
AcDbSymbolTableRecord
100
AcDbBlockTableRecord
  2
KREST_57
340
0
 70
     0
280
     1
281
     0
  0
BLOCK_RECORD
  5
1DC
330
1
100
AcDbSymbolTableRecord
100
AcDbBlockTableRecord
  2
KREST_58
340
0
 70
     0
280
     1
281
     0
  0
BLOCK_RECORD
  5
1E2
330
1
100
AcDbSymbolTableRecord
100
AcDbBlockTableRecord
  2
KREST_59
340
0
 70
     0
280
     1
281
     0
  0
BLOCK_RECORD
  5
1E8
330
1
100
AcDbSymbolTableRecord
100
AcDbBlockTableRecord
  2
KREST_60
340
0
 70
     0
280
     1
281
     0
  0
BLOCK_RECORD
  5
1EE
330
1
100
AcDbSymbolTableRecord
100
AcDbBlockTableRecord
  2
KREST_61
340
0
 70
     0
280
     1
281
     0
  0
BLOCK_RECORD
  5
1F4
330
1
100
AcDbSymbolTableRecord
100
AcDbBlockTableRecord
  2
KREST_62
340
0
 70
     0
280
     1
281
     0
  0
BLOCK_RECORD
  5
1FA
330
1
100
AcDbSymbolTableRecord
100
AcDbBlockTableRecord
  2
KREST_63
340
0
 70
     0
280
     1
281
     0
  0
BLOCK_RECORD
  5
200
330
1
100
AcDbSymbolTableRecord
100
AcDbBlockTableRecord
  2
KREST_64
340
0
 70
     0
280
     1
281
     0
  0
BLOCK_RECORD
  5
206
330
1
100
AcDbSymbolTableRecord
100
AcDbBlockTableRecord
  2
KREST_65
340
0
 70
     0
280
     1
281
     0
  0
BLOCK_RECORD
  5
20D
330
1
100
AcDbSymbolTableRecord
100
AcDbBlockTableRecord
  2
KREST_66
340
0
 70
     0
280
     1
281
     0
  0
BLOCK_RECORD
  5
213
330
1
100
AcDbSymbolTableRecord
100
AcDbBlockTableRecord
  2
KREST_67
340
0
 70
     0
280
     1
281
     0
  0
BLOCK_RECORD
  5
219
330
1
100
AcDbSymbolTableRecord
100
AcDbBlockTableRecord
  2
KREST_68
340
0
 70
     0
280
     1
281
     0
  0
BLOCK_RECORD
  5
21F
330
1
100
AcDbSymbolTableRecord
100
AcDbBlockTableRecord
  2
KREST_69
340
0
 70
     0
280
     1
281
     0
  0
BLOCK_RECORD
  5
225
330
1
100
AcDbSymbolTableRecord
100
AcDbBlockTableRecord
  2
KREST_70
340
0
 70
     0
280
     1
281
     0
  0
BLOCK_RECORD
  5
22B
330
1
100
AcDbSymbolTableRecord
100
AcDbBlockTableRecord
  2
KREST_71
340
0
 70
     0
280
     1
281
     0
  0
BLOCK_RECORD
  5
231
330
1
100
AcDbSymbolTableRecord
100
AcDbBlockTableRecord
  2
KREST_72
340
0
 70
     0
280
     1
281
     0
  0
BLOCK_RECORD
  5
237
330
1
100
AcDbSymbolTableRecord
100
AcDbBlockTableRecord
  2
KREST_73
340
0
 70
     0
280
     1
281
     0
  0
BLOCK_RECORD
  5
23D
330
1
100
AcDbSymbolTableRecord
100
AcDbBlockTableRecord
  2
KREST_74
340
0
 70
     0
280
     1
281
     0
  0
BLOCK_RECORD
  5
243
330
1
100
AcDbSymbolTableRecord
100
AcDbBlockTableRecord
  2
KREST_75
340
0
 70
     0
280
     1
281
     0
  0
BLOCK_RECORD
  5
249
330
1
100
AcDbSymbolTableRecord
100
AcDbBlockTableRecord
  2
KREST_76
340
0
 70
     0
280
     1
281
     0
  0
BLOCK_RECORD
  5
24F
330
1
100
AcDbSymbolTableRecord
100
AcDbBlockTableRecord
  2
KREST_77
340
0
 70
     0
280
     1
281
     0
  0
BLOCK_RECORD
  5
255
330
1
100
AcDbSymbolTableRecord
100
AcDbBlockTableRecord
  2
KREST_78
340
0
 70
     0
280
     1
281
     0
  0
BLOCK_RECORD
  5
25B
330
1
100
AcDbSymbolTableRecord
100
AcDbBlockTableRecord
  2
KREST_79
340
0
 70
     0
280
     1
281
     0
  0
BLOCK_RECORD
  5
261
330
1
100
AcDbSymbolTableRecord
100
AcDbBlockTableRecord
  2
KREST_80
340
0
 70
     0
280
     1
281
     0
  0
BLOCK_RECORD
  5
267
330
1
100
AcDbSymbolTableRecord
100
AcDbBlockTableRecord
  2
KREST_81
340
0
 70
     0
280
     1
281
     0
  0
BLOCK_RECORD
  5
26D
330
1
100
AcDbSymbolTableRecord
100
AcDbBlockTableRecord
  2
KREST_82
340
0
 70
     0
280
     1
281
     0
  0
BLOCK_RECORD
  5
273
330
1
100
AcDbSymbolTableRecord
100
AcDbBlockTableRecord
  2
KREST_83
340
0
 70
     0
280
     1
281
     0
  0
BLOCK_RECORD
  5
279
330
1
100
AcDbSymbolTableRecord
100
AcDbBlockTableRecord
  2
KREST_84
340
0
 70
     0
280
     1
281
     0
  0
BLOCK_RECORD
  5
27F
330
1
100
AcDbSymbolTableRecord
100
AcDbBlockTableRecord
  2
KREST_85
340
0
 70
     0
280
     1
281
     0
  0
BLOCK_RECORD
  5
285
330
1
100
AcDbSymbolTableRecord
100
AcDbBlockTableRecord
  2
KREST_86
340
0
 70
     0
280
     1
281
     0
  0
BLOCK_RECORD
  5
28B
330
1
100
AcDbSymbolTableRecord
100
AcDbBlockTableRecord
  2
KREST_87
340
0
 70
     0
280
     1
281
     0
  0
BLOCK_RECORD
  5
291
330
1
100
AcDbSymbolTableRecord
100
AcDbBlockTableRecord
  2
KREST_88
340
0
 70
     0
280
     1
281
     0
  0
BLOCK_RECORD
  5
297
330
1
100
AcDbSymbolTableRecord
100
AcDbBlockTableRecord
  2
KREST_89
340
0
 70
     0
280
     1
281
     0
  0
BLOCK_RECORD
  5
29D
330
1
100
AcDbSymbolTableRecord
100
AcDbBlockTableRecord
  2
KREST_90
340
0
 70
     0
280
     1
281
     0
  0
BLOCK_RECORD
  5
2A3
330
1
100
AcDbSymbolTableRecord
100
AcDbBlockTableRecord
  2
KREST_91
340
0
 70
     0
280
     1
281
     0
  0
BLOCK_RECORD
  5
2A9
330
1
100
AcDbSymbolTableRecord
100
AcDbBlockTableRecord
  2
KREST_92
340
0
 70
     0
280
     1
281
     0
  0
BLOCK_RECORD
  5
2AF
330
1
100
AcDbSymbolTableRecord
100
AcDbBlockTableRecord
  2
KREST_93
340
0
 70
     0
280
     1
281
     0
  0
BLOCK_RECORD
  5
2B5
330
1
100
AcDbSymbolTableRecord
100
AcDbBlockTableRecord
  2
KREST_94
340
0
 70
     0
280
     1
281
     0
  0
BLOCK_RECORD
  5
2BB
330
1
100
AcDbSymbolTableRecord
100
AcDbBlockTableRecord
  2
KREST_95
340
0
 70
     0
280
     1
281
     0
  0
BLOCK_RECORD
  5
2C2
330
1
100
AcDbSymbolTableRecord
100
AcDbBlockTableRecord
  2
KREST_96
340
0
 70
     0
280
     1
281
     0
  0
BLOCK_RECORD
  5
2C8
330
1
100
AcDbSymbolTableRecord
100
AcDbBlockTableRecord
  2
KREST_97
340
0
 70
     0
280
     1
281
     0
  0
BLOCK_RECORD
  5
2CE
330
1
100
AcDbSymbolTableRecord
100
AcDbBlockTableRecord
  2
KREST_98
340
0
 70
     0
280
     1
281
     0
  0
BLOCK_RECORD
  5
2D4
330
1
100
AcDbSymbolTableRecord
100
AcDbBlockTableRecord
  2
KREST_99
340
0
 70
     0
280
     1
281
     0
  0
BLOCK_RECORD
  5
2DA
330
1
100
AcDbSymbolTableRecord
100
AcDbBlockTableRecord
  2
KREST_100
340
0
 70
     0
280
     1
281
     0
  0
BLOCK_RECORD
  5
2E0
330
1
100
AcDbSymbolTableRecord
100
AcDbBlockTableRecord
  2
KREST_101
340
0
 70
     0
280
     1
281
     0
  0
BLOCK_RECORD
  5
2E6
330
1
100
AcDbSymbolTableRecord
100
AcDbBlockTableRecord
  2
KREST_102
340
0
 70
     0
280
     1
281
     0
  0
BLOCK_RECORD
  5
2EC
330
1
100
AcDbSymbolTableRecord
100
AcDbBlockTableRecord
  2
KREST_103
340
0
 70
     0
280
     1
281
     0
  0
BLOCK_RECORD
  5
2F2
330
1
100
AcDbSymbolTableRecord
100
AcDbBlockTableRecord
  2
KREST_104
340
0
 70
     0
280
     1
281
     0
  0
BLOCK_RECORD
  5
2F8
330
1
100
AcDbSymbolTableRecord
100
AcDbBlockTableRecord
  2
KREST_105
340
0
 70
     0
280
     1
281
     0
  0
BLOCK_RECORD
  5
2FE
330
1
100
AcDbSymbolTableRecord
100
AcDbBlockTableRecord
  2
KREST_106
340
0
 70
     0
280
     1
281
     0
  0
BLOCK_RECORD
  5
304
330
1
100
AcDbSymbolTableRecord
100
AcDbBlockTableRecord
  2
KREST_107
340
0
 70
     0
280
     1
281
     0
  0
BLOCK_RECORD
  5
30A
330
1
100
AcDbSymbolTableRecord
100
AcDbBlockTableRecord
  2
KREST_108
340
0
 70
     0
280
     1
281
     0
  0
BLOCK_RECORD
  5
310
330
1
100
AcDbSymbolTableRecord
100
AcDbBlockTableRecord
  2
KREST_109
340
0
 70
     0
280
     1
281
     0
  0
BLOCK_RECORD
  5
316
330
1
100
AcDbSymbolTableRecord
100
AcDbBlockTableRecord
  2
KREST_110
340
0
 70
     0
280
     1
281
     0
  0
BLOCK_RECORD
  5
31C
330
1
100
AcDbSymbolTableRecord
100
AcDbBlockTableRecord
  2
KREST_111
340
0
 70
     0
280
     1
281
     0
  0
BLOCK_RECORD
  5
322
330
1
100
AcDbSymbolTableRecord
100
AcDbBlockTableRecord
  2
KREST_112
340
0
 70
     0
280
     1
281
     0
  0
BLOCK_RECORD
  5
328
330
1
100
AcDbSymbolTableRecord
100
AcDbBlockTableRecord
  2
KREST_113
340
0
 70
     0
280
     1
281
     0
  0
BLOCK_RECORD
  5
32E
330
1
100
AcDbSymbolTableRecord
100
AcDbBlockTableRecord
  2
KREST_114
340
0
 70
     0
280
     1
281
     0
  0
BLOCK_RECORD
  5
334
330
1
100
AcDbSymbolTableRecord
100
AcDbBlockTableRecord
  2
KREST_115
340
0
 70
     0
280
     1
281
     0
  0
BLOCK_RECORD
  5
33A
330
1
100
AcDbSymbolTableRecord
100
AcDbBlockTableRecord
  2
KREST_116
340
0
 70
     0
280
     1
281
     0
  0
BLOCK_RECORD
  5
340
330
1
100
AcDbSymbolTableRecord
100
AcDbBlockTableRecord
  2
KREST_117
340
0
 70
     0
280
     1
281
     0
  0
BLOCK_RECORD
  5
346
330
1
100
AcDbSymbolTableRecord
100
AcDbBlockTableRecord
  2
KREST_118
340
0
 70
     0
280
     1
281
     0
  0
BLOCK_RECORD
  5
34C
330
1
100
AcDbSymbolTableRecord
100
AcDbBlockTableRecord
  2
KREST_119
340
0
 70
     0
280
     1
281
     0
  0
BLOCK_RECORD
  5
352
330
1
100
AcDbSymbolTableRecord
100
AcDbBlockTableRecord
  2
KREST_120
340
0
 70
     0
280
     1
281
     0
  0
BLOCK_RECORD
  5
358
330
1
100
AcDbSymbolTableRecord
100
AcDbBlockTableRecord
  2
KREST_121
340
0
 70
     0
280
     1
281
     0
  0
BLOCK_RECORD
  5
35E
330
1
100
AcDbSymbolTableRecord
100
AcDbBlockTableRecord
  2
KREST_122
340
0
 70
     0
280
     1
281
     0
  0
BLOCK_RECORD
  5
364
330
1
100
AcDbSymbolTableRecord
100
AcDbBlockTableRecord
  2
KREST_123
340
0
 70
     0
280
     1
281
     0
  0
BLOCK_RECORD
  5
36A
330
1
100
AcDbSymbolTableRecord
100
AcDbBlockTableRecord
  2
KREST_124
340
0
 70
     0
280
     1
281
     0
  0
BLOCK_RECORD
  5
370
330
1
100
AcDbSymbolTableRecord
100
AcDbBlockTableRecord
  2
KREST_125
340
0
 70
     0
280
     1
281
     0
  0
BLOCK_RECORD
  5
376
330
1
100
AcDbSymbolTableRecord
100
AcDbBlockTableRecord
  2
KREST_126
340
0
 70
     0
280
     1
281
     0
  0
BLOCK_RECORD
  5
37D
330
1
100
AcDbSymbolTableRecord
100
AcDbBlockTableRecord
  2
KREST_127
340
0
 70
     0
280
     1
281
     0
  0
BLOCK_RECORD
  5
383
330
1
100
AcDbSymbolTableRecord
100
AcDbBlockTableRecord
  2
KREST_128
340
0
 70
     0
280
     1
281
     0
  0
BLOCK_RECORD
  5
389
330
1
100
AcDbSymbolTableRecord
100
AcDbBlockTableRecord
  2
KREST_129
340
0
 70
     0
280
     1
281
     0
  0
BLOCK_RECORD
  5
38F
330
1
100
AcDbSymbolTableRecord
100
AcDbBlockTableRecord
  2
KREST_130
340
0
 70
     0
280
     1
281
     0
  0
BLOCK_RECORD
  5
395
330
1
100
AcDbSymbolTableRecord
100
AcDbBlockTableRecord
  2
KREST_131
340
0
 70
     0
280
     1
281
     0
  0
BLOCK_RECORD
  5
39B
330
1
100
AcDbSymbolTableRecord
100
AcDbBlockTableRecord
  2
KREST_132
340
0
 70
     0
280
     1
281
     0
  0
BLOCK_RECORD
  5
3A1
330
1
100
AcDbSymbolTableRecord
100
AcDbBlockTableRecord
  2
KREST_133
340
0
 70
     0
280
     1
281
     0
  0
BLOCK_RECORD
  5
3A7
330
1
100
AcDbSymbolTableRecord
100
AcDbBlockTableRecord
  2
KREST_134
340
0
 70
     0
280
     1
281
     0
  0
BLOCK_RECORD
  5
3AD
330
1
100
AcDbSymbolTableRecord
100
AcDbBlockTableRecord
  2
KREST_135
340
0
 70
     0
280
     1
281
     0
  0
BLOCK_RECORD
  5
3B3
330
1
100
AcDbSymbolTableRecord
100
AcDbBlockTableRecord
  2
KREST_136
340
0
 70
     0
280
     1
281
     0
  0
BLOCK_RECORD
  5
3B9
330
1
100
AcDbSymbolTableRecord
100
AcDbBlockTableRecord
  2
KREST_137
340
0
 70
     0
280
     1
281
     0
  0
BLOCK_RECORD
  5
3BF
330
1
100
AcDbSymbolTableRecord
100
AcDbBlockTableRecord
  2
KREST_138
340
0
 70
     0
280
     1
281
     0
  0
BLOCK_RECORD
  5
3C5
330
1
100
AcDbSymbolTableRecord
100
AcDbBlockTableRecord
  2
KREST_139
340
0
 70
     0
280
     1
281
     0
  0
BLOCK_RECORD
  5
3CB
330
1
100
AcDbSymbolTableRecord
100
AcDbBlockTableRecord
  2
KREST_140
340
0
 70
     0
280
     1
281
     0
  0
BLOCK_RECORD
  5
3D1
330
1
100
AcDbSymbolTableRecord
100
AcDbBlockTableRecord
  2
KREST_141
340
0
 70
     0
280
     1
281
     0
  0
BLOCK_RECORD
  5
3D7
330
1
100
AcDbSymbolTableRecord
100
AcDbBlockTableRecord
  2
KREST_142
340
0
 70
     0
280
     1
281
     0
  0
BLOCK_RECORD
  5
3DD
330
1
100
AcDbSymbolTableRecord
100
AcDbBlockTableRecord
  2
KREST_143
340
0
 70
     0
280
     1
281
     0
  0
BLOCK_RECORD
  5
3E3
330
1
100
AcDbSymbolTableRecord
100
AcDbBlockTableRecord
  2
KREST_144
340
0
 70
     0
280
     1
281
     0
  0
BLOCK_RECORD
  5
3E9
330
1
100
AcDbSymbolTableRecord
100
AcDbBlockTableRecord
  2
KREST_145
340
0
 70
     0
280
     1
281
     0
  0
BLOCK_RECORD
  5
3EF
330
1
100
AcDbSymbolTableRecord
100
AcDbBlockTableRecord
  2
KREST_146
340
0
 70
     0
280
     1
281
     0
  0
BLOCK_RECORD
  5
3F5
330
1
100
AcDbSymbolTableRecord
100
AcDbBlockTableRecord
  2
KREST_147
340
0
 70
     0
280
     1
281
     0
  0
BLOCK_RECORD
  5
3FB
330
1
100
AcDbSymbolTableRecord
100
AcDbBlockTableRecord
  2
KREST_148
340
0
 70
     0
280
     1
281
     0
  0
BLOCK_RECORD
  5
401
330
1
100
AcDbSymbolTableRecord
100
AcDbBlockTableRecord
  2
KREST_149
340
0
 70
     0
280
     1
281
     0
  0
BLOCK_RECORD
  5
407
330
1
100
AcDbSymbolTableRecord
100
AcDbBlockTableRecord
  2
KREST_150
340
0
 70
     0
280
     1
281
     0
  0
BLOCK_RECORD
  5
40D
330
1
100
AcDbSymbolTableRecord
100
AcDbBlockTableRecord
  2
KREST_151
340
0
 70
     0
280
     1
281
     0
  0
BLOCK_RECORD
  5
413
330
1
100
AcDbSymbolTableRecord
100
AcDbBlockTableRecord
  2
KREST_152
340
0
 70
     0
280
     1
281
     0
  0
BLOCK_RECORD
  5
419
330
1
100
AcDbSymbolTableRecord
100
AcDbBlockTableRecord
  2
KREST_153
340
0
 70
     0
280
     1
281
     0
  0
BLOCK_RECORD
  5
41F
330
1
100
AcDbSymbolTableRecord
100
AcDbBlockTableRecord
  2
KREST_154
340
0
 70
     0
280
     1
281
     0
  0
BLOCK_RECORD
  5
425
330
1
100
AcDbSymbolTableRecord
100
AcDbBlockTableRecord
  2
KREST_155
340
0
 70
     0
280
     1
281
     0
  0
BLOCK_RECORD
  5
42B
330
1
100
AcDbSymbolTableRecord
100
AcDbBlockTableRecord
  2
KREST_156
340
0
 70
     0
280
     1
281
     0
  0
BLOCK_RECORD
  5
432
330
1
100
AcDbSymbolTableRecord
100
AcDbBlockTableRecord
  2
KREST_157
340
0
 70
     0
280
     1
281
     0
  0
BLOCK_RECORD
  5
438
330
1
100
AcDbSymbolTableRecord
100
AcDbBlockTableRecord
  2
KREST_158
340
0
 70
     0
280
     1
281
     0
  0
BLOCK_RECORD
  5
43E
330
1
100
AcDbSymbolTableRecord
100
AcDbBlockTableRecord
  2
KREST_159
340
0
 70
     0
280
     1
281
     0
  0
BLOCK_RECORD
  5
444
330
1
100
AcDbSymbolTableRecord
100
AcDbBlockTableRecord
  2
KREST_160
340
0
 70
     0
280
     1
281
     0
  0
BLOCK_RECORD
  5
44A
330
1
100
AcDbSymbolTableRecord
100
AcDbBlockTableRecord
  2
KREST_161
340
0
 70
     0
280
     1
281
     0
  0
BLOCK_RECORD
  5
450
330
1
100
AcDbSymbolTableRecord
100
AcDbBlockTableRecord
  2
KREST_162
340
0
 70
     0
280
     1
281
     0
  0
BLOCK_RECORD
  5
456
330
1
100
AcDbSymbolTableRecord
100
AcDbBlockTableRecord
  2
KREST_163
340
0
 70
     0
280
     1
281
     0
  0
BLOCK_RECORD
  5
45C
330
1
100
AcDbSymbolTableRecord
100
AcDbBlockTableRecord
  2
KREST_164
340
0
 70
     0
280
     1
281
     0
  0
BLOCK_RECORD
  5
462
330
1
100
AcDbSymbolTableRecord
100
AcDbBlockTableRecord
  2
KREST_165
340
0
 70
     0
280
     1
281
     0
  0
BLOCK_RECORD
  5
468
330
1
100
AcDbSymbolTableRecord
100
AcDbBlockTableRecord
  2
KREST_166
340
0
 70
     0
280
     1
281
     0
  0
BLOCK_RECORD
  5
46E
330
1
100
AcDbSymbolTableRecord
100
AcDbBlockTableRecord
  2
KREST_167
340
0
 70
     0
280
     1
281
     0
  0
BLOCK_RECORD
  5
474
330
1
100
AcDbSymbolTableRecord
100
AcDbBlockTableRecord
  2
KREST_168
340
0
 70
     0
280
     1
281
     0
  0
BLOCK_RECORD
  5
47A
330
1
100
AcDbSymbolTableRecord
100
AcDbBlockTableRecord
  2
KREST_169
340
0
 70
     0
280
     1
281
     0
  0
BLOCK_RECORD
  5
480
330
1
100
AcDbSymbolTableRecord
100
AcDbBlockTableRecord
  2
KREST_170
340
0
 70
     0
280
     1
281
     0
  0
BLOCK_RECORD
  5
486
330
1
100
AcDbSymbolTableRecord
100
AcDbBlockTableRecord
  2
KREST_171
340
0
 70
     0
280
     1
281
     0
  0
BLOCK_RECORD
  5
48C
330
1
100
AcDbSymbolTableRecord
100
AcDbBlockTableRecord
  2
KREST_172
340
0
 70
     0
280
     1
281
     0
  0
BLOCK_RECORD
  5
492
330
1
100
AcDbSymbolTableRecord
100
AcDbBlockTableRecord
  2
KREST_173
340
0
 70
     0
280
     1
281
     0
  0
BLOCK_RECORD
  5
498
330
1
100
AcDbSymbolTableRecord
100
AcDbBlockTableRecord
  2
KREST_174
340
0
 70
     0
280
     1
281
     0
  0
BLOCK_RECORD
  5
49E
330
1
100
AcDbSymbolTableRecord
100
AcDbBlockTableRecord
  2
KREST_175
340
0
 70
     0
280
     1
281
     0
  0
BLOCK_RECORD
  5
4A4
330
1
100
AcDbSymbolTableRecord
100
AcDbBlockTableRecord
  2
KREST_176
340
0
 70
     0
280
     1
281
     0
  0
BLOCK_RECORD
  5
4AA
330
1
100
AcDbSymbolTableRecord
100
AcDbBlockTableRecord
  2
KREST_177
340
0
 70
     0
280
     1
281
     0
  0
BLOCK_RECORD
  5
4B0
330
1
100
AcDbSymbolTableRecord
100
AcDbBlockTableRecord
  2
KREST_178
340
0
 70
     0
280
     1
281
     0
  0
BLOCK_RECORD
  5
4B6
330
1
100
AcDbSymbolTableRecord
100
AcDbBlockTableRecord
  2
KREST_179
340
0
 70
     0
280
     1
281
     0
  0
BLOCK_RECORD
  5
4BC
330
1
100
AcDbSymbolTableRecord
100
AcDbBlockTableRecord
  2
KREST_180
340
0
 70
     0
280
     1
281
     0
  0
BLOCK_RECORD
  5
4C2
330
1
100
AcDbSymbolTableRecord
100
AcDbBlockTableRecord
  2
KREST_181
340
0
 70
     0
280
     1
281
     0
  0
BLOCK_RECORD
  5
4C8
330
1
100
AcDbSymbolTableRecord
100
AcDbBlockTableRecord
  2
KREST_182
340
0
 70
     0
280
     1
281
     0
  0
BLOCK_RECORD
  5
4CE
330
1
100
AcDbSymbolTableRecord
100
AcDbBlockTableRecord
  2
KREST_183
340
0
 70
     0
280
     1
281
     0
  0
BLOCK_RECORD
  5
4D4
330
1
100
AcDbSymbolTableRecord
100
AcDbBlockTableRecord
  2
KREST_184
340
0
 70
     0
280
     1
281
     0
  0
BLOCK_RECORD
  5
4DA
330
1
100
AcDbSymbolTableRecord
100
AcDbBlockTableRecord
  2
KREST_185
340
0
 70
     0
280
     1
281
     0
  0
BLOCK_RECORD
  5
4E0
330
1
100
AcDbSymbolTableRecord
100
AcDbBlockTableRecord
  2
KREST_186
340
0
 70
     0
280
     1
281
     0
  0
BLOCK_RECORD
  5
4E7
330
1
100
AcDbSymbolTableRecord
100
AcDbBlockTableRecord
  2
KREST_187
340
0
 70
     0
280
     1
281
     0
  0
BLOCK_RECORD
  5
4ED
330
1
100
AcDbSymbolTableRecord
100
AcDbBlockTableRecord
  2
KREST_188
340
0
 70
     0
280
     1
281
     0
  0
BLOCK_RECORD
  5
4F3
330
1
100
AcDbSymbolTableRecord
100
AcDbBlockTableRecord
  2
KREST_189
340
0
 70
     0
280
     1
281
     0
  0
BLOCK_RECORD
  5
4F9
330
1
100
AcDbSymbolTableRecord
100
AcDbBlockTableRecord
  2
KREST_190
340
0
 70
     0
280
     1
281
     0
  0
BLOCK_RECORD
  5
4FF
330
1
100
AcDbSymbolTableRecord
100
AcDbBlockTableRecord
  2
KREST_191
340
0
 70
     0
280
     1
281
     0
  0
BLOCK_RECORD
  5
505
330
1
100
AcDbSymbolTableRecord
100
AcDbBlockTableRecord
  2
KREST_192
340
0
 70
     0
280
     1
281
     0
  0
BLOCK_RECORD
  5
50B
330
1
100
AcDbSymbolTableRecord
100
AcDbBlockTableRecord
  2
KREST_193
340
0
 70
     0
280
     1
281
     0
  0
BLOCK_RECORD
  5
511
330
1
100
AcDbSymbolTableRecord
100
AcDbBlockTableRecord
  2
KREST_194
340
0
 70
     0
280
     1
281
     0
  0
BLOCK_RECORD
  5
517
330
1
100
AcDbSymbolTableRecord
100
AcDbBlockTableRecord
  2
KREST_195
340
0
 70
     0
280
     1
281
     0
  0
BLOCK_RECORD
  5
51D
330
1
100
AcDbSymbolTableRecord
100
AcDbBlockTableRecord
  2
KREST_196
340
0
 70
     0
280
     1
281
     0
  0
BLOCK_RECORD
  5
523
330
1
100
AcDbSymbolTableRecord
100
AcDbBlockTableRecord
  2
KREST_197
340
0
 70
     0
280
     1
281
     0
  0
BLOCK_RECORD
  5
529
330
1
100
AcDbSymbolTableRecord
100
AcDbBlockTableRecord
  2
KREST_198
340
0
 70
     0
280
     1
281
     0
  0
BLOCK_RECORD
  5
52F
330
1
100
AcDbSymbolTableRecord
100
AcDbBlockTableRecord
  2
KREST_199
340
0
 70
     0
280
     1
281
     0
  0
BLOCK_RECORD
  5
535
330
1
100
AcDbSymbolTableRecord
100
AcDbBlockTableRecord
  2
KREST_200
340
0
 70
     0
280
     1
281
     0
  0
BLOCK_RECORD
  5
53B
330
1
100
AcDbSymbolTableRecord
100
AcDbBlockTableRecord
  2
KREST_201
340
0
 70
     0
280
     1
281
     0
  0
BLOCK_RECORD
  5
541
330
1
100
AcDbSymbolTableRecord
100
AcDbBlockTableRecord
  2
KREST_202
340
0
 70
     0
280
     1
281
     0
  0
BLOCK_RECORD
  5
547
330
1
100
AcDbSymbolTableRecord
100
AcDbBlockTableRecord
  2
KREST_203
340
0
 70
     0
280
     1
281
     0
  0
BLOCK_RECORD
  5
54D
330
1
100
AcDbSymbolTableRecord
100
AcDbBlockTableRecord
  2
KREST_204
340
0
 70
     0
280
     1
281
     0
  0
BLOCK_RECORD
  5
553
330
1
100
AcDbSymbolTableRecord
100
AcDbBlockTableRecord
  2
KREST_205
340
0
 70
     0
280
     1
281
     0
  0
BLOCK_RECORD
  5
559
330
1
100
AcDbSymbolTableRecord
100
AcDbBlockTableRecord
  2
KREST_206
340
0
 70
     0
280
     1
281
     0
  0
BLOCK_RECORD
  5
55F
330
1
100
AcDbSymbolTableRecord
100
AcDbBlockTableRecord
  2
KREST_207
340
0
 70
     0
280
     1
281
     0
  0
BLOCK_RECORD
  5
565
330
1
100
AcDbSymbolTableRecord
100
AcDbBlockTableRecord
  2
KREST_208
340
0
 70
     0
280
     1
281
     0
  0
BLOCK_RECORD
  5
56B
330
1
100
AcDbSymbolTableRecord
100
AcDbBlockTableRecord
  2
KREST_209
340
0
 70
     0
280
     1
281
     0
  0
BLOCK_RECORD
  5
571
330
1
100
AcDbSymbolTableRecord
100
AcDbBlockTableRecord
  2
KREST_210
340
0
 70
     0
280
     1
281
     0
  0
BLOCK_RECORD
  5
577
330
1
100
AcDbSymbolTableRecord
100
AcDbBlockTableRecord
  2
KREST_211
340
0
 70
     0
280
     1
281
     0
  0
BLOCK_RECORD
  5
57D
330
1
100
AcDbSymbolTableRecord
100
AcDbBlockTableRecord
  2
KREST_212
340
0
 70
     0
280
     1
281
     0
  0
BLOCK_RECORD
  5
583
330
1
100
AcDbSymbolTableRecord
100
AcDbBlockTableRecord
  2
KREST_213
340
0
 70
     0
280
     1
281
     0
  0
BLOCK_RECORD
  5
589
330
1
100
AcDbSymbolTableRecord
100
AcDbBlockTableRecord
  2
KREST_214
340
0
 70
     0
280
     1
281
     0
  0
BLOCK_RECORD
  5
58F
330
1
100
AcDbSymbolTableRecord
100
AcDbBlockTableRecord
  2
KREST_215
340
0
 70
     0
280
     1
281
     0
  0
BLOCK_RECORD
  5
595
330
1
100
AcDbSymbolTableRecord
100
AcDbBlockTableRecord
  2
KREST_216
340
0
 70
     0
280
     1
281
     0
  0
BLOCK_RECORD
  5
59B
330
1
100
AcDbSymbolTableRecord
100
AcDbBlockTableRecord
  2
KREST_217
340
0
 70
     0
280
     1
281
     0
  0
BLOCK_RECORD
  5
5A1
330
1
100
AcDbSymbolTableRecord
100
AcDbBlockTableRecord
  2
KREST_218
340
0
 70
     0
280
     1
281
     0
  0
BLOCK_RECORD
  5
5A7
330
1
100
AcDbSymbolTableRecord
100
AcDbBlockTableRecord
  2
KREST_219
340
0
 70
     0
280
     1
281
     0
  0
BLOCK_RECORD
  5
5AD
330
1
100
AcDbSymbolTableRecord
100
AcDbBlockTableRecord
  2
KREST_220
340
0
 70
     0
280
     1
281
     0
  0
BLOCK_RECORD
  5
5B3
330
1
100
AcDbSymbolTableRecord
100
AcDbBlockTableRecord
  2
KREST_221
340
0
 70
     0
280
     1
281
     0
  0
BLOCK_RECORD
  5
5B9
330
1
100
AcDbSymbolTableRecord
100
AcDbBlockTableRecord
  2
KREST_222
340
0
 70
     0
280
     1
281
     0
  0
ENDTAB
  0
ENDSEC
  0
SECTION
  2
BLOCKS
  0
BLOCK
  5
3
330
2
100
AcDbEntity
  8
0
100
AcDbBlockBegin
  2
*Model_Space
 70
     0
 10
0.0
 20
0.0
 30
0.0
  3
*Model_Space
  1

  0
ENDBLK
  5
15
330
2
100
AcDbEntity
  8
0
100
AcDbBlockEnd
  0
BLOCK
  5
1B
330
1A
100
AcDbEntity
 67
     1
  8
0
100
AcDbBlockBegin
  2
*Paper_Space
 70
     0
 10
0.0
 20
0.0
 30
0.0
  3
*Paper_Space
  1

  0
ENDBLK
  5
1C
330
1A
100
AcDbEntity
 67
     1
  8
0
100
AcDbBlockEnd
  0
BLOCK
  5
4F
330
4E
100
AcDbEntity
  8
0
 62
     7
 48
0.4
370
    25
100
AcDbBlockBegin
  2
TerminatorOpen_0.5
 70
     0
 10
0.0
 20
0.0
 30
0.0
  3
TerminatorOpen_0.5
  1

  0
LINE
  5
50
330
4E
100
AcDbEntity
  8
0
  6
ByBlock
 62
     0
370
    -2
100
AcDbLine
 10
0.0
 20
0.0
 30
0.0
 11
-1.0
 21
0.0
 31
0.0
  0
LINE
  5
51
330
4E
100
AcDbEntity
  8
0
  6
ByBlock
 62
     0
370
    -2
100
AcDbLine
 10
0.0
 20
0.0
 30
0.0
 11
-1.0
 21
0.25
 31
0.0
  0
LINE
  5
52
330
4E
100
AcDbEntity
  8
0
  6
ByBlock
 62
     0
370
    -2
100
AcDbLine
 10
0.0
 20
0.0
 30
0.0
 11
-1.0
 21
-0.25
 31
0.0
  0
ENDBLK
  5
53
330
4E
100
AcDbEntity
  8
0
 62
     7
 48
0.4
370
    25
100
AcDbBlockEnd
  0
BLOCK
  5
80
330
7F
100
AcDbEntity
  8
0
 62
     7
 48
0.4
370
    25
100
AcDbBlockBegin
  2
KREST
 70
     0
 10
0.0
 20
0.0
 30
0.0
  3
KREST
  1

  0
LINE
  5
81
330
7F
100
AcDbEntity
  8
Координатные кресты
  6
Continuous
 62
     7
370
    25
100
AcDbLine
 10
-2.5
 20
0.0
 30
0.0
 11
2.5
 21
0.0
 31
0.0
  0
LINE
  5
82
330
7F
100
AcDbEntity
  8
Координатные кресты
  6
Continuous
 62
     7
370
    25
100
AcDbLine
 10
0.0
 20
-2.499999999999091
 30
0.0
 11
0.0
 21
2.500000000000909
 31
0.0
  0
ENDBLK
  5
83
330
7F
100
AcDbEntity
  8
0
 62
     7
 48
0.4
370
    25
100
AcDbBlockEnd
  0
BLOCK
  5
86
330
85
100
AcDbEntity
  8
0
 62
     7
 48
0.4
370
    25
100
AcDbBlockBegin
  2
KREST_1
 70
     0
 10
0.0
 20
0.0
 30
0.0
  3
KREST_1
  1

  0
LINE
  5
87
330
85
100
AcDbEntity
  8
Координатные кресты
  6
Continuous
 62
     7
370
    25
100
AcDbLine
 10
-2.5
 20
0.0
 30
0.0
 11
2.5
 21
0.0
 31
0.0
  0
LINE
  5
88
330
85
100
AcDbEntity
  8
Координатные кресты
  6
Continuous
 62
     7
370
    25
100
AcDbLine
 10
0.0
 20
-2.499999999999091
 30
0.0
 11
0.0
 21
2.500000000000909
 31
0.0
  0
ENDBLK
  5
89
330
85
100
AcDbEntity
  8
0
 62
     7
 48
0.4
370
    25
100
AcDbBlockEnd
  0
BLOCK
  5
8C
330
8B
100
AcDbEntity
  8
0
 62
     7
 48
0.4
370
    25
100
AcDbBlockBegin
  2
KREST_2
 70
     0
 10
0.0
 20
0.0
 30
0.0
  3
KREST_2
  1

  0
LINE
  5
8D
330
8B
100
AcDbEntity
  8
Координатные кресты
  6
Continuous
 62
     7
370
    25
100
AcDbLine
 10
-2.5
 20
0.0
 30
0.0
 11
2.5
 21
0.0
 31
0.0
  0
LINE
  5
8E
330
8B
100
AcDbEntity
  8
Координатные кресты
  6
Continuous
 62
     7
370
    25
100
AcDbLine
 10
0.0
 20
-2.499999999999091
 30
0.0
 11
0.0
 21
2.500000000000909
 31
0.0
  0
ENDBLK
  5
8F
330
8B
100
AcDbEntity
  8
0
 62
     7
 48
0.4
370
    25
100
AcDbBlockEnd
  0
BLOCK
  5
92
330
91
100
AcDbEntity
  8
0
 62
     7
 48
0.4
370
    25
100
AcDbBlockBegin
  2
KREST_3
 70
     0
 10
0.0
 20
0.0
 30
0.0
  3
KREST_3
  1

  0
LINE
  5
93
330
91
100
AcDbEntity
  8
Координатные кресты
  6
Continuous
 62
     7
370
    25
100
AcDbLine
 10
-2.5
 20
0.0
 30
0.0
 11
2.5
 21
0.0
 31
0.0
  0
LINE
  5
94
330
91
100
AcDbEntity
  8
Координатные кресты
  6
Continuous
 62
     7
370
    25
100
AcDbLine
 10
0.0
 20
-2.499999999999091
 30
0.0
 11
0.0
 21
2.500000000000909
 31
0.0
  0
ENDBLK
  5
95
330
91
100
AcDbEntity
  8
0
 62
     7
 48
0.4
370
    25
100
AcDbBlockEnd
  0
BLOCK
  5
98
330
97
100
AcDbEntity
  8
0
 62
     7
 48
0.4
370
    25
100
AcDbBlockBegin
  2
KREST_4
 70
     0
 10
0.0
 20
0.0
 30
0.0
  3
KREST_4
  1

  0
LINE
  5
99
330
97
100
AcDbEntity
  8
Координатные кресты
  6
Continuous
 62
     7
370
    25
100
AcDbLine
 10
-2.5
 20
0.0
 30
0.0
 11
2.5
 21
0.0
 31
0.0
  0
LINE
  5
9A
330
97
100
AcDbEntity
  8
Координатные кресты
  6
Continuous
 62
     7
370
    25
100
AcDbLine
 10
0.0
 20
-2.499999999999091
 30
0.0
 11
0.0
 21
2.500000000000909
 31
0.0
  0
ENDBLK
  5
9B
330
97
100
AcDbEntity
  8
0
 62
     7
 48
0.4
370
    25
100
AcDbBlockEnd
  0
BLOCK
  5
9E
330
9D
100
AcDbEntity
  8
0
 62
     7
 48
0.4
370
    25
100
AcDbBlockBegin
  2
KREST_5
 70
     0
 10
0.0
 20
0.0
 30
0.0
  3
KREST_5
  1

  0
LINE
  5
9F
330
9D
100
AcDbEntity
  8
Координатные кресты
  6
Continuous
 62
     7
370
    25
100
AcDbLine
 10
-2.5
 20
0.0
 30
0.0
 11
2.5
 21
0.0
 31
0.0
  0
LINE
  5
A0
330
9D
100
AcDbEntity
  8
Координатные кресты
  6
Continuous
 62
     7
370
    25
100
AcDbLine
 10
0.0
 20
-2.499999999999091
 30
0.0
 11
0.0
 21
2.500000000000909
 31
0.0
  0
ENDBLK
  5
A1
330
9D
100
AcDbEntity
  8
0
 62
     7
 48
0.4
370
    25
100
AcDbBlockEnd
  0
BLOCK
  5
A4
330
A3
100
AcDbEntity
  8
0
 62
     7
 48
0.4
370
    25
100
AcDbBlockBegin
  2
KREST_6
 70
     0
 10
0.0
 20
0.0
 30
0.0
  3
KREST_6
  1

  0
LINE
  5
A5
330
A3
100
AcDbEntity
  8
Координатные кресты
  6
Continuous
 62
     7
370
    25
100
AcDbLine
 10
-2.5
 20
0.0
 30
0.0
 11
2.5
 21
0.0
 31
0.0
  0
LINE
  5
A6
330
A3
100
AcDbEntity
  8
Координатные кресты
  6
Continuous
 62
     7
370
    25
100
AcDbLine
 10
0.0
 20
-2.499999999999091
 30
0.0
 11
0.0
 21
2.500000000000909
 31
0.0
  0
ENDBLK
  5
A7
330
A3
100
AcDbEntity
  8
0
 62
     7
 48
0.4
370
    25
100
AcDbBlockEnd
  0
BLOCK
  5
AA
330
A9
100
AcDbEntity
  8
0
 62
     7
 48
0.4
370
    25
100
AcDbBlockBegin
  2
KREST_7
 70
     0
 10
0.0
 20
0.0
 30
0.0
  3
KREST_7
  1

  0
LINE
  5
AB
330
A9
100
AcDbEntity
  8
Координатные кресты
  6
Continuous
 62
     7
370
    25
100
AcDbLine
 10
-2.5
 20
0.0
 30
0.0
 11
2.5
 21
0.0
 31
0.0
  0
LINE
  5
AC
330
A9
100
AcDbEntity
  8
Координатные кресты
  6
Continuous
 62
     7
370
    25
100
AcDbLine
 10
0.0
 20
-2.499999999999091
 30
0.0
 11
0.0
 21
2.500000000000909
 31
0.0
  0
ENDBLK
  5
AD
330
A9
100
AcDbEntity
  8
0
 62
     7
 48
0.4
370
    25
100
AcDbBlockEnd
  0
BLOCK
  5
B0
330
AF
100
AcDbEntity
  8
0
 62
     7
 48
0.4
370
    25
100
AcDbBlockBegin
  2
KREST_8
 70
     0
 10
0.0
 20
0.0
 30
0.0
  3
KREST_8
  1

  0
LINE
  5
B1
330
AF
100
AcDbEntity
  8
Координатные кресты
  6
Continuous
 62
     7
370
    25
100
AcDbLine
 10
-2.5
 20
0.0
 30
0.0
 11
2.5
 21
0.0
 31
0.0
  0
LINE
  5
B2
330
AF
100
AcDbEntity
  8
Координатные кресты
  6
Continuous
 62
     7
370
    25
100
AcDbLine
 10
0.0
 20
-2.499999999999091
 30
0.0
 11
0.0
 21
2.500000000000909
 31
0.0
  0
ENDBLK
  5
B3
330
AF
100
AcDbEntity
  8
0
 62
     7
 48
0.4
370
    25
100
AcDbBlockEnd
  0
BLOCK
  5
B6
330
B5
100
AcDbEntity
  8
0
 62
     7
 48
0.4
370
    25
100
AcDbBlockBegin
  2
KREST_9
 70
     0
 10
0.0
 20
0.0
 30
0.0
  3
KREST_9
  1

  0
LINE
  5
B7
330
B5
100
AcDbEntity
  8
Координатные кресты
  6
Continuous
 62
     7
370
    25
100
AcDbLine
 10
-2.5
 20
0.0
 30
0.0
 11
2.5
 21
0.0
 31
0.0
  0
LINE
  5
B8
330
B5
100
AcDbEntity
  8
Координатные кресты
  6
Continuous
 62
     7
370
    25
100
AcDbLine
 10
0.0
 20
-2.499999999999091
 30
0.0
 11
0.0
 21
2.500000000000909
 31
0.0
  0
ENDBLK
  5
B9
330
B5
100
AcDbEntity
  8
0
 62
     7
 48
0.4
370
    25
100
AcDbBlockEnd
  0
BLOCK
  5
BC
330
BB
100
AcDbEntity
  8
0
 62
     7
 48
0.4
370
    25
100
AcDbBlockBegin
  2
KREST_10
 70
     0
 10
0.0
 20
0.0
 30
0.0
  3
KREST_10
  1

  0
LINE
  5
BD
330
BB
100
AcDbEntity
  8
Координатные кресты
  6
Continuous
 62
     7
370
    25
100
AcDbLine
 10
-2.5
 20
0.0
 30
0.0
 11
2.5
 21
0.0
 31
0.0
  0
LINE
  5
BE
330
BB
100
AcDbEntity
  8
Координатные кресты
  6
Continuous
 62
     7
370
    25
100
AcDbLine
 10
0.0
 20
-2.499999999999091
 30
0.0
 11
0.0
 21
2.500000000000909
 31
0.0
  0
ENDBLK
  5
BF
330
BB
100
AcDbEntity
  8
0
 62
     7
 48
0.4
370
    25
100
AcDbBlockEnd
  0
BLOCK
  5
C2
330
C1
100
AcDbEntity
  8
0
 62
     7
 48
0.4
370
    25
100
AcDbBlockBegin
  2
KREST_11
 70
     0
 10
0.0
 20
0.0
 30
0.0
  3
KREST_11
  1

  0
LINE
  5
C3
330
C1
100
AcDbEntity
  8
Координатные кресты
  6
Continuous
 62
     7
370
    25
100
AcDbLine
 10
-2.5
 20
0.0
 30
0.0
 11
2.5
 21
0.0
 31
0.0
  0
LINE
  5
C4
330
C1
100
AcDbEntity
  8
Координатные кресты
  6
Continuous
 62
     7
370
    25
100
AcDbLine
 10
0.0
 20
-2.499999999999091
 30
0.0
 11
0.0
 21
2.500000000000909
 31
0.0
  0
ENDBLK
  5
C5
330
C1
100
AcDbEntity
  8
0
 62
     7
 48
0.4
370
    25
100
AcDbBlockEnd
  0
BLOCK
  5
C8
330
C7
100
AcDbEntity
  8
0
 62
     7
 48
0.4
370
    25
100
AcDbBlockBegin
  2
KREST_12
 70
     0
 10
0.0
 20
0.0
 30
0.0
  3
KREST_12
  1

  0
LINE
  5
C9
330
C7
100
AcDbEntity
  8
Координатные кресты
  6
Continuous
 62
     7
370
    25
100
AcDbLine
 10
-2.5
 20
0.0
 30
0.0
 11
2.5
 21
0.0
 31
0.0
  0
LINE
  5
CA
330
C7
100
AcDbEntity
  8
Координатные кресты
  6
Continuous
 62
     7
370
    25
100
AcDbLine
 10
0.0
 20
-2.499999999999091
 30
0.0
 11
0.0
 21
2.500000000000909
 31
0.0
  0
ENDBLK
  5
CB
330
C7
100
AcDbEntity
  8
0
 62
     7
 48
0.4
370
    25
100
AcDbBlockEnd
  0
BLOCK
  5
CE
330
CD
100
AcDbEntity
  8
0
 62
     7
 48
0.4
370
    25
100
AcDbBlockBegin
  2
KREST_13
 70
     0
 10
0.0
 20
0.0
 30
0.0
  3
KREST_13
  1

  0
LINE
  5
CF
330
CD
100
AcDbEntity
  8
Координатные кресты
  6
Continuous
 62
     7
370
    25
100
AcDbLine
 10
-2.5
 20
0.0
 30
0.0
 11
2.5
 21
0.0
 31
0.0
  0
LINE
  5
D0
330
CD
100
AcDbEntity
  8
Координатные кресты
  6
Continuous
 62
     7
370
    25
100
AcDbLine
 10
0.0
 20
-2.499999999999091
 30
0.0
 11
0.0
 21
2.500000000000909
 31
0.0
  0
ENDBLK
  5
D1
330
CD
100
AcDbEntity
  8
0
 62
     7
 48
0.4
370
    25
100
AcDbBlockEnd
  0
BLOCK
  5
D4
330
D3
100
AcDbEntity
  8
0
 62
     7
 48
0.4
370
    25
100
AcDbBlockBegin
  2
KREST_14
 70
     0
 10
0.0
 20
0.0
 30
0.0
  3
KREST_14
  1

  0
LINE
  5
D5
330
D3
100
AcDbEntity
  8
Координатные кресты
  6
Continuous
 62
     7
370
    25
100
AcDbLine
 10
-2.5
 20
0.0
 30
0.0
 11
2.5
 21
0.0
 31
0.0
  0
LINE
  5
D6
330
D3
100
AcDbEntity
  8
Координатные кресты
  6
Continuous
 62
     7
370
    25
100
AcDbLine
 10
0.0
 20
-2.499999999999091
 30
0.0
 11
0.0
 21
2.500000000000909
 31
0.0
  0
ENDBLK
  5
D7
330
D3
100
AcDbEntity
  8
0
 62
     7
 48
0.4
370
    25
100
AcDbBlockEnd
  0
BLOCK
  5
DA
330
D9
100
AcDbEntity
  8
0
 62
     7
 48
0.4
370
    25
100
AcDbBlockBegin
  2
KREST_15
 70
     0
 10
0.0
 20
0.0
 30
0.0
  3
KREST_15
  1

  0
LINE
  5
DB
330
D9
100
AcDbEntity
  8
Координатные кресты
  6
Continuous
 62
     7
370
    25
100
AcDbLine
 10
-2.5
 20
0.0
 30
0.0
 11
2.5
 21
0.0
 31
0.0
  0
LINE
  5
DC
330
D9
100
AcDbEntity
  8
Координатные кресты
  6
Continuous
 62
     7
370
    25
100
AcDbLine
 10
0.0
 20
-2.499999999999091
 30
0.0
 11
0.0
 21
2.500000000000909
 31
0.0
  0
ENDBLK
  5
DD
330
D9
100
AcDbEntity
  8
0
 62
     7
 48
0.4
370
    25
100
AcDbBlockEnd
  0
BLOCK
  5
E0
330
DF
100
AcDbEntity
  8
0
 62
     7
 48
0.4
370
    25
100
AcDbBlockBegin
  2
KREST_16
 70
     0
 10
0.0
 20
0.0
 30
0.0
  3
KREST_16
  1

  0
LINE
  5
E1
330
DF
100
AcDbEntity
  8
Координатные кресты
  6
Continuous
 62
     7
370
    25
100
AcDbLine
 10
-2.5
 20
0.0
 30
0.0
 11
2.5
 21
0.0
 31
0.0
  0
LINE
  5
E2
330
DF
100
AcDbEntity
  8
Координатные кресты
  6
Continuous
 62
     7
370
    25
100
AcDbLine
 10
0.0
 20
-2.499999999999091
 30
0.0
 11
0.0
 21
2.500000000000909
 31
0.0
  0
ENDBLK
  5
E3
330
DF
100
AcDbEntity
  8
0
 62
     7
 48
0.4
370
    25
100
AcDbBlockEnd
  0
BLOCK
  5
E6
330
E5
100
AcDbEntity
  8
0
 62
     7
 48
0.4
370
    25
100
AcDbBlockBegin
  2
KREST_17
 70
     0
 10
0.0
 20
0.0
 30
0.0
  3
KREST_17
  1

  0
LINE
  5
E7
330
E5
100
AcDbEntity
  8
Координатные кресты
  6
Continuous
 62
     7
370
    25
100
AcDbLine
 10
-2.5
 20
0.0
 30
0.0
 11
2.5
 21
0.0
 31
0.0
  0
LINE
  5
E8
330
E5
100
AcDbEntity
  8
Координатные кресты
  6
Continuous
 62
     7
370
    25
100
AcDbLine
 10
0.0
 20
-2.499999999999091
 30
0.0
 11
0.0
 21
2.500000000000909
 31
0.0
  0
ENDBLK
  5
E9
330
E5
100
AcDbEntity
  8
0
 62
     7
 48
0.4
370
    25
100
AcDbBlockEnd
  0
BLOCK
  5
EC
330
EB
100
AcDbEntity
  8
0
 62
     7
 48
0.4
370
    25
100
AcDbBlockBegin
  2
KREST_18
 70
     0
 10
0.0
 20
0.0
 30
0.0
  3
KREST_18
  1

  0
LINE
  5
ED
330
EB
100
AcDbEntity
  8
Координатные кресты
  6
Continuous
 62
     7
370
    25
100
AcDbLine
 10
-2.5
 20
0.0
 30
0.0
 11
2.5
 21
0.0
 31
0.0
  0
LINE
  5
EE
330
EB
100
AcDbEntity
  8
Координатные кресты
  6
Continuous
 62
     7
370
    25
100
AcDbLine
 10
0.0
 20
-2.499999999999091
 30
0.0
 11
0.0
 21
2.500000000000909
 31
0.0
  0
ENDBLK
  5
EF
330
EB
100
AcDbEntity
  8
0
 62
     7
 48
0.4
370
    25
100
AcDbBlockEnd
  0
BLOCK
  5
F2
330
F1
100
AcDbEntity
  8
0
 62
     7
 48
0.4
370
    25
100
AcDbBlockBegin
  2
KREST_19
 70
     0
 10
0.0
 20
0.0
 30
0.0
  3
KREST_19
  1

  0
LINE
  5
F3
330
F1
100
AcDbEntity
  8
Координатные кресты
  6
Continuous
 62
     7
370
    25
100
AcDbLine
 10
-2.5
 20
0.0
 30
0.0
 11
2.5
 21
0.0
 31
0.0
  0
LINE
  5
F4
330
F1
100
AcDbEntity
  8
Координатные кресты
  6
Continuous
 62
     7
370
    25
100
AcDbLine
 10
0.0
 20
-2.499999999999091
 30
0.0
 11
0.0
 21
2.500000000000909
 31
0.0
  0
ENDBLK
  5
F5
330
F1
100
AcDbEntity
  8
0
 62
     7
 48
0.4
370
    25
100
AcDbBlockEnd
  0
BLOCK
  5
F8
330
F7
100
AcDbEntity
  8
0
 62
     7
 48
0.4
370
    25
100
AcDbBlockBegin
  2
KREST_20
 70
     0
 10
0.0
 20
0.0
 30
0.0
  3
KREST_20
  1

  0
LINE
  5
F9
330
F7
100
AcDbEntity
  8
Координатные кресты
  6
Continuous
 62
     7
370
    25
100
AcDbLine
 10
-2.5
 20
0.0
 30
0.0
 11
2.5
 21
0.0
 31
0.0
  0
LINE
  5
FA
330
F7
100
AcDbEntity
  8
Координатные кресты
  6
Continuous
 62
     7
370
    25
100
AcDbLine
 10
0.0
 20
-2.499999999999091
 30
0.0
 11
0.0
 21
2.500000000000909
 31
0.0
  0
ENDBLK
  5
FB
330
F7
100
AcDbEntity
  8
0
 62
     7
 48
0.4
370
    25
100
AcDbBlockEnd
  0
BLOCK
  5
FE
330
FD
100
AcDbEntity
  8
0
 62
     7
 48
0.4
370
    25
100
AcDbBlockBegin
  2
KREST_21
 70
     0
 10
0.0
 20
0.0
 30
0.0
  3
KREST_21
  1

  0
LINE
  5
FF
330
FD
100
AcDbEntity
  8
Координатные кресты
  6
Continuous
 62
     7
370
    25
100
AcDbLine
 10
-2.5
 20
0.0
 30
0.0
 11
2.5
 21
0.0
 31
0.0
  0
LINE
  5
100
330
FD
100
AcDbEntity
  8
Координатные кресты
  6
Continuous
 62
     7
370
    25
100
AcDbLine
 10
0.0
 20
-2.499999999999091
 30
0.0
 11
0.0
 21
2.500000000000909
 31
0.0
  0
ENDBLK
  5
101
330
FD
100
AcDbEntity
  8
0
 62
     7
 48
0.4
370
    25
100
AcDbBlockEnd
  0
BLOCK
  5
104
330
103
100
AcDbEntity
  8
0
 62
     7
 48
0.4
370
    25
100
AcDbBlockBegin
  2
KREST_22
 70
     0
 10
0.0
 20
0.0
 30
0.0
  3
KREST_22
  1

  0
LINE
  5
105
330
103
100
AcDbEntity
  8
Координатные кресты
  6
Continuous
 62
     7
370
    25
100
AcDbLine
 10
-2.5
 20
0.0
 30
0.0
 11
2.5
 21
0.0
 31
0.0
  0
LINE
  5
106
330
103
100
AcDbEntity
  8
Координатные кресты
  6
Continuous
 62
     7
370
    25
100
AcDbLine
 10
0.0
 20
-2.499999999999091
 30
0.0
 11
0.0
 21
2.500000000000909
 31
0.0
  0
ENDBLK
  5
107
330
103
100
AcDbEntity
  8
0
 62
     7
 48
0.4
370
    25
100
AcDbBlockEnd
  0
BLOCK
  5
10A
330
109
100
AcDbEntity
  8
0
 62
     7
 48
0.4
370
    25
100
AcDbBlockBegin
  2
KREST_23
 70
     0
 10
0.0
 20
0.0
 30
0.0
  3
KREST_23
  1

  0
LINE
  5
10B
330
109
100
AcDbEntity
  8
Координатные кресты
  6
Continuous
 62
     7
370
    25
100
AcDbLine
 10
-2.5
 20
0.0
 30
0.0
 11
2.5
 21
0.0
 31
0.0
  0
LINE
  5
10C
330
109
100
AcDbEntity
  8
Координатные кресты
  6
Continuous
 62
     7
370
    25
100
AcDbLine
 10
0.0
 20
-2.499999999999091
 30
0.0
 11
0.0
 21
2.500000000000909
 31
0.0
  0
ENDBLK
  5
10D
330
109
100
AcDbEntity
  8
0
 62
     7
 48
0.4
370
    25
100
AcDbBlockEnd
  0
BLOCK
  5
110
330
10F
100
AcDbEntity
  8
0
 62
     7
 48
0.4
370
    25
100
AcDbBlockBegin
  2
KREST_24
 70
     0
 10
0.0
 20
0.0
 30
0.0
  3
KREST_24
  1

  0
LINE
  5
111
330
10F
100
AcDbEntity
  8
Координатные кресты
  6
Continuous
 62
     7
370
    25
100
AcDbLine
 10
-2.5
 20
0.0
 30
0.0
 11
2.5
 21
0.0
 31
0.0
  0
LINE
  5
112
330
10F
100
AcDbEntity
  8
Координатные кресты
  6
Continuous
 62
     7
370
    25
100
AcDbLine
 10
0.0
 20
-2.499999999999091
 30
0.0
 11
0.0
 21
2.500000000000909
 31
0.0
  0
ENDBLK
  5
113
330
10F
100
AcDbEntity
  8
0
 62
     7
 48
0.4
370
    25
100
AcDbBlockEnd
  0
BLOCK
  5
116
330
115
100
AcDbEntity
  8
0
 62
     7
 48
0.4
370
    25
100
AcDbBlockBegin
  2
KREST_25
 70
     0
 10
0.0
 20
0.0
 30
0.0
  3
KREST_25
  1

  0
LINE
  5
117
330
115
100
AcDbEntity
  8
Координатные кресты
  6
Continuous
 62
     7
370
    25
100
AcDbLine
 10
-2.5
 20
0.0
 30
0.0
 11
2.5
 21
0.0
 31
0.0
  0
LINE
  5
118
330
115
100
AcDbEntity
  8
Координатные кресты
  6
Continuous
 62
     7
370
    25
100
AcDbLine
 10
0.0
 20
-2.499999999999091
 30
0.0
 11
0.0
 21
2.500000000000909
 31
0.0
  0
ENDBLK
  5
119
330
115
100
AcDbEntity
  8
0
 62
     7
 48
0.4
370
    25
100
AcDbBlockEnd
  0
BLOCK
  5
11C
330
11B
100
AcDbEntity
  8
0
 62
     7
 48
0.4
370
    25
100
AcDbBlockBegin
  2
KREST_26
 70
     0
 10
0.0
 20
0.0
 30
0.0
  3
KREST_26
  1

  0
LINE
  5
11D
330
11B
100
AcDbEntity
  8
Координатные кресты
  6
Continuous
 62
     7
370
    25
100
AcDbLine
 10
-2.5
 20
0.0
 30
0.0
 11
2.5
 21
0.0
 31
0.0
  0
LINE
  5
11E
330
11B
100
AcDbEntity
  8
Координатные кресты
  6
Continuous
 62
     7
370
    25
100
AcDbLine
 10
0.0
 20
-2.499999999999091
 30
0.0
 11
0.0
 21
2.500000000000909
 31
0.0
  0
ENDBLK
  5
11F
330
11B
100
AcDbEntity
  8
0
 62
     7
 48
0.4
370
    25
100
AcDbBlockEnd
  0
BLOCK
  5
122
330
121
100
AcDbEntity
  8
0
 62
     7
 48
0.4
370
    25
100
AcDbBlockBegin
  2
KREST_27
 70
     0
 10
0.0
 20
0.0
 30
0.0
  3
KREST_27
  1

  0
LINE
  5
123
330
121
100
AcDbEntity
  8
Координатные кресты
  6
Continuous
 62
     7
370
    25
100
AcDbLine
 10
-2.5
 20
0.0
 30
0.0
 11
2.5
 21
0.0
 31
0.0
  0
LINE
  5
124
330
121
100
AcDbEntity
  8
Координатные кресты
  6
Continuous
 62
     7
370
    25
100
AcDbLine
 10
0.0
 20
-2.499999999999091
 30
0.0
 11
0.0
 21
2.500000000000909
 31
0.0
  0
ENDBLK
  5
125
330
121
100
AcDbEntity
  8
0
 62
     7
 48
0.4
370
    25
100
AcDbBlockEnd
  0
BLOCK
  5
128
330
127
100
AcDbEntity
  8
0
 62
     7
 48
0.4
370
    25
100
AcDbBlockBegin
  2
KREST_28
 70
     0
 10
0.0
 20
0.0
 30
0.0
  3
KREST_28
  1

  0
LINE
  5
129
330
127
100
AcDbEntity
  8
Координатные кресты
  6
Continuous
 62
     7
370
    25
100
AcDbLine
 10
-2.5
 20
0.0
 30
0.0
 11
2.5
 21
0.0
 31
0.0
  0
LINE
  5
12A
330
127
100
AcDbEntity
  8
Координатные кресты
  6
Continuous
 62
     7
370
    25
100
AcDbLine
 10
0.0
 20
-2.499999999999091
 30
0.0
 11
0.0
 21
2.500000000000909
 31
0.0
  0
ENDBLK
  5
12B
330
127
100
AcDbEntity
  8
0
 62
     7
 48
0.4
370
    25
100
AcDbBlockEnd
  0
BLOCK
  5
12E
330
12D
100
AcDbEntity
  8
0
 62
     7
 48
0.4
370
    25
100
AcDbBlockBegin
  2
KREST_29
 70
     0
 10
0.0
 20
0.0
 30
0.0
  3
KREST_29
  1

  0
LINE
  5
12F
330
12D
100
AcDbEntity
  8
Координатные кресты
  6
Continuous
 62
     7
370
    25
100
AcDbLine
 10
-2.5
 20
0.0
 30
0.0
 11
2.5
 21
0.0
 31
0.0
  0
LINE
  5
130
330
12D
100
AcDbEntity
  8
Координатные кресты
  6
Continuous
 62
     7
370
    25
100
AcDbLine
 10
0.0
 20
-2.499999999999091
 30
0.0
 11
0.0
 21
2.500000000000909
 31
0.0
  0
ENDBLK
  5
131
330
12D
100
AcDbEntity
  8
0
 62
     7
 48
0.4
370
    25
100
AcDbBlockEnd
  0
BLOCK
  5
134
330
133
100
AcDbEntity
  8
0
 62
     7
 48
0.4
370
    25
100
AcDbBlockBegin
  2
KREST_30
 70
     0
 10
0.0
 20
0.0
 30
0.0
  3
KREST_30
  1

  0
LINE
  5
135
330
133
100
AcDbEntity
  8
Координатные кресты
  6
Continuous
 62
     7
370
    25
100
AcDbLine
 10
-2.5
 20
0.0
 30
0.0
 11
2.5
 21
0.0
 31
0.0
  0
LINE
  5
136
330
133
100
AcDbEntity
  8
Координатные кресты
  6
Continuous
 62
     7
370
    25
100
AcDbLine
 10
0.0
 20
-2.499999999999091
 30
0.0
 11
0.0
 21
2.500000000000909
 31
0.0
  0
ENDBLK
  5
137
330
133
100
AcDbEntity
  8
0
 62
     7
 48
0.4
370
    25
100
AcDbBlockEnd
  0
BLOCK
  5
13A
330
139
100
AcDbEntity
  8
0
 62
     7
 48
0.4
370
    25
100
AcDbBlockBegin
  2
KREST_31
 70
     0
 10
0.0
 20
0.0
 30
0.0
  3
KREST_31
  1

  0
LINE
  5
13B
330
139
100
AcDbEntity
  8
Координатные кресты
  6
Continuous
 62
     7
370
    25
100
AcDbLine
 10
-2.5
 20
0.0
 30
0.0
 11
2.5
 21
0.0
 31
0.0
  0
LINE
  5
13C
330
139
100
AcDbEntity
  8
Координатные кресты
  6
Continuous
 62
     7
370
    25
100
AcDbLine
 10
0.0
 20
-2.499999999999091
 30
0.0
 11
0.0
 21
2.500000000000909
 31
0.0
  0
ENDBLK
  5
13D
330
139
100
AcDbEntity
  8
0
 62
     7
 48
0.4
370
    25
100
AcDbBlockEnd
  0
BLOCK
  5
140
330
13F
100
AcDbEntity
  8
0
 62
     7
 48
0.4
370
    25
100
AcDbBlockBegin
  2
KREST_32
 70
     0
 10
0.0
 20
0.0
 30
0.0
  3
KREST_32
  1

  0
LINE
  5
141
330
13F
100
AcDbEntity
  8
Координатные кресты
  6
Continuous
 62
     7
370
    25
100
AcDbLine
 10
-2.5
 20
0.0
 30
0.0
 11
2.5
 21
0.0
 31
0.0
  0
LINE
  5
142
330
13F
100
AcDbEntity
  8
Координатные кресты
  6
Continuous
 62
     7
370
    25
100
AcDbLine
 10
0.0
 20
-2.499999999999091
 30
0.0
 11
0.0
 21
2.500000000000909
 31
0.0
  0
ENDBLK
  5
143
330
13F
100
AcDbEntity
  8
0
 62
     7
 48
0.4
370
    25
100
AcDbBlockEnd
  0
BLOCK
  5
146
330
145
100
AcDbEntity
  8
0
 62
     7
 48
0.4
370
    25
100
AcDbBlockBegin
  2
KREST_33
 70
     0
 10
0.0
 20
0.0
 30
0.0
  3
KREST_33
  1

  0
LINE
  5
147
330
145
100
AcDbEntity
  8
Координатные кресты
  6
Continuous
 62
     7
370
    25
100
AcDbLine
 10
-2.5
 20
0.0
 30
0.0
 11
2.5
 21
0.0
 31
0.0
  0
LINE
  5
148
330
145
100
AcDbEntity
  8
Координатные кресты
  6
Continuous
 62
     7
370
    25
100
AcDbLine
 10
0.0
 20
-2.499999999999091
 30
0.0
 11
0.0
 21
2.500000000000909
 31
0.0
  0
ENDBLK
  5
149
330
145
100
AcDbEntity
  8
0
 62
     7
 48
0.4
370
    25
100
AcDbBlockEnd
  0
BLOCK
  5
14C
330
14B
100
AcDbEntity
  8
0
 62
     7
 48
0.4
370
    25
100
AcDbBlockBegin
  2
KREST_34
 70
     0
 10
0.0
 20
0.0
 30
0.0
  3
KREST_34
  1

  0
LINE
  5
14D
330
14B
100
AcDbEntity
  8
Координатные кресты
  6
Continuous
 62
     7
370
    25
100
AcDbLine
 10
-2.5
 20
0.0
 30
0.0
 11
2.5
 21
0.0
 31
0.0
  0
LINE
  5
14E
330
14B
100
AcDbEntity
  8
Координатные кресты
  6
Continuous
 62
     7
370
    25
100
AcDbLine
 10
0.0
 20
-2.499999999999091
 30
0.0
 11
0.0
 21
2.500000000000909
 31
0.0
  0
ENDBLK
  5
14F
330
14B
100
AcDbEntity
  8
0
 62
     7
 48
0.4
370
    25
100
AcDbBlockEnd
  0
BLOCK
  5
152
330
151
100
AcDbEntity
  8
0
 62
     7
 48
0.4
370
    25
100
AcDbBlockBegin
  2
KREST_35
 70
     0
 10
0.0
 20
0.0
 30
0.0
  3
KREST_35
  1

  0
LINE
  5
153
330
151
100
AcDbEntity
  8
Координатные кресты
  6
Continuous
 62
     7
370
    25
100
AcDbLine
 10
-2.5
 20
0.0
 30
0.0
 11
2.5
 21
0.0
 31
0.0
  0
LINE
  5
154
330
151
100
AcDbEntity
  8
Координатные кресты
  6
Continuous
 62
     7
370
    25
100
AcDbLine
 10
0.0
 20
-2.499999999999091
 30
0.0
 11
0.0
 21
2.500000000000909
 31
0.0
  0
ENDBLK
  5
155
330
151
100
AcDbEntity
  8
0
 62
     7
 48
0.4
370
    25
100
AcDbBlockEnd
  0
BLOCK
  5
159
330
158
100
AcDbEntity
  8
0
 62
     7
 48
0.4
370
    25
100
AcDbBlockBegin
  2
KREST_36
 70
     0
 10
0.0
 20
0.0
 30
0.0
  3
KREST_36
  1

  0
LINE
  5
15A
330
158
100
AcDbEntity
  8
Координатные кресты
  6
Continuous
 62
     7
370
    25
100
AcDbLine
 10
-2.5
 20
0.0
 30
0.0
 11
2.5
 21
0.0
 31
0.0
  0
LINE
  5
15B
330
158
100
AcDbEntity
  8
Координатные кресты
  6
Continuous
 62
     7
370
    25
100
AcDbLine
 10
0.0
 20
-2.499999999999091
 30
0.0
 11
0.0
 21
2.500000000000909
 31
0.0
  0
ENDBLK
  5
15C
330
158
100
AcDbEntity
  8
0
 62
     7
 48
0.4
370
    25
100
AcDbBlockEnd
  0
BLOCK
  5
15F
330
15E
100
AcDbEntity
  8
0
 62
     7
 48
0.4
370
    25
100
AcDbBlockBegin
  2
KREST_37
 70
     0
 10
0.0
 20
0.0
 30
0.0
  3
KREST_37
  1

  0
LINE
  5
160
330
15E
100
AcDbEntity
  8
Координатные кресты
  6
Continuous
 62
     7
370
    25
100
AcDbLine
 10
-2.5
 20
0.0
 30
0.0
 11
2.5
 21
0.0
 31
0.0
  0
LINE
  5
161
330
15E
100
AcDbEntity
  8
Координатные кресты
  6
Continuous
 62
     7
370
    25
100
AcDbLine
 10
0.0
 20
-2.499999999999091
 30
0.0
 11
0.0
 21
2.500000000000909
 31
0.0
  0
ENDBLK
  5
162
330
15E
100
AcDbEntity
  8
0
 62
     7
 48
0.4
370
    25
100
AcDbBlockEnd
  0
BLOCK
  5
165
330
164
100
AcDbEntity
  8
0
 62
     7
 48
0.4
370
    25
100
AcDbBlockBegin
  2
KREST_38
 70
     0
 10
0.0
 20
0.0
 30
0.0
  3
KREST_38
  1

  0
LINE
  5
166
330
164
100
AcDbEntity
  8
Координатные кресты
  6
Continuous
 62
     7
370
    25
100
AcDbLine
 10
-2.5
 20
0.0
 30
0.0
 11
2.5
 21
0.0
 31
0.0
  0
LINE
  5
167
330
164
100
AcDbEntity
  8
Координатные кресты
  6
Continuous
 62
     7
370
    25
100
AcDbLine
 10
0.0
 20
-2.499999999999091
 30
0.0
 11
0.0
 21
2.500000000000909
 31
0.0
  0
ENDBLK
  5
168
330
164
100
AcDbEntity
  8
0
 62
     7
 48
0.4
370
    25
100
AcDbBlockEnd
  0
BLOCK
  5
16B
330
16A
100
AcDbEntity
  8
0
 62
     7
 48
0.4
370
    25
100
AcDbBlockBegin
  2
KREST_39
 70
     0
 10
0.0
 20
0.0
 30
0.0
  3
KREST_39
  1

  0
LINE
  5
16C
330
16A
100
AcDbEntity
  8
Координатные кресты
  6
Continuous
 62
     7
370
    25
100
AcDbLine
 10
-2.5
 20
0.0
 30
0.0
 11
2.5
 21
0.0
 31
0.0
  0
LINE
  5
16D
330
16A
100
AcDbEntity
  8
Координатные кресты
  6
Continuous
 62
     7
370
    25
100
AcDbLine
 10
0.0
 20
-2.499999999999091
 30
0.0
 11
0.0
 21
2.500000000000909
 31
0.0
  0
ENDBLK
  5
16E
330
16A
100
AcDbEntity
  8
0
 62
     7
 48
0.4
370
    25
100
AcDbBlockEnd
  0
BLOCK
  5
171
330
170
100
AcDbEntity
  8
0
 62
     7
 48
0.4
370
    25
100
AcDbBlockBegin
  2
KREST_40
 70
     0
 10
0.0
 20
0.0
 30
0.0
  3
KREST_40
  1

  0
LINE
  5
172
330
170
100
AcDbEntity
  8
Координатные кресты
  6
Continuous
 62
     7
370
    25
100
AcDbLine
 10
-2.5
 20
0.0
 30
0.0
 11
2.5
 21
0.0
 31
0.0
  0
LINE
  5
173
330
170
100
AcDbEntity
  8
Координатные кресты
  6
Continuous
 62
     7
370
    25
100
AcDbLine
 10
0.0
 20
-2.499999999999091
 30
0.0
 11
0.0
 21
2.500000000000909
 31
0.0
  0
ENDBLK
  5
174
330
170
100
AcDbEntity
  8
0
 62
     7
 48
0.4
370
    25
100
AcDbBlockEnd
  0
BLOCK
  5
177
330
176
100
AcDbEntity
  8
0
 62
     7
 48
0.4
370
    25
100
AcDbBlockBegin
  2
KREST_41
 70
     0
 10
0.0
 20
0.0
 30
0.0
  3
KREST_41
  1

  0
LINE
  5
178
330
176
100
AcDbEntity
  8
Координатные кресты
  6
Continuous
 62
     7
370
    25
100
AcDbLine
 10
-2.5
 20
0.0
 30
0.0
 11
2.5
 21
0.0
 31
0.0
  0
LINE
  5
179
330
176
100
AcDbEntity
  8
Координатные кресты
  6
Continuous
 62
     7
370
    25
100
AcDbLine
 10
0.0
 20
-2.499999999999091
 30
0.0
 11
0.0
 21
2.500000000000909
 31
0.0
  0
ENDBLK
  5
17A
330
176
100
AcDbEntity
  8
0
 62
     7
 48
0.4
370
    25
100
AcDbBlockEnd
  0
BLOCK
  5
17D
330
17C
100
AcDbEntity
  8
0
 62
     7
 48
0.4
370
    25
100
AcDbBlockBegin
  2
KREST_42
 70
     0
 10
0.0
 20
0.0
 30
0.0
  3
KREST_42
  1

  0
LINE
  5
17E
330
17C
100
AcDbEntity
  8
Координатные кресты
  6
Continuous
 62
     7
370
    25
100
AcDbLine
 10
-2.5
 20
0.0
 30
0.0
 11
2.5
 21
0.0
 31
0.0
  0
LINE
  5
17F
330
17C
100
AcDbEntity
  8
Координатные кресты
  6
Continuous
 62
     7
370
    25
100
AcDbLine
 10
0.0
 20
-2.499999999999091
 30
0.0
 11
0.0
 21
2.500000000000909
 31
0.0
  0
ENDBLK
  5
180
330
17C
100
AcDbEntity
  8
0
 62
     7
 48
0.4
370
    25
100
AcDbBlockEnd
  0
BLOCK
  5
183
330
182
100
AcDbEntity
  8
0
 62
     7
 48
0.4
370
    25
100
AcDbBlockBegin
  2
KREST_43
 70
     0
 10
0.0
 20
0.0
 30
0.0
  3
KREST_43
  1

  0
LINE
  5
184
330
182
100
AcDbEntity
  8
Координатные кресты
  6
Continuous
 62
     7
370
    25
100
AcDbLine
 10
-2.5
 20
0.0
 30
0.0
 11
2.5
 21
0.0
 31
0.0
  0
LINE
  5
185
330
182
100
AcDbEntity
  8
Координатные кресты
  6
Continuous
 62
     7
370
    25
100
AcDbLine
 10
0.0
 20
-2.499999999999091
 30
0.0
 11
0.0
 21
2.500000000000909
 31
0.0
  0
ENDBLK
  5
186
330
182
100
AcDbEntity
  8
0
 62
     7
 48
0.4
370
    25
100
AcDbBlockEnd
  0
BLOCK
  5
189
330
188
100
AcDbEntity
  8
0
 62
     7
 48
0.4
370
    25
100
AcDbBlockBegin
  2
KREST_44
 70
     0
 10
0.0
 20
0.0
 30
0.0
  3
KREST_44
  1

  0
LINE
  5
18A
330
188
100
AcDbEntity
  8
Координатные кресты
  6
Continuous
 62
     7
370
    25
100
AcDbLine
 10
-2.5
 20
0.0
 30
0.0
 11
2.5
 21
0.0
 31
0.0
  0
LINE
  5
18B
330
188
100
AcDbEntity
  8
Координатные кресты
  6
Continuous
 62
     7
370
    25
100
AcDbLine
 10
0.0
 20
-2.499999999999091
 30
0.0
 11
0.0
 21
2.500000000000909
 31
0.0
  0
ENDBLK
  5
18C
330
188
100
AcDbEntity
  8
0
 62
     7
 48
0.4
370
    25
100
AcDbBlockEnd
  0
BLOCK
  5
18F
330
18E
100
AcDbEntity
  8
0
 62
     7
 48
0.4
370
    25
100
AcDbBlockBegin
  2
KREST_45
 70
     0
 10
0.0
 20
0.0
 30
0.0
  3
KREST_45
  1

  0
LINE
  5
190
330
18E
100
AcDbEntity
  8
Координатные кресты
  6
Continuous
 62
     7
370
    25
100
AcDbLine
 10
-2.5
 20
0.0
 30
0.0
 11
2.5
 21
0.0
 31
0.0
  0
LINE
  5
191
330
18E
100
AcDbEntity
  8
Координатные кресты
  6
Continuous
 62
     7
370
    25
100
AcDbLine
 10
0.0
 20
-2.499999999999091
 30
0.0
 11
0.0
 21
2.500000000000909
 31
0.0
  0
ENDBLK
  5
192
330
18E
100
AcDbEntity
  8
0
 62
     7
 48
0.4
370
    25
100
AcDbBlockEnd
  0
BLOCK
  5
195
330
194
100
AcDbEntity
  8
0
 62
     7
 48
0.4
370
    25
100
AcDbBlockBegin
  2
KREST_46
 70
     0
 10
0.0
 20
0.0
 30
0.0
  3
KREST_46
  1

  0
LINE
  5
196
330
194
100
AcDbEntity
  8
Координатные кресты
  6
Continuous
 62
     7
370
    25
100
AcDbLine
 10
-2.5
 20
0.0
 30
0.0
 11
2.5
 21
0.0
 31
0.0
  0
LINE
  5
197
330
194
100
AcDbEntity
  8
Координатные кресты
  6
Continuous
 62
     7
370
    25
100
AcDbLine
 10
0.0
 20
-2.499999999999091
 30
0.0
 11
0.0
 21
2.500000000000909
 31
0.0
  0
ENDBLK
  5
198
330
194
100
AcDbEntity
  8
0
 62
     7
 48
0.4
370
    25
100
AcDbBlockEnd
  0
BLOCK
  5
19B
330
19A
100
AcDbEntity
  8
0
 62
     7
 48
0.4
370
    25
100
AcDbBlockBegin
  2
KREST_47
 70
     0
 10
0.0
 20
0.0
 30
0.0
  3
KREST_47
  1

  0
LINE
  5
19C
330
19A
100
AcDbEntity
  8
Координатные кресты
  6
Continuous
 62
     7
370
    25
100
AcDbLine
 10
-2.5
 20
0.0
 30
0.0
 11
2.5
 21
0.0
 31
0.0
  0
LINE
  5
19D
330
19A
100
AcDbEntity
  8
Координатные кресты
  6
Continuous
 62
     7
370
    25
100
AcDbLine
 10
0.0
 20
-2.499999999999091
 30
0.0
 11
0.0
 21
2.500000000000909
 31
0.0
  0
ENDBLK
  5
19E
330
19A
100
AcDbEntity
  8
0
 62
     7
 48
0.4
370
    25
100
AcDbBlockEnd
  0
BLOCK
  5
1A1
330
1A0
100
AcDbEntity
  8
0
 62
     7
 48
0.4
370
    25
100
AcDbBlockBegin
  2
KREST_48
 70
     0
 10
0.0
 20
0.0
 30
0.0
  3
KREST_48
  1

  0
LINE
  5
1A2
330
1A0
100
AcDbEntity
  8
Координатные кресты
  6
Continuous
 62
     7
370
    25
100
AcDbLine
 10
-2.5
 20
0.0
 30
0.0
 11
2.5
 21
0.0
 31
0.0
  0
LINE
  5
1A3
330
1A0
100
AcDbEntity
  8
Координатные кресты
  6
Continuous
 62
     7
370
    25
100
AcDbLine
 10
0.0
 20
-2.499999999999091
 30
0.0
 11
0.0
 21
2.500000000000909
 31
0.0
  0
ENDBLK
  5
1A4
330
1A0
100
AcDbEntity
  8
0
 62
     7
 48
0.4
370
    25
100
AcDbBlockEnd
  0
BLOCK
  5
1A7
330
1A6
100
AcDbEntity
  8
0
 62
     7
 48
0.4
370
    25
100
AcDbBlockBegin
  2
KREST_49
 70
     0
 10
0.0
 20
0.0
 30
0.0
  3
KREST_49
  1

  0
LINE
  5
1A8
330
1A6
100
AcDbEntity
  8
Координатные кресты
  6
Continuous
 62
     7
370
    25
100
AcDbLine
 10
-2.5
 20
0.0
 30
0.0
 11
2.5
 21
0.0
 31
0.0
  0
LINE
  5
1A9
330
1A6
100
AcDbEntity
  8
Координатные кресты
  6
Continuous
 62
     7
370
    25
100
AcDbLine
 10
0.0
 20
-2.499999999999091
 30
0.0
 11
0.0
 21
2.500000000000909
 31
0.0
  0
ENDBLK
  5
1AA
330
1A6
100
AcDbEntity
  8
0
 62
     7
 48
0.4
370
    25
100
AcDbBlockEnd
  0
BLOCK
  5
1AD
330
1AC
100
AcDbEntity
  8
0
 62
     7
 48
0.4
370
    25
100
AcDbBlockBegin
  2
KREST_50
 70
     0
 10
0.0
 20
0.0
 30
0.0
  3
KREST_50
  1

  0
LINE
  5
1AE
330
1AC
100
AcDbEntity
  8
Координатные кресты
  6
Continuous
 62
     7
370
    25
100
AcDbLine
 10
-2.5
 20
0.0
 30
0.0
 11
2.5
 21
0.0
 31
0.0
  0
LINE
  5
1AF
330
1AC
100
AcDbEntity
  8
Координатные кресты
  6
Continuous
 62
     7
370
    25
100
AcDbLine
 10
0.0
 20
-2.499999999999091
 30
0.0
 11
0.0
 21
2.500000000000909
 31
0.0
  0
ENDBLK
  5
1B0
330
1AC
100
AcDbEntity
  8
0
 62
     7
 48
0.4
370
    25
100
AcDbBlockEnd
  0
BLOCK
  5
1B3
330
1B2
100
AcDbEntity
  8
0
 62
     7
 48
0.4
370
    25
100
AcDbBlockBegin
  2
KREST_51
 70
     0
 10
0.0
 20
0.0
 30
0.0
  3
KREST_51
  1

  0
LINE
  5
1B4
330
1B2
100
AcDbEntity
  8
Координатные кресты
  6
Continuous
 62
     7
370
    25
100
AcDbLine
 10
-2.5
 20
0.0
 30
0.0
 11
2.5
 21
0.0
 31
0.0
  0
LINE
  5
1B5
330
1B2
100
AcDbEntity
  8
Координатные кресты
  6
Continuous
 62
     7
370
    25
100
AcDbLine
 10
0.0
 20
-2.499999999999091
 30
0.0
 11
0.0
 21
2.500000000000909
 31
0.0
  0
ENDBLK
  5
1B6
330
1B2
100
AcDbEntity
  8
0
 62
     7
 48
0.4
370
    25
100
AcDbBlockEnd
  0
BLOCK
  5
1B9
330
1B8
100
AcDbEntity
  8
0
 62
     7
 48
0.4
370
    25
100
AcDbBlockBegin
  2
KREST_52
 70
     0
 10
0.0
 20
0.0
 30
0.0
  3
KREST_52
  1

  0
LINE
  5
1BA
330
1B8
100
AcDbEntity
  8
Координатные кресты
  6
Continuous
 62
     7
370
    25
100
AcDbLine
 10
-2.5
 20
0.0
 30
0.0
 11
2.5
 21
0.0
 31
0.0
  0
LINE
  5
1BB
330
1B8
100
AcDbEntity
  8
Координатные кресты
  6
Continuous
 62
     7
370
    25
100
AcDbLine
 10
0.0
 20
-2.499999999999091
 30
0.0
 11
0.0
 21
2.500000000000909
 31
0.0
  0
ENDBLK
  5
1BC
330
1B8
100
AcDbEntity
  8
0
 62
     7
 48
0.4
370
    25
100
AcDbBlockEnd
  0
BLOCK
  5
1BF
330
1BE
100
AcDbEntity
  8
0
 62
     7
 48
0.4
370
    25
100
AcDbBlockBegin
  2
KREST_53
 70
     0
 10
0.0
 20
0.0
 30
0.0
  3
KREST_53
  1

  0
LINE
  5
1C0
330
1BE
100
AcDbEntity
  8
Координатные кресты
  6
Continuous
 62
     7
370
    25
100
AcDbLine
 10
-2.5
 20
0.0
 30
0.0
 11
2.5
 21
0.0
 31
0.0
  0
LINE
  5
1C1
330
1BE
100
AcDbEntity
  8
Координатные кресты
  6
Continuous
 62
     7
370
    25
100
AcDbLine
 10
0.0
 20
-2.499999999999091
 30
0.0
 11
0.0
 21
2.500000000000909
 31
0.0
  0
ENDBLK
  5
1C2
330
1BE
100
AcDbEntity
  8
0
 62
     7
 48
0.4
370
    25
100
AcDbBlockEnd
  0
BLOCK
  5
1C5
330
1C4
100
AcDbEntity
  8
0
 62
     7
 48
0.4
370
    25
100
AcDbBlockBegin
  2
KREST_54
 70
     0
 10
0.0
 20
0.0
 30
0.0
  3
KREST_54
  1

  0
LINE
  5
1C6
330
1C4
100
AcDbEntity
  8
Координатные кресты
  6
Continuous
 62
     7
370
    25
100
AcDbLine
 10
-2.5
 20
0.0
 30
0.0
 11
2.5
 21
0.0
 31
0.0
  0
LINE
  5
1C7
330
1C4
100
AcDbEntity
  8
Координатные кресты
  6
Continuous
 62
     7
370
    25
100
AcDbLine
 10
0.0
 20
-2.499999999999091
 30
0.0
 11
0.0
 21
2.500000000000909
 31
0.0
  0
ENDBLK
  5
1C8
330
1C4
100
AcDbEntity
  8
0
 62
     7
 48
0.4
370
    25
100
AcDbBlockEnd
  0
BLOCK
  5
1CB
330
1CA
100
AcDbEntity
  8
0
 62
     7
 48
0.4
370
    25
100
AcDbBlockBegin
  2
KREST_55
 70
     0
 10
0.0
 20
0.0
 30
0.0
  3
KREST_55
  1

  0
LINE
  5
1CC
330
1CA
100
AcDbEntity
  8
Координатные кресты
  6
Continuous
 62
     7
370
    25
100
AcDbLine
 10
-2.5
 20
0.0
 30
0.0
 11
2.5
 21
0.0
 31
0.0
  0
LINE
  5
1CD
330
1CA
100
AcDbEntity
  8
Координатные кресты
  6
Continuous
 62
     7
370
    25
100
AcDbLine
 10
0.0
 20
-2.499999999999091
 30
0.0
 11
0.0
 21
2.500000000000909
 31
0.0
  0
ENDBLK
  5
1CE
330
1CA
100
AcDbEntity
  8
0
 62
     7
 48
0.4
370
    25
100
AcDbBlockEnd
  0
BLOCK
  5
1D1
330
1D0
100
AcDbEntity
  8
0
 62
     7
 48
0.4
370
    25
100
AcDbBlockBegin
  2
KREST_56
 70
     0
 10
0.0
 20
0.0
 30
0.0
  3
KREST_56
  1

  0
LINE
  5
1D2
330
1D0
100
AcDbEntity
  8
Координатные кресты
  6
Continuous
 62
     7
370
    25
100
AcDbLine
 10
-2.5
 20
0.0
 30
0.0
 11
2.5
 21
0.0
 31
0.0
  0
LINE
  5
1D3
330
1D0
100
AcDbEntity
  8
Координатные кресты
  6
Continuous
 62
     7
370
    25
100
AcDbLine
 10
0.0
 20
-2.499999999999091
 30
0.0
 11
0.0
 21
2.500000000000909
 31
0.0
  0
ENDBLK
  5
1D4
330
1D0
100
AcDbEntity
  8
0
 62
     7
 48
0.4
370
    25
100
AcDbBlockEnd
  0
BLOCK
  5
1D7
330
1D6
100
AcDbEntity
  8
0
 62
     7
 48
0.4
370
    25
100
AcDbBlockBegin
  2
KREST_57
 70
     0
 10
0.0
 20
0.0
 30
0.0
  3
KREST_57
  1

  0
LINE
  5
1D8
330
1D6
100
AcDbEntity
  8
Координатные кресты
  6
Continuous
 62
     7
370
    25
100
AcDbLine
 10
-2.5
 20
0.0
 30
0.0
 11
2.5
 21
0.0
 31
0.0
  0
LINE
  5
1D9
330
1D6
100
AcDbEntity
  8
Координатные кресты
  6
Continuous
 62
     7
370
    25
100
AcDbLine
 10
0.0
 20
-2.499999999999091
 30
0.0
 11
0.0
 21
2.500000000000909
 31
0.0
  0
ENDBLK
  5
1DA
330
1D6
100
AcDbEntity
  8
0
 62
     7
 48
0.4
370
    25
100
AcDbBlockEnd
  0
BLOCK
  5
1DD
330
1DC
100
AcDbEntity
  8
0
 62
     7
 48
0.4
370
    25
100
AcDbBlockBegin
  2
KREST_58
 70
     0
 10
0.0
 20
0.0
 30
0.0
  3
KREST_58
  1

  0
LINE
  5
1DE
330
1DC
100
AcDbEntity
  8
Координатные кресты
  6
Continuous
 62
     7
370
    25
100
AcDbLine
 10
-2.5
 20
0.0
 30
0.0
 11
2.5
 21
0.0
 31
0.0
  0
LINE
  5
1DF
330
1DC
100
AcDbEntity
  8
Координатные кресты
  6
Continuous
 62
     7
370
    25
100
AcDbLine
 10
0.0
 20
-2.499999999999091
 30
0.0
 11
0.0
 21
2.500000000000909
 31
0.0
  0
ENDBLK
  5
1E0
330
1DC
100
AcDbEntity
  8
0
 62
     7
 48
0.4
370
    25
100
AcDbBlockEnd
  0
BLOCK
  5
1E3
330
1E2
100
AcDbEntity
  8
0
 62
     7
 48
0.4
370
    25
100
AcDbBlockBegin
  2
KREST_59
 70
     0
 10
0.0
 20
0.0
 30
0.0
  3
KREST_59
  1

  0
LINE
  5
1E4
330
1E2
100
AcDbEntity
  8
Координатные кресты
  6
Continuous
 62
     7
370
    25
100
AcDbLine
 10
-2.5
 20
0.0
 30
0.0
 11
2.5
 21
0.0
 31
0.0
  0
LINE
  5
1E5
330
1E2
100
AcDbEntity
  8
Координатные кресты
  6
Continuous
 62
     7
370
    25
100
AcDbLine
 10
0.0
 20
-2.499999999999091
 30
0.0
 11
0.0
 21
2.500000000000909
 31
0.0
  0
ENDBLK
  5
1E6
330
1E2
100
AcDbEntity
  8
0
 62
     7
 48
0.4
370
    25
100
AcDbBlockEnd
  0
BLOCK
  5
1E9
330
1E8
100
AcDbEntity
  8
0
 62
     7
 48
0.4
370
    25
100
AcDbBlockBegin
  2
KREST_60
 70
     0
 10
0.0
 20
0.0
 30
0.0
  3
KREST_60
  1

  0
LINE
  5
1EA
330
1E8
100
AcDbEntity
  8
Координатные кресты
  6
Continuous
 62
     7
370
    25
100
AcDbLine
 10
-2.5
 20
0.0
 30
0.0
 11
2.5
 21
0.0
 31
0.0
  0
LINE
  5
1EB
330
1E8
100
AcDbEntity
  8
Координатные кресты
  6
Continuous
 62
     7
370
    25
100
AcDbLine
 10
0.0
 20
-2.499999999999091
 30
0.0
 11
0.0
 21
2.500000000000909
 31
0.0
  0
ENDBLK
  5
1EC
330
1E8
100
AcDbEntity
  8
0
 62
     7
 48
0.4
370
    25
100
AcDbBlockEnd
  0
BLOCK
  5
1EF
330
1EE
100
AcDbEntity
  8
0
 62
     7
 48
0.4
370
    25
100
AcDbBlockBegin
  2
KREST_61
 70
     0
 10
0.0
 20
0.0
 30
0.0
  3
KREST_61
  1

  0
LINE
  5
1F0
330
1EE
100
AcDbEntity
  8
Координатные кресты
  6
Continuous
 62
     7
370
    25
100
AcDbLine
 10
-2.5
 20
0.0
 30
0.0
 11
2.5
 21
0.0
 31
0.0
  0
LINE
  5
1F1
330
1EE
100
AcDbEntity
  8
Координатные кресты
  6
Continuous
 62
     7
370
    25
100
AcDbLine
 10
0.0
 20
-2.499999999999091
 30
0.0
 11
0.0
 21
2.500000000000909
 31
0.0
  0
ENDBLK
  5
1F2
330
1EE
100
AcDbEntity
  8
0
 62
     7
 48
0.4
370
    25
100
AcDbBlockEnd
  0
BLOCK
  5
1F5
330
1F4
100
AcDbEntity
  8
0
 62
     7
 48
0.4
370
    25
100
AcDbBlockBegin
  2
KREST_62
 70
     0
 10
0.0
 20
0.0
 30
0.0
  3
KREST_62
  1

  0
LINE
  5
1F6
330
1F4
100
AcDbEntity
  8
Координатные кресты
  6
Continuous
 62
     7
370
    25
100
AcDbLine
 10
-2.5
 20
0.0
 30
0.0
 11
2.5
 21
0.0
 31
0.0
  0
LINE
  5
1F7
330
1F4
100
AcDbEntity
  8
Координатные кресты
  6
Continuous
 62
     7
370
    25
100
AcDbLine
 10
0.0
 20
-2.499999999999091
 30
0.0
 11
0.0
 21
2.500000000000909
 31
0.0
  0
ENDBLK
  5
1F8
330
1F4
100
AcDbEntity
  8
0
 62
     7
 48
0.4
370
    25
100
AcDbBlockEnd
  0
BLOCK
  5
1FB
330
1FA
100
AcDbEntity
  8
0
 62
     7
 48
0.4
370
    25
100
AcDbBlockBegin
  2
KREST_63
 70
     0
 10
0.0
 20
0.0
 30
0.0
  3
KREST_63
  1

  0
LINE
  5
1FC
330
1FA
100
AcDbEntity
  8
Координатные кресты
  6
Continuous
 62
     7
370
    25
100
AcDbLine
 10
-2.5
 20
0.0
 30
0.0
 11
2.5
 21
0.0
 31
0.0
  0
LINE
  5
1FD
330
1FA
100
AcDbEntity
  8
Координатные кресты
  6
Continuous
 62
     7
370
    25
100
AcDbLine
 10
0.0
 20
-2.499999999999091
 30
0.0
 11
0.0
 21
2.500000000000909
 31
0.0
  0
ENDBLK
  5
1FE
330
1FA
100
AcDbEntity
  8
0
 62
     7
 48
0.4
370
    25
100
AcDbBlockEnd
  0
BLOCK
  5
201
330
200
100
AcDbEntity
  8
0
 62
     7
 48
0.4
370
    25
100
AcDbBlockBegin
  2
KREST_64
 70
     0
 10
0.0
 20
0.0
 30
0.0
  3
KREST_64
  1

  0
LINE
  5
202
330
200
100
AcDbEntity
  8
Координатные кресты
  6
Continuous
 62
     7
370
    25
100
AcDbLine
 10
-2.5
 20
0.0
 30
0.0
 11
2.5
 21
0.0
 31
0.0
  0
LINE
  5
203
330
200
100
AcDbEntity
  8
Координатные кресты
  6
Continuous
 62
     7
370
    25
100
AcDbLine
 10
0.0
 20
-2.499999999999091
 30
0.0
 11
0.0
 21
2.500000000000909
 31
0.0
  0
ENDBLK
  5
204
330
200
100
AcDbEntity
  8
0
 62
     7
 48
0.4
370
    25
100
AcDbBlockEnd
  0
BLOCK
  5
207
330
206
100
AcDbEntity
  8
0
 62
     7
 48
0.4
370
    25
100
AcDbBlockBegin
  2
KREST_65
 70
     0
 10
0.0
 20
0.0
 30
0.0
  3
KREST_65
  1

  0
LINE
  5
208
330
206
100
AcDbEntity
  8
Координатные кресты
  6
Continuous
 62
     7
370
    25
100
AcDbLine
 10
-2.5
 20
0.0
 30
0.0
 11
2.5
 21
0.0
 31
0.0
  0
LINE
  5
209
330
206
100
AcDbEntity
  8
Координатные кресты
  6
Continuous
 62
     7
370
    25
100
AcDbLine
 10
0.0
 20
-2.499999999999091
 30
0.0
 11
0.0
 21
2.500000000000909
 31
0.0
  0
ENDBLK
  5
20A
330
206
100
AcDbEntity
  8
0
 62
     7
 48
0.4
370
    25
100
AcDbBlockEnd
  0
BLOCK
  5
20E
330
20D
100
AcDbEntity
  8
0
 62
     7
 48
0.4
370
    25
100
AcDbBlockBegin
  2
KREST_66
 70
     0
 10
0.0
 20
0.0
 30
0.0
  3
KREST_66
  1

  0
LINE
  5
20F
330
20D
100
AcDbEntity
  8
Координатные кресты
  6
Continuous
 62
     7
370
    25
100
AcDbLine
 10
-2.5
 20
0.0
 30
0.0
 11
2.5
 21
0.0
 31
0.0
  0
LINE
  5
210
330
20D
100
AcDbEntity
  8
Координатные кресты
  6
Continuous
 62
     7
370
    25
100
AcDbLine
 10
0.0
 20
-2.499999999999091
 30
0.0
 11
0.0
 21
2.500000000000909
 31
0.0
  0
ENDBLK
  5
211
330
20D
100
AcDbEntity
  8
0
 62
     7
 48
0.4
370
    25
100
AcDbBlockEnd
  0
BLOCK
  5
214
330
213
100
AcDbEntity
  8
0
 62
     7
 48
0.4
370
    25
100
AcDbBlockBegin
  2
KREST_67
 70
     0
 10
0.0
 20
0.0
 30
0.0
  3
KREST_67
  1

  0
LINE
  5
215
330
213
100
AcDbEntity
  8
Координатные кресты
  6
Continuous
 62
     7
370
    25
100
AcDbLine
 10
-2.5
 20
0.0
 30
0.0
 11
2.5
 21
0.0
 31
0.0
  0
LINE
  5
216
330
213
100
AcDbEntity
  8
Координатные кресты
  6
Continuous
 62
     7
370
    25
100
AcDbLine
 10
0.0
 20
-2.499999999999091
 30
0.0
 11
0.0
 21
2.500000000000909
 31
0.0
  0
ENDBLK
  5
217
330
213
100
AcDbEntity
  8
0
 62
     7
 48
0.4
370
    25
100
AcDbBlockEnd
  0
BLOCK
  5
21A
330
219
100
AcDbEntity
  8
0
 62
     7
 48
0.4
370
    25
100
AcDbBlockBegin
  2
KREST_68
 70
     0
 10
0.0
 20
0.0
 30
0.0
  3
KREST_68
  1

  0
LINE
  5
21B
330
219
100
AcDbEntity
  8
Координатные кресты
  6
Continuous
 62
     7
370
    25
100
AcDbLine
 10
-2.5
 20
0.0
 30
0.0
 11
2.5
 21
0.0
 31
0.0
  0
LINE
  5
21C
330
219
100
AcDbEntity
  8
Координатные кресты
  6
Continuous
 62
     7
370
    25
100
AcDbLine
 10
0.0
 20
-2.499999999999091
 30
0.0
 11
0.0
 21
2.500000000000909
 31
0.0
  0
ENDBLK
  5
21D
330
219
100
AcDbEntity
  8
0
 62
     7
 48
0.4
370
    25
100
AcDbBlockEnd
  0
BLOCK
  5
220
330
21F
100
AcDbEntity
  8
0
 62
     7
 48
0.4
370
    25
100
AcDbBlockBegin
  2
KREST_69
 70
     0
 10
0.0
 20
0.0
 30
0.0
  3
KREST_69
  1

  0
LINE
  5
221
330
21F
100
AcDbEntity
  8
Координатные кресты
  6
Continuous
 62
     7
370
    25
100
AcDbLine
 10
-2.5
 20
0.0
 30
0.0
 11
2.5
 21
0.0
 31
0.0
  0
LINE
  5
222
330
21F
100
AcDbEntity
  8
Координатные кресты
  6
Continuous
 62
     7
370
    25
100
AcDbLine
 10
0.0
 20
-2.499999999999091
 30
0.0
 11
0.0
 21
2.500000000000909
 31
0.0
  0
ENDBLK
  5
223
330
21F
100
AcDbEntity
  8
0
 62
     7
 48
0.4
370
    25
100
AcDbBlockEnd
  0
BLOCK
  5
226
330
225
100
AcDbEntity
  8
0
 62
     7
 48
0.4
370
    25
100
AcDbBlockBegin
  2
KREST_70
 70
     0
 10
0.0
 20
0.0
 30
0.0
  3
KREST_70
  1

  0
LINE
  5
227
330
225
100
AcDbEntity
  8
Координатные кресты
  6
Continuous
 62
     7
370
    25
100
AcDbLine
 10
-2.5
 20
0.0
 30
0.0
 11
2.5
 21
0.0
 31
0.0
  0
LINE
  5
228
330
225
100
AcDbEntity
  8
Координатные кресты
  6
Continuous
 62
     7
370
    25
100
AcDbLine
 10
0.0
 20
-2.499999999999091
 30
0.0
 11
0.0
 21
2.500000000000909
 31
0.0
  0
ENDBLK
  5
229
330
225
100
AcDbEntity
  8
0
 62
     7
 48
0.4
370
    25
100
AcDbBlockEnd
  0
BLOCK
  5
22C
330
22B
100
AcDbEntity
  8
0
 62
     7
 48
0.4
370
    25
100
AcDbBlockBegin
  2
KREST_71
 70
     0
 10
0.0
 20
0.0
 30
0.0
  3
KREST_71
  1

  0
LINE
  5
22D
330
22B
100
AcDbEntity
  8
Координатные кресты
  6
Continuous
 62
     7
370
    25
100
AcDbLine
 10
-2.5
 20
0.0
 30
0.0
 11
2.5
 21
0.0
 31
0.0
  0
LINE
  5
22E
330
22B
100
AcDbEntity
  8
Координатные кресты
  6
Continuous
 62
     7
370
    25
100
AcDbLine
 10
0.0
 20
-2.499999999999091
 30
0.0
 11
0.0
 21
2.500000000000909
 31
0.0
  0
ENDBLK
  5
22F
330
22B
100
AcDbEntity
  8
0
 62
     7
 48
0.4
370
    25
100
AcDbBlockEnd
  0
BLOCK
  5
232
330
231
100
AcDbEntity
  8
0
 62
     7
 48
0.4
370
    25
100
AcDbBlockBegin
  2
KREST_72
 70
     0
 10
0.0
 20
0.0
 30
0.0
  3
KREST_72
  1

  0
LINE
  5
233
330
231
100
AcDbEntity
  8
Координатные кресты
  6
Continuous
 62
     7
370
    25
100
AcDbLine
 10
-2.5
 20
0.0
 30
0.0
 11
2.5
 21
0.0
 31
0.0
  0
LINE
  5
234
330
231
100
AcDbEntity
  8
Координатные кресты
  6
Continuous
 62
     7
370
    25
100
AcDbLine
 10
0.0
 20
-2.499999999999091
 30
0.0
 11
0.0
 21
2.500000000000909
 31
0.0
  0
ENDBLK
  5
235
330
231
100
AcDbEntity
  8
0
 62
     7
 48
0.4
370
    25
100
AcDbBlockEnd
  0
BLOCK
  5
238
330
237
100
AcDbEntity
  8
0
 62
     7
 48
0.4
370
    25
100
AcDbBlockBegin
  2
KREST_73
 70
     0
 10
0.0
 20
0.0
 30
0.0
  3
KREST_73
  1

  0
LINE
  5
239
330
237
100
AcDbEntity
  8
Координатные кресты
  6
Continuous
 62
     7
370
    25
100
AcDbLine
 10
-2.5
 20
0.0
 30
0.0
 11
2.5
 21
0.0
 31
0.0
  0
LINE
  5
23A
330
237
100
AcDbEntity
  8
Координатные кресты
  6
Continuous
 62
     7
370
    25
100
AcDbLine
 10
0.0
 20
-2.499999999999091
 30
0.0
 11
0.0
 21
2.500000000000909
 31
0.0
  0
ENDBLK
  5
23B
330
237
100
AcDbEntity
  8
0
 62
     7
 48
0.4
370
    25
100
AcDbBlockEnd
  0
BLOCK
  5
23E
330
23D
100
AcDbEntity
  8
0
 62
     7
 48
0.4
370
    25
100
AcDbBlockBegin
  2
KREST_74
 70
     0
 10
0.0
 20
0.0
 30
0.0
  3
KREST_74
  1

  0
LINE
  5
23F
330
23D
100
AcDbEntity
  8
Координатные кресты
  6
Continuous
 62
     7
370
    25
100
AcDbLine
 10
-2.5
 20
0.0
 30
0.0
 11
2.5
 21
0.0
 31
0.0
  0
LINE
  5
240
330
23D
100
AcDbEntity
  8
Координатные кресты
  6
Continuous
 62
     7
370
    25
100
AcDbLine
 10
0.0
 20
-2.499999999999091
 30
0.0
 11
0.0
 21
2.500000000000909
 31
0.0
  0
ENDBLK
  5
241
330
23D
100
AcDbEntity
  8
0
 62
     7
 48
0.4
370
    25
100
AcDbBlockEnd
  0
BLOCK
  5
244
330
243
100
AcDbEntity
  8
0
 62
     7
 48
0.4
370
    25
100
AcDbBlockBegin
  2
KREST_75
 70
     0
 10
0.0
 20
0.0
 30
0.0
  3
KREST_75
  1

  0
LINE
  5
245
330
243
100
AcDbEntity
  8
Координатные кресты
  6
Continuous
 62
     7
370
    25
100
AcDbLine
 10
-2.5
 20
0.0
 30
0.0
 11
2.5
 21
0.0
 31
0.0
  0
LINE
  5
246
330
243
100
AcDbEntity
  8
Координатные кресты
  6
Continuous
 62
     7
370
    25
100
AcDbLine
 10
0.0
 20
-2.499999999999091
 30
0.0
 11
0.0
 21
2.500000000000909
 31
0.0
  0
ENDBLK
  5
247
330
243
100
AcDbEntity
  8
0
 62
     7
 48
0.4
370
    25
100
AcDbBlockEnd
  0
BLOCK
  5
24A
330
249
100
AcDbEntity
  8
0
 62
     7
 48
0.4
370
    25
100
AcDbBlockBegin
  2
KREST_76
 70
     0
 10
0.0
 20
0.0
 30
0.0
  3
KREST_76
  1

  0
LINE
  5
24B
330
249
100
AcDbEntity
  8
Координатные кресты
  6
Continuous
 62
     7
370
    25
100
AcDbLine
 10
-2.5
 20
0.0
 30
0.0
 11
2.5
 21
0.0
 31
0.0
  0
LINE
  5
24C
330
249
100
AcDbEntity
  8
Координатные кресты
  6
Continuous
 62
     7
370
    25
100
AcDbLine
 10
0.0
 20
-2.499999999999091
 30
0.0
 11
0.0
 21
2.500000000000909
 31
0.0
  0
ENDBLK
  5
24D
330
249
100
AcDbEntity
  8
0
 62
     7
 48
0.4
370
    25
100
AcDbBlockEnd
  0
BLOCK
  5
250
330
24F
100
AcDbEntity
  8
0
 62
     7
 48
0.4
370
    25
100
AcDbBlockBegin
  2
KREST_77
 70
     0
 10
0.0
 20
0.0
 30
0.0
  3
KREST_77
  1

  0
LINE
  5
251
330
24F
100
AcDbEntity
  8
Координатные кресты
  6
Continuous
 62
     7
370
    25
100
AcDbLine
 10
-2.5
 20
0.0
 30
0.0
 11
2.5
 21
0.0
 31
0.0
  0
LINE
  5
252
330
24F
100
AcDbEntity
  8
Координатные кресты
  6
Continuous
 62
     7
370
    25
100
AcDbLine
 10
0.0
 20
-2.499999999999091
 30
0.0
 11
0.0
 21
2.500000000000909
 31
0.0
  0
ENDBLK
  5
253
330
24F
100
AcDbEntity
  8
0
 62
     7
 48
0.4
370
    25
100
AcDbBlockEnd
  0
BLOCK
  5
256
330
255
100
AcDbEntity
  8
0
 62
     7
 48
0.4
370
    25
100
AcDbBlockBegin
  2
KREST_78
 70
     0
 10
0.0
 20
0.0
 30
0.0
  3
KREST_78
  1

  0
LINE
  5
257
330
255
100
AcDbEntity
  8
Координатные кресты
  6
Continuous
 62
     7
370
    25
100
AcDbLine
 10
-2.5
 20
0.0
 30
0.0
 11
2.5
 21
0.0
 31
0.0
  0
LINE
  5
258
330
255
100
AcDbEntity
  8
Координатные кресты
  6
Continuous
 62
     7
370
    25
100
AcDbLine
 10
0.0
 20
-2.499999999999091
 30
0.0
 11
0.0
 21
2.500000000000909
 31
0.0
  0
ENDBLK
  5
259
330
255
100
AcDbEntity
  8
0
 62
     7
 48
0.4
370
    25
100
AcDbBlockEnd
  0
BLOCK
  5
25C
330
25B
100
AcDbEntity
  8
0
 62
     7
 48
0.4
370
    25
100
AcDbBlockBegin
  2
KREST_79
 70
     0
 10
0.0
 20
0.0
 30
0.0
  3
KREST_79
  1

  0
LINE
  5
25D
330
25B
100
AcDbEntity
  8
Координатные кресты
  6
Continuous
 62
     7
370
    25
100
AcDbLine
 10
-2.5
 20
0.0
 30
0.0
 11
2.5
 21
0.0
 31
0.0
  0
LINE
  5
25E
330
25B
100
AcDbEntity
  8
Координатные кресты
  6
Continuous
 62
     7
370
    25
100
AcDbLine
 10
0.0
 20
-2.499999999999091
 30
0.0
 11
0.0
 21
2.500000000000909
 31
0.0
  0
ENDBLK
  5
25F
330
25B
100
AcDbEntity
  8
0
 62
     7
 48
0.4
370
    25
100
AcDbBlockEnd
  0
BLOCK
  5
262
330
261
100
AcDbEntity
  8
0
 62
     7
 48
0.4
370
    25
100
AcDbBlockBegin
  2
KREST_80
 70
     0
 10
0.0
 20
0.0
 30
0.0
  3
KREST_80
  1

  0
LINE
  5
263
330
261
100
AcDbEntity
  8
Координатные кресты
  6
Continuous
 62
     7
370
    25
100
AcDbLine
 10
-2.5
 20
0.0
 30
0.0
 11
2.5
 21
0.0
 31
0.0
  0
LINE
  5
264
330
261
100
AcDbEntity
  8
Координатные кресты
  6
Continuous
 62
     7
370
    25
100
AcDbLine
 10
0.0
 20
-2.499999999999091
 30
0.0
 11
0.0
 21
2.500000000000909
 31
0.0
  0
ENDBLK
  5
265
330
261
100
AcDbEntity
  8
0
 62
     7
 48
0.4
370
    25
100
AcDbBlockEnd
  0
BLOCK
  5
268
330
267
100
AcDbEntity
  8
0
 62
     7
 48
0.4
370
    25
100
AcDbBlockBegin
  2
KREST_81
 70
     0
 10
0.0
 20
0.0
 30
0.0
  3
KREST_81
  1

  0
LINE
  5
269
330
267
100
AcDbEntity
  8
Координатные кресты
  6
Continuous
 62
     7
370
    25
100
AcDbLine
 10
-2.5
 20
0.0
 30
0.0
 11
2.5
 21
0.0
 31
0.0
  0
LINE
  5
26A
330
267
100
AcDbEntity
  8
Координатные кресты
  6
Continuous
 62
     7
370
    25
100
AcDbLine
 10
0.0
 20
-2.499999999999091
 30
0.0
 11
0.0
 21
2.500000000000909
 31
0.0
  0
ENDBLK
  5
26B
330
267
100
AcDbEntity
  8
0
 62
     7
 48
0.4
370
    25
100
AcDbBlockEnd
  0
BLOCK
  5
26E
330
26D
100
AcDbEntity
  8
0
 62
     7
 48
0.4
370
    25
100
AcDbBlockBegin
  2
KREST_82
 70
     0
 10
0.0
 20
0.0
 30
0.0
  3
KREST_82
  1

  0
LINE
  5
26F
330
26D
100
AcDbEntity
  8
Координатные кресты
  6
Continuous
 62
     7
370
    25
100
AcDbLine
 10
-2.5
 20
0.0
 30
0.0
 11
2.5
 21
0.0
 31
0.0
  0
LINE
  5
270
330
26D
100
AcDbEntity
  8
Координатные кресты
  6
Continuous
 62
     7
370
    25
100
AcDbLine
 10
0.0
 20
-2.499999999999091
 30
0.0
 11
0.0
 21
2.500000000000909
 31
0.0
  0
ENDBLK
  5
271
330
26D
100
AcDbEntity
  8
0
 62
     7
 48
0.4
370
    25
100
AcDbBlockEnd
  0
BLOCK
  5
274
330
273
100
AcDbEntity
  8
0
 62
     7
 48
0.4
370
    25
100
AcDbBlockBegin
  2
KREST_83
 70
     0
 10
0.0
 20
0.0
 30
0.0
  3
KREST_83
  1

  0
LINE
  5
275
330
273
100
AcDbEntity
  8
Координатные кресты
  6
Continuous
 62
     7
370
    25
100
AcDbLine
 10
-2.5
 20
0.0
 30
0.0
 11
2.5
 21
0.0
 31
0.0
  0
LINE
  5
276
330
273
100
AcDbEntity
  8
Координатные кресты
  6
Continuous
 62
     7
370
    25
100
AcDbLine
 10
0.0
 20
-2.499999999999091
 30
0.0
 11
0.0
 21
2.500000000000909
 31
0.0
  0
ENDBLK
  5
277
330
273
100
AcDbEntity
  8
0
 62
     7
 48
0.4
370
    25
100
AcDbBlockEnd
  0
BLOCK
  5
27A
330
279
100
AcDbEntity
  8
0
 62
     7
 48
0.4
370
    25
100
AcDbBlockBegin
  2
KREST_84
 70
     0
 10
0.0
 20
0.0
 30
0.0
  3
KREST_84
  1

  0
LINE
  5
27B
330
279
100
AcDbEntity
  8
Координатные кресты
  6
Continuous
 62
     7
370
    25
100
AcDbLine
 10
-2.5
 20
0.0
 30
0.0
 11
2.5
 21
0.0
 31
0.0
  0
LINE
  5
27C
330
279
100
AcDbEntity
  8
Координатные кресты
  6
Continuous
 62
     7
370
    25
100
AcDbLine
 10
0.0
 20
-2.499999999999091
 30
0.0
 11
0.0
 21
2.500000000000909
 31
0.0
  0
ENDBLK
  5
27D
330
279
100
AcDbEntity
  8
0
 62
     7
 48
0.4
370
    25
100
AcDbBlockEnd
  0
BLOCK
  5
280
330
27F
100
AcDbEntity
  8
0
 62
     7
 48
0.4
370
    25
100
AcDbBlockBegin
  2
KREST_85
 70
     0
 10
0.0
 20
0.0
 30
0.0
  3
KREST_85
  1

  0
LINE
  5
281
330
27F
100
AcDbEntity
  8
Координатные кресты
  6
Continuous
 62
     7
370
    25
100
AcDbLine
 10
-2.5
 20
0.0
 30
0.0
 11
2.5
 21
0.0
 31
0.0
  0
LINE
  5
282
330
27F
100
AcDbEntity
  8
Координатные кресты
  6
Continuous
 62
     7
370
    25
100
AcDbLine
 10
0.0
 20
-2.499999999999091
 30
0.0
 11
0.0
 21
2.500000000000909
 31
0.0
  0
ENDBLK
  5
283
330
27F
100
AcDbEntity
  8
0
 62
     7
 48
0.4
370
    25
100
AcDbBlockEnd
  0
BLOCK
  5
286
330
285
100
AcDbEntity
  8
0
 62
     7
 48
0.4
370
    25
100
AcDbBlockBegin
  2
KREST_86
 70
     0
 10
0.0
 20
0.0
 30
0.0
  3
KREST_86
  1

  0
LINE
  5
287
330
285
100
AcDbEntity
  8
Координатные кресты
  6
Continuous
 62
     7
370
    25
100
AcDbLine
 10
-2.5
 20
0.0
 30
0.0
 11
2.5
 21
0.0
 31
0.0
  0
LINE
  5
288
330
285
100
AcDbEntity
  8
Координатные кресты
  6
Continuous
 62
     7
370
    25
100
AcDbLine
 10
0.0
 20
-2.499999999999091
 30
0.0
 11
0.0
 21
2.500000000000909
 31
0.0
  0
ENDBLK
  5
289
330
285
100
AcDbEntity
  8
0
 62
     7
 48
0.4
370
    25
100
AcDbBlockEnd
  0
BLOCK
  5
28C
330
28B
100
AcDbEntity
  8
0
 62
     7
 48
0.4
370
    25
100
AcDbBlockBegin
  2
KREST_87
 70
     0
 10
0.0
 20
0.0
 30
0.0
  3
KREST_87
  1

  0
LINE
  5
28D
330
28B
100
AcDbEntity
  8
Координатные кресты
  6
Continuous
 62
     7
370
    25
100
AcDbLine
 10
-2.5
 20
0.0
 30
0.0
 11
2.5
 21
0.0
 31
0.0
  0
LINE
  5
28E
330
28B
100
AcDbEntity
  8
Координатные кресты
  6
Continuous
 62
     7
370
    25
100
AcDbLine
 10
0.0
 20
-2.499999999999091
 30
0.0
 11
0.0
 21
2.500000000000909
 31
0.0
  0
ENDBLK
  5
28F
330
28B
100
AcDbEntity
  8
0
 62
     7
 48
0.4
370
    25
100
AcDbBlockEnd
  0
BLOCK
  5
292
330
291
100
AcDbEntity
  8
0
 62
     7
 48
0.4
370
    25
100
AcDbBlockBegin
  2
KREST_88
 70
     0
 10
0.0
 20
0.0
 30
0.0
  3
KREST_88
  1

  0
LINE
  5
293
330
291
100
AcDbEntity
  8
Координатные кресты
  6
Continuous
 62
     7
370
    25
100
AcDbLine
 10
-2.5
 20
0.0
 30
0.0
 11
2.5
 21
0.0
 31
0.0
  0
LINE
  5
294
330
291
100
AcDbEntity
  8
Координатные кресты
  6
Continuous
 62
     7
370
    25
100
AcDbLine
 10
0.0
 20
-2.499999999999091
 30
0.0
 11
0.0
 21
2.500000000000909
 31
0.0
  0
ENDBLK
  5
295
330
291
100
AcDbEntity
  8
0
 62
     7
 48
0.4
370
    25
100
AcDbBlockEnd
  0
BLOCK
  5
298
330
297
100
AcDbEntity
  8
0
 62
     7
 48
0.4
370
    25
100
AcDbBlockBegin
  2
KREST_89
 70
     0
 10
0.0
 20
0.0
 30
0.0
  3
KREST_89
  1

  0
LINE
  5
299
330
297
100
AcDbEntity
  8
Координатные кресты
  6
Continuous
 62
     7
370
    25
100
AcDbLine
 10
-2.5
 20
0.0
 30
0.0
 11
2.5
 21
0.0
 31
0.0
  0
LINE
  5
29A
330
297
100
AcDbEntity
  8
Координатные кресты
  6
Continuous
 62
     7
370
    25
100
AcDbLine
 10
0.0
 20
-2.499999999999091
 30
0.0
 11
0.0
 21
2.500000000000909
 31
0.0
  0
ENDBLK
  5
29B
330
297
100
AcDbEntity
  8
0
 62
     7
 48
0.4
370
    25
100
AcDbBlockEnd
  0
BLOCK
  5
29E
330
29D
100
AcDbEntity
  8
0
 62
     7
 48
0.4
370
    25
100
AcDbBlockBegin
  2
KREST_90
 70
     0
 10
0.0
 20
0.0
 30
0.0
  3
KREST_90
  1

  0
LINE
  5
29F
330
29D
100
AcDbEntity
  8
Координатные кресты
  6
Continuous
 62
     7
370
    25
100
AcDbLine
 10
-2.5
 20
0.0
 30
0.0
 11
2.5
 21
0.0
 31
0.0
  0
LINE
  5
2A0
330
29D
100
AcDbEntity
  8
Координатные кресты
  6
Continuous
 62
     7
370
    25
100
AcDbLine
 10
0.0
 20
-2.499999999999091
 30
0.0
 11
0.0
 21
2.500000000000909
 31
0.0
  0
ENDBLK
  5
2A1
330
29D
100
AcDbEntity
  8
0
 62
     7
 48
0.4
370
    25
100
AcDbBlockEnd
  0
BLOCK
  5
2A4
330
2A3
100
AcDbEntity
  8
0
 62
     7
 48
0.4
370
    25
100
AcDbBlockBegin
  2
KREST_91
 70
     0
 10
0.0
 20
0.0
 30
0.0
  3
KREST_91
  1

  0
LINE
  5
2A5
330
2A3
100
AcDbEntity
  8
Координатные кресты
  6
Continuous
 62
     7
370
    25
100
AcDbLine
 10
-2.5
 20
0.0
 30
0.0
 11
2.5
 21
0.0
 31
0.0
  0
LINE
  5
2A6
330
2A3
100
AcDbEntity
  8
Координатные кресты
  6
Continuous
 62
     7
370
    25
100
AcDbLine
 10
0.0
 20
-2.499999999999091
 30
0.0
 11
0.0
 21
2.500000000000909
 31
0.0
  0
ENDBLK
  5
2A7
330
2A3
100
AcDbEntity
  8
0
 62
     7
 48
0.4
370
    25
100
AcDbBlockEnd
  0
BLOCK
  5
2AA
330
2A9
100
AcDbEntity
  8
0
 62
     7
 48
0.4
370
    25
100
AcDbBlockBegin
  2
KREST_92
 70
     0
 10
0.0
 20
0.0
 30
0.0
  3
KREST_92
  1

  0
LINE
  5
2AB
330
2A9
100
AcDbEntity
  8
Координатные кресты
  6
Continuous
 62
     7
370
    25
100
AcDbLine
 10
-2.5
 20
0.0
 30
0.0
 11
2.5
 21
0.0
 31
0.0
  0
LINE
  5
2AC
330
2A9
100
AcDbEntity
  8
Координатные кресты
  6
Continuous
 62
     7
370
    25
100
AcDbLine
 10
0.0
 20
-2.499999999999091
 30
0.0
 11
0.0
 21
2.500000000000909
 31
0.0
  0
ENDBLK
  5
2AD
330
2A9
100
AcDbEntity
  8
0
 62
     7
 48
0.4
370
    25
100
AcDbBlockEnd
  0
BLOCK
  5
2B0
330
2AF
100
AcDbEntity
  8
0
 62
     7
 48
0.4
370
    25
100
AcDbBlockBegin
  2
KREST_93
 70
     0
 10
0.0
 20
0.0
 30
0.0
  3
KREST_93
  1

  0
LINE
  5
2B1
330
2AF
100
AcDbEntity
  8
Координатные кресты
  6
Continuous
 62
     7
370
    25
100
AcDbLine
 10
-2.5
 20
0.0
 30
0.0
 11
2.5
 21
0.0
 31
0.0
  0
LINE
  5
2B2
330
2AF
100
AcDbEntity
  8
Координатные кресты
  6
Continuous
 62
     7
370
    25
100
AcDbLine
 10
0.0
 20
-2.499999999999091
 30
0.0
 11
0.0
 21
2.500000000000909
 31
0.0
  0
ENDBLK
  5
2B3
330
2AF
100
AcDbEntity
  8
0
 62
     7
 48
0.4
370
    25
100
AcDbBlockEnd
  0
BLOCK
  5
2B6
330
2B5
100
AcDbEntity
  8
0
 62
     7
 48
0.4
370
    25
100
AcDbBlockBegin
  2
KREST_94
 70
     0
 10
0.0
 20
0.0
 30
0.0
  3
KREST_94
  1

  0
LINE
  5
2B7
330
2B5
100
AcDbEntity
  8
Координатные кресты
  6
Continuous
 62
     7
370
    25
100
AcDbLine
 10
-2.5
 20
0.0
 30
0.0
 11
2.5
 21
0.0
 31
0.0
  0
LINE
  5
2B8
330
2B5
100
AcDbEntity
  8
Координатные кресты
  6
Continuous
 62
     7
370
    25
100
AcDbLine
 10
0.0
 20
-2.499999999999091
 30
0.0
 11
0.0
 21
2.500000000000909
 31
0.0
  0
ENDBLK
  5
2B9
330
2B5
100
AcDbEntity
  8
0
 62
     7
 48
0.4
370
    25
100
AcDbBlockEnd
  0
BLOCK
  5
2BC
330
2BB
100
AcDbEntity
  8
0
 62
     7
 48
0.4
370
    25
100
AcDbBlockBegin
  2
KREST_95
 70
     0
 10
0.0
 20
0.0
 30
0.0
  3
KREST_95
  1

  0
LINE
  5
2BD
330
2BB
100
AcDbEntity
  8
Координатные кресты
  6
Continuous
 62
     7
370
    25
100
AcDbLine
 10
-2.5
 20
0.0
 30
0.0
 11
2.5
 21
0.0
 31
0.0
  0
LINE
  5
2BE
330
2BB
100
AcDbEntity
  8
Координатные кресты
  6
Continuous
 62
     7
370
    25
100
AcDbLine
 10
0.0
 20
-2.499999999999091
 30
0.0
 11
0.0
 21
2.500000000000909
 31
0.0
  0
ENDBLK
  5
2BF
330
2BB
100
AcDbEntity
  8
0
 62
     7
 48
0.4
370
    25
100
AcDbBlockEnd
  0
BLOCK
  5
2C3
330
2C2
100
AcDbEntity
  8
0
 62
     7
 48
0.4
370
    25
100
AcDbBlockBegin
  2
KREST_96
 70
     0
 10
0.0
 20
0.0
 30
0.0
  3
KREST_96
  1

  0
LINE
  5
2C4
330
2C2
100
AcDbEntity
  8
Координатные кресты
  6
Continuous
 62
     7
370
    25
100
AcDbLine
 10
-2.5
 20
0.0
 30
0.0
 11
2.5
 21
0.0
 31
0.0
  0
LINE
  5
2C5
330
2C2
100
AcDbEntity
  8
Координатные кресты
  6
Continuous
 62
     7
370
    25
100
AcDbLine
 10
0.0
 20
-2.499999999999091
 30
0.0
 11
0.0
 21
2.500000000000909
 31
0.0
  0
ENDBLK
  5
2C6
330
2C2
100
AcDbEntity
  8
0
 62
     7
 48
0.4
370
    25
100
AcDbBlockEnd
  0
BLOCK
  5
2C9
330
2C8
100
AcDbEntity
  8
0
 62
     7
 48
0.4
370
    25
100
AcDbBlockBegin
  2
KREST_97
 70
     0
 10
0.0
 20
0.0
 30
0.0
  3
KREST_97
  1

  0
LINE
  5
2CA
330
2C8
100
AcDbEntity
  8
Координатные кресты
  6
Continuous
 62
     7
370
    25
100
AcDbLine
 10
-2.5
 20
0.0
 30
0.0
 11
2.5
 21
0.0
 31
0.0
  0
LINE
  5
2CB
330
2C8
100
AcDbEntity
  8
Координатные кресты
  6
Continuous
 62
     7
370
    25
100
AcDbLine
 10
0.0
 20
-2.499999999999091
 30
0.0
 11
0.0
 21
2.500000000000909
 31
0.0
  0
ENDBLK
  5
2CC
330
2C8
100
AcDbEntity
  8
0
 62
     7
 48
0.4
370
    25
100
AcDbBlockEnd
  0
BLOCK
  5
2CF
330
2CE
100
AcDbEntity
  8
0
 62
     7
 48
0.4
370
    25
100
AcDbBlockBegin
  2
KREST_98
 70
     0
 10
0.0
 20
0.0
 30
0.0
  3
KREST_98
  1

  0
LINE
  5
2D0
330
2CE
100
AcDbEntity
  8
Координатные кресты
  6
Continuous
 62
     7
370
    25
100
AcDbLine
 10
-2.5
 20
0.0
 30
0.0
 11
2.5
 21
0.0
 31
0.0
  0
LINE
  5
2D1
330
2CE
100
AcDbEntity
  8
Координатные кресты
  6
Continuous
 62
     7
370
    25
100
AcDbLine
 10
0.0
 20
-2.499999999999091
 30
0.0
 11
0.0
 21
2.500000000000909
 31
0.0
  0
ENDBLK
  5
2D2
330
2CE
100
AcDbEntity
  8
0
 62
     7
 48
0.4
370
    25
100
AcDbBlockEnd
  0
BLOCK
  5
2D5
330
2D4
100
AcDbEntity
  8
0
 62
     7
 48
0.4
370
    25
100
AcDbBlockBegin
  2
KREST_99
 70
     0
 10
0.0
 20
0.0
 30
0.0
  3
KREST_99
  1

  0
LINE
  5
2D6
330
2D4
100
AcDbEntity
  8
Координатные кресты
  6
Continuous
 62
     7
370
    25
100
AcDbLine
 10
-2.5
 20
0.0
 30
0.0
 11
2.5
 21
0.0
 31
0.0
  0
LINE
  5
2D7
330
2D4
100
AcDbEntity
  8
Координатные кресты
  6
Continuous
 62
     7
370
    25
100
AcDbLine
 10
0.0
 20
-2.499999999999091
 30
0.0
 11
0.0
 21
2.500000000000909
 31
0.0
  0
ENDBLK
  5
2D8
330
2D4
100
AcDbEntity
  8
0
 62
     7
 48
0.4
370
    25
100
AcDbBlockEnd
  0
BLOCK
  5
2DB
330
2DA
100
AcDbEntity
  8
0
 62
     7
 48
0.4
370
    25
100
AcDbBlockBegin
  2
KREST_100
 70
     0
 10
0.0
 20
0.0
 30
0.0
  3
KREST_100
  1

  0
LINE
  5
2DC
330
2DA
100
AcDbEntity
  8
Координатные кресты
  6
Continuous
 62
     7
370
    25
100
AcDbLine
 10
-2.5
 20
0.0
 30
0.0
 11
2.5
 21
0.0
 31
0.0
  0
LINE
  5
2DD
330
2DA
100
AcDbEntity
  8
Координатные кресты
  6
Continuous
 62
     7
370
    25
100
AcDbLine
 10
0.0
 20
-2.499999999999091
 30
0.0
 11
0.0
 21
2.500000000000909
 31
0.0
  0
ENDBLK
  5
2DE
330
2DA
100
AcDbEntity
  8
0
 62
     7
 48
0.4
370
    25
100
AcDbBlockEnd
  0
BLOCK
  5
2E1
330
2E0
100
AcDbEntity
  8
0
 62
     7
 48
0.4
370
    25
100
AcDbBlockBegin
  2
KREST_101
 70
     0
 10
0.0
 20
0.0
 30
0.0
  3
KREST_101
  1

  0
LINE
  5
2E2
330
2E0
100
AcDbEntity
  8
Координатные кресты
  6
Continuous
 62
     7
370
    25
100
AcDbLine
 10
-2.5
 20
0.0
 30
0.0
 11
2.5
 21
0.0
 31
0.0
  0
LINE
  5
2E3
330
2E0
100
AcDbEntity
  8
Координатные кресты
  6
Continuous
 62
     7
370
    25
100
AcDbLine
 10
0.0
 20
-2.499999999999091
 30
0.0
 11
0.0
 21
2.500000000000909
 31
0.0
  0
ENDBLK
  5
2E4
330
2E0
100
AcDbEntity
  8
0
 62
     7
 48
0.4
370
    25
100
AcDbBlockEnd
  0
BLOCK
  5
2E7
330
2E6
100
AcDbEntity
  8
0
 62
     7
 48
0.4
370
    25
100
AcDbBlockBegin
  2
KREST_102
 70
     0
 10
0.0
 20
0.0
 30
0.0
  3
KREST_102
  1

  0
LINE
  5
2E8
330
2E6
100
AcDbEntity
  8
Координатные кресты
  6
Continuous
 62
     7
370
    25
100
AcDbLine
 10
-2.5
 20
0.0
 30
0.0
 11
2.5
 21
0.0
 31
0.0
  0
LINE
  5
2E9
330
2E6
100
AcDbEntity
  8
Координатные кресты
  6
Continuous
 62
     7
370
    25
100
AcDbLine
 10
0.0
 20
-2.499999999999091
 30
0.0
 11
0.0
 21
2.500000000000909
 31
0.0
  0
ENDBLK
  5
2EA
330
2E6
100
AcDbEntity
  8
0
 62
     7
 48
0.4
370
    25
100
AcDbBlockEnd
  0
BLOCK
  5
2ED
330
2EC
100
AcDbEntity
  8
0
 62
     7
 48
0.4
370
    25
100
AcDbBlockBegin
  2
KREST_103
 70
     0
 10
0.0
 20
0.0
 30
0.0
  3
KREST_103
  1

  0
LINE
  5
2EE
330
2EC
100
AcDbEntity
  8
Координатные кресты
  6
Continuous
 62
     7
370
    25
100
AcDbLine
 10
-2.5
 20
0.0
 30
0.0
 11
2.5
 21
0.0
 31
0.0
  0
LINE
  5
2EF
330
2EC
100
AcDbEntity
  8
Координатные кресты
  6
Continuous
 62
     7
370
    25
100
AcDbLine
 10
0.0
 20
-2.499999999999091
 30
0.0
 11
0.0
 21
2.500000000000909
 31
0.0
  0
ENDBLK
  5
2F0
330
2EC
100
AcDbEntity
  8
0
 62
     7
 48
0.4
370
    25
100
AcDbBlockEnd
  0
BLOCK
  5
2F3
330
2F2
100
AcDbEntity
  8
0
 62
     7
 48
0.4
370
    25
100
AcDbBlockBegin
  2
KREST_104
 70
     0
 10
0.0
 20
0.0
 30
0.0
  3
KREST_104
  1

  0
LINE
  5
2F4
330
2F2
100
AcDbEntity
  8
Координатные кресты
  6
Continuous
 62
     7
370
    25
100
AcDbLine
 10
-2.5
 20
0.0
 30
0.0
 11
2.5
 21
0.0
 31
0.0
  0
LINE
  5
2F5
330
2F2
100
AcDbEntity
  8
Координатные кресты
  6
Continuous
 62
     7
370
    25
100
AcDbLine
 10
0.0
 20
-2.499999999999091
 30
0.0
 11
0.0
 21
2.500000000000909
 31
0.0
  0
ENDBLK
  5
2F6
330
2F2
100
AcDbEntity
  8
0
 62
     7
 48
0.4
370
    25
100
AcDbBlockEnd
  0
BLOCK
  5
2F9
330
2F8
100
AcDbEntity
  8
0
 62
     7
 48
0.4
370
    25
100
AcDbBlockBegin
  2
KREST_105
 70
     0
 10
0.0
 20
0.0
 30
0.0
  3
KREST_105
  1

  0
LINE
  5
2FA
330
2F8
100
AcDbEntity
  8
Координатные кресты
  6
Continuous
 62
     7
370
    25
100
AcDbLine
 10
-2.5
 20
0.0
 30
0.0
 11
2.5
 21
0.0
 31
0.0
  0
LINE
  5
2FB
330
2F8
100
AcDbEntity
  8
Координатные кресты
  6
Continuous
 62
     7
370
    25
100
AcDbLine
 10
0.0
 20
-2.499999999999091
 30
0.0
 11
0.0
 21
2.500000000000909
 31
0.0
  0
ENDBLK
  5
2FC
330
2F8
100
AcDbEntity
  8
0
 62
     7
 48
0.4
370
    25
100
AcDbBlockEnd
  0
BLOCK
  5
2FF
330
2FE
100
AcDbEntity
  8
0
 62
     7
 48
0.4
370
    25
100
AcDbBlockBegin
  2
KREST_106
 70
     0
 10
0.0
 20
0.0
 30
0.0
  3
KREST_106
  1

  0
LINE
  5
300
330
2FE
100
AcDbEntity
  8
Координатные кресты
  6
Continuous
 62
     7
370
    25
100
AcDbLine
 10
-2.5
 20
0.0
 30
0.0
 11
2.5
 21
0.0
 31
0.0
  0
LINE
  5
301
330
2FE
100
AcDbEntity
  8
Координатные кресты
  6
Continuous
 62
     7
370
    25
100
AcDbLine
 10
0.0
 20
-2.499999999999091
 30
0.0
 11
0.0
 21
2.500000000000909
 31
0.0
  0
ENDBLK
  5
302
330
2FE
100
AcDbEntity
  8
0
 62
     7
 48
0.4
370
    25
100
AcDbBlockEnd
  0
BLOCK
  5
305
330
304
100
AcDbEntity
  8
0
 62
     7
 48
0.4
370
    25
100
AcDbBlockBegin
  2
KREST_107
 70
     0
 10
0.0
 20
0.0
 30
0.0
  3
KREST_107
  1

  0
LINE
  5
306
330
304
100
AcDbEntity
  8
Координатные кресты
  6
Continuous
 62
     7
370
    25
100
AcDbLine
 10
-2.5
 20
0.0
 30
0.0
 11
2.5
 21
0.0
 31
0.0
  0
LINE
  5
307
330
304
100
AcDbEntity
  8
Координатные кресты
  6
Continuous
 62
     7
370
    25
100
AcDbLine
 10
0.0
 20
-2.499999999999091
 30
0.0
 11
0.0
 21
2.500000000000909
 31
0.0
  0
ENDBLK
  5
308
330
304
100
AcDbEntity
  8
0
 62
     7
 48
0.4
370
    25
100
AcDbBlockEnd
  0
BLOCK
  5
30B
330
30A
100
AcDbEntity
  8
0
 62
     7
 48
0.4
370
    25
100
AcDbBlockBegin
  2
KREST_108
 70
     0
 10
0.0
 20
0.0
 30
0.0
  3
KREST_108
  1

  0
LINE
  5
30C
330
30A
100
AcDbEntity
  8
Координатные кресты
  6
Continuous
 62
     7
370
    25
100
AcDbLine
 10
-2.5
 20
0.0
 30
0.0
 11
2.5
 21
0.0
 31
0.0
  0
LINE
  5
30D
330
30A
100
AcDbEntity
  8
Координатные кресты
  6
Continuous
 62
     7
370
    25
100
AcDbLine
 10
0.0
 20
-2.499999999999091
 30
0.0
 11
0.0
 21
2.500000000000909
 31
0.0
  0
ENDBLK
  5
30E
330
30A
100
AcDbEntity
  8
0
 62
     7
 48
0.4
370
    25
100
AcDbBlockEnd
  0
BLOCK
  5
311
330
310
100
AcDbEntity
  8
0
 62
     7
 48
0.4
370
    25
100
AcDbBlockBegin
  2
KREST_109
 70
     0
 10
0.0
 20
0.0
 30
0.0
  3
KREST_109
  1

  0
LINE
  5
312
330
310
100
AcDbEntity
  8
Координатные кресты
  6
Continuous
 62
     7
370
    25
100
AcDbLine
 10
-2.5
 20
0.0
 30
0.0
 11
2.5
 21
0.0
 31
0.0
  0
LINE
  5
313
330
310
100
AcDbEntity
  8
Координатные кресты
  6
Continuous
 62
     7
370
    25
100
AcDbLine
 10
0.0
 20
-2.499999999999091
 30
0.0
 11
0.0
 21
2.500000000000909
 31
0.0
  0
ENDBLK
  5
314
330
310
100
AcDbEntity
  8
0
 62
     7
 48
0.4
370
    25
100
AcDbBlockEnd
  0
BLOCK
  5
317
330
316
100
AcDbEntity
  8
0
 62
     7
 48
0.4
370
    25
100
AcDbBlockBegin
  2
KREST_110
 70
     0
 10
0.0
 20
0.0
 30
0.0
  3
KREST_110
  1

  0
LINE
  5
318
330
316
100
AcDbEntity
  8
Координатные кресты
  6
Continuous
 62
     7
370
    25
100
AcDbLine
 10
-2.5
 20
0.0
 30
0.0
 11
2.5
 21
0.0
 31
0.0
  0
LINE
  5
319
330
316
100
AcDbEntity
  8
Координатные кресты
  6
Continuous
 62
     7
370
    25
100
AcDbLine
 10
0.0
 20
-2.499999999999091
 30
0.0
 11
0.0
 21
2.500000000000909
 31
0.0
  0
ENDBLK
  5
31A
330
316
100
AcDbEntity
  8
0
 62
     7
 48
0.4
370
    25
100
AcDbBlockEnd
  0
BLOCK
  5
31D
330
31C
100
AcDbEntity
  8
0
 62
     7
 48
0.4
370
    25
100
AcDbBlockBegin
  2
KREST_111
 70
     0
 10
0.0
 20
0.0
 30
0.0
  3
KREST_111
  1

  0
LINE
  5
31E
330
31C
100
AcDbEntity
  8
Координатные кресты
  6
Continuous
 62
     7
370
    25
100
AcDbLine
 10
-2.5
 20
0.0
 30
0.0
 11
2.5
 21
0.0
 31
0.0
  0
LINE
  5
31F
330
31C
100
AcDbEntity
  8
Координатные кресты
  6
Continuous
 62
     7
370
    25
100
AcDbLine
 10
0.0
 20
-2.499999999999091
 30
0.0
 11
0.0
 21
2.500000000000909
 31
0.0
  0
ENDBLK
  5
320
330
31C
100
AcDbEntity
  8
0
 62
     7
 48
0.4
370
    25
100
AcDbBlockEnd
  0
BLOCK
  5
323
330
322
100
AcDbEntity
  8
0
 62
     7
 48
0.4
370
    25
100
AcDbBlockBegin
  2
KREST_112
 70
     0
 10
0.0
 20
0.0
 30
0.0
  3
KREST_112
  1

  0
LINE
  5
324
330
322
100
AcDbEntity
  8
Координатные кресты
  6
Continuous
 62
     7
370
    25
100
AcDbLine
 10
-2.5
 20
0.0
 30
0.0
 11
2.5
 21
0.0
 31
0.0
  0
LINE
  5
325
330
322
100
AcDbEntity
  8
Координатные кресты
  6
Continuous
 62
     7
370
    25
100
AcDbLine
 10
0.0
 20
-2.499999999999091
 30
0.0
 11
0.0
 21
2.500000000000909
 31
0.0
  0
ENDBLK
  5
326
330
322
100
AcDbEntity
  8
0
 62
     7
 48
0.4
370
    25
100
AcDbBlockEnd
  0
BLOCK
  5
329
330
328
100
AcDbEntity
  8
0
 62
     7
 48
0.4
370
    25
100
AcDbBlockBegin
  2
KREST_113
 70
     0
 10
0.0
 20
0.0
 30
0.0
  3
KREST_113
  1

  0
LINE
  5
32A
330
328
100
AcDbEntity
  8
Координатные кресты
  6
Continuous
 62
     7
370
    25
100
AcDbLine
 10
-2.5
 20
0.0
 30
0.0
 11
2.5
 21
0.0
 31
0.0
  0
LINE
  5
32B
330
328
100
AcDbEntity
  8
Координатные кресты
  6
Continuous
 62
     7
370
    25
100
AcDbLine
 10
0.0
 20
-2.499999999999091
 30
0.0
 11
0.0
 21
2.500000000000909
 31
0.0
  0
ENDBLK
  5
32C
330
328
100
AcDbEntity
  8
0
 62
     7
 48
0.4
370
    25
100
AcDbBlockEnd
  0
BLOCK
  5
32F
330
32E
100
AcDbEntity
  8
0
 62
     7
 48
0.4
370
    25
100
AcDbBlockBegin
  2
KREST_114
 70
     0
 10
0.0
 20
0.0
 30
0.0
  3
KREST_114
  1

  0
LINE
  5
330
330
32E
100
AcDbEntity
  8
Координатные кресты
  6
Continuous
 62
     7
370
    25
100
AcDbLine
 10
-2.5
 20
0.0
 30
0.0
 11
2.5
 21
0.0
 31
0.0
  0
LINE
  5
331
330
32E
100
AcDbEntity
  8
Координатные кресты
  6
Continuous
 62
     7
370
    25
100
AcDbLine
 10
0.0
 20
-2.499999999999091
 30
0.0
 11
0.0
 21
2.500000000000909
 31
0.0
  0
ENDBLK
  5
332
330
32E
100
AcDbEntity
  8
0
 62
     7
 48
0.4
370
    25
100
AcDbBlockEnd
  0
BLOCK
  5
335
330
334
100
AcDbEntity
  8
0
 62
     7
 48
0.4
370
    25
100
AcDbBlockBegin
  2
KREST_115
 70
     0
 10
0.0
 20
0.0
 30
0.0
  3
KREST_115
  1

  0
LINE
  5
336
330
334
100
AcDbEntity
  8
Координатные кресты
  6
Continuous
 62
     7
370
    25
100
AcDbLine
 10
-2.5
 20
0.0
 30
0.0
 11
2.5
 21
0.0
 31
0.0
  0
LINE
  5
337
330
334
100
AcDbEntity
  8
Координатные кресты
  6
Continuous
 62
     7
370
    25
100
AcDbLine
 10
0.0
 20
-2.499999999999091
 30
0.0
 11
0.0
 21
2.500000000000909
 31
0.0
  0
ENDBLK
  5
338
330
334
100
AcDbEntity
  8
0
 62
     7
 48
0.4
370
    25
100
AcDbBlockEnd
  0
BLOCK
  5
33B
330
33A
100
AcDbEntity
  8
0
 62
     7
 48
0.4
370
    25
100
AcDbBlockBegin
  2
KREST_116
 70
     0
 10
0.0
 20
0.0
 30
0.0
  3
KREST_116
  1

  0
LINE
  5
33C
330
33A
100
AcDbEntity
  8
Координатные кресты
  6
Continuous
 62
     7
370
    25
100
AcDbLine
 10
-2.5
 20
0.0
 30
0.0
 11
2.5
 21
0.0
 31
0.0
  0
LINE
  5
33D
330
33A
100
AcDbEntity
  8
Координатные кресты
  6
Continuous
 62
     7
370
    25
100
AcDbLine
 10
0.0
 20
-2.499999999999091
 30
0.0
 11
0.0
 21
2.500000000000909
 31
0.0
  0
ENDBLK
  5
33E
330
33A
100
AcDbEntity
  8
0
 62
     7
 48
0.4
370
    25
100
AcDbBlockEnd
  0
BLOCK
  5
341
330
340
100
AcDbEntity
  8
0
 62
     7
 48
0.4
370
    25
100
AcDbBlockBegin
  2
KREST_117
 70
     0
 10
0.0
 20
0.0
 30
0.0
  3
KREST_117
  1

  0
LINE
  5
342
330
340
100
AcDbEntity
  8
Координатные кресты
  6
Continuous
 62
     7
370
    25
100
AcDbLine
 10
-2.5
 20
0.0
 30
0.0
 11
2.5
 21
0.0
 31
0.0
  0
LINE
  5
343
330
340
100
AcDbEntity
  8
Координатные кресты
  6
Continuous
 62
     7
370
    25
100
AcDbLine
 10
0.0
 20
-2.499999999999091
 30
0.0
 11
0.0
 21
2.500000000000909
 31
0.0
  0
ENDBLK
  5
344
330
340
100
AcDbEntity
  8
0
 62
     7
 48
0.4
370
    25
100
AcDbBlockEnd
  0
BLOCK
  5
347
330
346
100
AcDbEntity
  8
0
 62
     7
 48
0.4
370
    25
100
AcDbBlockBegin
  2
KREST_118
 70
     0
 10
0.0
 20
0.0
 30
0.0
  3
KREST_118
  1

  0
LINE
  5
348
330
346
100
AcDbEntity
  8
Координатные кресты
  6
Continuous
 62
     7
370
    25
100
AcDbLine
 10
-2.5
 20
0.0
 30
0.0
 11
2.5
 21
0.0
 31
0.0
  0
LINE
  5
349
330
346
100
AcDbEntity
  8
Координатные кресты
  6
Continuous
 62
     7
370
    25
100
AcDbLine
 10
0.0
 20
-2.499999999999091
 30
0.0
 11
0.0
 21
2.500000000000909
 31
0.0
  0
ENDBLK
  5
34A
330
346
100
AcDbEntity
  8
0
 62
     7
 48
0.4
370
    25
100
AcDbBlockEnd
  0
BLOCK
  5
34D
330
34C
100
AcDbEntity
  8
0
 62
     7
 48
0.4
370
    25
100
AcDbBlockBegin
  2
KREST_119
 70
     0
 10
0.0
 20
0.0
 30
0.0
  3
KREST_119
  1

  0
LINE
  5
34E
330
34C
100
AcDbEntity
  8
Координатные кресты
  6
Continuous
 62
     7
370
    25
100
AcDbLine
 10
-2.5
 20
0.0
 30
0.0
 11
2.5
 21
0.0
 31
0.0
  0
LINE
  5
34F
330
34C
100
AcDbEntity
  8
Координатные кресты
  6
Continuous
 62
     7
370
    25
100
AcDbLine
 10
0.0
 20
-2.499999999999091
 30
0.0
 11
0.0
 21
2.500000000000909
 31
0.0
  0
ENDBLK
  5
350
330
34C
100
AcDbEntity
  8
0
 62
     7
 48
0.4
370
    25
100
AcDbBlockEnd
  0
BLOCK
  5
353
330
352
100
AcDbEntity
  8
0
 62
     7
 48
0.4
370
    25
100
AcDbBlockBegin
  2
KREST_120
 70
     0
 10
0.0
 20
0.0
 30
0.0
  3
KREST_120
  1

  0
LINE
  5
354
330
352
100
AcDbEntity
  8
Координатные кресты
  6
Continuous
 62
     7
370
    25
100
AcDbLine
 10
-2.5
 20
0.0
 30
0.0
 11
2.5
 21
0.0
 31
0.0
  0
LINE
  5
355
330
352
100
AcDbEntity
  8
Координатные кресты
  6
Continuous
 62
     7
370
    25
100
AcDbLine
 10
0.0
 20
-2.499999999999091
 30
0.0
 11
0.0
 21
2.500000000000909
 31
0.0
  0
ENDBLK
  5
356
330
352
100
AcDbEntity
  8
0
 62
     7
 48
0.4
370
    25
100
AcDbBlockEnd
  0
BLOCK
  5
359
330
358
100
AcDbEntity
  8
0
 62
     7
 48
0.4
370
    25
100
AcDbBlockBegin
  2
KREST_121
 70
     0
 10
0.0
 20
0.0
 30
0.0
  3
KREST_121
  1

  0
LINE
  5
35A
330
358
100
AcDbEntity
  8
Координатные кресты
  6
Continuous
 62
     7
370
    25
100
AcDbLine
 10
-2.5
 20
0.0
 30
0.0
 11
2.5
 21
0.0
 31
0.0
  0
LINE
  5
35B
330
358
100
AcDbEntity
  8
Координатные кресты
  6
Continuous
 62
     7
370
    25
100
AcDbLine
 10
0.0
 20
-2.499999999999091
 30
0.0
 11
0.0
 21
2.500000000000909
 31
0.0
  0
ENDBLK
  5
35C
330
358
100
AcDbEntity
  8
0
 62
     7
 48
0.4
370
    25
100
AcDbBlockEnd
  0
BLOCK
  5
35F
330
35E
100
AcDbEntity
  8
0
 62
     7
 48
0.4
370
    25
100
AcDbBlockBegin
  2
KREST_122
 70
     0
 10
0.0
 20
0.0
 30
0.0
  3
KREST_122
  1

  0
LINE
  5
360
330
35E
100
AcDbEntity
  8
Координатные кресты
  6
Continuous
 62
     7
370
    25
100
AcDbLine
 10
-2.5
 20
0.0
 30
0.0
 11
2.5
 21
0.0
 31
0.0
  0
LINE
  5
361
330
35E
100
AcDbEntity
  8
Координатные кресты
  6
Continuous
 62
     7
370
    25
100
AcDbLine
 10
0.0
 20
-2.499999999999091
 30
0.0
 11
0.0
 21
2.500000000000909
 31
0.0
  0
ENDBLK
  5
362
330
35E
100
AcDbEntity
  8
0
 62
     7
 48
0.4
370
    25
100
AcDbBlockEnd
  0
BLOCK
  5
365
330
364
100
AcDbEntity
  8
0
 62
     7
 48
0.4
370
    25
100
AcDbBlockBegin
  2
KREST_123
 70
     0
 10
0.0
 20
0.0
 30
0.0
  3
KREST_123
  1

  0
LINE
  5
366
330
364
100
AcDbEntity
  8
Координатные кресты
  6
Continuous
 62
     7
370
    25
100
AcDbLine
 10
-2.5
 20
0.0
 30
0.0
 11
2.5
 21
0.0
 31
0.0
  0
LINE
  5
367
330
364
100
AcDbEntity
  8
Координатные кресты
  6
Continuous
 62
     7
370
    25
100
AcDbLine
 10
0.0
 20
-2.499999999999091
 30
0.0
 11
0.0
 21
2.500000000000909
 31
0.0
  0
ENDBLK
  5
368
330
364
100
AcDbEntity
  8
0
 62
     7
 48
0.4
370
    25
100
AcDbBlockEnd
  0
BLOCK
  5
36B
330
36A
100
AcDbEntity
  8
0
 62
     7
 48
0.4
370
    25
100
AcDbBlockBegin
  2
KREST_124
 70
     0
 10
0.0
 20
0.0
 30
0.0
  3
KREST_124
  1

  0
LINE
  5
36C
330
36A
100
AcDbEntity
  8
Координатные кресты
  6
Continuous
 62
     7
370
    25
100
AcDbLine
 10
-2.5
 20
0.0
 30
0.0
 11
2.5
 21
0.0
 31
0.0
  0
LINE
  5
36D
330
36A
100
AcDbEntity
  8
Координатные кресты
  6
Continuous
 62
     7
370
    25
100
AcDbLine
 10
0.0
 20
-2.499999999999091
 30
0.0
 11
0.0
 21
2.500000000000909
 31
0.0
  0
ENDBLK
  5
36E
330
36A
100
AcDbEntity
  8
0
 62
     7
 48
0.4
370
    25
100
AcDbBlockEnd
  0
BLOCK
  5
371
330
370
100
AcDbEntity
  8
0
 62
     7
 48
0.4
370
    25
100
AcDbBlockBegin
  2
KREST_125
 70
     0
 10
0.0
 20
0.0
 30
0.0
  3
KREST_125
  1

  0
LINE
  5
372
330
370
100
AcDbEntity
  8
Координатные кресты
  6
Continuous
 62
     7
370
    25
100
AcDbLine
 10
-2.5
 20
0.0
 30
0.0
 11
2.5
 21
0.0
 31
0.0
  0
LINE
  5
373
330
370
100
AcDbEntity
  8
Координатные кресты
  6
Continuous
 62
     7
370
    25
100
AcDbLine
 10
0.0
 20
-2.499999999999091
 30
0.0
 11
0.0
 21
2.500000000000909
 31
0.0
  0
ENDBLK
  5
374
330
370
100
AcDbEntity
  8
0
 62
     7
 48
0.4
370
    25
100
AcDbBlockEnd
  0
BLOCK
  5
377
330
376
100
AcDbEntity
  8
0
 62
     7
 48
0.4
370
    25
100
AcDbBlockBegin
  2
KREST_126
 70
     0
 10
0.0
 20
0.0
 30
0.0
  3
KREST_126
  1

  0
LINE
  5
378
330
376
100
AcDbEntity
  8
Координатные кресты
  6
Continuous
 62
     7
370
    25
100
AcDbLine
 10
-2.5
 20
0.0
 30
0.0
 11
2.5
 21
0.0
 31
0.0
  0
LINE
  5
379
330
376
100
AcDbEntity
  8
Координатные кресты
  6
Continuous
 62
     7
370
    25
100
AcDbLine
 10
0.0
 20
-2.499999999999091
 30
0.0
 11
0.0
 21
2.500000000000909
 31
0.0
  0
ENDBLK
  5
37A
330
376
100
AcDbEntity
  8
0
 62
     7
 48
0.4
370
    25
100
AcDbBlockEnd
  0
BLOCK
  5
37E
330
37D
100
AcDbEntity
  8
0
 62
     7
 48
0.4
370
    25
100
AcDbBlockBegin
  2
KREST_127
 70
     0
 10
0.0
 20
0.0
 30
0.0
  3
KREST_127
  1

  0
LINE
  5
37F
330
37D
100
AcDbEntity
  8
Координатные кресты
  6
Continuous
 62
     7
370
    25
100
AcDbLine
 10
-2.5
 20
0.0
 30
0.0
 11
2.5
 21
0.0
 31
0.0
  0
LINE
  5
380
330
37D
100
AcDbEntity
  8
Координатные кресты
  6
Continuous
 62
     7
370
    25
100
AcDbLine
 10
0.0
 20
-2.499999999999091
 30
0.0
 11
0.0
 21
2.500000000000909
 31
0.0
  0
ENDBLK
  5
381
330
37D
100
AcDbEntity
  8
0
 62
     7
 48
0.4
370
    25
100
AcDbBlockEnd
  0
BLOCK
  5
384
330
383
100
AcDbEntity
  8
0
 62
     7
 48
0.4
370
    25
100
AcDbBlockBegin
  2
KREST_128
 70
     0
 10
0.0
 20
0.0
 30
0.0
  3
KREST_128
  1

  0
LINE
  5
385
330
383
100
AcDbEntity
  8
Координатные кресты
  6
Continuous
 62
     7
370
    25
100
AcDbLine
 10
-2.5
 20
0.0
 30
0.0
 11
2.5
 21
0.0
 31
0.0
  0
LINE
  5
386
330
383
100
AcDbEntity
  8
Координатные кресты
  6
Continuous
 62
     7
370
    25
100
AcDbLine
 10
0.0
 20
-2.499999999999091
 30
0.0
 11
0.0
 21
2.500000000000909
 31
0.0
  0
ENDBLK
  5
387
330
383
100
AcDbEntity
  8
0
 62
     7
 48
0.4
370
    25
100
AcDbBlockEnd
  0
BLOCK
  5
38A
330
389
100
AcDbEntity
  8
0
 62
     7
 48
0.4
370
    25
100
AcDbBlockBegin
  2
KREST_129
 70
     0
 10
0.0
 20
0.0
 30
0.0
  3
KREST_129
  1

  0
LINE
  5
38B
330
389
100
AcDbEntity
  8
Координатные кресты
  6
Continuous
 62
     7
370
    25
100
AcDbLine
 10
-2.5
 20
0.0
 30
0.0
 11
2.5
 21
0.0
 31
0.0
  0
LINE
  5
38C
330
389
100
AcDbEntity
  8
Координатные кресты
  6
Continuous
 62
     7
370
    25
100
AcDbLine
 10
0.0
 20
-2.499999999999091
 30
0.0
 11
0.0
 21
2.500000000000909
 31
0.0
  0
ENDBLK
  5
38D
330
389
100
AcDbEntity
  8
0
 62
     7
 48
0.4
370
    25
100
AcDbBlockEnd
  0
BLOCK
  5
390
330
38F
100
AcDbEntity
  8
0
 62
     7
 48
0.4
370
    25
100
AcDbBlockBegin
  2
KREST_130
 70
     0
 10
0.0
 20
0.0
 30
0.0
  3
KREST_130
  1

  0
LINE
  5
391
330
38F
100
AcDbEntity
  8
Координатные кресты
  6
Continuous
 62
     7
370
    25
100
AcDbLine
 10
-2.5
 20
0.0
 30
0.0
 11
2.5
 21
0.0
 31
0.0
  0
LINE
  5
392
330
38F
100
AcDbEntity
  8
Координатные кресты
  6
Continuous
 62
     7
370
    25
100
AcDbLine
 10
0.0
 20
-2.499999999999091
 30
0.0
 11
0.0
 21
2.500000000000909
 31
0.0
  0
ENDBLK
  5
393
330
38F
100
AcDbEntity
  8
0
 62
     7
 48
0.4
370
    25
100
AcDbBlockEnd
  0
BLOCK
  5
396
330
395
100
AcDbEntity
  8
0
 62
     7
 48
0.4
370
    25
100
AcDbBlockBegin
  2
KREST_131
 70
     0
 10
0.0
 20
0.0
 30
0.0
  3
KREST_131
  1

  0
LINE
  5
397
330
395
100
AcDbEntity
  8
Координатные кресты
  6
Continuous
 62
     7
370
    25
100
AcDbLine
 10
-2.5
 20
0.0
 30
0.0
 11
2.5
 21
0.0
 31
0.0
  0
LINE
  5
398
330
395
100
AcDbEntity
  8
Координатные кресты
  6
Continuous
 62
     7
370
    25
100
AcDbLine
 10
0.0
 20
-2.499999999999091
 30
0.0
 11
0.0
 21
2.500000000000909
 31
0.0
  0
ENDBLK
  5
399
330
395
100
AcDbEntity
  8
0
 62
     7
 48
0.4
370
    25
100
AcDbBlockEnd
  0
BLOCK
  5
39C
330
39B
100
AcDbEntity
  8
0
 62
     7
 48
0.4
370
    25
100
AcDbBlockBegin
  2
KREST_132
 70
     0
 10
0.0
 20
0.0
 30
0.0
  3
KREST_132
  1

  0
LINE
  5
39D
330
39B
100
AcDbEntity
  8
Координатные кресты
  6
Continuous
 62
     7
370
    25
100
AcDbLine
 10
-2.5
 20
0.0
 30
0.0
 11
2.5
 21
0.0
 31
0.0
  0
LINE
  5
39E
330
39B
100
AcDbEntity
  8
Координатные кресты
  6
Continuous
 62
     7
370
    25
100
AcDbLine
 10
0.0
 20
-2.499999999999091
 30
0.0
 11
0.0
 21
2.500000000000909
 31
0.0
  0
ENDBLK
  5
39F
330
39B
100
AcDbEntity
  8
0
 62
     7
 48
0.4
370
    25
100
AcDbBlockEnd
  0
BLOCK
  5
3A2
330
3A1
100
AcDbEntity
  8
0
 62
     7
 48
0.4
370
    25
100
AcDbBlockBegin
  2
KREST_133
 70
     0
 10
0.0
 20
0.0
 30
0.0
  3
KREST_133
  1

  0
LINE
  5
3A3
330
3A1
100
AcDbEntity
  8
Координатные кресты
  6
Continuous
 62
     7
370
    25
100
AcDbLine
 10
-2.5
 20
0.0
 30
0.0
 11
2.5
 21
0.0
 31
0.0
  0
LINE
  5
3A4
330
3A1
100
AcDbEntity
  8
Координатные кресты
  6
Continuous
 62
     7
370
    25
100
AcDbLine
 10
0.0
 20
-2.499999999999091
 30
0.0
 11
0.0
 21
2.500000000000909
 31
0.0
  0
ENDBLK
  5
3A5
330
3A1
100
AcDbEntity
  8
0
 62
     7
 48
0.4
370
    25
100
AcDbBlockEnd
  0
BLOCK
  5
3A8
330
3A7
100
AcDbEntity
  8
0
 62
     7
 48
0.4
370
    25
100
AcDbBlockBegin
  2
KREST_134
 70
     0
 10
0.0
 20
0.0
 30
0.0
  3
KREST_134
  1

  0
LINE
  5
3A9
330
3A7
100
AcDbEntity
  8
Координатные кресты
  6
Continuous
 62
     7
370
    25
100
AcDbLine
 10
-2.5
 20
0.0
 30
0.0
 11
2.5
 21
0.0
 31
0.0
  0
LINE
  5
3AA
330
3A7
100
AcDbEntity
  8
Координатные кресты
  6
Continuous
 62
     7
370
    25
100
AcDbLine
 10
0.0
 20
-2.499999999999091
 30
0.0
 11
0.0
 21
2.500000000000909
 31
0.0
  0
ENDBLK
  5
3AB
330
3A7
100
AcDbEntity
  8
0
 62
     7
 48
0.4
370
    25
100
AcDbBlockEnd
  0
BLOCK
  5
3AE
330
3AD
100
AcDbEntity
  8
0
 62
     7
 48
0.4
370
    25
100
AcDbBlockBegin
  2
KREST_135
 70
     0
 10
0.0
 20
0.0
 30
0.0
  3
KREST_135
  1

  0
LINE
  5
3AF
330
3AD
100
AcDbEntity
  8
Координатные кресты
  6
Continuous
 62
     7
370
    25
100
AcDbLine
 10
-2.5
 20
0.0
 30
0.0
 11
2.5
 21
0.0
 31
0.0
  0
LINE
  5
3B0
330
3AD
100
AcDbEntity
  8
Координатные кресты
  6
Continuous
 62
     7
370
    25
100
AcDbLine
 10
0.0
 20
-2.499999999999091
 30
0.0
 11
0.0
 21
2.500000000000909
 31
0.0
  0
ENDBLK
  5
3B1
330
3AD
100
AcDbEntity
  8
0
 62
     7
 48
0.4
370
    25
100
AcDbBlockEnd
  0
BLOCK
  5
3B4
330
3B3
100
AcDbEntity
  8
0
 62
     7
 48
0.4
370
    25
100
AcDbBlockBegin
  2
KREST_136
 70
     0
 10
0.0
 20
0.0
 30
0.0
  3
KREST_136
  1

  0
LINE
  5
3B5
330
3B3
100
AcDbEntity
  8
Координатные кресты
  6
Continuous
 62
     7
370
    25
100
AcDbLine
 10
-2.5
 20
0.0
 30
0.0
 11
2.5
 21
0.0
 31
0.0
  0
LINE
  5
3B6
330
3B3
100
AcDbEntity
  8
Координатные кресты
  6
Continuous
 62
     7
370
    25
100
AcDbLine
 10
0.0
 20
-2.499999999999091
 30
0.0
 11
0.0
 21
2.500000000000909
 31
0.0
  0
ENDBLK
  5
3B7
330
3B3
100
AcDbEntity
  8
0
 62
     7
 48
0.4
370
    25
100
AcDbBlockEnd
  0
BLOCK
  5
3BA
330
3B9
100
AcDbEntity
  8
0
 62
     7
 48
0.4
370
    25
100
AcDbBlockBegin
  2
KREST_137
 70
     0
 10
0.0
 20
0.0
 30
0.0
  3
KREST_137
  1

  0
LINE
  5
3BB
330
3B9
100
AcDbEntity
  8
Координатные кресты
  6
Continuous
 62
     7
370
    25
100
AcDbLine
 10
-2.5
 20
0.0
 30
0.0
 11
2.5
 21
0.0
 31
0.0
  0
LINE
  5
3BC
330
3B9
100
AcDbEntity
  8
Координатные кресты
  6
Continuous
 62
     7
370
    25
100
AcDbLine
 10
0.0
 20
-2.499999999999091
 30
0.0
 11
0.0
 21
2.500000000000909
 31
0.0
  0
ENDBLK
  5
3BD
330
3B9
100
AcDbEntity
  8
0
 62
     7
 48
0.4
370
    25
100
AcDbBlockEnd
  0
BLOCK
  5
3C0
330
3BF
100
AcDbEntity
  8
0
 62
     7
 48
0.4
370
    25
100
AcDbBlockBegin
  2
KREST_138
 70
     0
 10
0.0
 20
0.0
 30
0.0
  3
KREST_138
  1

  0
LINE
  5
3C1
330
3BF
100
AcDbEntity
  8
Координатные кресты
  6
Continuous
 62
     7
370
    25
100
AcDbLine
 10
-2.5
 20
0.0
 30
0.0
 11
2.5
 21
0.0
 31
0.0
  0
LINE
  5
3C2
330
3BF
100
AcDbEntity
  8
Координатные кресты
  6
Continuous
 62
     7
370
    25
100
AcDbLine
 10
0.0
 20
-2.499999999999091
 30
0.0
 11
0.0
 21
2.500000000000909
 31
0.0
  0
ENDBLK
  5
3C3
330
3BF
100
AcDbEntity
  8
0
 62
     7
 48
0.4
370
    25
100
AcDbBlockEnd
  0
BLOCK
  5
3C6
330
3C5
100
AcDbEntity
  8
0
 62
     7
 48
0.4
370
    25
100
AcDbBlockBegin
  2
KREST_139
 70
     0
 10
0.0
 20
0.0
 30
0.0
  3
KREST_139
  1

  0
LINE
  5
3C7
330
3C5
100
AcDbEntity
  8
Координатные кресты
  6
Continuous
 62
     7
370
    25
100
AcDbLine
 10
-2.5
 20
0.0
 30
0.0
 11
2.5
 21
0.0
 31
0.0
  0
LINE
  5
3C8
330
3C5
100
AcDbEntity
  8
Координатные кресты
  6
Continuous
 62
     7
370
    25
100
AcDbLine
 10
0.0
 20
-2.499999999999091
 30
0.0
 11
0.0
 21
2.500000000000909
 31
0.0
  0
ENDBLK
  5
3C9
330
3C5
100
AcDbEntity
  8
0
 62
     7
 48
0.4
370
    25
100
AcDbBlockEnd
  0
BLOCK
  5
3CC
330
3CB
100
AcDbEntity
  8
0
 62
     7
 48
0.4
370
    25
100
AcDbBlockBegin
  2
KREST_140
 70
     0
 10
0.0
 20
0.0
 30
0.0
  3
KREST_140
  1

  0
LINE
  5
3CD
330
3CB
100
AcDbEntity
  8
Координатные кресты
  6
Continuous
 62
     7
370
    25
100
AcDbLine
 10
-2.5
 20
0.0
 30
0.0
 11
2.5
 21
0.0
 31
0.0
  0
LINE
  5
3CE
330
3CB
100
AcDbEntity
  8
Координатные кресты
  6
Continuous
 62
     7
370
    25
100
AcDbLine
 10
0.0
 20
-2.499999999999091
 30
0.0
 11
0.0
 21
2.500000000000909
 31
0.0
  0
ENDBLK
  5
3CF
330
3CB
100
AcDbEntity
  8
0
 62
     7
 48
0.4
370
    25
100
AcDbBlockEnd
  0
BLOCK
  5
3D2
330
3D1
100
AcDbEntity
  8
0
 62
     7
 48
0.4
370
    25
100
AcDbBlockBegin
  2
KREST_141
 70
     0
 10
0.0
 20
0.0
 30
0.0
  3
KREST_141
  1

  0
LINE
  5
3D3
330
3D1
100
AcDbEntity
  8
Координатные кресты
  6
Continuous
 62
     7
370
    25
100
AcDbLine
 10
-2.5
 20
0.0
 30
0.0
 11
2.5
 21
0.0
 31
0.0
  0
LINE
  5
3D4
330
3D1
100
AcDbEntity
  8
Координатные кресты
  6
Continuous
 62
     7
370
    25
100
AcDbLine
 10
0.0
 20
-2.499999999999091
 30
0.0
 11
0.0
 21
2.500000000000909
 31
0.0
  0
ENDBLK
  5
3D5
330
3D1
100
AcDbEntity
  8
0
 62
     7
 48
0.4
370
    25
100
AcDbBlockEnd
  0
BLOCK
  5
3D8
330
3D7
100
AcDbEntity
  8
0
 62
     7
 48
0.4
370
    25
100
AcDbBlockBegin
  2
KREST_142
 70
     0
 10
0.0
 20
0.0
 30
0.0
  3
KREST_142
  1

  0
LINE
  5
3D9
330
3D7
100
AcDbEntity
  8
Координатные кресты
  6
Continuous
 62
     7
370
    25
100
AcDbLine
 10
-2.5
 20
0.0
 30
0.0
 11
2.5
 21
0.0
 31
0.0
  0
LINE
  5
3DA
330
3D7
100
AcDbEntity
  8
Координатные кресты
  6
Continuous
 62
     7
370
    25
100
AcDbLine
 10
0.0
 20
-2.499999999999091
 30
0.0
 11
0.0
 21
2.500000000000909
 31
0.0
  0
ENDBLK
  5
3DB
330
3D7
100
AcDbEntity
  8
0
 62
     7
 48
0.4
370
    25
100
AcDbBlockEnd
  0
BLOCK
  5
3DE
330
3DD
100
AcDbEntity
  8
0
 62
     7
 48
0.4
370
    25
100
AcDbBlockBegin
  2
KREST_143
 70
     0
 10
0.0
 20
0.0
 30
0.0
  3
KREST_143
  1

  0
LINE
  5
3DF
330
3DD
100
AcDbEntity
  8
Координатные кресты
  6
Continuous
 62
     7
370
    25
100
AcDbLine
 10
-2.5
 20
0.0
 30
0.0
 11
2.5
 21
0.0
 31
0.0
  0
LINE
  5
3E0
330
3DD
100
AcDbEntity
  8
Координатные кресты
  6
Continuous
 62
     7
370
    25
100
AcDbLine
 10
0.0
 20
-2.499999999999091
 30
0.0
 11
0.0
 21
2.500000000000909
 31
0.0
  0
ENDBLK
  5
3E1
330
3DD
100
AcDbEntity
  8
0
 62
     7
 48
0.4
370
    25
100
AcDbBlockEnd
  0
BLOCK
  5
3E4
330
3E3
100
AcDbEntity
  8
0
 62
     7
 48
0.4
370
    25
100
AcDbBlockBegin
  2
KREST_144
 70
     0
 10
0.0
 20
0.0
 30
0.0
  3
KREST_144
  1

  0
LINE
  5
3E5
330
3E3
100
AcDbEntity
  8
Координатные кресты
  6
Continuous
 62
     7
370
    25
100
AcDbLine
 10
-2.5
 20
0.0
 30
0.0
 11
2.5
 21
0.0
 31
0.0
  0
LINE
  5
3E6
330
3E3
100
AcDbEntity
  8
Координатные кресты
  6
Continuous
 62
     7
370
    25
100
AcDbLine
 10
0.0
 20
-2.499999999999091
 30
0.0
 11
0.0
 21
2.500000000000909
 31
0.0
  0
ENDBLK
  5
3E7
330
3E3
100
AcDbEntity
  8
0
 62
     7
 48
0.4
370
    25
100
AcDbBlockEnd
  0
BLOCK
  5
3EA
330
3E9
100
AcDbEntity
  8
0
 62
     7
 48
0.4
370
    25
100
AcDbBlockBegin
  2
KREST_145
 70
     0
 10
0.0
 20
0.0
 30
0.0
  3
KREST_145
  1

  0
LINE
  5
3EB
330
3E9
100
AcDbEntity
  8
Координатные кресты
  6
Continuous
 62
     7
370
    25
100
AcDbLine
 10
-2.5
 20
0.0
 30
0.0
 11
2.5
 21
0.0
 31
0.0
  0
LINE
  5
3EC
330
3E9
100
AcDbEntity
  8
Координатные кресты
  6
Continuous
 62
     7
370
    25
100
AcDbLine
 10
0.0
 20
-2.499999999999091
 30
0.0
 11
0.0
 21
2.500000000000909
 31
0.0
  0
ENDBLK
  5
3ED
330
3E9
100
AcDbEntity
  8
0
 62
     7
 48
0.4
370
    25
100
AcDbBlockEnd
  0
BLOCK
  5
3F0
330
3EF
100
AcDbEntity
  8
0
 62
     7
 48
0.4
370
    25
100
AcDbBlockBegin
  2
KREST_146
 70
     0
 10
0.0
 20
0.0
 30
0.0
  3
KREST_146
  1

  0
LINE
  5
3F1
330
3EF
100
AcDbEntity
  8
Координатные кресты
  6
Continuous
 62
     7
370
    25
100
AcDbLine
 10
-2.5
 20
0.0
 30
0.0
 11
2.5
 21
0.0
 31
0.0
  0
LINE
  5
3F2
330
3EF
100
AcDbEntity
  8
Координатные кресты
  6
Continuous
 62
     7
370
    25
100
AcDbLine
 10
0.0
 20
-2.499999999999091
 30
0.0
 11
0.0
 21
2.500000000000909
 31
0.0
  0
ENDBLK
  5
3F3
330
3EF
100
AcDbEntity
  8
0
 62
     7
 48
0.4
370
    25
100
AcDbBlockEnd
  0
BLOCK
  5
3F6
330
3F5
100
AcDbEntity
  8
0
 62
     7
 48
0.4
370
    25
100
AcDbBlockBegin
  2
KREST_147
 70
     0
 10
0.0
 20
0.0
 30
0.0
  3
KREST_147
  1

  0
LINE
  5
3F7
330
3F5
100
AcDbEntity
  8
Координатные кресты
  6
Continuous
 62
     7
370
    25
100
AcDbLine
 10
-2.5
 20
0.0
 30
0.0
 11
2.5
 21
0.0
 31
0.0
  0
LINE
  5
3F8
330
3F5
100
AcDbEntity
  8
Координатные кресты
  6
Continuous
 62
     7
370
    25
100
AcDbLine
 10
0.0
 20
-2.499999999999091
 30
0.0
 11
0.0
 21
2.500000000000909
 31
0.0
  0
ENDBLK
  5
3F9
330
3F5
100
AcDbEntity
  8
0
 62
     7
 48
0.4
370
    25
100
AcDbBlockEnd
  0
BLOCK
  5
3FC
330
3FB
100
AcDbEntity
  8
0
 62
     7
 48
0.4
370
    25
100
AcDbBlockBegin
  2
KREST_148
 70
     0
 10
0.0
 20
0.0
 30
0.0
  3
KREST_148
  1

  0
LINE
  5
3FD
330
3FB
100
AcDbEntity
  8
Координатные кресты
  6
Continuous
 62
     7
370
    25
100
AcDbLine
 10
-2.5
 20
0.0
 30
0.0
 11
2.5
 21
0.0
 31
0.0
  0
LINE
  5
3FE
330
3FB
100
AcDbEntity
  8
Координатные кресты
  6
Continuous
 62
     7
370
    25
100
AcDbLine
 10
0.0
 20
-2.499999999999091
 30
0.0
 11
0.0
 21
2.500000000000909
 31
0.0
  0
ENDBLK
  5
3FF
330
3FB
100
AcDbEntity
  8
0
 62
     7
 48
0.4
370
    25
100
AcDbBlockEnd
  0
BLOCK
  5
402
330
401
100
AcDbEntity
  8
0
 62
     7
 48
0.4
370
    25
100
AcDbBlockBegin
  2
KREST_149
 70
     0
 10
0.0
 20
0.0
 30
0.0
  3
KREST_149
  1

  0
LINE
  5
403
330
401
100
AcDbEntity
  8
Координатные кресты
  6
Continuous
 62
     7
370
    25
100
AcDbLine
 10
-2.5
 20
0.0
 30
0.0
 11
2.5
 21
0.0
 31
0.0
  0
LINE
  5
404
330
401
100
AcDbEntity
  8
Координатные кресты
  6
Continuous
 62
     7
370
    25
100
AcDbLine
 10
0.0
 20
-2.499999999999091
 30
0.0
 11
0.0
 21
2.500000000000909
 31
0.0
  0
ENDBLK
  5
405
330
401
100
AcDbEntity
  8
0
 62
     7
 48
0.4
370
    25
100
AcDbBlockEnd
  0
BLOCK
  5
408
330
407
100
AcDbEntity
  8
0
 62
     7
 48
0.4
370
    25
100
AcDbBlockBegin
  2
KREST_150
 70
     0
 10
0.0
 20
0.0
 30
0.0
  3
KREST_150
  1

  0
LINE
  5
409
330
407
100
AcDbEntity
  8
Координатные кресты
  6
Continuous
 62
     7
370
    25
100
AcDbLine
 10
-2.5
 20
0.0
 30
0.0
 11
2.5
 21
0.0
 31
0.0
  0
LINE
  5
40A
330
407
100
AcDbEntity
  8
Координатные кресты
  6
Continuous
 62
     7
370
    25
100
AcDbLine
 10
0.0
 20
-2.499999999999091
 30
0.0
 11
0.0
 21
2.500000000000909
 31
0.0
  0
ENDBLK
  5
40B
330
407
100
AcDbEntity
  8
0
 62
     7
 48
0.4
370
    25
100
AcDbBlockEnd
  0
BLOCK
  5
40E
330
40D
100
AcDbEntity
  8
0
 62
     7
 48
0.4
370
    25
100
AcDbBlockBegin
  2
KREST_151
 70
     0
 10
0.0
 20
0.0
 30
0.0
  3
KREST_151
  1

  0
LINE
  5
40F
330
40D
100
AcDbEntity
  8
Координатные кресты
  6
Continuous
 62
     7
370
    25
100
AcDbLine
 10
-2.5
 20
0.0
 30
0.0
 11
2.5
 21
0.0
 31
0.0
  0
LINE
  5
410
330
40D
100
AcDbEntity
  8
Координатные кресты
  6
Continuous
 62
     7
370
    25
100
AcDbLine
 10
0.0
 20
-2.499999999999091
 30
0.0
 11
0.0
 21
2.500000000000909
 31
0.0
  0
ENDBLK
  5
411
330
40D
100
AcDbEntity
  8
0
 62
     7
 48
0.4
370
    25
100
AcDbBlockEnd
  0
BLOCK
  5
414
330
413
100
AcDbEntity
  8
0
 62
     7
 48
0.4
370
    25
100
AcDbBlockBegin
  2
KREST_152
 70
     0
 10
0.0
 20
0.0
 30
0.0
  3
KREST_152
  1

  0
LINE
  5
415
330
413
100
AcDbEntity
  8
Координатные кресты
  6
Continuous
 62
     7
370
    25
100
AcDbLine
 10
-2.5
 20
0.0
 30
0.0
 11
2.5
 21
0.0
 31
0.0
  0
LINE
  5
416
330
413
100
AcDbEntity
  8
Координатные кресты
  6
Continuous
 62
     7
370
    25
100
AcDbLine
 10
0.0
 20
-2.499999999999091
 30
0.0
 11
0.0
 21
2.500000000000909
 31
0.0
  0
ENDBLK
  5
417
330
413
100
AcDbEntity
  8
0
 62
     7
 48
0.4
370
    25
100
AcDbBlockEnd
  0
BLOCK
  5
41A
330
419
100
AcDbEntity
  8
0
 62
     7
 48
0.4
370
    25
100
AcDbBlockBegin
  2
KREST_153
 70
     0
 10
0.0
 20
0.0
 30
0.0
  3
KREST_153
  1

  0
LINE
  5
41B
330
419
100
AcDbEntity
  8
Координатные кресты
  6
Continuous
 62
     7
370
    25
100
AcDbLine
 10
-2.5
 20
0.0
 30
0.0
 11
2.5
 21
0.0
 31
0.0
  0
LINE
  5
41C
330
419
100
AcDbEntity
  8
Координатные кресты
  6
Continuous
 62
     7
370
    25
100
AcDbLine
 10
0.0
 20
-2.499999999999091
 30
0.0
 11
0.0
 21
2.500000000000909
 31
0.0
  0
ENDBLK
  5
41D
330
419
100
AcDbEntity
  8
0
 62
     7
 48
0.4
370
    25
100
AcDbBlockEnd
  0
BLOCK
  5
420
330
41F
100
AcDbEntity
  8
0
 62
     7
 48
0.4
370
    25
100
AcDbBlockBegin
  2
KREST_154
 70
     0
 10
0.0
 20
0.0
 30
0.0
  3
KREST_154
  1

  0
LINE
  5
421
330
41F
100
AcDbEntity
  8
Координатные кресты
  6
Continuous
 62
     7
370
    25
100
AcDbLine
 10
-2.5
 20
0.0
 30
0.0
 11
2.5
 21
0.0
 31
0.0
  0
LINE
  5
422
330
41F
100
AcDbEntity
  8
Координатные кресты
  6
Continuous
 62
     7
370
    25
100
AcDbLine
 10
0.0
 20
-2.499999999999091
 30
0.0
 11
0.0
 21
2.500000000000909
 31
0.0
  0
ENDBLK
  5
423
330
41F
100
AcDbEntity
  8
0
 62
     7
 48
0.4
370
    25
100
AcDbBlockEnd
  0
BLOCK
  5
426
330
425
100
AcDbEntity
  8
0
 62
     7
 48
0.4
370
    25
100
AcDbBlockBegin
  2
KREST_155
 70
     0
 10
0.0
 20
0.0
 30
0.0
  3
KREST_155
  1

  0
LINE
  5
427
330
425
100
AcDbEntity
  8
Координатные кресты
  6
Continuous
 62
     7
370
    25
100
AcDbLine
 10
-2.5
 20
0.0
 30
0.0
 11
2.5
 21
0.0
 31
0.0
  0
LINE
  5
428
330
425
100
AcDbEntity
  8
Координатные кресты
  6
Continuous
 62
     7
370
    25
100
AcDbLine
 10
0.0
 20
-2.499999999999091
 30
0.0
 11
0.0
 21
2.500000000000909
 31
0.0
  0
ENDBLK
  5
429
330
425
100
AcDbEntity
  8
0
 62
     7
 48
0.4
370
    25
100
AcDbBlockEnd
  0
BLOCK
  5
42C
330
42B
100
AcDbEntity
  8
0
 62
     7
 48
0.4
370
    25
100
AcDbBlockBegin
  2
KREST_156
 70
     0
 10
0.0
 20
0.0
 30
0.0
  3
KREST_156
  1

  0
LINE
  5
42D
330
42B
100
AcDbEntity
  8
Координатные кресты
  6
Continuous
 62
     7
370
    25
100
AcDbLine
 10
-2.5
 20
0.0
 30
0.0
 11
2.5
 21
0.0
 31
0.0
  0
LINE
  5
42E
330
42B
100
AcDbEntity
  8
Координатные кресты
  6
Continuous
 62
     7
370
    25
100
AcDbLine
 10
0.0
 20
-2.499999999999091
 30
0.0
 11
0.0
 21
2.500000000000909
 31
0.0
  0
ENDBLK
  5
42F
330
42B
100
AcDbEntity
  8
0
 62
     7
 48
0.4
370
    25
100
AcDbBlockEnd
  0
BLOCK
  5
433
330
432
100
AcDbEntity
  8
0
 62
     7
 48
0.4
370
    25
100
AcDbBlockBegin
  2
KREST_157
 70
     0
 10
0.0
 20
0.0
 30
0.0
  3
KREST_157
  1

  0
LINE
  5
434
330
432
100
AcDbEntity
  8
Координатные кресты
  6
Continuous
 62
     7
370
    25
100
AcDbLine
 10
-2.5
 20
0.0
 30
0.0
 11
2.5
 21
0.0
 31
0.0
  0
LINE
  5
435
330
432
100
AcDbEntity
  8
Координатные кресты
  6
Continuous
 62
     7
370
    25
100
AcDbLine
 10
0.0
 20
-2.499999999999091
 30
0.0
 11
0.0
 21
2.500000000000909
 31
0.0
  0
ENDBLK
  5
436
330
432
100
AcDbEntity
  8
0
 62
     7
 48
0.4
370
    25
100
AcDbBlockEnd
  0
BLOCK
  5
439
330
438
100
AcDbEntity
  8
0
 62
     7
 48
0.4
370
    25
100
AcDbBlockBegin
  2
KREST_158
 70
     0
 10
0.0
 20
0.0
 30
0.0
  3
KREST_158
  1

  0
LINE
  5
43A
330
438
100
AcDbEntity
  8
Координатные кресты
  6
Continuous
 62
     7
370
    25
100
AcDbLine
 10
-2.5
 20
0.0
 30
0.0
 11
2.5
 21
0.0
 31
0.0
  0
LINE
  5
43B
330
438
100
AcDbEntity
  8
Координатные кресты
  6
Continuous
 62
     7
370
    25
100
AcDbLine
 10
0.0
 20
-2.499999999999091
 30
0.0
 11
0.0
 21
2.500000000000909
 31
0.0
  0
ENDBLK
  5
43C
330
438
100
AcDbEntity
  8
0
 62
     7
 48
0.4
370
    25
100
AcDbBlockEnd
  0
BLOCK
  5
43F
330
43E
100
AcDbEntity
  8
0
 62
     7
 48
0.4
370
    25
100
AcDbBlockBegin
  2
KREST_159
 70
     0
 10
0.0
 20
0.0
 30
0.0
  3
KREST_159
  1

  0
LINE
  5
440
330
43E
100
AcDbEntity
  8
Координатные кресты
  6
Continuous
 62
     7
370
    25
100
AcDbLine
 10
-2.5
 20
0.0
 30
0.0
 11
2.5
 21
0.0
 31
0.0
  0
LINE
  5
441
330
43E
100
AcDbEntity
  8
Координатные кресты
  6
Continuous
 62
     7
370
    25
100
AcDbLine
 10
0.0
 20
-2.499999999999091
 30
0.0
 11
0.0
 21
2.500000000000909
 31
0.0
  0
ENDBLK
  5
442
330
43E
100
AcDbEntity
  8
0
 62
     7
 48
0.4
370
    25
100
AcDbBlockEnd
  0
BLOCK
  5
445
330
444
100
AcDbEntity
  8
0
 62
     7
 48
0.4
370
    25
100
AcDbBlockBegin
  2
KREST_160
 70
     0
 10
0.0
 20
0.0
 30
0.0
  3
KREST_160
  1

  0
LINE
  5
446
330
444
100
AcDbEntity
  8
Координатные кресты
  6
Continuous
 62
     7
370
    25
100
AcDbLine
 10
-2.5
 20
0.0
 30
0.0
 11
2.5
 21
0.0
 31
0.0
  0
LINE
  5
447
330
444
100
AcDbEntity
  8
Координатные кресты
  6
Continuous
 62
     7
370
    25
100
AcDbLine
 10
0.0
 20
-2.499999999999091
 30
0.0
 11
0.0
 21
2.500000000000909
 31
0.0
  0
ENDBLK
  5
448
330
444
100
AcDbEntity
  8
0
 62
     7
 48
0.4
370
    25
100
AcDbBlockEnd
  0
BLOCK
  5
44B
330
44A
100
AcDbEntity
  8
0
 62
     7
 48
0.4
370
    25
100
AcDbBlockBegin
  2
KREST_161
 70
     0
 10
0.0
 20
0.0
 30
0.0
  3
KREST_161
  1

  0
LINE
  5
44C
330
44A
100
AcDbEntity
  8
Координатные кресты
  6
Continuous
 62
     7
370
    25
100
AcDbLine
 10
-2.5
 20
0.0
 30
0.0
 11
2.5
 21
0.0
 31
0.0
  0
LINE
  5
44D
330
44A
100
AcDbEntity
  8
Координатные кресты
  6
Continuous
 62
     7
370
    25
100
AcDbLine
 10
0.0
 20
-2.499999999999091
 30
0.0
 11
0.0
 21
2.500000000000909
 31
0.0
  0
ENDBLK
  5
44E
330
44A
100
AcDbEntity
  8
0
 62
     7
 48
0.4
370
    25
100
AcDbBlockEnd
  0
BLOCK
  5
451
330
450
100
AcDbEntity
  8
0
 62
     7
 48
0.4
370
    25
100
AcDbBlockBegin
  2
KREST_162
 70
     0
 10
0.0
 20
0.0
 30
0.0
  3
KREST_162
  1

  0
LINE
  5
452
330
450
100
AcDbEntity
  8
Координатные кресты
  6
Continuous
 62
     7
370
    25
100
AcDbLine
 10
-2.5
 20
0.0
 30
0.0
 11
2.5
 21
0.0
 31
0.0
  0
LINE
  5
453
330
450
100
AcDbEntity
  8
Координатные кресты
  6
Continuous
 62
     7
370
    25
100
AcDbLine
 10
0.0
 20
-2.499999999999091
 30
0.0
 11
0.0
 21
2.500000000000909
 31
0.0
  0
ENDBLK
  5
454
330
450
100
AcDbEntity
  8
0
 62
     7
 48
0.4
370
    25
100
AcDbBlockEnd
  0
BLOCK
  5
457
330
456
100
AcDbEntity
  8
0
 62
     7
 48
0.4
370
    25
100
AcDbBlockBegin
  2
KREST_163
 70
     0
 10
0.0
 20
0.0
 30
0.0
  3
KREST_163
  1

  0
LINE
  5
458
330
456
100
AcDbEntity
  8
Координатные кресты
  6
Continuous
 62
     7
370
    25
100
AcDbLine
 10
-2.5
 20
0.0
 30
0.0
 11
2.5
 21
0.0
 31
0.0
  0
LINE
  5
459
330
456
100
AcDbEntity
  8
Координатные кресты
  6
Continuous
 62
     7
370
    25
100
AcDbLine
 10
0.0
 20
-2.499999999999091
 30
0.0
 11
0.0
 21
2.500000000000909
 31
0.0
  0
ENDBLK
  5
45A
330
456
100
AcDbEntity
  8
0
 62
     7
 48
0.4
370
    25
100
AcDbBlockEnd
  0
BLOCK
  5
45D
330
45C
100
AcDbEntity
  8
0
 62
     7
 48
0.4
370
    25
100
AcDbBlockBegin
  2
KREST_164
 70
     0
 10
0.0
 20
0.0
 30
0.0
  3
KREST_164
  1

  0
LINE
  5
45E
330
45C
100
AcDbEntity
  8
Координатные кресты
  6
Continuous
 62
     7
370
    25
100
AcDbLine
 10
-2.5
 20
0.0
 30
0.0
 11
2.5
 21
0.0
 31
0.0
  0
LINE
  5
45F
330
45C
100
AcDbEntity
  8
Координатные кресты
  6
Continuous
 62
     7
370
    25
100
AcDbLine
 10
0.0
 20
-2.499999999999091
 30
0.0
 11
0.0
 21
2.500000000000909
 31
0.0
  0
ENDBLK
  5
460
330
45C
100
AcDbEntity
  8
0
 62
     7
 48
0.4
370
    25
100
AcDbBlockEnd
  0
BLOCK
  5
463
330
462
100
AcDbEntity
  8
0
 62
     7
 48
0.4
370
    25
100
AcDbBlockBegin
  2
KREST_165
 70
     0
 10
0.0
 20
0.0
 30
0.0
  3
KREST_165
  1

  0
LINE
  5
464
330
462
100
AcDbEntity
  8
Координатные кресты
  6
Continuous
 62
     7
370
    25
100
AcDbLine
 10
-2.5
 20
0.0
 30
0.0
 11
2.5
 21
0.0
 31
0.0
  0
LINE
  5
465
330
462
100
AcDbEntity
  8
Координатные кресты
  6
Continuous
 62
     7
370
    25
100
AcDbLine
 10
0.0
 20
-2.499999999999091
 30
0.0
 11
0.0
 21
2.500000000000909
 31
0.0
  0
ENDBLK
  5
466
330
462
100
AcDbEntity
  8
0
 62
     7
 48
0.4
370
    25
100
AcDbBlockEnd
  0
BLOCK
  5
469
330
468
100
AcDbEntity
  8
0
 62
     7
 48
0.4
370
    25
100
AcDbBlockBegin
  2
KREST_166
 70
     0
 10
0.0
 20
0.0
 30
0.0
  3
KREST_166
  1

  0
LINE
  5
46A
330
468
100
AcDbEntity
  8
Координатные кресты
  6
Continuous
 62
     7
370
    25
100
AcDbLine
 10
-2.5
 20
0.0
 30
0.0
 11
2.5
 21
0.0
 31
0.0
  0
LINE
  5
46B
330
468
100
AcDbEntity
  8
Координатные кресты
  6
Continuous
 62
     7
370
    25
100
AcDbLine
 10
0.0
 20
-2.499999999999091
 30
0.0
 11
0.0
 21
2.500000000000909
 31
0.0
  0
ENDBLK
  5
46C
330
468
100
AcDbEntity
  8
0
 62
     7
 48
0.4
370
    25
100
AcDbBlockEnd
  0
BLOCK
  5
46F
330
46E
100
AcDbEntity
  8
0
 62
     7
 48
0.4
370
    25
100
AcDbBlockBegin
  2
KREST_167
 70
     0
 10
0.0
 20
0.0
 30
0.0
  3
KREST_167
  1

  0
LINE
  5
470
330
46E
100
AcDbEntity
  8
Координатные кресты
  6
Continuous
 62
     7
370
    25
100
AcDbLine
 10
-2.5
 20
0.0
 30
0.0
 11
2.5
 21
0.0
 31
0.0
  0
LINE
  5
471
330
46E
100
AcDbEntity
  8
Координатные кресты
  6
Continuous
 62
     7
370
    25
100
AcDbLine
 10
0.0
 20
-2.499999999999091
 30
0.0
 11
0.0
 21
2.500000000000909
 31
0.0
  0
ENDBLK
  5
472
330
46E
100
AcDbEntity
  8
0
 62
     7
 48
0.4
370
    25
100
AcDbBlockEnd
  0
BLOCK
  5
475
330
474
100
AcDbEntity
  8
0
 62
     7
 48
0.4
370
    25
100
AcDbBlockBegin
  2
KREST_168
 70
     0
 10
0.0
 20
0.0
 30
0.0
  3
KREST_168
  1

  0
LINE
  5
476
330
474
100
AcDbEntity
  8
Координатные кресты
  6
Continuous
 62
     7
370
    25
100
AcDbLine
 10
-2.5
 20
0.0
 30
0.0
 11
2.5
 21
0.0
 31
0.0
  0
LINE
  5
477
330
474
100
AcDbEntity
  8
Координатные кресты
  6
Continuous
 62
     7
370
    25
100
AcDbLine
 10
0.0
 20
-2.499999999999091
 30
0.0
 11
0.0
 21
2.500000000000909
 31
0.0
  0
ENDBLK
  5
478
330
474
100
AcDbEntity
  8
0
 62
     7
 48
0.4
370
    25
100
AcDbBlockEnd
  0
BLOCK
  5
47B
330
47A
100
AcDbEntity
  8
0
 62
     7
 48
0.4
370
    25
100
AcDbBlockBegin
  2
KREST_169
 70
     0
 10
0.0
 20
0.0
 30
0.0
  3
KREST_169
  1

  0
LINE
  5
47C
330
47A
100
AcDbEntity
  8
Координатные кресты
  6
Continuous
 62
     7
370
    25
100
AcDbLine
 10
-2.5
 20
0.0
 30
0.0
 11
2.5
 21
0.0
 31
0.0
  0
LINE
  5
47D
330
47A
100
AcDbEntity
  8
Координатные кресты
  6
Continuous
 62
     7
370
    25
100
AcDbLine
 10
0.0
 20
-2.499999999999091
 30
0.0
 11
0.0
 21
2.500000000000909
 31
0.0
  0
ENDBLK
  5
47E
330
47A
100
AcDbEntity
  8
0
 62
     7
 48
0.4
370
    25
100
AcDbBlockEnd
  0
BLOCK
  5
481
330
480
100
AcDbEntity
  8
0
 62
     7
 48
0.4
370
    25
100
AcDbBlockBegin
  2
KREST_170
 70
     0
 10
0.0
 20
0.0
 30
0.0
  3
KREST_170
  1

  0
LINE
  5
482
330
480
100
AcDbEntity
  8
Координатные кресты
  6
Continuous
 62
     7
370
    25
100
AcDbLine
 10
-2.5
 20
0.0
 30
0.0
 11
2.5
 21
0.0
 31
0.0
  0
LINE
  5
483
330
480
100
AcDbEntity
  8
Координатные кресты
  6
Continuous
 62
     7
370
    25
100
AcDbLine
 10
0.0
 20
-2.499999999999091
 30
0.0
 11
0.0
 21
2.500000000000909
 31
0.0
  0
ENDBLK
  5
484
330
480
100
AcDbEntity
  8
0
 62
     7
 48
0.4
370
    25
100
AcDbBlockEnd
  0
BLOCK
  5
487
330
486
100
AcDbEntity
  8
0
 62
     7
 48
0.4
370
    25
100
AcDbBlockBegin
  2
KREST_171
 70
     0
 10
0.0
 20
0.0
 30
0.0
  3
KREST_171
  1

  0
LINE
  5
488
330
486
100
AcDbEntity
  8
Координатные кресты
  6
Continuous
 62
     7
370
    25
100
AcDbLine
 10
-2.5
 20
0.0
 30
0.0
 11
2.5
 21
0.0
 31
0.0
  0
LINE
  5
489
330
486
100
AcDbEntity
  8
Координатные кресты
  6
Continuous
 62
     7
370
    25
100
AcDbLine
 10
0.0
 20
-2.499999999999091
 30
0.0
 11
0.0
 21
2.500000000000909
 31
0.0
  0
ENDBLK
  5
48A
330
486
100
AcDbEntity
  8
0
 62
     7
 48
0.4
370
    25
100
AcDbBlockEnd
  0
BLOCK
  5
48D
330
48C
100
AcDbEntity
  8
0
 62
     7
 48
0.4
370
    25
100
AcDbBlockBegin
  2
KREST_172
 70
     0
 10
0.0
 20
0.0
 30
0.0
  3
KREST_172
  1

  0
LINE
  5
48E
330
48C
100
AcDbEntity
  8
Координатные кресты
  6
Continuous
 62
     7
370
    25
100
AcDbLine
 10
-2.5
 20
0.0
 30
0.0
 11
2.5
 21
0.0
 31
0.0
  0
LINE
  5
48F
330
48C
100
AcDbEntity
  8
Координатные кресты
  6
Continuous
 62
     7
370
    25
100
AcDbLine
 10
0.0
 20
-2.499999999999091
 30
0.0
 11
0.0
 21
2.500000000000909
 31
0.0
  0
ENDBLK
  5
490
330
48C
100
AcDbEntity
  8
0
 62
     7
 48
0.4
370
    25
100
AcDbBlockEnd
  0
BLOCK
  5
493
330
492
100
AcDbEntity
  8
0
 62
     7
 48
0.4
370
    25
100
AcDbBlockBegin
  2
KREST_173
 70
     0
 10
0.0
 20
0.0
 30
0.0
  3
KREST_173
  1

  0
LINE
  5
494
330
492
100
AcDbEntity
  8
Координатные кресты
  6
Continuous
 62
     7
370
    25
100
AcDbLine
 10
-2.5
 20
0.0
 30
0.0
 11
2.5
 21
0.0
 31
0.0
  0
LINE
  5
495
330
492
100
AcDbEntity
  8
Координатные кресты
  6
Continuous
 62
     7
370
    25
100
AcDbLine
 10
0.0
 20
-2.499999999999091
 30
0.0
 11
0.0
 21
2.500000000000909
 31
0.0
  0
ENDBLK
  5
496
330
492
100
AcDbEntity
  8
0
 62
     7
 48
0.4
370
    25
100
AcDbBlockEnd
  0
BLOCK
  5
499
330
498
100
AcDbEntity
  8
0
 62
     7
 48
0.4
370
    25
100
AcDbBlockBegin
  2
KREST_174
 70
     0
 10
0.0
 20
0.0
 30
0.0
  3
KREST_174
  1

  0
LINE
  5
49A
330
498
100
AcDbEntity
  8
Координатные кресты
  6
Continuous
 62
     7
370
    25
100
AcDbLine
 10
-2.5
 20
0.0
 30
0.0
 11
2.5
 21
0.0
 31
0.0
  0
LINE
  5
49B
330
498
100
AcDbEntity
  8
Координатные кресты
  6
Continuous
 62
     7
370
    25
100
AcDbLine
 10
0.0
 20
-2.499999999999091
 30
0.0
 11
0.0
 21
2.500000000000909
 31
0.0
  0
ENDBLK
  5
49C
330
498
100
AcDbEntity
  8
0
 62
     7
 48
0.4
370
    25
100
AcDbBlockEnd
  0
BLOCK
  5
49F
330
49E
100
AcDbEntity
  8
0
 62
     7
 48
0.4
370
    25
100
AcDbBlockBegin
  2
KREST_175
 70
     0
 10
0.0
 20
0.0
 30
0.0
  3
KREST_175
  1

  0
LINE
  5
4A0
330
49E
100
AcDbEntity
  8
Координатные кресты
  6
Continuous
 62
     7
370
    25
100
AcDbLine
 10
-2.5
 20
0.0
 30
0.0
 11
2.5
 21
0.0
 31
0.0
  0
LINE
  5
4A1
330
49E
100
AcDbEntity
  8
Координатные кресты
  6
Continuous
 62
     7
370
    25
100
AcDbLine
 10
0.0
 20
-2.499999999999091
 30
0.0
 11
0.0
 21
2.500000000000909
 31
0.0
  0
ENDBLK
  5
4A2
330
49E
100
AcDbEntity
  8
0
 62
     7
 48
0.4
370
    25
100
AcDbBlockEnd
  0
BLOCK
  5
4A5
330
4A4
100
AcDbEntity
  8
0
 62
     7
 48
0.4
370
    25
100
AcDbBlockBegin
  2
KREST_176
 70
     0
 10
0.0
 20
0.0
 30
0.0
  3
KREST_176
  1

  0
LINE
  5
4A6
330
4A4
100
AcDbEntity
  8
Координатные кресты
  6
Continuous
 62
     7
370
    25
100
AcDbLine
 10
-2.5
 20
0.0
 30
0.0
 11
2.5
 21
0.0
 31
0.0
  0
LINE
  5
4A7
330
4A4
100
AcDbEntity
  8
Координатные кресты
  6
Continuous
 62
     7
370
    25
100
AcDbLine
 10
0.0
 20
-2.499999999999091
 30
0.0
 11
0.0
 21
2.500000000000909
 31
0.0
  0
ENDBLK
  5
4A8
330
4A4
100
AcDbEntity
  8
0
 62
     7
 48
0.4
370
    25
100
AcDbBlockEnd
  0
BLOCK
  5
4AB
330
4AA
100
AcDbEntity
  8
0
 62
     7
 48
0.4
370
    25
100
AcDbBlockBegin
  2
KREST_177
 70
     0
 10
0.0
 20
0.0
 30
0.0
  3
KREST_177
  1

  0
LINE
  5
4AC
330
4AA
100
AcDbEntity
  8
Координатные кресты
  6
Continuous
 62
     7
370
    25
100
AcDbLine
 10
-2.5
 20
0.0
 30
0.0
 11
2.5
 21
0.0
 31
0.0
  0
LINE
  5
4AD
330
4AA
100
AcDbEntity
  8
Координатные кресты
  6
Continuous
 62
     7
370
    25
100
AcDbLine
 10
0.0
 20
-2.499999999999091
 30
0.0
 11
0.0
 21
2.500000000000909
 31
0.0
  0
ENDBLK
  5
4AE
330
4AA
100
AcDbEntity
  8
0
 62
     7
 48
0.4
370
    25
100
AcDbBlockEnd
  0
BLOCK
  5
4B1
330
4B0
100
AcDbEntity
  8
0
 62
     7
 48
0.4
370
    25
100
AcDbBlockBegin
  2
KREST_178
 70
     0
 10
0.0
 20
0.0
 30
0.0
  3
KREST_178
  1

  0
LINE
  5
4B2
330
4B0
100
AcDbEntity
  8
Координатные кресты
  6
Continuous
 62
     7
370
    25
100
AcDbLine
 10
-2.5
 20
0.0
 30
0.0
 11
2.5
 21
0.0
 31
0.0
  0
LINE
  5
4B3
330
4B0
100
AcDbEntity
  8
Координатные кресты
  6
Continuous
 62
     7
370
    25
100
AcDbLine
 10
0.0
 20
-2.499999999999091
 30
0.0
 11
0.0
 21
2.500000000000909
 31
0.0
  0
ENDBLK
  5
4B4
330
4B0
100
AcDbEntity
  8
0
 62
     7
 48
0.4
370
    25
100
AcDbBlockEnd
  0
BLOCK
  5
4B7
330
4B6
100
AcDbEntity
  8
0
 62
     7
 48
0.4
370
    25
100
AcDbBlockBegin
  2
KREST_179
 70
     0
 10
0.0
 20
0.0
 30
0.0
  3
KREST_179
  1

  0
LINE
  5
4B8
330
4B6
100
AcDbEntity
  8
Координатные кресты
  6
Continuous
 62
     7
370
    25
100
AcDbLine
 10
-2.5
 20
0.0
 30
0.0
 11
2.5
 21
0.0
 31
0.0
  0
LINE
  5
4B9
330
4B6
100
AcDbEntity
  8
Координатные кресты
  6
Continuous
 62
     7
370
    25
100
AcDbLine
 10
0.0
 20
-2.499999999999091
 30
0.0
 11
0.0
 21
2.500000000000909
 31
0.0
  0
ENDBLK
  5
4BA
330
4B6
100
AcDbEntity
  8
0
 62
     7
 48
0.4
370
    25
100
AcDbBlockEnd
  0
BLOCK
  5
4BD
330
4BC
100
AcDbEntity
  8
0
 62
     7
 48
0.4
370
    25
100
AcDbBlockBegin
  2
KREST_180
 70
     0
 10
0.0
 20
0.0
 30
0.0
  3
KREST_180
  1

  0
LINE
  5
4BE
330
4BC
100
AcDbEntity
  8
Координатные кресты
  6
Continuous
 62
     7
370
    25
100
AcDbLine
 10
-2.5
 20
0.0
 30
0.0
 11
2.5
 21
0.0
 31
0.0
  0
LINE
  5
4BF
330
4BC
100
AcDbEntity
  8
Координатные кресты
  6
Continuous
 62
     7
370
    25
100
AcDbLine
 10
0.0
 20
-2.499999999999091
 30
0.0
 11
0.0
 21
2.500000000000909
 31
0.0
  0
ENDBLK
  5
4C0
330
4BC
100
AcDbEntity
  8
0
 62
     7
 48
0.4
370
    25
100
AcDbBlockEnd
  0
BLOCK
  5
4C3
330
4C2
100
AcDbEntity
  8
0
 62
     7
 48
0.4
370
    25
100
AcDbBlockBegin
  2
KREST_181
 70
     0
 10
0.0
 20
0.0
 30
0.0
  3
KREST_181
  1

  0
LINE
  5
4C4
330
4C2
100
AcDbEntity
  8
Координатные кресты
  6
Continuous
 62
     7
370
    25
100
AcDbLine
 10
-2.5
 20
0.0
 30
0.0
 11
2.5
 21
0.0
 31
0.0
  0
LINE
  5
4C5
330
4C2
100
AcDbEntity
  8
Координатные кресты
  6
Continuous
 62
     7
370
    25
100
AcDbLine
 10
0.0
 20
-2.499999999999091
 30
0.0
 11
0.0
 21
2.500000000000909
 31
0.0
  0
ENDBLK
  5
4C6
330
4C2
100
AcDbEntity
  8
0
 62
     7
 48
0.4
370
    25
100
AcDbBlockEnd
  0
BLOCK
  5
4C9
330
4C8
100
AcDbEntity
  8
0
 62
     7
 48
0.4
370
    25
100
AcDbBlockBegin
  2
KREST_182
 70
     0
 10
0.0
 20
0.0
 30
0.0
  3
KREST_182
  1

  0
LINE
  5
4CA
330
4C8
100
AcDbEntity
  8
Координатные кресты
  6
Continuous
 62
     7
370
    25
100
AcDbLine
 10
-2.5
 20
0.0
 30
0.0
 11
2.5
 21
0.0
 31
0.0
  0
LINE
  5
4CB
330
4C8
100
AcDbEntity
  8
Координатные кресты
  6
Continuous
 62
     7
370
    25
100
AcDbLine
 10
0.0
 20
-2.499999999999091
 30
0.0
 11
0.0
 21
2.500000000000909
 31
0.0
  0
ENDBLK
  5
4CC
330
4C8
100
AcDbEntity
  8
0
 62
     7
 48
0.4
370
    25
100
AcDbBlockEnd
  0
BLOCK
  5
4CF
330
4CE
100
AcDbEntity
  8
0
 62
     7
 48
0.4
370
    25
100
AcDbBlockBegin
  2
KREST_183
 70
     0
 10
0.0
 20
0.0
 30
0.0
  3
KREST_183
  1

  0
LINE
  5
4D0
330
4CE
100
AcDbEntity
  8
Координатные кресты
  6
Continuous
 62
     7
370
    25
100
AcDbLine
 10
-2.5
 20
0.0
 30
0.0
 11
2.5
 21
0.0
 31
0.0
  0
LINE
  5
4D1
330
4CE
100
AcDbEntity
  8
Координатные кресты
  6
Continuous
 62
     7
370
    25
100
AcDbLine
 10
0.0
 20
-2.499999999999091
 30
0.0
 11
0.0
 21
2.500000000000909
 31
0.0
  0
ENDBLK
  5
4D2
330
4CE
100
AcDbEntity
  8
0
 62
     7
 48
0.4
370
    25
100
AcDbBlockEnd
  0
BLOCK
  5
4D5
330
4D4
100
AcDbEntity
  8
0
 62
     7
 48
0.4
370
    25
100
AcDbBlockBegin
  2
KREST_184
 70
     0
 10
0.0
 20
0.0
 30
0.0
  3
KREST_184
  1

  0
LINE
  5
4D6
330
4D4
100
AcDbEntity
  8
Координатные кресты
  6
Continuous
 62
     7
370
    25
100
AcDbLine
 10
-2.5
 20
0.0
 30
0.0
 11
2.5
 21
0.0
 31
0.0
  0
LINE
  5
4D7
330
4D4
100
AcDbEntity
  8
Координатные кресты
  6
Continuous
 62
     7
370
    25
100
AcDbLine
 10
0.0
 20
-2.499999999999091
 30
0.0
 11
0.0
 21
2.500000000000909
 31
0.0
  0
ENDBLK
  5
4D8
330
4D4
100
AcDbEntity
  8
0
 62
     7
 48
0.4
370
    25
100
AcDbBlockEnd
  0
BLOCK
  5
4DB
330
4DA
100
AcDbEntity
  8
0
 62
     7
 48
0.4
370
    25
100
AcDbBlockBegin
  2
KREST_185
 70
     0
 10
0.0
 20
0.0
 30
0.0
  3
KREST_185
  1

  0
LINE
  5
4DC
330
4DA
100
AcDbEntity
  8
Координатные кресты
  6
Continuous
 62
     7
370
    25
100
AcDbLine
 10
-2.5
 20
0.0
 30
0.0
 11
2.5
 21
0.0
 31
0.0
  0
LINE
  5
4DD
330
4DA
100
AcDbEntity
  8
Координатные кресты
  6
Continuous
 62
     7
370
    25
100
AcDbLine
 10
0.0
 20
-2.499999999999091
 30
0.0
 11
0.0
 21
2.500000000000909
 31
0.0
  0
ENDBLK
  5
4DE
330
4DA
100
AcDbEntity
  8
0
 62
     7
 48
0.4
370
    25
100
AcDbBlockEnd
  0
BLOCK
  5
4E1
330
4E0
100
AcDbEntity
  8
0
 62
     7
 48
0.4
370
    25
100
AcDbBlockBegin
  2
KREST_186
 70
     0
 10
0.0
 20
0.0
 30
0.0
  3
KREST_186
  1

  0
LINE
  5
4E2
330
4E0
100
AcDbEntity
  8
Координатные кресты
  6
Continuous
 62
     7
370
    25
100
AcDbLine
 10
-2.5
 20
0.0
 30
0.0
 11
2.5
 21
0.0
 31
0.0
  0
LINE
  5
4E3
330
4E0
100
AcDbEntity
  8
Координатные кресты
  6
Continuous
 62
     7
370
    25
100
AcDbLine
 10
0.0
 20
-2.499999999999091
 30
0.0
 11
0.0
 21
2.500000000000909
 31
0.0
  0
ENDBLK
  5
4E4
330
4E0
100
AcDbEntity
  8
0
 62
     7
 48
0.4
370
    25
100
AcDbBlockEnd
  0
BLOCK
  5
4E8
330
4E7
100
AcDbEntity
  8
0
 62
     7
 48
0.4
370
    25
100
AcDbBlockBegin
  2
KREST_187
 70
     0
 10
0.0
 20
0.0
 30
0.0
  3
KREST_187
  1

  0
LINE
  5
4E9
330
4E7
100
AcDbEntity
  8
Координатные кресты
  6
Continuous
 62
     7
370
    25
100
AcDbLine
 10
-2.5
 20
0.0
 30
0.0
 11
2.5
 21
0.0
 31
0.0
  0
LINE
  5
4EA
330
4E7
100
AcDbEntity
  8
Координатные кресты
  6
Continuous
 62
     7
370
    25
100
AcDbLine
 10
0.0
 20
-2.499999999999091
 30
0.0
 11
0.0
 21
2.500000000000909
 31
0.0
  0
ENDBLK
  5
4EB
330
4E7
100
AcDbEntity
  8
0
 62
     7
 48
0.4
370
    25
100
AcDbBlockEnd
  0
BLOCK
  5
4EE
330
4ED
100
AcDbEntity
  8
0
 62
     7
 48
0.4
370
    25
100
AcDbBlockBegin
  2
KREST_188
 70
     0
 10
0.0
 20
0.0
 30
0.0
  3
KREST_188
  1

  0
LINE
  5
4EF
330
4ED
100
AcDbEntity
  8
Координатные кресты
  6
Continuous
 62
     7
370
    25
100
AcDbLine
 10
-2.5
 20
0.0
 30
0.0
 11
2.5
 21
0.0
 31
0.0
  0
LINE
  5
4F0
330
4ED
100
AcDbEntity
  8
Координатные кресты
  6
Continuous
 62
     7
370
    25
100
AcDbLine
 10
0.0
 20
-2.499999999999091
 30
0.0
 11
0.0
 21
2.500000000000909
 31
0.0
  0
ENDBLK
  5
4F1
330
4ED
100
AcDbEntity
  8
0
 62
     7
 48
0.4
370
    25
100
AcDbBlockEnd
  0
BLOCK
  5
4F4
330
4F3
100
AcDbEntity
  8
0
 62
     7
 48
0.4
370
    25
100
AcDbBlockBegin
  2
KREST_189
 70
     0
 10
0.0
 20
0.0
 30
0.0
  3
KREST_189
  1

  0
LINE
  5
4F5
330
4F3
100
AcDbEntity
  8
Координатные кресты
  6
Continuous
 62
     7
370
    25
100
AcDbLine
 10
-2.5
 20
0.0
 30
0.0
 11
2.5
 21
0.0
 31
0.0
  0
LINE
  5
4F6
330
4F3
100
AcDbEntity
  8
Координатные кресты
  6
Continuous
 62
     7
370
    25
100
AcDbLine
 10
0.0
 20
-2.499999999999091
 30
0.0
 11
0.0
 21
2.500000000000909
 31
0.0
  0
ENDBLK
  5
4F7
330
4F3
100
AcDbEntity
  8
0
 62
     7
 48
0.4
370
    25
100
AcDbBlockEnd
  0
BLOCK
  5
4FA
330
4F9
100
AcDbEntity
  8
0
 62
     7
 48
0.4
370
    25
100
AcDbBlockBegin
  2
KREST_190
 70
     0
 10
0.0
 20
0.0
 30
0.0
  3
KREST_190
  1

  0
LINE
  5
4FB
330
4F9
100
AcDbEntity
  8
Координатные кресты
  6
Continuous
 62
     7
370
    25
100
AcDbLine
 10
-2.5
 20
0.0
 30
0.0
 11
2.5
 21
0.0
 31
0.0
  0
LINE
  5
4FC
330
4F9
100
AcDbEntity
  8
Координатные кресты
  6
Continuous
 62
     7
370
    25
100
AcDbLine
 10
0.0
 20
-2.499999999999091
 30
0.0
 11
0.0
 21
2.500000000000909
 31
0.0
  0
ENDBLK
  5
4FD
330
4F9
100
AcDbEntity
  8
0
 62
     7
 48
0.4
370
    25
100
AcDbBlockEnd
  0
BLOCK
  5
500
330
4FF
100
AcDbEntity
  8
0
 62
     7
 48
0.4
370
    25
100
AcDbBlockBegin
  2
KREST_191
 70
     0
 10
0.0
 20
0.0
 30
0.0
  3
KREST_191
  1

  0
LINE
  5
501
330
4FF
100
AcDbEntity
  8
Координатные кресты
  6
Continuous
 62
     7
370
    25
100
AcDbLine
 10
-2.5
 20
0.0
 30
0.0
 11
2.5
 21
0.0
 31
0.0
  0
LINE
  5
502
330
4FF
100
AcDbEntity
  8
Координатные кресты
  6
Continuous
 62
     7
370
    25
100
AcDbLine
 10
0.0
 20
-2.499999999999091
 30
0.0
 11
0.0
 21
2.500000000000909
 31
0.0
  0
ENDBLK
  5
503
330
4FF
100
AcDbEntity
  8
0
 62
     7
 48
0.4
370
    25
100
AcDbBlockEnd
  0
BLOCK
  5
506
330
505
100
AcDbEntity
  8
0
 62
     7
 48
0.4
370
    25
100
AcDbBlockBegin
  2
KREST_192
 70
     0
 10
0.0
 20
0.0
 30
0.0
  3
KREST_192
  1

  0
LINE
  5
507
330
505
100
AcDbEntity
  8
Координатные кресты
  6
Continuous
 62
     7
370
    25
100
AcDbLine
 10
-2.5
 20
0.0
 30
0.0
 11
2.5
 21
0.0
 31
0.0
  0
LINE
  5
508
330
505
100
AcDbEntity
  8
Координатные кресты
  6
Continuous
 62
     7
370
    25
100
AcDbLine
 10
0.0
 20
-2.499999999999091
 30
0.0
 11
0.0
 21
2.500000000000909
 31
0.0
  0
ENDBLK
  5
509
330
505
100
AcDbEntity
  8
0
 62
     7
 48
0.4
370
    25
100
AcDbBlockEnd
  0
BLOCK
  5
50C
330
50B
100
AcDbEntity
  8
0
 62
     7
 48
0.4
370
    25
100
AcDbBlockBegin
  2
KREST_193
 70
     0
 10
0.0
 20
0.0
 30
0.0
  3
KREST_193
  1

  0
LINE
  5
50D
330
50B
100
AcDbEntity
  8
Координатные кресты
  6
Continuous
 62
     7
370
    25
100
AcDbLine
 10
-2.5
 20
0.0
 30
0.0
 11
2.5
 21
0.0
 31
0.0
  0
LINE
  5
50E
330
50B
100
AcDbEntity
  8
Координатные кресты
  6
Continuous
 62
     7
370
    25
100
AcDbLine
 10
0.0
 20
-2.499999999999091
 30
0.0
 11
0.0
 21
2.500000000000909
 31
0.0
  0
ENDBLK
  5
50F
330
50B
100
AcDbEntity
  8
0
 62
     7
 48
0.4
370
    25
100
AcDbBlockEnd
  0
BLOCK
  5
512
330
511
100
AcDbEntity
  8
0
 62
     7
 48
0.4
370
    25
100
AcDbBlockBegin
  2
KREST_194
 70
     0
 10
0.0
 20
0.0
 30
0.0
  3
KREST_194
  1

  0
LINE
  5
513
330
511
100
AcDbEntity
  8
Координатные кресты
  6
Continuous
 62
     7
370
    25
100
AcDbLine
 10
-2.5
 20
0.0
 30
0.0
 11
2.5
 21
0.0
 31
0.0
  0
LINE
  5
514
330
511
100
AcDbEntity
  8
Координатные кресты
  6
Continuous
 62
     7
370
    25
100
AcDbLine
 10
0.0
 20
-2.499999999999091
 30
0.0
 11
0.0
 21
2.500000000000909
 31
0.0
  0
ENDBLK
  5
515
330
511
100
AcDbEntity
  8
0
 62
     7
 48
0.4
370
    25
100
AcDbBlockEnd
  0
BLOCK
  5
518
330
517
100
AcDbEntity
  8
0
 62
     7
 48
0.4
370
    25
100
AcDbBlockBegin
  2
KREST_195
 70
     0
 10
0.0
 20
0.0
 30
0.0
  3
KREST_195
  1

  0
LINE
  5
519
330
517
100
AcDbEntity
  8
Координатные кресты
  6
Continuous
 62
     7
370
    25
100
AcDbLine
 10
-2.5
 20
0.0
 30
0.0
 11
2.5
 21
0.0
 31
0.0
  0
LINE
  5
51A
330
517
100
AcDbEntity
  8
Координатные кресты
  6
Continuous
 62
     7
370
    25
100
AcDbLine
 10
0.0
 20
-2.499999999999091
 30
0.0
 11
0.0
 21
2.500000000000909
 31
0.0
  0
ENDBLK
  5
51B
330
517
100
AcDbEntity
  8
0
 62
     7
 48
0.4
370
    25
100
AcDbBlockEnd
  0
BLOCK
  5
51E
330
51D
100
AcDbEntity
  8
0
 62
     7
 48
0.4
370
    25
100
AcDbBlockBegin
  2
KREST_196
 70
     0
 10
0.0
 20
0.0
 30
0.0
  3
KREST_196
  1

  0
LINE
  5
51F
330
51D
100
AcDbEntity
  8
Координатные кресты
  6
Continuous
 62
     7
370
    25
100
AcDbLine
 10
-2.5
 20
0.0
 30
0.0
 11
2.5
 21
0.0
 31
0.0
  0
LINE
  5
520
330
51D
100
AcDbEntity
  8
Координатные кресты
  6
Continuous
 62
     7
370
    25
100
AcDbLine
 10
0.0
 20
-2.499999999999091
 30
0.0
 11
0.0
 21
2.500000000000909
 31
0.0
  0
ENDBLK
  5
521
330
51D
100
AcDbEntity
  8
0
 62
     7
 48
0.4
370
    25
100
AcDbBlockEnd
  0
BLOCK
  5
524
330
523
100
AcDbEntity
  8
0
 62
     7
 48
0.4
370
    25
100
AcDbBlockBegin
  2
KREST_197
 70
     0
 10
0.0
 20
0.0
 30
0.0
  3
KREST_197
  1

  0
LINE
  5
525
330
523
100
AcDbEntity
  8
Координатные кресты
  6
Continuous
 62
     7
370
    25
100
AcDbLine
 10
-2.5
 20
0.0
 30
0.0
 11
2.5
 21
0.0
 31
0.0
  0
LINE
  5
526
330
523
100
AcDbEntity
  8
Координатные кресты
  6
Continuous
 62
     7
370
    25
100
AcDbLine
 10
0.0
 20
-2.499999999999091
 30
0.0
 11
0.0
 21
2.500000000000909
 31
0.0
  0
ENDBLK
  5
527
330
523
100
AcDbEntity
  8
0
 62
     7
 48
0.4
370
    25
100
AcDbBlockEnd
  0
BLOCK
  5
52A
330
529
100
AcDbEntity
  8
0
 62
     7
 48
0.4
370
    25
100
AcDbBlockBegin
  2
KREST_198
 70
     0
 10
0.0
 20
0.0
 30
0.0
  3
KREST_198
  1

  0
LINE
  5
52B
330
529
100
AcDbEntity
  8
Координатные кресты
  6
Continuous
 62
     7
370
    25
100
AcDbLine
 10
-2.5
 20
0.0
 30
0.0
 11
2.5
 21
0.0
 31
0.0
  0
LINE
  5
52C
330
529
100
AcDbEntity
  8
Координатные кресты
  6
Continuous
 62
     7
370
    25
100
AcDbLine
 10
0.0
 20
-2.499999999999091
 30
0.0
 11
0.0
 21
2.500000000000909
 31
0.0
  0
ENDBLK
  5
52D
330
529
100
AcDbEntity
  8
0
 62
     7
 48
0.4
370
    25
100
AcDbBlockEnd
  0
BLOCK
  5
530
330
52F
100
AcDbEntity
  8
0
 62
     7
 48
0.4
370
    25
100
AcDbBlockBegin
  2
KREST_199
 70
     0
 10
0.0
 20
0.0
 30
0.0
  3
KREST_199
  1

  0
LINE
  5
531
330
52F
100
AcDbEntity
  8
Координатные кресты
  6
Continuous
 62
     7
370
    25
100
AcDbLine
 10
-2.5
 20
0.0
 30
0.0
 11
2.5
 21
0.0
 31
0.0
  0
LINE
  5
532
330
52F
100
AcDbEntity
  8
Координатные кресты
  6
Continuous
 62
     7
370
    25
100
AcDbLine
 10
0.0
 20
-2.499999999999091
 30
0.0
 11
0.0
 21
2.500000000000909
 31
0.0
  0
ENDBLK
  5
533
330
52F
100
AcDbEntity
  8
0
 62
     7
 48
0.4
370
    25
100
AcDbBlockEnd
  0
BLOCK
  5
536
330
535
100
AcDbEntity
  8
0
 62
     7
 48
0.4
370
    25
100
AcDbBlockBegin
  2
KREST_200
 70
     0
 10
0.0
 20
0.0
 30
0.0
  3
KREST_200
  1

  0
LINE
  5
537
330
535
100
AcDbEntity
  8
Координатные кресты
  6
Continuous
 62
     7
370
    25
100
AcDbLine
 10
-2.5
 20
0.0
 30
0.0
 11
2.5
 21
0.0
 31
0.0
  0
LINE
  5
538
330
535
100
AcDbEntity
  8
Координатные кресты
  6
Continuous
 62
     7
370
    25
100
AcDbLine
 10
0.0
 20
-2.499999999999091
 30
0.0
 11
0.0
 21
2.500000000000909
 31
0.0
  0
ENDBLK
  5
539
330
535
100
AcDbEntity
  8
0
 62
     7
 48
0.4
370
    25
100
AcDbBlockEnd
  0
BLOCK
  5
53C
330
53B
100
AcDbEntity
  8
0
 62
     7
 48
0.4
370
    25
100
AcDbBlockBegin
  2
KREST_201
 70
     0
 10
0.0
 20
0.0
 30
0.0
  3
KREST_201
  1

  0
LINE
  5
53D
330
53B
100
AcDbEntity
  8
Координатные кресты
  6
Continuous
 62
     7
370
    25
100
AcDbLine
 10
-2.5
 20
0.0
 30
0.0
 11
2.5
 21
0.0
 31
0.0
  0
LINE
  5
53E
330
53B
100
AcDbEntity
  8
Координатные кресты
  6
Continuous
 62
     7
370
    25
100
AcDbLine
 10
0.0
 20
-2.499999999999091
 30
0.0
 11
0.0
 21
2.500000000000909
 31
0.0
  0
ENDBLK
  5
53F
330
53B
100
AcDbEntity
  8
0
 62
     7
 48
0.4
370
    25
100
AcDbBlockEnd
  0
BLOCK
  5
542
330
541
100
AcDbEntity
  8
0
 62
     7
 48
0.4
370
    25
100
AcDbBlockBegin
  2
KREST_202
 70
     0
 10
0.0
 20
0.0
 30
0.0
  3
KREST_202
  1

  0
LINE
  5
543
330
541
100
AcDbEntity
  8
Координатные кресты
  6
Continuous
 62
     7
370
    25
100
AcDbLine
 10
-2.5
 20
0.0
 30
0.0
 11
2.5
 21
0.0
 31
0.0
  0
LINE
  5
544
330
541
100
AcDbEntity
  8
Координатные кресты
  6
Continuous
 62
     7
370
    25
100
AcDbLine
 10
0.0
 20
-2.499999999999091
 30
0.0
 11
0.0
 21
2.500000000000909
 31
0.0
  0
ENDBLK
  5
545
330
541
100
AcDbEntity
  8
0
 62
     7
 48
0.4
370
    25
100
AcDbBlockEnd
  0
BLOCK
  5
548
330
547
100
AcDbEntity
  8
0
 62
     7
 48
0.4
370
    25
100
AcDbBlockBegin
  2
KREST_203
 70
     0
 10
0.0
 20
0.0
 30
0.0
  3
KREST_203
  1

  0
LINE
  5
549
330
547
100
AcDbEntity
  8
Координатные кресты
  6
Continuous
 62
     7
370
    25
100
AcDbLine
 10
-2.5
 20
0.0
 30
0.0
 11
2.5
 21
0.0
 31
0.0
  0
LINE
  5
54A
330
547
100
AcDbEntity
  8
Координатные кресты
  6
Continuous
 62
     7
370
    25
100
AcDbLine
 10
0.0
 20
-2.499999999999091
 30
0.0
 11
0.0
 21
2.500000000000909
 31
0.0
  0
ENDBLK
  5
54B
330
547
100
AcDbEntity
  8
0
 62
     7
 48
0.4
370
    25
100
AcDbBlockEnd
  0
BLOCK
  5
54E
330
54D
100
AcDbEntity
  8
0
 62
     7
 48
0.4
370
    25
100
AcDbBlockBegin
  2
KREST_204
 70
     0
 10
0.0
 20
0.0
 30
0.0
  3
KREST_204
  1

  0
LINE
  5
54F
330
54D
100
AcDbEntity
  8
Координатные кресты
  6
Continuous
 62
     7
370
    25
100
AcDbLine
 10
-2.5
 20
0.0
 30
0.0
 11
2.5
 21
0.0
 31
0.0
  0
LINE
  5
550
330
54D
100
AcDbEntity
  8
Координатные кресты
  6
Continuous
 62
     7
370
    25
100
AcDbLine
 10
0.0
 20
-2.499999999999091
 30
0.0
 11
0.0
 21
2.500000000000909
 31
0.0
  0
ENDBLK
  5
551
330
54D
100
AcDbEntity
  8
0
 62
     7
 48
0.4
370
    25
100
AcDbBlockEnd
  0
BLOCK
  5
554
330
553
100
AcDbEntity
  8
0
 62
     7
 48
0.4
370
    25
100
AcDbBlockBegin
  2
KREST_205
 70
     0
 10
0.0
 20
0.0
 30
0.0
  3
KREST_205
  1

  0
LINE
  5
555
330
553
100
AcDbEntity
  8
Координатные кресты
  6
Continuous
 62
     7
370
    25
100
AcDbLine
 10
-2.5
 20
0.0
 30
0.0
 11
2.5
 21
0.0
 31
0.0
  0
LINE
  5
556
330
553
100
AcDbEntity
  8
Координатные кресты
  6
Continuous
 62
     7
370
    25
100
AcDbLine
 10
0.0
 20
-2.499999999999091
 30
0.0
 11
0.0
 21
2.500000000000909
 31
0.0
  0
ENDBLK
  5
557
330
553
100
AcDbEntity
  8
0
 62
     7
 48
0.4
370
    25
100
AcDbBlockEnd
  0
BLOCK
  5
55A
330
559
100
AcDbEntity
  8
0
 62
     7
 48
0.4
370
    25
100
AcDbBlockBegin
  2
KREST_206
 70
     0
 10
0.0
 20
0.0
 30
0.0
  3
KREST_206
  1

  0
LINE
  5
55B
330
559
100
AcDbEntity
  8
Координатные кресты
  6
Continuous
 62
     7
370
    25
100
AcDbLine
 10
-2.5
 20
0.0
 30
0.0
 11
2.5
 21
0.0
 31
0.0
  0
LINE
  5
55C
330
559
100
AcDbEntity
  8
Координатные кресты
  6
Continuous
 62
     7
370
    25
100
AcDbLine
 10
0.0
 20
-2.499999999999091
 30
0.0
 11
0.0
 21
2.500000000000909
 31
0.0
  0
ENDBLK
  5
55D
330
559
100
AcDbEntity
  8
0
 62
     7
 48
0.4
370
    25
100
AcDbBlockEnd
  0
BLOCK
  5
560
330
55F
100
AcDbEntity
  8
0
 62
     7
 48
0.4
370
    25
100
AcDbBlockBegin
  2
KREST_207
 70
     0
 10
0.0
 20
0.0
 30
0.0
  3
KREST_207
  1

  0
LINE
  5
561
330
55F
100
AcDbEntity
  8
Координатные кресты
  6
Continuous
 62
     7
370
    25
100
AcDbLine
 10
-2.5
 20
0.0
 30
0.0
 11
2.5
 21
0.0
 31
0.0
  0
LINE
  5
562
330
55F
100
AcDbEntity
  8
Координатные кресты
  6
Continuous
 62
     7
370
    25
100
AcDbLine
 10
0.0
 20
-2.499999999999091
 30
0.0
 11
0.0
 21
2.500000000000909
 31
0.0
  0
ENDBLK
  5
563
330
55F
100
AcDbEntity
  8
0
 62
     7
 48
0.4
370
    25
100
AcDbBlockEnd
  0
BLOCK
  5
566
330
565
100
AcDbEntity
  8
0
 62
     7
 48
0.4
370
    25
100
AcDbBlockBegin
  2
KREST_208
 70
     0
 10
0.0
 20
0.0
 30
0.0
  3
KREST_208
  1

  0
LINE
  5
567
330
565
100
AcDbEntity
  8
Координатные кресты
  6
Continuous
 62
     7
370
    25
100
AcDbLine
 10
-2.5
 20
0.0
 30
0.0
 11
2.5
 21
0.0
 31
0.0
  0
LINE
  5
568
330
565
100
AcDbEntity
  8
Координатные кресты
  6
Continuous
 62
     7
370
    25
100
AcDbLine
 10
0.0
 20
-2.499999999999091
 30
0.0
 11
0.0
 21
2.500000000000909
 31
0.0
  0
ENDBLK
  5
569
330
565
100
AcDbEntity
  8
0
 62
     7
 48
0.4
370
    25
100
AcDbBlockEnd
  0
BLOCK
  5
56C
330
56B
100
AcDbEntity
  8
0
 62
     7
 48
0.4
370
    25
100
AcDbBlockBegin
  2
KREST_209
 70
     0
 10
0.0
 20
0.0
 30
0.0
  3
KREST_209
  1

  0
LINE
  5
56D
330
56B
100
AcDbEntity
  8
Координатные кресты
  6
Continuous
 62
     7
370
    25
100
AcDbLine
 10
-2.5
 20
0.0
 30
0.0
 11
2.5
 21
0.0
 31
0.0
  0
LINE
  5
56E
330
56B
100
AcDbEntity
  8
Координатные кресты
  6
Continuous
 62
     7
370
    25
100
AcDbLine
 10
0.0
 20
-2.499999999999091
 30
0.0
 11
0.0
 21
2.500000000000909
 31
0.0
  0
ENDBLK
  5
56F
330
56B
100
AcDbEntity
  8
0
 62
     7
 48
0.4
370
    25
100
AcDbBlockEnd
  0
BLOCK
  5
572
330
571
100
AcDbEntity
  8
0
 62
     7
 48
0.4
370
    25
100
AcDbBlockBegin
  2
KREST_210
 70
     0
 10
0.0
 20
0.0
 30
0.0
  3
KREST_210
  1

  0
LINE
  5
573
330
571
100
AcDbEntity
  8
Координатные кресты
  6
Continuous
 62
     7
370
    25
100
AcDbLine
 10
-2.5
 20
0.0
 30
0.0
 11
2.5
 21
0.0
 31
0.0
  0
LINE
  5
574
330
571
100
AcDbEntity
  8
Координатные кресты
  6
Continuous
 62
     7
370
    25
100
AcDbLine
 10
0.0
 20
-2.499999999999091
 30
0.0
 11
0.0
 21
2.500000000000909
 31
0.0
  0
ENDBLK
  5
575
330
571
100
AcDbEntity
  8
0
 62
     7
 48
0.4
370
    25
100
AcDbBlockEnd
  0
BLOCK
  5
578
330
577
100
AcDbEntity
  8
0
 62
     7
 48
0.4
370
    25
100
AcDbBlockBegin
  2
KREST_211
 70
     0
 10
0.0
 20
0.0
 30
0.0
  3
KREST_211
  1

  0
LINE
  5
579
330
577
100
AcDbEntity
  8
Координатные кресты
  6
Continuous
 62
     7
370
    25
100
AcDbLine
 10
-2.5
 20
0.0
 30
0.0
 11
2.5
 21
0.0
 31
0.0
  0
LINE
  5
57A
330
577
100
AcDbEntity
  8
Координатные кресты
  6
Continuous
 62
     7
370
    25
100
AcDbLine
 10
0.0
 20
-2.499999999999091
 30
0.0
 11
0.0
 21
2.500000000000909
 31
0.0
  0
ENDBLK
  5
57B
330
577
100
AcDbEntity
  8
0
 62
     7
 48
0.4
370
    25
100
AcDbBlockEnd
  0
BLOCK
  5
57E
330
57D
100
AcDbEntity
  8
0
 62
     7
 48
0.4
370
    25
100
AcDbBlockBegin
  2
KREST_212
 70
     0
 10
0.0
 20
0.0
 30
0.0
  3
KREST_212
  1

  0
LINE
  5
57F
330
57D
100
AcDbEntity
  8
Координатные кресты
  6
Continuous
 62
     7
370
    25
100
AcDbLine
 10
-2.5
 20
0.0
 30
0.0
 11
2.5
 21
0.0
 31
0.0
  0
LINE
  5
580
330
57D
100
AcDbEntity
  8
Координатные кресты
  6
Continuous
 62
     7
370
    25
100
AcDbLine
 10
0.0
 20
-2.499999999999091
 30
0.0
 11
0.0
 21
2.500000000000909
 31
0.0
  0
ENDBLK
  5
581
330
57D
100
AcDbEntity
  8
0
 62
     7
 48
0.4
370
    25
100
AcDbBlockEnd
  0
BLOCK
  5
584
330
583
100
AcDbEntity
  8
0
 62
     7
 48
0.4
370
    25
100
AcDbBlockBegin
  2
KREST_213
 70
     0
 10
0.0
 20
0.0
 30
0.0
  3
KREST_213
  1

  0
LINE
  5
585
330
583
100
AcDbEntity
  8
Координатные кресты
  6
Continuous
 62
     7
370
    25
100
AcDbLine
 10
-2.5
 20
0.0
 30
0.0
 11
2.5
 21
0.0
 31
0.0
  0
LINE
  5
586
330
583
100
AcDbEntity
  8
Координатные кресты
  6
Continuous
 62
     7
370
    25
100
AcDbLine
 10
0.0
 20
-2.499999999999091
 30
0.0
 11
0.0
 21
2.500000000000909
 31
0.0
  0
ENDBLK
  5
587
330
583
100
AcDbEntity
  8
0
 62
     7
 48
0.4
370
    25
100
AcDbBlockEnd
  0
BLOCK
  5
58A
330
589
100
AcDbEntity
  8
0
 62
     7
 48
0.4
370
    25
100
AcDbBlockBegin
  2
KREST_214
 70
     0
 10
0.0
 20
0.0
 30
0.0
  3
KREST_214
  1

  0
LINE
  5
58B
330
589
100
AcDbEntity
  8
Координатные кресты
  6
Continuous
 62
     7
370
    25
100
AcDbLine
 10
-2.5
 20
0.0
 30
0.0
 11
2.5
 21
0.0
 31
0.0
  0
LINE
  5
58C
330
589
100
AcDbEntity
  8
Координатные кресты
  6
Continuous
 62
     7
370
    25
100
AcDbLine
 10
0.0
 20
-2.499999999999091
 30
0.0
 11
0.0
 21
2.500000000000909
 31
0.0
  0
ENDBLK
  5
58D
330
589
100
AcDbEntity
  8
0
 62
     7
 48
0.4
370
    25
100
AcDbBlockEnd
  0
BLOCK
  5
590
330
58F
100
AcDbEntity
  8
0
 62
     7
 48
0.4
370
    25
100
AcDbBlockBegin
  2
KREST_215
 70
     0
 10
0.0
 20
0.0
 30
0.0
  3
KREST_215
  1

  0
LINE
  5
591
330
58F
100
AcDbEntity
  8
Координатные кресты
  6
Continuous
 62
     7
370
    25
100
AcDbLine
 10
-2.5
 20
0.0
 30
0.0
 11
2.5
 21
0.0
 31
0.0
  0
LINE
  5
592
330
58F
100
AcDbEntity
  8
Координатные кресты
  6
Continuous
 62
     7
370
    25
100
AcDbLine
 10
0.0
 20
-2.499999999999091
 30
0.0
 11
0.0
 21
2.500000000000909
 31
0.0
  0
ENDBLK
  5
593
330
58F
100
AcDbEntity
  8
0
 62
     7
 48
0.4
370
    25
100
AcDbBlockEnd
  0
BLOCK
  5
596
330
595
100
AcDbEntity
  8
0
 62
     7
 48
0.4
370
    25
100
AcDbBlockBegin
  2
KREST_216
 70
     0
 10
0.0
 20
0.0
 30
0.0
  3
KREST_216
  1

  0
LINE
  5
597
330
595
100
AcDbEntity
  8
Координатные кресты
  6
Continuous
 62
     7
370
    25
100
AcDbLine
 10
-2.5
 20
0.0
 30
0.0
 11
2.5
 21
0.0
 31
0.0
  0
LINE
  5
598
330
595
100
AcDbEntity
  8
Координатные кресты
  6
Continuous
 62
     7
370
    25
100
AcDbLine
 10
0.0
 20
-2.499999999999091
 30
0.0
 11
0.0
 21
2.500000000000909
 31
0.0
  0
ENDBLK
  5
599
330
595
100
AcDbEntity
  8
0
 62
     7
 48
0.4
370
    25
100
AcDbBlockEnd
  0
BLOCK
  5
59C
330
59B
100
AcDbEntity
  8
0
 62
     7
 48
0.4
370
    25
100
AcDbBlockBegin
  2
KREST_217
 70
     0
 10
0.0
 20
0.0
 30
0.0
  3
KREST_217
  1

  0
LINE
  5
59D
330
59B
100
AcDbEntity
  8
Координатные кресты
  6
Continuous
 62
     7
370
    25
100
AcDbLine
 10
-2.5
 20
0.0
 30
0.0
 11
2.5
 21
0.0
 31
0.0
  0
LINE
  5
59E
330
59B
100
AcDbEntity
  8
Координатные кресты
  6
Continuous
 62
     7
370
    25
100
AcDbLine
 10
0.0
 20
-2.499999999999091
 30
0.0
 11
0.0
 21
2.500000000000909
 31
0.0
  0
ENDBLK
  5
59F
330
59B
100
AcDbEntity
  8
0
 62
     7
 48
0.4
370
    25
100
AcDbBlockEnd
  0
BLOCK
  5
5A2
330
5A1
100
AcDbEntity
  8
0
 62
     7
 48
0.4
370
    25
100
AcDbBlockBegin
  2
KREST_218
 70
     0
 10
0.0
 20
0.0
 30
0.0
  3
KREST_218
  1

  0
LINE
  5
5A3
330
5A1
100
AcDbEntity
  8
Координатные кресты
  6
Continuous
 62
     7
370
    25
100
AcDbLine
 10
-2.5
 20
0.0
 30
0.0
 11
2.5
 21
0.0
 31
0.0
  0
LINE
  5
5A4
330
5A1
100
AcDbEntity
  8
Координатные кресты
  6
Continuous
 62
     7
370
    25
100
AcDbLine
 10
0.0
 20
-2.499999999999091
 30
0.0
 11
0.0
 21
2.500000000000909
 31
0.0
  0
ENDBLK
  5
5A5
330
5A1
100
AcDbEntity
  8
0
 62
     7
 48
0.4
370
    25
100
AcDbBlockEnd
  0
BLOCK
  5
5A8
330
5A7
100
AcDbEntity
  8
0
 62
     7
 48
0.4
370
    25
100
AcDbBlockBegin
  2
KREST_219
 70
     0
 10
0.0
 20
0.0
 30
0.0
  3
KREST_219
  1

  0
LINE
  5
5A9
330
5A7
100
AcDbEntity
  8
Координатные кресты
  6
Continuous
 62
     7
370
    25
100
AcDbLine
 10
-2.5
 20
0.0
 30
0.0
 11
2.5
 21
0.0
 31
0.0
  0
LINE
  5
5AA
330
5A7
100
AcDbEntity
  8
Координатные кресты
  6
Continuous
 62
     7
370
    25
100
AcDbLine
 10
0.0
 20
-2.499999999999091
 30
0.0
 11
0.0
 21
2.500000000000909
 31
0.0
  0
ENDBLK
  5
5AB
330
5A7
100
AcDbEntity
  8
0
 62
     7
 48
0.4
370
    25
100
AcDbBlockEnd
  0
BLOCK
  5
5AE
330
5AD
100
AcDbEntity
  8
0
 62
     7
 48
0.4
370
    25
100
AcDbBlockBegin
  2
KREST_220
 70
     0
 10
0.0
 20
0.0
 30
0.0
  3
KREST_220
  1

  0
LINE
  5
5AF
330
5AD
100
AcDbEntity
  8
Координатные кресты
  6
Continuous
 62
     7
370
    25
100
AcDbLine
 10
-2.5
 20
0.0
 30
0.0
 11
2.5
 21
0.0
 31
0.0
  0
LINE
  5
5B0
330
5AD
100
AcDbEntity
  8
Координатные кресты
  6
Continuous
 62
     7
370
    25
100
AcDbLine
 10
0.0
 20
-2.499999999999091
 30
0.0
 11
0.0
 21
2.500000000000909
 31
0.0
  0
ENDBLK
  5
5B1
330
5AD
100
AcDbEntity
  8
0
 62
     7
 48
0.4
370
    25
100
AcDbBlockEnd
  0
BLOCK
  5
5B4
330
5B3
100
AcDbEntity
  8
0
 62
     7
 48
0.4
370
    25
100
AcDbBlockBegin
  2
KREST_221
 70
     0
 10
0.0
 20
0.0
 30
0.0
  3
KREST_221
  1

  0
LINE
  5
5B5
330
5B3
100
AcDbEntity
  8
Координатные кресты
  6
Continuous
 62
     7
370
    25
100
AcDbLine
 10
-2.5
 20
0.0
 30
0.0
 11
2.5
 21
0.0
 31
0.0
  0
LINE
  5
5B6
330
5B3
100
AcDbEntity
  8
Координатные кресты
  6
Continuous
 62
     7
370
    25
100
AcDbLine
 10
0.0
 20
-2.499999999999091
 30
0.0
 11
0.0
 21
2.500000000000909
 31
0.0
  0
ENDBLK
  5
5B7
330
5B3
100
AcDbEntity
  8
0
 62
     7
 48
0.4
370
    25
100
AcDbBlockEnd
  0
BLOCK
  5
5BA
330
5B9
100
AcDbEntity
  8
0
 62
     7
 48
0.4
370
    25
100
AcDbBlockBegin
  2
KREST_222
 70
     0
 10
0.0
 20
0.0
 30
0.0
  3
KREST_222
  1

  0
LINE
  5
5BB
330
5B9
100
AcDbEntity
  8
Координатные кресты
  6
Continuous
 62
     7
370
    25
100
AcDbLine
 10
-2.5
 20
0.0
 30
0.0
 11
2.5
 21
0.0
 31
0.0
  0
LINE
  5
5BC
330
5B9
100
AcDbEntity
  8
Координатные кресты
  6
Continuous
 62
     7
370
    25
100
AcDbLine
 10
0.0
 20
-2.499999999999091
 30
0.0
 11
0.0
 21
2.500000000000909
 31
0.0
  0
ENDBLK
  5
5BD
330
5B9
100
AcDbEntity
  8
0
 62
     7
 48
0.4
370
    25
100
AcDbBlockEnd
  0
ENDSEC
  0
SECTION
  2
ENTITIES
  0
LWPOLYLINE
  5
7B
330
2
100
AcDbEntity
  8
Рамки
  6
Continuous
100
AcDbPolyline
 90
        5
 70
   128
 43
0.0
 10
-4000.0
 20
6500.0
 10
-4000.0
 20
6750.0
 10
-3750.0
 20
6750.0
 10
-3750.0
 20
6500.0
 10
-4000.0
 20
6500.0
  0
LWPOLYLINE
  5
156
330
2
100
AcDbEntity
  8
Рамки
  6
Continuous
100
AcDbPolyline
 90
        5
 70
   128
 43
0.0
 10
-4000.0
 20
6250.0
 10
-4000.0
 20
6500.0
 10
-3750.0
 20
6500.0
 10
-3750.0
 20
6250.0
 10
-4000.0
 20
6250.0
  0
LWPOLYLINE
  5
20B
330
2
100
AcDbEntity
  8
Рамки
  6
Continuous
100
AcDbPolyline
 90
        5
 70
   128
 43
0.0
 10
-4000.0
 20
6000.0
 10
-4000.0
 20
6250.0
 10
-3750.0
 20
6250.0
 10
-3750.0
 20
6000.0
 10
-4000.0
 20
6000.0
  0
LWPOLYLINE
  5
2C0
330
2
100
AcDbEntity
  8
Рамки
  6
Continuous
100
AcDbPolyline
 90
        5
 70
   128
 43
0.0
 10
-3950.0
 20
5750.0
 10
-3950.0
 20
6000.0
 10
-3700.0
 20
6000.0
 10
-3700.0
 20
5750.0
 10
-3950.0
 20
5750.0
  0
LWPOLYLINE
  5
37B
330
2
100
AcDbEntity
  8
Рамки
  6
Continuous
100
AcDbPolyline
 90
        5
 70
   128
 43
0.0
 10
-3950.0
 20
5500.0
 10
-3950.0
 20
5750.0
 10
-3700.0
 20
5750.0
 10
-3700.0
 20
5500.0
 10
-3950.0
 20
5500.0
  0
LWPOLYLINE
  5
430
330
2
100
AcDbEntity
  8
Рамки
  6
Continuous
100
AcDbPolyline
 90
        5
 70
   128
 43
0.0
 10
-3950.0
 20
5250.0
 10
-3950.0
 20
5500.0
 10
-3700.0
 20
5500.0
 10
-3700.0
 20
5250.0
 10
-3950.0
 20
5250.0
  0
LWPOLYLINE
  5
4E5
330
2
100
AcDbEntity
  8
Рамки
  6
Continuous
100
AcDbPolyline
 90
        5
 70
   128
 43
0.0
 10
-3950.0
 20
4950.0
 10
-3950.0
 20
5250.0
 10
-3700.0
 20
5250.0
 10
-3700.0
 20
4950.0
 10
-3950.0
 20
4950.0
  0
LWPOLYLINE
  5
5BE
330
2
100
AcDbEntity
  8
Граница заказа
  6
Continuous
 62
     1
100
AcDbPolyline
 90
      138
 70
   128
 43
0.0
 10
-3854.122000000001
 20
5311.38
 10
-3837.806
 20
5307.682
 10
-3842.262
 20
5288.02
 10
-3830.152
 20
5284.928
 10
-3831.608
 20
5224.427
 10
-3831.983
 20
5195.445
 10
-3832.352
 20
5159.232
 10
-3815.6
 20
5158.839
 10
-3823.937
 20
5004.456
 10
-3825.964
 20
4988.591
 10
-3793.466
 20
4984.439
 10
-3796.136
 20
5005.265
 10
-3794.068
 20
5118.585
 10
-3784.545
 20
5333.226
 10
-3788.39
 20
5393.888
 10
-3793.48
 20
5475.686
 10
-3771.407
 20
5476.918
 10
-3773.425
 20
5523.846
 10
-3773.425
 20
5579.922
 10
-3778.493
 20
5588.867
 10
-3803.188
 20
5585.076
 10
-3805.439000000001
 20
5584.905
 10
-3813.455
 20
5690.368
 10
-3782.07
 20
5690.417
 10
-3785.593000000001
 20
5726.348
 10
-3798.41
 20
5722.48
 10
-3809.104000000001
 20
5721.665
 10
-3813.125
 20
5774.176
 10
-3781.714
 20
5775.942
 10
-3782.891
 20
5795.83
 10
-3803.742
 20
5794.181
 10
-3810.853
 20
5884.199000000001
 10
-3799.151000000001
 20
5885.124
 10
-3800.289
 20
5899.904
 10
-3812.653
 20
5898.973
 10
-3812.506
 20
5897.014
 10
-3824.261
 20
5896.13
 10
-3824.424
 20
5898.297
 10
-3829.002
 20
5897.953
 10
-3838.978
 20
6007.075
 10
-3839.706
 20
6019.318
 10
-3808.679
 20
6066.098
 10
-3812.795
 20
6089.985
 10
-3844.743
 20
6084.483
 10
-3846.211
 20
6093.009
 10
-3820.26
 20
6097.476000000001
 10
-3822.081
 20
6116.025000000001
 10
-3838.405
 20
6115.056
 10
-3838.234
 20
6112.171
 10
-3848.271
 20
6111.559
 10
-3850.286
 20
6144.653
 10
-3847.237
 20
6166.55
 10
-3849.361
 20
6177.681
 10
-3834.6
 20
6180.498000000001
 10
-3839.501
 20
6247.689
 10
-3846.696
 20
6435.1
 10
-3834.705
 20
6435.564
 10
-3817.909
 20
6512.405
 10
-3832.453
 20
6512.946
 10
-3831.92
 20
6536.927000000001
 10
-3858.153
 20
6537.511
 10
-3856.768
 20
6599.8
 10
-3911.585
 20
6599.752
 10
-3911.700000000001
 20
6587.062
 10
-3913.148
 20
6556.933
 10
-3914.886
 20
6536.400000000001
 10
-3924.675
 20
6536.400000000001
 10
-3924.675
 20
6513.725
 10
-3924.675
 20
6489.379
 10
-3918.139
 20
6489.379
 10
-3898.765
 20
6492.837
 10
-3896.321
 20
6430.531
 10
-3894.879
 20
6409.115
 10
-3919.609
 20
6407.81
 10
-3919.283
 20
6361.463
 10
-3918.998
 20
6344.373000000001
 10
-3897.019
 20
6345.38
 10
-3894.695
 20
6294.144
 10
-3941.819
 20
6292.007000000001
 10
-3940.516
 20
6263.273
 10
-3893.195
 20
6267.877
 10
-3890.661
 20
6196.921
 10
-3901.011
 20
6196.549
 10
-3901.493
 20
6209.957
 10
-3920.864
 20
6207.095
 10
-3920.363000000001
 20
6161.908
 10
-3900.708
 20
6165.756
 10
-3888.757
 20
6166.444
 10
-3884.734
 20
6096.657
 10
-3895.743
 20
6096.023
 10
-3896.261
 20
6104.99
 10
-3907.568
 20
6104.337
 10
-3904.776000000001
 20
6089.556
 10
-3902.061
 20
6073.733
 10
-3899.739
 20
6059.831
 10
-3898.281
 20
6053.909000000001
 10
-3875.875
 20
6013.245
 10
-3874.664
 20
6004.037
 10
-3870.654
 20
6004.564
 10
-3867.001
 20
5963.541
 10
-3881.251
 20
5962.27
 10
-3881.511
 20
5965.191
 10
-3894.638
 20
5964.021
 10
-3893.743
 20
5941.792
 10
-3893.595000000001
 20
5938.119
 10
-3879.799
 20
5939.197
 10
-3880.142000000001
 20
5943.581
 10
-3870.294
 20
5944.35
 10
-3865.175
 20
5878.819
 10
-3876.804
 20
5877.911
 10
-3886.62
 20
5817.08
 10
-3869.309
 20
5818.188
 10
-3866.15
 20
5768.853
 10
-3865.75
 20
5738.436
 10
-3866.197
 20
5725.744
 10
-3862.061
 20
5712.103
 10
-3862.406
 20
5694.01
 10
-3875.365
 20
5694.144
 10
-3873.44
 20
5672.529
 10
-3870.196
 20
5643.921
 10
-3869.193
 20
5627.997
 10
-3854.029
 20
5628.953
 10
-3851.758000000001
 20
5602.068
 10
-3851.950000000001
 20
5548.279
 10
-3850.98
 20
5535.98
 10
-3850.908
 20
5535.055
 10
-3850.052
 20
5535.741
 10
-3825.758000000001
 20
5514.37
 10
-3823.512
 20
5485.21
 10
-3817.595000000001
 20
5405.102
 10
-3822.847
 20
5404.595
 10
-3821.762
 20
5390.097
 10
-3828.104000000001
 20
5389.719
 10
-3827.1
 20
5379.645
 10
-3829.936
 20
5358.062
 10
-3831.349
 20
5346.448
 10
-3847.144
 20
5342.218
 10
-3854.122000000001
 20
5311.38
  0
TEXT
  5
5C0
330
2
100
AcDbEntity
  8
Подписи рамок
  6
Continuous
100
AcDbText
 10
-3990.0
 20
6731.667
 30
0.0
 40
8.333
  1
1
  7
Style-RUSSIAN_1251
 11
-3990.0
 21
6740.0
 31
0.0
100
AcDbText
 73
     3
  0
TEXT
  5
5C2
330
2
100
AcDbEntity
  8
Подписи рамок
  6
Continuous
100
AcDbText
 10
-3990.0
 20
6481.667
 30
0.0
 40
8.333
  1
2
  7
Style-RUSSIAN_1251
 11
-3990.0
 21
6490.0
 31
0.0
100
AcDbText
 73
     3
  0
TEXT
  5
5C3
330
2
100
AcDbEntity
  8
Подписи рамок
  6
Continuous
100
AcDbText
 10
-3990.0
 20
6231.667
 30
0.0
 40
8.333
  1
3
  7
Style-RUSSIAN_1251
 11
-3990.0
 21
6240.0
 31
0.0
100
AcDbText
 73
     3
  0
TEXT
  5
5C4
330
2
100
AcDbEntity
  8
Подписи рамок
  6
Continuous
100
AcDbText
 10
-3940.0
 20
5981.667
 30
0.0
 40
8.333
  1
4
  7
Style-RUSSIAN_1251
 11
-3940.0
 21
5990.0
 31
0.0
100
AcDbText
 73
     3
  0
TEXT
  5
5C5
330
2
100
AcDbEntity
  8
Подписи рамок
  6
Continuous
100
AcDbText
 10
-3940.0
 20
5731.667
 30
0.0
 40
8.333
  1
5
  7
Style-RUSSIAN_1251
 11
-3940.0
 21
5740.0
 31
0.0
100
AcDbText
 73
     3
  0
TEXT
  5
5C6
330
2
100
AcDbEntity
  8
Подписи рамок
  6
Continuous
100
AcDbText
 10
-3940.0
 20
5481.667
 30
0.0
 40
8.333
  1
6
  7
Style-RUSSIAN_1251
 11
-3940.0
 21
5490.0
 31
0.0
100
AcDbText
 73
     3
  0
TEXT
  5
5C7
330
2
100
AcDbEntity
  8
Подписи рамок
  6
Continuous
100
AcDbText
 10
-3940.0
 20
5231.667
 30
0.0
 40
8.333
  1
7
  7
Style-RUSSIAN_1251
 11
-3940.0
 21
5240.0
 31
0.0
100
AcDbText
 73
     3
  0
LINE
  5
618
330
2
100
AcDbEntity
  8
Координатные кресты
  6
Continuous
100
AcDbLine
 10
-4002.5
 20
6500.0
 30
0.0
 11
-3997.5
 21
6500.0
 31
0.0
  0
LINE
  5
619
330
2
100
AcDbEntity
  8
Координатные кресты
  6
Continuous
100
AcDbLine
 10
-4000.0
 20
6497.500000000001
 30
0.0
 11
-4000.0
 21
6502.500000000001
 31
0.0
  0
LINE
  5
61A
330
2
100
AcDbEntity
  8
Координатные кресты
  6
Continuous
100
AcDbLine
 10
-4002.5
 20
6550.0
 30
0.0
 11
-3997.5
 21
6550.0
 31
0.0
  0
LINE
  5
61B
330
2
100
AcDbEntity
  8
Координатные кресты
  6
Continuous
100
AcDbLine
 10
-4000.0
 20
6547.500000000001
 30
0.0
 11
-4000.0
 21
6552.500000000001
 31
0.0
  0
LINE
  5
61C
330
2
100
AcDbEntity
  8
Координатные кресты
  6
Continuous
100
AcDbLine
 10
-4002.5
 20
6600.0
 30
0.0
 11
-3997.5
 21
6600.0
 31
0.0
  0
LINE
  5
61D
330
2
100
AcDbEntity
  8
Координатные кресты
  6
Continuous
100
AcDbLine
 10
-4000.0
 20
6597.500000000001
 30
0.0
 11
-4000.0
 21
6602.500000000001
 31
0.0
  0
LINE
  5
61E
330
2
100
AcDbEntity
  8
Координатные кресты
  6
Continuous
100
AcDbLine
 10
-4002.5
 20
6650.0
 30
0.0
 11
-3997.5
 21
6650.0
 31
0.0
  0
LINE
  5
61F
330
2
100
AcDbEntity
  8
Координатные кресты
  6
Continuous
100
AcDbLine
 10
-4000.0
 20
6647.500000000001
 30
0.0
 11
-4000.0
 21
6652.500000000001
 31
0.0
  0
LINE
  5
620
330
2
100
AcDbEntity
  8
Координатные кресты
  6
Continuous
100
AcDbLine
 10
-4002.5
 20
6700.0
 30
0.0
 11
-3997.5
 21
6700.0
 31
0.0
  0
LINE
  5
621
330
2
100
AcDbEntity
  8
Координатные кресты
  6
Continuous
100
AcDbLine
 10
-4000.0
 20
6697.500000000001
 30
0.0
 11
-4000.0
 21
6702.500000000001
 31
0.0
  0
LINE
  5
622
330
2
100
AcDbEntity
  8
Координатные кресты
  6
Continuous
100
AcDbLine
 10
-4002.5
 20
6750.0
 30
0.0
 11
-3997.5
 21
6750.0
 31
0.0
  0
LINE
  5
623
330
2
100
AcDbEntity
  8
Координатные кресты
  6
Continuous
100
AcDbLine
 10
-4000.0
 20
6747.500000000001
 30
0.0
 11
-4000.0
 21
6752.500000000001
 31
0.0
  0
LINE
  5
624
330
2
100
AcDbEntity
  8
Координатные кресты
  6
Continuous
100
AcDbLine
 10
-3952.5
 20
6500.0
 30
0.0
 11
-3947.5
 21
6500.0
 31
0.0
  0
LINE
  5
625
330
2
100
AcDbEntity
  8
Координатные кресты
  6
Continuous
100
AcDbLine
 10
-3950.0
 20
6497.500000000001
 30
0.0
 11
-3950.0
 21
6502.500000000001
 31
0.0
  0
LINE
  5
626
330
2
100
AcDbEntity
  8
Координатные кресты
  6
Continuous
100
AcDbLine
 10
-3952.5
 20
6550.0
 30
0.0
 11
-3947.5
 21
6550.0
 31
0.0
  0
LINE
  5
627
330
2
100
AcDbEntity
  8
Координатные кресты
  6
Continuous
100
AcDbLine
 10
-3950.0
 20
6547.500000000001
 30
0.0
 11
-3950.0
 21
6552.500000000001
 31
0.0
  0
LINE
  5
628
330
2
100
AcDbEntity
  8
Координатные кресты
  6
Continuous
100
AcDbLine
 10
-3952.5
 20
6600.0
 30
0.0
 11
-3947.5
 21
6600.0
 31
0.0
  0
LINE
  5
629
330
2
100
AcDbEntity
  8
Координатные кресты
  6
Continuous
100
AcDbLine
 10
-3950.0
 20
6597.500000000001
 30
0.0
 11
-3950.0
 21
6602.500000000001
 31
0.0
  0
LINE
  5
62A
330
2
100
AcDbEntity
  8
Координатные кресты
  6
Continuous
100
AcDbLine
 10
-3952.5
 20
6650.0
 30
0.0
 11
-3947.5
 21
6650.0
 31
0.0
  0
LINE
  5
62B
330
2
100
AcDbEntity
  8
Координатные кресты
  6
Continuous
100
AcDbLine
 10
-3950.0
 20
6647.500000000001
 30
0.0
 11
-3950.0
 21
6652.500000000001
 31
0.0
  0
LINE
  5
62C
330
2
100
AcDbEntity
  8
Координатные кресты
  6
Continuous
100
AcDbLine
 10
-3952.5
 20
6700.0
 30
0.0
 11
-3947.5
 21
6700.0
 31
0.0
  0
LINE
  5
62D
330
2
100
AcDbEntity
  8
Координатные кресты
  6
Continuous
100
AcDbLine
 10
-3950.0
 20
6697.500000000001
 30
0.0
 11
-3950.0
 21
6702.500000000001
 31
0.0
  0
LINE
  5
62E
330
2
100
AcDbEntity
  8
Координатные кресты
  6
Continuous
100
AcDbLine
 10
-3952.5
 20
6750.0
 30
0.0
 11
-3947.5
 21
6750.0
 31
0.0
  0
LINE
  5
62F
330
2
100
AcDbEntity
  8
Координатные кресты
  6
Continuous
100
AcDbLine
 10
-3950.0
 20
6747.500000000001
 30
0.0
 11
-3950.0
 21
6752.500000000001
 31
0.0
  0
LINE
  5
630
330
2
100
AcDbEntity
  8
Координатные кресты
  6
Continuous
100
AcDbLine
 10
-3902.5
 20
6500.0
 30
0.0
 11
-3897.5
 21
6500.0
 31
0.0
  0
LINE
  5
631
330
2
100
AcDbEntity
  8
Координатные кресты
  6
Continuous
100
AcDbLine
 10
-3900.0
 20
6497.500000000001
 30
0.0
 11
-3900.0
 21
6502.500000000001
 31
0.0
  0
LINE
  5
632
330
2
100
AcDbEntity
  8
Координатные кресты
  6
Continuous
100
AcDbLine
 10
-3902.5
 20
6550.0
 30
0.0
 11
-3897.5
 21
6550.0
 31
0.0
  0
LINE
  5
633
330
2
100
AcDbEntity
  8
Координатные кресты
  6
Continuous
100
AcDbLine
 10
-3900.0
 20
6547.500000000001
 30
0.0
 11
-3900.0
 21
6552.500000000001
 31
0.0
  0
LINE
  5
634
330
2
100
AcDbEntity
  8
Координатные кресты
  6
Continuous
100
AcDbLine
 10
-3902.5
 20
6600.0
 30
0.0
 11
-3897.5
 21
6600.0
 31
0.0
  0
LINE
  5
635
330
2
100
AcDbEntity
  8
Координатные кресты
  6
Continuous
100
AcDbLine
 10
-3900.0
 20
6597.500000000001
 30
0.0
 11
-3900.0
 21
6602.500000000001
 31
0.0
  0
LINE
  5
636
330
2
100
AcDbEntity
  8
Координатные кресты
  6
Continuous
100
AcDbLine
 10
-3902.5
 20
6650.0
 30
0.0
 11
-3897.5
 21
6650.0
 31
0.0
  0
LINE
  5
637
330
2
100
AcDbEntity
  8
Координатные кресты
  6
Continuous
100
AcDbLine
 10
-3900.0
 20
6647.500000000001
 30
0.0
 11
-3900.0
 21
6652.500000000001
 31
0.0
  0
LINE
  5
638
330
2
100
AcDbEntity
  8
Координатные кресты
  6
Continuous
100
AcDbLine
 10
-3902.5
 20
6700.0
 30
0.0
 11
-3897.5
 21
6700.0
 31
0.0
  0
LINE
  5
639
330
2
100
AcDbEntity
  8
Координатные кресты
  6
Continuous
100
AcDbLine
 10
-3900.0
 20
6697.500000000001
 30
0.0
 11
-3900.0
 21
6702.500000000001
 31
0.0
  0
LINE
  5
63A
330
2
100
AcDbEntity
  8
Координатные кресты
  6
Continuous
100
AcDbLine
 10
-3902.5
 20
6750.0
 30
0.0
 11
-3897.5
 21
6750.0
 31
0.0
  0
LINE
  5
63B
330
2
100
AcDbEntity
  8
Координатные кресты
  6
Continuous
100
AcDbLine
 10
-3900.0
 20
6747.500000000001
 30
0.0
 11
-3900.0
 21
6752.500000000001
 31
0.0
  0
LINE
  5
63C
330
2
100
AcDbEntity
  8
Координатные кресты
  6
Continuous
100
AcDbLine
 10
-3852.5
 20
6500.0
 30
0.0
 11
-3847.5
 21
6500.0
 31
0.0
  0
LINE
  5
63D
330
2
100
AcDbEntity
  8
Координатные кресты
  6
Continuous
100
AcDbLine
 10
-3850.0
 20
6497.500000000001
 30
0.0
 11
-3850.0
 21
6502.500000000001
 31
0.0
  0
LINE
  5
63E
330
2
100
AcDbEntity
  8
Координатные кресты
  6
Continuous
100
AcDbLine
 10
-3852.5
 20
6550.0
 30
0.0
 11
-3847.5
 21
6550.0
 31
0.0
  0
LINE
  5
63F
330
2
100
AcDbEntity
  8
Координатные кресты
  6
Continuous
100
AcDbLine
 10
-3850.0
 20
6547.500000000001
 30
0.0
 11
-3850.0
 21
6552.500000000001
 31
0.0
  0
LINE
  5
640
330
2
100
AcDbEntity
  8
Координатные кресты
  6
Continuous
100
AcDbLine
 10
-3852.5
 20
6600.0
 30
0.0
 11
-3847.5
 21
6600.0
 31
0.0
  0
LINE
  5
641
330
2
100
AcDbEntity
  8
Координатные кресты
  6
Continuous
100
AcDbLine
 10
-3850.0
 20
6597.500000000001
 30
0.0
 11
-3850.0
 21
6602.500000000001
 31
0.0
  0
LINE
  5
642
330
2
100
AcDbEntity
  8
Координатные кресты
  6
Continuous
100
AcDbLine
 10
-3852.5
 20
6650.0
 30
0.0
 11
-3847.5
 21
6650.0
 31
0.0
  0
LINE
  5
643
330
2
100
AcDbEntity
  8
Координатные кресты
  6
Continuous
100
AcDbLine
 10
-3850.0
 20
6647.500000000001
 30
0.0
 11
-3850.0
 21
6652.500000000001
 31
0.0
  0
LINE
  5
644
330
2
100
AcDbEntity
  8
Координатные кресты
  6
Continuous
100
AcDbLine
 10
-3852.5
 20
6700.0
 30
0.0
 11
-3847.5
 21
6700.0
 31
0.0
  0
LINE
  5
645
330
2
100
AcDbEntity
  8
Координатные кресты
  6
Continuous
100
AcDbLine
 10
-3850.0
 20
6697.500000000001
 30
0.0
 11
-3850.0
 21
6702.500000000001
 31
0.0
  0
LINE
  5
646
330
2
100
AcDbEntity
  8
Координатные кресты
  6
Continuous
100
AcDbLine
 10
-3852.5
 20
6750.0
 30
0.0
 11
-3847.5
 21
6750.0
 31
0.0
  0
LINE
  5
647
330
2
100
AcDbEntity
  8
Координатные кресты
  6
Continuous
100
AcDbLine
 10
-3850.0
 20
6747.500000000001
 30
0.0
 11
-3850.0
 21
6752.500000000001
 31
0.0
  0
LINE
  5
648
330
2
100
AcDbEntity
  8
Координатные кресты
  6
Continuous
100
AcDbLine
 10
-3802.5
 20
6500.0
 30
0.0
 11
-3797.5
 21
6500.0
 31
0.0
  0
LINE
  5
649
330
2
100
AcDbEntity
  8
Координатные кресты
  6
Continuous
100
AcDbLine
 10
-3800.0
 20
6497.500000000001
 30
0.0
 11
-3800.0
 21
6502.500000000001
 31
0.0
  0
LINE
  5
64A
330
2
100
AcDbEntity
  8
Координатные кресты
  6
Continuous
100
AcDbLine
 10
-3802.5
 20
6550.0
 30
0.0
 11
-3797.5
 21
6550.0
 31
0.0
  0
LINE
  5
64B
330
2
100
AcDbEntity
  8
Координатные кресты
  6
Continuous
100
AcDbLine
 10
-3800.0
 20
6547.500000000001
 30
0.0
 11
-3800.0
 21
6552.500000000001
 31
0.0
  0
LINE
  5
64C
330
2
100
AcDbEntity
  8
Координатные кресты
  6
Continuous
100
AcDbLine
 10
-3802.5
 20
6600.0
 30
0.0
 11
-3797.5
 21
6600.0
 31
0.0
  0
LINE
  5
64D
330
2
100
AcDbEntity
  8
Координатные кресты
  6
Continuous
100
AcDbLine
 10
-3800.0
 20
6597.500000000001
 30
0.0
 11
-3800.0
 21
6602.500000000001
 31
0.0
  0
LINE
  5
64E
330
2
100
AcDbEntity
  8
Координатные кресты
  6
Continuous
100
AcDbLine
 10
-3802.5
 20
6650.0
 30
0.0
 11
-3797.5
 21
6650.0
 31
0.0
  0
LINE
  5
64F
330
2
100
AcDbEntity
  8
Координатные кресты
  6
Continuous
100
AcDbLine
 10
-3800.0
 20
6647.500000000001
 30
0.0
 11
-3800.0
 21
6652.500000000001
 31
0.0
  0
LINE
  5
650
330
2
100
AcDbEntity
  8
Координатные кресты
  6
Continuous
100
AcDbLine
 10
-3802.5
 20
6700.0
 30
0.0
 11
-3797.5
 21
6700.0
 31
0.0
  0
LINE
  5
651
330
2
100
AcDbEntity
  8
Координатные кресты
  6
Continuous
100
AcDbLine
 10
-3800.0
 20
6697.500000000001
 30
0.0
 11
-3800.0
 21
6702.500000000001
 31
0.0
  0
LINE
  5
652
330
2
100
AcDbEntity
  8
Координатные кресты
  6
Continuous
100
AcDbLine
 10
-3802.5
 20
6750.0
 30
0.0
 11
-3797.5
 21
6750.0
 31
0.0
  0
LINE
  5
653
330
2
100
AcDbEntity
  8
Координатные кресты
  6
Continuous
100
AcDbLine
 10
-3800.0
 20
6747.500000000001
 30
0.0
 11
-3800.0
 21
6752.500000000001
 31
0.0
  0
LINE
  5
654
330
2
100
AcDbEntity
  8
Координатные кресты
  6
Continuous
100
AcDbLine
 10
-3752.5
 20
6500.0
 30
0.0
 11
-3747.5
 21
6500.0
 31
0.0
  0
LINE
  5
655
330
2
100
AcDbEntity
  8
Координатные кресты
  6
Continuous
100
AcDbLine
 10
-3750.0
 20
6497.500000000001
 30
0.0
 11
-3750.0
 21
6502.500000000001
 31
0.0
  0
LINE
  5
656
330
2
100
AcDbEntity
  8
Координатные кресты
  6
Continuous
100
AcDbLine
 10
-3752.5
 20
6550.0
 30
0.0
 11
-3747.5
 21
6550.0
 31
0.0
  0
LINE
  5
657
330
2
100
AcDbEntity
  8
Координатные кресты
  6
Continuous
100
AcDbLine
 10
-3750.0
 20
6547.500000000001
 30
0.0
 11
-3750.0
 21
6552.500000000001
 31
0.0
  0
LINE
  5
658
330
2
100
AcDbEntity
  8
Координатные кресты
  6
Continuous
100
AcDbLine
 10
-3752.5
 20
6600.0
 30
0.0
 11
-3747.5
 21
6600.0
 31
0.0
  0
LINE
  5
659
330
2
100
AcDbEntity
  8
Координатные кресты
  6
Continuous
100
AcDbLine
 10
-3750.0
 20
6597.500000000001
 30
0.0
 11
-3750.0
 21
6602.500000000001
 31
0.0
  0
LINE
  5
65A
330
2
100
AcDbEntity
  8
Координатные кресты
  6
Continuous
100
AcDbLine
 10
-3752.5
 20
6650.0
 30
0.0
 11
-3747.5
 21
6650.0
 31
0.0
  0
LINE
  5
65B
330
2
100
AcDbEntity
  8
Координатные кресты
  6
Continuous
100
AcDbLine
 10
-3750.0
 20
6647.500000000001
 30
0.0
 11
-3750.0
 21
6652.500000000001
 31
0.0
  0
LINE
  5
65C
330
2
100
AcDbEntity
  8
Координатные кресты
  6
Continuous
100
AcDbLine
 10
-3752.5
 20
6700.0
 30
0.0
 11
-3747.5
 21
6700.0
 31
0.0
  0
LINE
  5
65D
330
2
100
AcDbEntity
  8
Координатные кресты
  6
Continuous
100
AcDbLine
 10
-3750.0
 20
6697.500000000001
 30
0.0
 11
-3750.0
 21
6702.500000000001
 31
0.0
  0
LINE
  5
65E
330
2
100
AcDbEntity
  8
Координатные кресты
  6
Continuous
100
AcDbLine
 10
-3752.5
 20
6750.0
 30
0.0
 11
-3747.5
 21
6750.0
 31
0.0
  0
LINE
  5
65F
330
2
100
AcDbEntity
  8
Координатные кресты
  6
Continuous
100
AcDbLine
 10
-3750.0
 20
6747.500000000001
 30
0.0
 11
-3750.0
 21
6752.500000000001
 31
0.0
  0
LINE
  5
660
330
2
100
AcDbEntity
  8
Координатные кресты
  6
Continuous
100
AcDbLine
 10
-4002.5
 20
6250.0
 30
0.0
 11
-3997.5
 21
6250.0
 31
0.0
  0
LINE
  5
661
330
2
100
AcDbEntity
  8
Координатные кресты
  6
Continuous
100
AcDbLine
 10
-4000.0
 20
6247.500000000001
 30
0.0
 11
-4000.0
 21
6252.500000000001
 31
0.0
  0
LINE
  5
662
330
2
100
AcDbEntity
  8
Координатные кресты
  6
Continuous
100
AcDbLine
 10
-4002.5
 20
6300.0
 30
0.0
 11
-3997.5
 21
6300.0
 31
0.0
  0
LINE
  5
663
330
2
100
AcDbEntity
  8
Координатные кресты
  6
Continuous
100
AcDbLine
 10
-4000.0
 20
6297.500000000001
 30
0.0
 11
-4000.0
 21
6302.500000000001
 31
0.0
  0
LINE
  5
664
330
2
100
AcDbEntity
  8
Координатные кресты
  6
Continuous
100
AcDbLine
 10
-4002.5
 20
6350.0
 30
0.0
 11
-3997.5
 21
6350.0
 31
0.0
  0
LINE
  5
665
330
2
100
AcDbEntity
  8
Координатные кресты
  6
Continuous
100
AcDbLine
 10
-4000.0
 20
6347.500000000001
 30
0.0
 11
-4000.0
 21
6352.500000000001
 31
0.0
  0
LINE
  5
666
330
2
100
AcDbEntity
  8
Координатные кресты
  6
Continuous
100
AcDbLine
 10
-4002.5
 20
6400.0
 30
0.0
 11
-3997.5
 21
6400.0
 31
0.0
  0
LINE
  5
667
330
2
100
AcDbEntity
  8
Координатные кресты
  6
Continuous
100
AcDbLine
 10
-4000.0
 20
6397.500000000001
 30
0.0
 11
-4000.0
 21
6402.500000000001
 31
0.0
  0
LINE
  5
668
330
2
100
AcDbEntity
  8
Координатные кресты
  6
Continuous
100
AcDbLine
 10
-4002.5
 20
6450.0
 30
0.0
 11
-3997.5
 21
6450.0
 31
0.0
  0
LINE
  5
669
330
2
100
AcDbEntity
  8
Координатные кресты
  6
Continuous
100
AcDbLine
 10
-4000.0
 20
6447.500000000001
 30
0.0
 11
-4000.0
 21
6452.500000000001
 31
0.0
  0
LINE
  5
66A
330
2
100
AcDbEntity
  8
Координатные кресты
  6
Continuous
100
AcDbLine
 10
-3952.5
 20
6250.0
 30
0.0
 11
-3947.5
 21
6250.0
 31
0.0
  0
LINE
  5
66B
330
2
100
AcDbEntity
  8
Координатные кресты
  6
Continuous
100
AcDbLine
 10
-3950.0
 20
6247.500000000001
 30
0.0
 11
-3950.0
 21
6252.500000000001
 31
0.0
  0
LINE
  5
66C
330
2
100
AcDbEntity
  8
Координатные кресты
  6
Continuous
100
AcDbLine
 10
-3952.5
 20
6300.0
 30
0.0
 11
-3947.5
 21
6300.0
 31
0.0
  0
LINE
  5
66D
330
2
100
AcDbEntity
  8
Координатные кресты
  6
Continuous
100
AcDbLine
 10
-3950.0
 20
6297.500000000001
 30
0.0
 11
-3950.0
 21
6302.500000000001
 31
0.0
  0
LINE
  5
66E
330
2
100
AcDbEntity
  8
Координатные кресты
  6
Continuous
100
AcDbLine
 10
-3952.5
 20
6350.0
 30
0.0
 11
-3947.5
 21
6350.0
 31
0.0
  0
LINE
  5
66F
330
2
100
AcDbEntity
  8
Координатные кресты
  6
Continuous
100
AcDbLine
 10
-3950.0
 20
6347.500000000001
 30
0.0
 11
-3950.0
 21
6352.500000000001
 31
0.0
  0
LINE
  5
670
330
2
100
AcDbEntity
  8
Координатные кресты
  6
Continuous
100
AcDbLine
 10
-3952.5
 20
6400.0
 30
0.0
 11
-3947.5
 21
6400.0
 31
0.0
  0
LINE
  5
671
330
2
100
AcDbEntity
  8
Координатные кресты
  6
Continuous
100
AcDbLine
 10
-3950.0
 20
6397.500000000001
 30
0.0
 11
-3950.0
 21
6402.500000000001
 31
0.0
  0
LINE
  5
672
330
2
100
AcDbEntity
  8
Координатные кресты
  6
Continuous
100
AcDbLine
 10
-3952.5
 20
6450.0
 30
0.0
 11
-3947.5
 21
6450.0
 31
0.0
  0
LINE
  5
673
330
2
100
AcDbEntity
  8
Координатные кресты
  6
Continuous
100
AcDbLine
 10
-3950.0
 20
6447.500000000001
 30
0.0
 11
-3950.0
 21
6452.500000000001
 31
0.0
  0
LINE
  5
674
330
2
100
AcDbEntity
  8
Координатные кресты
  6
Continuous
100
AcDbLine
 10
-3902.5
 20
6250.0
 30
0.0
 11
-3897.5
 21
6250.0
 31
0.0
  0
LINE
  5
675
330
2
100
AcDbEntity
  8
Координатные кресты
  6
Continuous
100
AcDbLine
 10
-3900.0
 20
6247.500000000001
 30
0.0
 11
-3900.0
 21
6252.500000000001
 31
0.0
  0
LINE
  5
676
330
2
100
AcDbEntity
  8
Координатные кресты
  6
Continuous
100
AcDbLine
 10
-3902.5
 20
6300.0
 30
0.0
 11
-3897.5
 21
6300.0
 31
0.0
  0
LINE
  5
677
330
2
100
AcDbEntity
  8
Координатные кресты
  6
Continuous
100
AcDbLine
 10
-3900.0
 20
6297.500000000001
 30
0.0
 11
-3900.0
 21
6302.500000000001
 31
0.0
  0
LINE
  5
678
330
2
100
AcDbEntity
  8
Координатные кресты
  6
Continuous
100
AcDbLine
 10
-3902.5
 20
6350.0
 30
0.0
 11
-3897.5
 21
6350.0
 31
0.0
  0
LINE
  5
679
330
2
100
AcDbEntity
  8
Координатные кресты
  6
Continuous
100
AcDbLine
 10
-3900.0
 20
6347.500000000001
 30
0.0
 11
-3900.0
 21
6352.500000000001
 31
0.0
  0
LINE
  5
67A
330
2
100
AcDbEntity
  8
Координатные кресты
  6
Continuous
100
AcDbLine
 10
-3902.5
 20
6400.0
 30
0.0
 11
-3897.5
 21
6400.0
 31
0.0
  0
LINE
  5
67B
330
2
100
AcDbEntity
  8
Координатные кресты
  6
Continuous
100
AcDbLine
 10
-3900.0
 20
6397.500000000001
 30
0.0
 11
-3900.0
 21
6402.500000000001
 31
0.0
  0
LINE
  5
67C
330
2
100
AcDbEntity
  8
Координатные кресты
  6
Continuous
100
AcDbLine
 10
-3902.5
 20
6450.0
 30
0.0
 11
-3897.5
 21
6450.0
 31
0.0
  0
LINE
  5
67D
330
2
100
AcDbEntity
  8
Координатные кресты
  6
Continuous
100
AcDbLine
 10
-3900.0
 20
6447.500000000001
 30
0.0
 11
-3900.0
 21
6452.500000000001
 31
0.0
  0
LINE
  5
67E
330
2
100
AcDbEntity
  8
Координатные кресты
  6
Continuous
100
AcDbLine
 10
-3852.5
 20
6250.0
 30
0.0
 11
-3847.5
 21
6250.0
 31
0.0
  0
LINE
  5
67F
330
2
100
AcDbEntity
  8
Координатные кресты
  6
Continuous
100
AcDbLine
 10
-3850.0
 20
6247.500000000001
 30
0.0
 11
-3850.0
 21
6252.500000000001
 31
0.0
  0
LINE
  5
680
330
2
100
AcDbEntity
  8
Координатные кресты
  6
Continuous
100
AcDbLine
 10
-3852.5
 20
6300.0
 30
0.0
 11
-3847.5
 21
6300.0
 31
0.0
  0
LINE
  5
681
330
2
100
AcDbEntity
  8
Координатные кресты
  6
Continuous
100
AcDbLine
 10
-3850.0
 20
6297.500000000001
 30
0.0
 11
-3850.0
 21
6302.500000000001
 31
0.0
  0
LINE
  5
682
330
2
100
AcDbEntity
  8
Координатные кресты
  6
Continuous
100
AcDbLine
 10
-3852.5
 20
6350.0
 30
0.0
 11
-3847.5
 21
6350.0
 31
0.0
  0
LINE
  5
683
330
2
100
AcDbEntity
  8
Координатные кресты
  6
Continuous
100
AcDbLine
 10
-3850.0
 20
6347.500000000001
 30
0.0
 11
-3850.0
 21
6352.500000000001
 31
0.0
  0
LINE
  5
684
330
2
100
AcDbEntity
  8
Координатные кресты
  6
Continuous
100
AcDbLine
 10
-3852.5
 20
6400.0
 30
0.0
 11
-3847.5
 21
6400.0
 31
0.0
  0
LINE
  5
685
330
2
100
AcDbEntity
  8
Координатные кресты
  6
Continuous
100
AcDbLine
 10
-3850.0
 20
6397.500000000001
 30
0.0
 11
-3850.0
 21
6402.500000000001
 31
0.0
  0
LINE
  5
686
330
2
100
AcDbEntity
  8
Координатные кресты
  6
Continuous
100
AcDbLine
 10
-3852.5
 20
6450.0
 30
0.0
 11
-3847.5
 21
6450.0
 31
0.0
  0
LINE
  5
687
330
2
100
AcDbEntity
  8
Координатные кресты
  6
Continuous
100
AcDbLine
 10
-3850.0
 20
6447.500000000001
 30
0.0
 11
-3850.0
 21
6452.500000000001
 31
0.0
  0
LINE
  5
688
330
2
100
AcDbEntity
  8
Координатные кресты
  6
Continuous
100
AcDbLine
 10
-3802.5
 20
6250.0
 30
0.0
 11
-3797.5
 21
6250.0
 31
0.0
  0
LINE
  5
689
330
2
100
AcDbEntity
  8
Координатные кресты
  6
Continuous
100
AcDbLine
 10
-3800.0
 20
6247.500000000001
 30
0.0
 11
-3800.0
 21
6252.500000000001
 31
0.0
  0
LINE
  5
68A
330
2
100
AcDbEntity
  8
Координатные кресты
  6
Continuous
100
AcDbLine
 10
-3802.5
 20
6300.0
 30
0.0
 11
-3797.5
 21
6300.0
 31
0.0
  0
LINE
  5
68B
330
2
100
AcDbEntity
  8
Координатные кресты
  6
Continuous
100
AcDbLine
 10
-3800.0
 20
6297.500000000001
 30
0.0
 11
-3800.0
 21
6302.500000000001
 31
0.0
  0
LINE
  5
68C
330
2
100
AcDbEntity
  8
Координатные кресты
  6
Continuous
100
AcDbLine
 10
-3802.5
 20
6350.0
 30
0.0
 11
-3797.5
 21
6350.0
 31
0.0
  0
LINE
  5
68D
330
2
100
AcDbEntity
  8
Координатные кресты
  6
Continuous
100
AcDbLine
 10
-3800.0
 20
6347.500000000001
 30
0.0
 11
-3800.0
 21
6352.500000000001
 31
0.0
  0
LINE
  5
68E
330
2
100
AcDbEntity
  8
Координатные кресты
  6
Continuous
100
AcDbLine
 10
-3802.5
 20
6400.0
 30
0.0
 11
-3797.5
 21
6400.0
 31
0.0
  0
LINE
  5
68F
330
2
100
AcDbEntity
  8
Координатные кресты
  6
Continuous
100
AcDbLine
 10
-3800.0
 20
6397.500000000001
 30
0.0
 11
-3800.0
 21
6402.500000000001
 31
0.0
  0
LINE
  5
690
330
2
100
AcDbEntity
  8
Координатные кресты
  6
Continuous
100
AcDbLine
 10
-3802.5
 20
6450.0
 30
0.0
 11
-3797.5
 21
6450.0
 31
0.0
  0
LINE
  5
691
330
2
100
AcDbEntity
  8
Координатные кресты
  6
Continuous
100
AcDbLine
 10
-3800.0
 20
6447.500000000001
 30
0.0
 11
-3800.0
 21
6452.500000000001
 31
0.0
  0
LINE
  5
692
330
2
100
AcDbEntity
  8
Координатные кресты
  6
Continuous
100
AcDbLine
 10
-3752.5
 20
6250.0
 30
0.0
 11
-3747.5
 21
6250.0
 31
0.0
  0
LINE
  5
693
330
2
100
AcDbEntity
  8
Координатные кресты
  6
Continuous
100
AcDbLine
 10
-3750.0
 20
6247.500000000001
 30
0.0
 11
-3750.0
 21
6252.500000000001
 31
0.0
  0
LINE
  5
694
330
2
100
AcDbEntity
  8
Координатные кресты
  6
Continuous
100
AcDbLine
 10
-3752.5
 20
6300.0
 30
0.0
 11
-3747.5
 21
6300.0
 31
0.0
  0
LINE
  5
695
330
2
100
AcDbEntity
  8
Координатные кресты
  6
Continuous
100
AcDbLine
 10
-3750.0
 20
6297.500000000001
 30
0.0
 11
-3750.0
 21
6302.500000000001
 31
0.0
  0
LINE
  5
696
330
2
100
AcDbEntity
  8
Координатные кресты
  6
Continuous
100
AcDbLine
 10
-3752.5
 20
6350.0
 30
0.0
 11
-3747.5
 21
6350.0
 31
0.0
  0
LINE
  5
697
330
2
100
AcDbEntity
  8
Координатные кресты
  6
Continuous
100
AcDbLine
 10
-3750.0
 20
6347.500000000001
 30
0.0
 11
-3750.0
 21
6352.500000000001
 31
0.0
  0
LINE
  5
698
330
2
100
AcDbEntity
  8
Координатные кресты
  6
Continuous
100
AcDbLine
 10
-3752.5
 20
6400.0
 30
0.0
 11
-3747.5
 21
6400.0
 31
0.0
  0
LINE
  5
699
330
2
100
AcDbEntity
  8
Координатные кресты
  6
Continuous
100
AcDbLine
 10
-3750.0
 20
6397.500000000001
 30
0.0
 11
-3750.0
 21
6402.500000000001
 31
0.0
  0
LINE
  5
69A
330
2
100
AcDbEntity
  8
Координатные кресты
  6
Continuous
100
AcDbLine
 10
-3752.5
 20
6450.0
 30
0.0
 11
-3747.5
 21
6450.0
 31
0.0
  0
LINE
  5
69B
330
2
100
AcDbEntity
  8
Координатные кресты
  6
Continuous
100
AcDbLine
 10
-3750.0
 20
6447.500000000001
 30
0.0
 11
-3750.0
 21
6452.500000000001
 31
0.0
  0
LINE
  5
69C
330
2
100
AcDbEntity
  8
Координатные кресты
  6
Continuous
100
AcDbLine
 10
-4002.5
 20
6000.0
 30
0.0
 11
-3997.5
 21
6000.0
 31
0.0
  0
LINE
  5
69D
330
2
100
AcDbEntity
  8
Координатные кресты
  6
Continuous
100
AcDbLine
 10
-4000.0
 20
5997.500000000001
 30
0.0
 11
-4000.0
 21
6002.500000000001
 31
0.0
  0
LINE
  5
69E
330
2
100
AcDbEntity
  8
Координатные кресты
  6
Continuous
100
AcDbLine
 10
-4002.5
 20
6050.0
 30
0.0
 11
-3997.5
 21
6050.0
 31
0.0
  0
LINE
  5
69F
330
2
100
AcDbEntity
  8
Координатные кресты
  6
Continuous
100
AcDbLine
 10
-4000.0
 20
6047.500000000001
 30
0.0
 11
-4000.0
 21
6052.500000000001
 31
0.0
  0
LINE
  5
6A0
330
2
100
AcDbEntity
  8
Координатные кресты
  6
Continuous
100
AcDbLine
 10
-4002.5
 20
6100.0
 30
0.0
 11
-3997.5
 21
6100.0
 31
0.0
  0
LINE
  5
6A1
330
2
100
AcDbEntity
  8
Координатные кресты
  6
Continuous
100
AcDbLine
 10
-4000.0
 20
6097.500000000001
 30
0.0
 11
-4000.0
 21
6102.500000000001
 31
0.0
  0
LINE
  5
6A2
330
2
100
AcDbEntity
  8
Координатные кресты
  6
Continuous
100
AcDbLine
 10
-4002.5
 20
6150.0
 30
0.0
 11
-3997.5
 21
6150.0
 31
0.0
  0
LINE
  5
6A3
330
2
100
AcDbEntity
  8
Координатные кресты
  6
Continuous
100
AcDbLine
 10
-4000.0
 20
6147.500000000001
 30
0.0
 11
-4000.0
 21
6152.500000000001
 31
0.0
  0
LINE
  5
6A4
330
2
100
AcDbEntity
  8
Координатные кресты
  6
Continuous
100
AcDbLine
 10
-4002.5
 20
6200.0
 30
0.0
 11
-3997.5
 21
6200.0
 31
0.0
  0
LINE
  5
6A5
330
2
100
AcDbEntity
  8
Координатные кресты
  6
Continuous
100
AcDbLine
 10
-4000.0
 20
6197.500000000001
 30
0.0
 11
-4000.0
 21
6202.500000000001
 31
0.0
  0
LINE
  5
6A6
330
2
100
AcDbEntity
  8
Координатные кресты
  6
Continuous
100
AcDbLine
 10
-3952.5
 20
6000.0
 30
0.0
 11
-3947.5
 21
6000.0
 31
0.0
  0
LINE
  5
6A7
330
2
100
AcDbEntity
  8
Координатные кресты
  6
Continuous
100
AcDbLine
 10
-3950.0
 20
5997.500000000001
 30
0.0
 11
-3950.0
 21
6002.500000000001
 31
0.0
  0
LINE
  5
6A8
330
2
100
AcDbEntity
  8
Координатные кресты
  6
Continuous
100
AcDbLine
 10
-3952.5
 20
6050.0
 30
0.0
 11
-3947.5
 21
6050.0
 31
0.0
  0
LINE
  5
6A9
330
2
100
AcDbEntity
  8
Координатные кресты
  6
Continuous
100
AcDbLine
 10
-3950.0
 20
6047.500000000001
 30
0.0
 11
-3950.0
 21
6052.500000000001
 31
0.0
  0
LINE
  5
6AA
330
2
100
AcDbEntity
  8
Координатные кресты
  6
Continuous
100
AcDbLine
 10
-3952.5
 20
6100.0
 30
0.0
 11
-3947.5
 21
6100.0
 31
0.0
  0
LINE
  5
6AB
330
2
100
AcDbEntity
  8
Координатные кресты
  6
Continuous
100
AcDbLine
 10
-3950.0
 20
6097.500000000001
 30
0.0
 11
-3950.0
 21
6102.500000000001
 31
0.0
  0
LINE
  5
6AC
330
2
100
AcDbEntity
  8
Координатные кресты
  6
Continuous
100
AcDbLine
 10
-3952.5
 20
6150.0
 30
0.0
 11
-3947.5
 21
6150.0
 31
0.0
  0
LINE
  5
6AD
330
2
100
AcDbEntity
  8
Координатные кресты
  6
Continuous
100
AcDbLine
 10
-3950.0
 20
6147.500000000001
 30
0.0
 11
-3950.0
 21
6152.500000000001
 31
0.0
  0
LINE
  5
6AE
330
2
100
AcDbEntity
  8
Координатные кресты
  6
Continuous
100
AcDbLine
 10
-3952.5
 20
6200.0
 30
0.0
 11
-3947.5
 21
6200.0
 31
0.0
  0
LINE
  5
6AF
330
2
100
AcDbEntity
  8
Координатные кресты
  6
Continuous
100
AcDbLine
 10
-3950.0
 20
6197.500000000001
 30
0.0
 11
-3950.0
 21
6202.500000000001
 31
0.0
  0
LINE
  5
6B0
330
2
100
AcDbEntity
  8
Координатные кресты
  6
Continuous
100
AcDbLine
 10
-3902.5
 20
6000.0
 30
0.0
 11
-3897.5
 21
6000.0
 31
0.0
  0
LINE
  5
6B1
330
2
100
AcDbEntity
  8
Координатные кресты
  6
Continuous
100
AcDbLine
 10
-3900.0
 20
5997.500000000001
 30
0.0
 11
-3900.0
 21
6002.500000000001
 31
0.0
  0
LINE
  5
6B2
330
2
100
AcDbEntity
  8
Координатные кресты
  6
Continuous
100
AcDbLine
 10
-3902.5
 20
6050.0
 30
0.0
 11
-3897.5
 21
6050.0
 31
0.0
  0
LINE
  5
6B3
330
2
100
AcDbEntity
  8
Координатные кресты
  6
Continuous
100
AcDbLine
 10
-3900.0
 20
6047.500000000001
 30
0.0
 11
-3900.0
 21
6052.500000000001
 31
0.0
  0
LINE
  5
6B4
330
2
100
AcDbEntity
  8
Координатные кресты
  6
Continuous
100
AcDbLine
 10
-3902.5
 20
6100.0
 30
0.0
 11
-3897.5
 21
6100.0
 31
0.0
  0
LINE
  5
6B5
330
2
100
AcDbEntity
  8
Координатные кресты
  6
Continuous
100
AcDbLine
 10
-3900.0
 20
6097.500000000001
 30
0.0
 11
-3900.0
 21
6102.500000000001
 31
0.0
  0
LINE
  5
6B6
330
2
100
AcDbEntity
  8
Координатные кресты
  6
Continuous
100
AcDbLine
 10
-3902.5
 20
6150.0
 30
0.0
 11
-3897.5
 21
6150.0
 31
0.0
  0
LINE
  5
6B7
330
2
100
AcDbEntity
  8
Координатные кресты
  6
Continuous
100
AcDbLine
 10
-3900.0
 20
6147.500000000001
 30
0.0
 11
-3900.0
 21
6152.500000000001
 31
0.0
  0
LINE
  5
6B8
330
2
100
AcDbEntity
  8
Координатные кресты
  6
Continuous
100
AcDbLine
 10
-3902.5
 20
6200.0
 30
0.0
 11
-3897.5
 21
6200.0
 31
0.0
  0
LINE
  5
6B9
330
2
100
AcDbEntity
  8
Координатные кресты
  6
Continuous
100
AcDbLine
 10
-3900.0
 20
6197.500000000001
 30
0.0
 11
-3900.0
 21
6202.500000000001
 31
0.0
  0
LINE
  5
6BA
330
2
100
AcDbEntity
  8
Координатные кресты
  6
Continuous
100
AcDbLine
 10
-3852.5
 20
6000.0
 30
0.0
 11
-3847.5
 21
6000.0
 31
0.0
  0
LINE
  5
6BB
330
2
100
AcDbEntity
  8
Координатные кресты
  6
Continuous
100
AcDbLine
 10
-3850.0
 20
5997.500000000001
 30
0.0
 11
-3850.0
 21
6002.500000000001
 31
0.0
  0
LINE
  5
6BC
330
2
100
AcDbEntity
  8
Координатные кресты
  6
Continuous
100
AcDbLine
 10
-3852.5
 20
6050.0
 30
0.0
 11
-3847.5
 21
6050.0
 31
0.0
  0
LINE
  5
6BD
330
2
100
AcDbEntity
  8
Координатные кресты
  6
Continuous
100
AcDbLine
 10
-3850.0
 20
6047.500000000001
 30
0.0
 11
-3850.0
 21
6052.500000000001
 31
0.0
  0
LINE
  5
6BE
330
2
100
AcDbEntity
  8
Координатные кресты
  6
Continuous
100
AcDbLine
 10
-3852.5
 20
6100.0
 30
0.0
 11
-3847.5
 21
6100.0
 31
0.0
  0
LINE
  5
6BF
330
2
100
AcDbEntity
  8
Координатные кресты
  6
Continuous
100
AcDbLine
 10
-3850.0
 20
6097.500000000001
 30
0.0
 11
-3850.0
 21
6102.500000000001
 31
0.0
  0
LINE
  5
6C0
330
2
100
AcDbEntity
  8
Координатные кресты
  6
Continuous
100
AcDbLine
 10
-3852.5
 20
6150.0
 30
0.0
 11
-3847.5
 21
6150.0
 31
0.0
  0
LINE
  5
6C1
330
2
100
AcDbEntity
  8
Координатные кресты
  6
Continuous
100
AcDbLine
 10
-3850.0
 20
6147.500000000001
 30
0.0
 11
-3850.0
 21
6152.500000000001
 31
0.0
  0
LINE
  5
6C2
330
2
100
AcDbEntity
  8
Координатные кресты
  6
Continuous
100
AcDbLine
 10
-3852.5
 20
6200.0
 30
0.0
 11
-3847.5
 21
6200.0
 31
0.0
  0
LINE
  5
6C3
330
2
100
AcDbEntity
  8
Координатные кресты
  6
Continuous
100
AcDbLine
 10
-3850.0
 20
6197.500000000001
 30
0.0
 11
-3850.0
 21
6202.500000000001
 31
0.0
  0
LINE
  5
6C4
330
2
100
AcDbEntity
  8
Координатные кресты
  6
Continuous
100
AcDbLine
 10
-3802.5
 20
6000.0
 30
0.0
 11
-3797.5
 21
6000.0
 31
0.0
  0
LINE
  5
6C5
330
2
100
AcDbEntity
  8
Координатные кресты
  6
Continuous
100
AcDbLine
 10
-3800.0
 20
5997.500000000001
 30
0.0
 11
-3800.0
 21
6002.500000000001
 31
0.0
  0
LINE
  5
6C6
330
2
100
AcDbEntity
  8
Координатные кресты
  6
Continuous
100
AcDbLine
 10
-3802.5
 20
6050.0
 30
0.0
 11
-3797.5
 21
6050.0
 31
0.0
  0
LINE
  5
6C7
330
2
100
AcDbEntity
  8
Координатные кресты
  6
Continuous
100
AcDbLine
 10
-3800.0
 20
6047.500000000001
 30
0.0
 11
-3800.0
 21
6052.500000000001
 31
0.0
  0
LINE
  5
6C8
330
2
100
AcDbEntity
  8
Координатные кресты
  6
Continuous
100
AcDbLine
 10
-3802.5
 20
6100.0
 30
0.0
 11
-3797.5
 21
6100.0
 31
0.0
  0
LINE
  5
6C9
330
2
100
AcDbEntity
  8
Координатные кресты
  6
Continuous
100
AcDbLine
 10
-3800.0
 20
6097.500000000001
 30
0.0
 11
-3800.0
 21
6102.500000000001
 31
0.0
  0
LINE
  5
6CA
330
2
100
AcDbEntity
  8
Координатные кресты
  6
Continuous
100
AcDbLine
 10
-3802.5
 20
6150.0
 30
0.0
 11
-3797.5
 21
6150.0
 31
0.0
  0
LINE
  5
6CB
330
2
100
AcDbEntity
  8
Координатные кресты
  6
Continuous
100
AcDbLine
 10
-3800.0
 20
6147.500000000001
 30
0.0
 11
-3800.0
 21
6152.500000000001
 31
0.0
  0
LINE
  5
6CC
330
2
100
AcDbEntity
  8
Координатные кресты
  6
Continuous
100
AcDbLine
 10
-3802.5
 20
6200.0
 30
0.0
 11
-3797.5
 21
6200.0
 31
0.0
  0
LINE
  5
6CD
330
2
100
AcDbEntity
  8
Координатные кресты
  6
Continuous
100
AcDbLine
 10
-3800.0
 20
6197.500000000001
 30
0.0
 11
-3800.0
 21
6202.500000000001
 31
0.0
  0
LINE
  5
6CE
330
2
100
AcDbEntity
  8
Координатные кресты
  6
Continuous
100
AcDbLine
 10
-3752.5
 20
6000.0
 30
0.0
 11
-3747.5
 21
6000.0
 31
0.0
  0
LINE
  5
6CF
330
2
100
AcDbEntity
  8
Координатные кресты
  6
Continuous
100
AcDbLine
 10
-3750.0
 20
5997.500000000001
 30
0.0
 11
-3750.0
 21
6002.500000000001
 31
0.0
  0
LINE
  5
6D0
330
2
100
AcDbEntity
  8
Координатные кресты
  6
Continuous
100
AcDbLine
 10
-3752.5
 20
6050.0
 30
0.0
 11
-3747.5
 21
6050.0
 31
0.0
  0
LINE
  5
6D1
330
2
100
AcDbEntity
  8
Координатные кресты
  6
Continuous
100
AcDbLine
 10
-3750.0
 20
6047.500000000001
 30
0.0
 11
-3750.0
 21
6052.500000000001
 31
0.0
  0
LINE
  5
6D2
330
2
100
AcDbEntity
  8
Координатные кресты
  6
Continuous
100
AcDbLine
 10
-3752.5
 20
6100.0
 30
0.0
 11
-3747.5
 21
6100.0
 31
0.0
  0
LINE
  5
6D3
330
2
100
AcDbEntity
  8
Координатные кресты
  6
Continuous
100
AcDbLine
 10
-3750.0
 20
6097.500000000001
 30
0.0
 11
-3750.0
 21
6102.500000000001
 31
0.0
  0
LINE
  5
6D4
330
2
100
AcDbEntity
  8
Координатные кресты
  6
Continuous
100
AcDbLine
 10
-3752.5
 20
6150.0
 30
0.0
 11
-3747.5
 21
6150.0
 31
0.0
  0
LINE
  5
6D5
330
2
100
AcDbEntity
  8
Координатные кресты
  6
Continuous
100
AcDbLine
 10
-3750.0
 20
6147.500000000001
 30
0.0
 11
-3750.0
 21
6152.500000000001
 31
0.0
  0
LINE
  5
6D6
330
2
100
AcDbEntity
  8
Координатные кресты
  6
Continuous
100
AcDbLine
 10
-3752.5
 20
6200.0
 30
0.0
 11
-3747.5
 21
6200.0
 31
0.0
  0
LINE
  5
6D7
330
2
100
AcDbEntity
  8
Координатные кресты
  6
Continuous
100
AcDbLine
 10
-3750.0
 20
6197.500000000001
 30
0.0
 11
-3750.0
 21
6202.500000000001
 31
0.0
  0
LINE
  5
6D8
330
2
100
AcDbEntity
  8
Координатные кресты
  6
Continuous
100
AcDbLine
 10
-3952.5
 20
5750.0
 30
0.0
 11
-3947.5
 21
5750.0
 31
0.0
  0
LINE
  5
6D9
330
2
100
AcDbEntity
  8
Координатные кресты
  6
Continuous
100
AcDbLine
 10
-3950.0
 20
5747.500000000001
 30
0.0
 11
-3950.0
 21
5752.500000000001
 31
0.0
  0
LINE
  5
6DA
330
2
100
AcDbEntity
  8
Координатные кресты
  6
Continuous
100
AcDbLine
 10
-3952.5
 20
5800.0
 30
0.0
 11
-3947.5
 21
5800.0
 31
0.0
  0
LINE
  5
6DB
330
2
100
AcDbEntity
  8
Координатные кресты
  6
Continuous
100
AcDbLine
 10
-3950.0
 20
5797.500000000001
 30
0.0
 11
-3950.0
 21
5802.500000000001
 31
0.0
  0
LINE
  5
6DC
330
2
100
AcDbEntity
  8
Координатные кресты
  6
Continuous
100
AcDbLine
 10
-3952.5
 20
5850.0
 30
0.0
 11
-3947.5
 21
5850.0
 31
0.0
  0
LINE
  5
6DD
330
2
100
AcDbEntity
  8
Координатные кресты
  6
Continuous
100
AcDbLine
 10
-3950.0
 20
5847.500000000001
 30
0.0
 11
-3950.0
 21
5852.500000000001
 31
0.0
  0
LINE
  5
6DE
330
2
100
AcDbEntity
  8
Координатные кресты
  6
Continuous
100
AcDbLine
 10
-3952.5
 20
5900.0
 30
0.0
 11
-3947.5
 21
5900.0
 31
0.0
  0
LINE
  5
6DF
330
2
100
AcDbEntity
  8
Координатные кресты
  6
Continuous
100
AcDbLine
 10
-3950.0
 20
5897.500000000001
 30
0.0
 11
-3950.0
 21
5902.500000000001
 31
0.0
  0
LINE
  5
6E0
330
2
100
AcDbEntity
  8
Координатные кресты
  6
Continuous
100
AcDbLine
 10
-3952.5
 20
5950.0
 30
0.0
 11
-3947.5
 21
5950.0
 31
0.0
  0
LINE
  5
6E1
330
2
100
AcDbEntity
  8
Координатные кресты
  6
Continuous
100
AcDbLine
 10
-3950.0
 20
5947.500000000001
 30
0.0
 11
-3950.0
 21
5952.500000000001
 31
0.0
  0
LINE
  5
6E2
330
2
100
AcDbEntity
  8
Координатные кресты
  6
Continuous
100
AcDbLine
 10
-3902.5
 20
5750.0
 30
0.0
 11
-3897.5
 21
5750.0
 31
0.0
  0
LINE
  5
6E3
330
2
100
AcDbEntity
  8
Координатные кресты
  6
Continuous
100
AcDbLine
 10
-3900.0
 20
5747.500000000001
 30
0.0
 11
-3900.0
 21
5752.500000000001
 31
0.0
  0
LINE
  5
6E4
330
2
100
AcDbEntity
  8
Координатные кресты
  6
Continuous
100
AcDbLine
 10
-3902.5
 20
5800.0
 30
0.0
 11
-3897.5
 21
5800.0
 31
0.0
  0
LINE
  5
6E5
330
2
100
AcDbEntity
  8
Координатные кресты
  6
Continuous
100
AcDbLine
 10
-3900.0
 20
5797.500000000001
 30
0.0
 11
-3900.0
 21
5802.500000000001
 31
0.0
  0
LINE
  5
6E6
330
2
100
AcDbEntity
  8
Координатные кресты
  6
Continuous
100
AcDbLine
 10
-3902.5
 20
5850.0
 30
0.0
 11
-3897.5
 21
5850.0
 31
0.0
  0
LINE
  5
6E7
330
2
100
AcDbEntity
  8
Координатные кресты
  6
Continuous
100
AcDbLine
 10
-3900.0
 20
5847.500000000001
 30
0.0
 11
-3900.0
 21
5852.500000000001
 31
0.0
  0
LINE
  5
6E8
330
2
100
AcDbEntity
  8
Координатные кресты
  6
Continuous
100
AcDbLine
 10
-3902.5
 20
5900.0
 30
0.0
 11
-3897.5
 21
5900.0
 31
0.0
  0
LINE
  5
6E9
330
2
100
AcDbEntity
  8
Координатные кресты
  6
Continuous
100
AcDbLine
 10
-3900.0
 20
5897.500000000001
 30
0.0
 11
-3900.0
 21
5902.500000000001
 31
0.0
  0
LINE
  5
6EA
330
2
100
AcDbEntity
  8
Координатные кресты
  6
Continuous
100
AcDbLine
 10
-3902.5
 20
5950.0
 30
0.0
 11
-3897.5
 21
5950.0
 31
0.0
  0
LINE
  5
6EB
330
2
100
AcDbEntity
  8
Координатные кресты
  6
Continuous
100
AcDbLine
 10
-3900.0
 20
5947.500000000001
 30
0.0
 11
-3900.0
 21
5952.500000000001
 31
0.0
  0
LINE
  5
6EC
330
2
100
AcDbEntity
  8
Координатные кресты
  6
Continuous
100
AcDbLine
 10
-3852.5
 20
5750.0
 30
0.0
 11
-3847.5
 21
5750.0
 31
0.0
  0
LINE
  5
6ED
330
2
100
AcDbEntity
  8
Координатные кресты
  6
Continuous
100
AcDbLine
 10
-3850.0
 20
5747.500000000001
 30
0.0
 11
-3850.0
 21
5752.500000000001
 31
0.0
  0
LINE
  5
6EE
330
2
100
AcDbEntity
  8
Координатные кресты
  6
Continuous
100
AcDbLine
 10
-3852.5
 20
5800.0
 30
0.0
 11
-3847.5
 21
5800.0
 31
0.0
  0
LINE
  5
6EF
330
2
100
AcDbEntity
  8
Координатные кресты
  6
Continuous
100
AcDbLine
 10
-3850.0
 20
5797.500000000001
 30
0.0
 11
-3850.0
 21
5802.500000000001
 31
0.0
  0
LINE
  5
6F0
330
2
100
AcDbEntity
  8
Координатные кресты
  6
Continuous
100
AcDbLine
 10
-3852.5
 20
5850.0
 30
0.0
 11
-3847.5
 21
5850.0
 31
0.0
  0
LINE
  5
6F1
330
2
100
AcDbEntity
  8
Координатные кресты
  6
Continuous
100
AcDbLine
 10
-3850.0
 20
5847.500000000001
 30
0.0
 11
-3850.0
 21
5852.500000000001
 31
0.0
  0
LINE
  5
6F2
330
2
100
AcDbEntity
  8
Координатные кресты
  6
Continuous
100
AcDbLine
 10
-3852.5
 20
5900.0
 30
0.0
 11
-3847.5
 21
5900.0
 31
0.0
  0
LINE
  5
6F3
330
2
100
AcDbEntity
  8
Координатные кресты
  6
Continuous
100
AcDbLine
 10
-3850.0
 20
5897.500000000001
 30
0.0
 11
-3850.0
 21
5902.500000000001
 31
0.0
  0
LINE
  5
6F4
330
2
100
AcDbEntity
  8
Координатные кресты
  6
Continuous
100
AcDbLine
 10
-3852.5
 20
5950.0
 30
0.0
 11
-3847.5
 21
5950.0
 31
0.0
  0
LINE
  5
6F5
330
2
100
AcDbEntity
  8
Координатные кресты
  6
Continuous
100
AcDbLine
 10
-3850.0
 20
5947.500000000001
 30
0.0
 11
-3850.0
 21
5952.500000000001
 31
0.0
  0
LINE
  5
6F6
330
2
100
AcDbEntity
  8
Координатные кресты
  6
Continuous
100
AcDbLine
 10
-3802.5
 20
5750.0
 30
0.0
 11
-3797.5
 21
5750.0
 31
0.0
  0
LINE
  5
6F7
330
2
100
AcDbEntity
  8
Координатные кресты
  6
Continuous
100
AcDbLine
 10
-3800.0
 20
5747.500000000001
 30
0.0
 11
-3800.0
 21
5752.500000000001
 31
0.0
  0
LINE
  5
6F8
330
2
100
AcDbEntity
  8
Координатные кресты
  6
Continuous
100
AcDbLine
 10
-3802.5
 20
5800.0
 30
0.0
 11
-3797.5
 21
5800.0
 31
0.0
  0
LINE
  5
6F9
330
2
100
AcDbEntity
  8
Координатные кресты
  6
Continuous
100
AcDbLine
 10
-3800.0
 20
5797.500000000001
 30
0.0
 11
-3800.0
 21
5802.500000000001
 31
0.0
  0
LINE
  5
6FA
330
2
100
AcDbEntity
  8
Координатные кресты
  6
Continuous
100
AcDbLine
 10
-3802.5
 20
5850.0
 30
0.0
 11
-3797.5
 21
5850.0
 31
0.0
  0
LINE
  5
6FB
330
2
100
AcDbEntity
  8
Координатные кресты
  6
Continuous
100
AcDbLine
 10
-3800.0
 20
5847.500000000001
 30
0.0
 11
-3800.0
 21
5852.500000000001
 31
0.0
  0
LINE
  5
6FC
330
2
100
AcDbEntity
  8
Координатные кресты
  6
Continuous
100
AcDbLine
 10
-3802.5
 20
5900.0
 30
0.0
 11
-3797.5
 21
5900.0
 31
0.0
  0
LINE
  5
6FD
330
2
100
AcDbEntity
  8
Координатные кресты
  6
Continuous
100
AcDbLine
 10
-3800.0
 20
5897.500000000001
 30
0.0
 11
-3800.0
 21
5902.500000000001
 31
0.0
  0
LINE
  5
6FE
330
2
100
AcDbEntity
  8
Координатные кресты
  6
Continuous
100
AcDbLine
 10
-3802.5
 20
5950.0
 30
0.0
 11
-3797.5
 21
5950.0
 31
0.0
  0
LINE
  5
6FF
330
2
100
AcDbEntity
  8
Координатные кресты
  6
Continuous
100
AcDbLine
 10
-3800.0
 20
5947.500000000001
 30
0.0
 11
-3800.0
 21
5952.500000000001
 31
0.0
  0
LINE
  5
700
330
2
100
AcDbEntity
  8
Координатные кресты
  6
Continuous
100
AcDbLine
 10
-3752.5
 20
5750.0
 30
0.0
 11
-3747.5
 21
5750.0
 31
0.0
  0
LINE
  5
701
330
2
100
AcDbEntity
  8
Координатные кресты
  6
Continuous
100
AcDbLine
 10
-3750.0
 20
5747.500000000001
 30
0.0
 11
-3750.0
 21
5752.500000000001
 31
0.0
  0
LINE
  5
702
330
2
100
AcDbEntity
  8
Координатные кресты
  6
Continuous
100
AcDbLine
 10
-3752.5
 20
5800.0
 30
0.0
 11
-3747.5
 21
5800.0
 31
0.0
  0
LINE
  5
703
330
2
100
AcDbEntity
  8
Координатные кресты
  6
Continuous
100
AcDbLine
 10
-3750.0
 20
5797.500000000001
 30
0.0
 11
-3750.0
 21
5802.500000000001
 31
0.0
  0
LINE
  5
704
330
2
100
AcDbEntity
  8
Координатные кресты
  6
Continuous
100
AcDbLine
 10
-3752.5
 20
5850.0
 30
0.0
 11
-3747.5
 21
5850.0
 31
0.0
  0
LINE
  5
705
330
2
100
AcDbEntity
  8
Координатные кресты
  6
Continuous
100
AcDbLine
 10
-3750.0
 20
5847.500000000001
 30
0.0
 11
-3750.0
 21
5852.500000000001
 31
0.0
  0
LINE
  5
706
330
2
100
AcDbEntity
  8
Координатные кресты
  6
Continuous
100
AcDbLine
 10
-3752.5
 20
5900.0
 30
0.0
 11
-3747.5
 21
5900.0
 31
0.0
  0
LINE
  5
707
330
2
100
AcDbEntity
  8
Координатные кресты
  6
Continuous
100
AcDbLine
 10
-3750.0
 20
5897.500000000001
 30
0.0
 11
-3750.0
 21
5902.500000000001
 31
0.0
  0
LINE
  5
708
330
2
100
AcDbEntity
  8
Координатные кресты
  6
Continuous
100
AcDbLine
 10
-3752.5
 20
5950.0
 30
0.0
 11
-3747.5
 21
5950.0
 31
0.0
  0
LINE
  5
709
330
2
100
AcDbEntity
  8
Координатные кресты
  6
Continuous
100
AcDbLine
 10
-3750.0
 20
5947.500000000001
 30
0.0
 11
-3750.0
 21
5952.500000000001
 31
0.0
  0
LINE
  5
70A
330
2
100
AcDbEntity
  8
Координатные кресты
  6
Continuous
100
AcDbLine
 10
-3702.5
 20
5750.0
 30
0.0
 11
-3697.5
 21
5750.0
 31
0.0
  0
LINE
  5
70B
330
2
100
AcDbEntity
  8
Координатные кресты
  6
Continuous
100
AcDbLine
 10
-3700.0
 20
5747.500000000001
 30
0.0
 11
-3700.0
 21
5752.500000000001
 31
0.0
  0
LINE
  5
70C
330
2
100
AcDbEntity
  8
Координатные кресты
  6
Continuous
100
AcDbLine
 10
-3702.5
 20
5800.0
 30
0.0
 11
-3697.5
 21
5800.0
 31
0.0
  0
LINE
  5
70D
330
2
100
AcDbEntity
  8
Координатные кресты
  6
Continuous
100
AcDbLine
 10
-3700.0
 20
5797.500000000001
 30
0.0
 11
-3700.0
 21
5802.500000000001
 31
0.0
  0
LINE
  5
70E
330
2
100
AcDbEntity
  8
Координатные кресты
  6
Continuous
100
AcDbLine
 10
-3702.5
 20
5850.0
 30
0.0
 11
-3697.5
 21
5850.0
 31
0.0
  0
LINE
  5
70F
330
2
100
AcDbEntity
  8
Координатные кресты
  6
Continuous
100
AcDbLine
 10
-3700.0
 20
5847.500000000001
 30
0.0
 11
-3700.0
 21
5852.500000000001
 31
0.0
  0
LINE
  5
710
330
2
100
AcDbEntity
  8
Координатные кресты
  6
Continuous
100
AcDbLine
 10
-3702.5
 20
5900.0
 30
0.0
 11
-3697.5
 21
5900.0
 31
0.0
  0
LINE
  5
711
330
2
100
AcDbEntity
  8
Координатные кресты
  6
Continuous
100
AcDbLine
 10
-3700.0
 20
5897.500000000001
 30
0.0
 11
-3700.0
 21
5902.500000000001
 31
0.0
  0
LINE
  5
712
330
2
100
AcDbEntity
  8
Координатные кресты
  6
Continuous
100
AcDbLine
 10
-3702.5
 20
5950.0
 30
0.0
 11
-3697.5
 21
5950.0
 31
0.0
  0
LINE
  5
713
330
2
100
AcDbEntity
  8
Координатные кресты
  6
Continuous
100
AcDbLine
 10
-3700.0
 20
5947.500000000001
 30
0.0
 11
-3700.0
 21
5952.500000000001
 31
0.0
  0
LINE
  5
714
330
2
100
AcDbEntity
  8
Координатные кресты
  6
Continuous
100
AcDbLine
 10
-3702.5
 20
6000.0
 30
0.0
 11
-3697.5
 21
6000.0
 31
0.0
  0
LINE
  5
715
330
2
100
AcDbEntity
  8
Координатные кресты
  6
Continuous
100
AcDbLine
 10
-3700.0
 20
5997.500000000001
 30
0.0
 11
-3700.0
 21
6002.500000000001
 31
0.0
  0
LINE
  5
716
330
2
100
AcDbEntity
  8
Координатные кресты
  6
Continuous
100
AcDbLine
 10
-3952.5
 20
5500.0
 30
0.0
 11
-3947.5
 21
5500.0
 31
0.0
  0
LINE
  5
717
330
2
100
AcDbEntity
  8
Координатные кресты
  6
Continuous
100
AcDbLine
 10
-3950.0
 20
5497.500000000001
 30
0.0
 11
-3950.0
 21
5502.500000000001
 31
0.0
  0
LINE
  5
718
330
2
100
AcDbEntity
  8
Координатные кресты
  6
Continuous
100
AcDbLine
 10
-3952.5
 20
5550.0
 30
0.0
 11
-3947.5
 21
5550.0
 31
0.0
  0
LINE
  5
719
330
2
100
AcDbEntity
  8
Координатные кресты
  6
Continuous
100
AcDbLine
 10
-3950.0
 20
5547.500000000001
 30
0.0
 11
-3950.0
 21
5552.500000000001
 31
0.0
  0
LINE
  5
71A
330
2
100
AcDbEntity
  8
Координатные кресты
  6
Continuous
100
AcDbLine
 10
-3952.5
 20
5600.0
 30
0.0
 11
-3947.5
 21
5600.0
 31
0.0
  0
LINE
  5
71B
330
2
100
AcDbEntity
  8
Координатные кресты
  6
Continuous
100
AcDbLine
 10
-3950.0
 20
5597.500000000001
 30
0.0
 11
-3950.0
 21
5602.500000000001
 31
0.0
  0
LINE
  5
71C
330
2
100
AcDbEntity
  8
Координатные кресты
  6
Continuous
100
AcDbLine
 10
-3952.5
 20
5650.0
 30
0.0
 11
-3947.5
 21
5650.0
 31
0.0
  0
LINE
  5
71D
330
2
100
AcDbEntity
  8
Координатные кресты
  6
Continuous
100
AcDbLine
 10
-3950.0
 20
5647.500000000001
 30
0.0
 11
-3950.0
 21
5652.500000000001
 31
0.0
  0
LINE
  5
71E
330
2
100
AcDbEntity
  8
Координатные кресты
  6
Continuous
100
AcDbLine
 10
-3952.5
 20
5700.0
 30
0.0
 11
-3947.5
 21
5700.0
 31
0.0
  0
LINE
  5
71F
330
2
100
AcDbEntity
  8
Координатные кресты
  6
Continuous
100
AcDbLine
 10
-3950.0
 20
5697.500000000001
 30
0.0
 11
-3950.0
 21
5702.500000000001
 31
0.0
  0
LINE
  5
720
330
2
100
AcDbEntity
  8
Координатные кресты
  6
Continuous
100
AcDbLine
 10
-3902.5
 20
5500.0
 30
0.0
 11
-3897.5
 21
5500.0
 31
0.0
  0
LINE
  5
721
330
2
100
AcDbEntity
  8
Координатные кресты
  6
Continuous
100
AcDbLine
 10
-3900.0
 20
5497.500000000001
 30
0.0
 11
-3900.0
 21
5502.500000000001
 31
0.0
  0
LINE
  5
722
330
2
100
AcDbEntity
  8
Координатные кресты
  6
Continuous
100
AcDbLine
 10
-3902.5
 20
5550.0
 30
0.0
 11
-3897.5
 21
5550.0
 31
0.0
  0
LINE
  5
723
330
2
100
AcDbEntity
  8
Координатные кресты
  6
Continuous
100
AcDbLine
 10
-3900.0
 20
5547.500000000001
 30
0.0
 11
-3900.0
 21
5552.500000000001
 31
0.0
  0
LINE
  5
724
330
2
100
AcDbEntity
  8
Координатные кресты
  6
Continuous
100
AcDbLine
 10
-3902.5
 20
5600.0
 30
0.0
 11
-3897.5
 21
5600.0
 31
0.0
  0
LINE
  5
725
330
2
100
AcDbEntity
  8
Координатные кресты
  6
Continuous
100
AcDbLine
 10
-3900.0
 20
5597.500000000001
 30
0.0
 11
-3900.0
 21
5602.500000000001
 31
0.0
  0
LINE
  5
726
330
2
100
AcDbEntity
  8
Координатные кресты
  6
Continuous
100
AcDbLine
 10
-3902.5
 20
5650.0
 30
0.0
 11
-3897.5
 21
5650.0
 31
0.0
  0
LINE
  5
727
330
2
100
AcDbEntity
  8
Координатные кресты
  6
Continuous
100
AcDbLine
 10
-3900.0
 20
5647.500000000001
 30
0.0
 11
-3900.0
 21
5652.500000000001
 31
0.0
  0
LINE
  5
728
330
2
100
AcDbEntity
  8
Координатные кресты
  6
Continuous
100
AcDbLine
 10
-3902.5
 20
5700.0
 30
0.0
 11
-3897.5
 21
5700.0
 31
0.0
  0
LINE
  5
729
330
2
100
AcDbEntity
  8
Координатные кресты
  6
Continuous
100
AcDbLine
 10
-3900.0
 20
5697.500000000001
 30
0.0
 11
-3900.0
 21
5702.500000000001
 31
0.0
  0
LINE
  5
72A
330
2
100
AcDbEntity
  8
Координатные кресты
  6
Continuous
100
AcDbLine
 10
-3852.5
 20
5500.0
 30
0.0
 11
-3847.5
 21
5500.0
 31
0.0
  0
LINE
  5
72B
330
2
100
AcDbEntity
  8
Координатные кресты
  6
Continuous
100
AcDbLine
 10
-3850.0
 20
5497.500000000001
 30
0.0
 11
-3850.0
 21
5502.500000000001
 31
0.0
  0
LINE
  5
72C
330
2
100
AcDbEntity
  8
Координатные кресты
  6
Continuous
100
AcDbLine
 10
-3852.5
 20
5550.0
 30
0.0
 11
-3847.5
 21
5550.0
 31
0.0
  0
LINE
  5
72D
330
2
100
AcDbEntity
  8
Координатные кресты
  6
Continuous
100
AcDbLine
 10
-3850.0
 20
5547.500000000001
 30
0.0
 11
-3850.0
 21
5552.500000000001
 31
0.0
  0
LINE
  5
72E
330
2
100
AcDbEntity
  8
Координатные кресты
  6
Continuous
100
AcDbLine
 10
-3852.5
 20
5600.0
 30
0.0
 11
-3847.5
 21
5600.0
 31
0.0
  0
LINE
  5
72F
330
2
100
AcDbEntity
  8
Координатные кресты
  6
Continuous
100
AcDbLine
 10
-3850.0
 20
5597.500000000001
 30
0.0
 11
-3850.0
 21
5602.500000000001
 31
0.0
  0
LINE
  5
730
330
2
100
AcDbEntity
  8
Координатные кресты
  6
Continuous
100
AcDbLine
 10
-3852.5
 20
5650.0
 30
0.0
 11
-3847.5
 21
5650.0
 31
0.0
  0
LINE
  5
731
330
2
100
AcDbEntity
  8
Координатные кресты
  6
Continuous
100
AcDbLine
 10
-3850.0
 20
5647.500000000001
 30
0.0
 11
-3850.0
 21
5652.500000000001
 31
0.0
  0
LINE
  5
732
330
2
100
AcDbEntity
  8
Координатные кресты
  6
Continuous
100
AcDbLine
 10
-3852.5
 20
5700.0
 30
0.0
 11
-3847.5
 21
5700.0
 31
0.0
  0
LINE
  5
733
330
2
100
AcDbEntity
  8
Координатные кресты
  6
Continuous
100
AcDbLine
 10
-3850.0
 20
5697.500000000001
 30
0.0
 11
-3850.0
 21
5702.500000000001
 31
0.0
  0
LINE
  5
734
330
2
100
AcDbEntity
  8
Координатные кресты
  6
Continuous
100
AcDbLine
 10
-3802.5
 20
5500.0
 30
0.0
 11
-3797.5
 21
5500.0
 31
0.0
  0
LINE
  5
735
330
2
100
AcDbEntity
  8
Координатные кресты
  6
Continuous
100
AcDbLine
 10
-3800.0
 20
5497.500000000001
 30
0.0
 11
-3800.0
 21
5502.500000000001
 31
0.0
  0
LINE
  5
736
330
2
100
AcDbEntity
  8
Координатные кресты
  6
Continuous
100
AcDbLine
 10
-3802.5
 20
5550.0
 30
0.0
 11
-3797.5
 21
5550.0
 31
0.0
  0
LINE
  5
737
330
2
100
AcDbEntity
  8
Координатные кресты
  6
Continuous
100
AcDbLine
 10
-3800.0
 20
5547.500000000001
 30
0.0
 11
-3800.0
 21
5552.500000000001
 31
0.0
  0
LINE
  5
738
330
2
100
AcDbEntity
  8
Координатные кресты
  6
Continuous
100
AcDbLine
 10
-3802.5
 20
5600.0
 30
0.0
 11
-3797.5
 21
5600.0
 31
0.0
  0
LINE
  5
739
330
2
100
AcDbEntity
  8
Координатные кресты
  6
Continuous
100
AcDbLine
 10
-3800.0
 20
5597.500000000001
 30
0.0
 11
-3800.0
 21
5602.500000000001
 31
0.0
  0
LINE
  5
73A
330
2
100
AcDbEntity
  8
Координатные кресты
  6
Continuous
100
AcDbLine
 10
-3802.5
 20
5650.0
 30
0.0
 11
-3797.5
 21
5650.0
 31
0.0
  0
LINE
  5
73B
330
2
100
AcDbEntity
  8
Координатные кресты
  6
Continuous
100
AcDbLine
 10
-3800.0
 20
5647.500000000001
 30
0.0
 11
-3800.0
 21
5652.500000000001
 31
0.0
  0
LINE
  5
73C
330
2
100
AcDbEntity
  8
Координатные кресты
  6
Continuous
100
AcDbLine
 10
-3802.5
 20
5700.0
 30
0.0
 11
-3797.5
 21
5700.0
 31
0.0
  0
LINE
  5
73D
330
2
100
AcDbEntity
  8
Координатные кресты
  6
Continuous
100
AcDbLine
 10
-3800.0
 20
5697.500000000001
 30
0.0
 11
-3800.0
 21
5702.500000000001
 31
0.0
  0
LINE
  5
73E
330
2
100
AcDbEntity
  8
Координатные кресты
  6
Continuous
100
AcDbLine
 10
-3752.5
 20
5500.0
 30
0.0
 11
-3747.5
 21
5500.0
 31
0.0
  0
LINE
  5
73F
330
2
100
AcDbEntity
  8
Координатные кресты
  6
Continuous
100
AcDbLine
 10
-3750.0
 20
5497.500000000001
 30
0.0
 11
-3750.0
 21
5502.500000000001
 31
0.0
  0
LINE
  5
740
330
2
100
AcDbEntity
  8
Координатные кресты
  6
Continuous
100
AcDbLine
 10
-3752.5
 20
5550.0
 30
0.0
 11
-3747.5
 21
5550.0
 31
0.0
  0
LINE
  5
741
330
2
100
AcDbEntity
  8
Координатные кресты
  6
Continuous
100
AcDbLine
 10
-3750.0
 20
5547.500000000001
 30
0.0
 11
-3750.0
 21
5552.500000000001
 31
0.0
  0
LINE
  5
742
330
2
100
AcDbEntity
  8
Координатные кресты
  6
Continuous
100
AcDbLine
 10
-3752.5
 20
5600.0
 30
0.0
 11
-3747.5
 21
5600.0
 31
0.0
  0
LINE
  5
743
330
2
100
AcDbEntity
  8
Координатные кресты
  6
Continuous
100
AcDbLine
 10
-3750.0
 20
5597.500000000001
 30
0.0
 11
-3750.0
 21
5602.500000000001
 31
0.0
  0
LINE
  5
744
330
2
100
AcDbEntity
  8
Координатные кресты
  6
Continuous
100
AcDbLine
 10
-3752.5
 20
5650.0
 30
0.0
 11
-3747.5
 21
5650.0
 31
0.0
  0
LINE
  5
745
330
2
100
AcDbEntity
  8
Координатные кресты
  6
Continuous
100
AcDbLine
 10
-3750.0
 20
5647.500000000001
 30
0.0
 11
-3750.0
 21
5652.500000000001
 31
0.0
  0
LINE
  5
746
330
2
100
AcDbEntity
  8
Координатные кресты
  6
Continuous
100
AcDbLine
 10
-3752.5
 20
5700.0
 30
0.0
 11
-3747.5
 21
5700.0
 31
0.0
  0
LINE
  5
747
330
2
100
AcDbEntity
  8
Координатные кресты
  6
Continuous
100
AcDbLine
 10
-3750.0
 20
5697.500000000001
 30
0.0
 11
-3750.0
 21
5702.500000000001
 31
0.0
  0
LINE
  5
748
330
2
100
AcDbEntity
  8
Координатные кресты
  6
Continuous
100
AcDbLine
 10
-3702.5
 20
5500.0
 30
0.0
 11
-3697.5
 21
5500.0
 31
0.0
  0
LINE
  5
749
330
2
100
AcDbEntity
  8
Координатные кресты
  6
Continuous
100
AcDbLine
 10
-3700.0
 20
5497.500000000001
 30
0.0
 11
-3700.0
 21
5502.500000000001
 31
0.0
  0
LINE
  5
74A
330
2
100
AcDbEntity
  8
Координатные кресты
  6
Continuous
100
AcDbLine
 10
-3702.5
 20
5550.0
 30
0.0
 11
-3697.5
 21
5550.0
 31
0.0
  0
LINE
  5
74B
330
2
100
AcDbEntity
  8
Координатные кресты
  6
Continuous
100
AcDbLine
 10
-3700.0
 20
5547.500000000001
 30
0.0
 11
-3700.0
 21
5552.500000000001
 31
0.0
  0
LINE
  5
74C
330
2
100
AcDbEntity
  8
Координатные кресты
  6
Continuous
100
AcDbLine
 10
-3702.5
 20
5600.0
 30
0.0
 11
-3697.5
 21
5600.0
 31
0.0
  0
LINE
  5
74D
330
2
100
AcDbEntity
  8
Координатные кресты
  6
Continuous
100
AcDbLine
 10
-3700.0
 20
5597.500000000001
 30
0.0
 11
-3700.0
 21
5602.500000000001
 31
0.0
  0
LINE
  5
74E
330
2
100
AcDbEntity
  8
Координатные кресты
  6
Continuous
100
AcDbLine
 10
-3702.5
 20
5650.0
 30
0.0
 11
-3697.5
 21
5650.0
 31
0.0
  0
LINE
  5
74F
330
2
100
AcDbEntity
  8
Координатные кресты
  6
Continuous
100
AcDbLine
 10
-3700.0
 20
5647.500000000001
 30
0.0
 11
-3700.0
 21
5652.500000000001
 31
0.0
  0
LINE
  5
750
330
2
100
AcDbEntity
  8
Координатные кресты
  6
Continuous
100
AcDbLine
 10
-3702.5
 20
5700.0
 30
0.0
 11
-3697.5
 21
5700.0
 31
0.0
  0
LINE
  5
751
330
2
100
AcDbEntity
  8
Координатные кресты
  6
Continuous
100
AcDbLine
 10
-3700.0
 20
5697.500000000001
 30
0.0
 11
-3700.0
 21
5702.500000000001
 31
0.0
  0
LINE
  5
752
330
2
100
AcDbEntity
  8
Координатные кресты
  6
Continuous
100
AcDbLine
 10
-3952.5
 20
5250.0
 30
0.0
 11
-3947.5
 21
5250.0
 31
0.0
  0
LINE
  5
753
330
2
100
AcDbEntity
  8
Координатные кресты
  6
Continuous
100
AcDbLine
 10
-3950.0
 20
5247.500000000001
 30
0.0
 11
-3950.0
 21
5252.500000000001
 31
0.0
  0
LINE
  5
754
330
2
100
AcDbEntity
  8
Координатные кресты
  6
Continuous
100
AcDbLine
 10
-3952.5
 20
5300.0
 30
0.0
 11
-3947.5
 21
5300.0
 31
0.0
  0
LINE
  5
755
330
2
100
AcDbEntity
  8
Координатные кресты
  6
Continuous
100
AcDbLine
 10
-3950.0
 20
5297.500000000001
 30
0.0
 11
-3950.0
 21
5302.500000000001
 31
0.0
  0
LINE
  5
756
330
2
100
AcDbEntity
  8
Координатные кресты
  6
Continuous
100
AcDbLine
 10
-3952.5
 20
5350.0
 30
0.0
 11
-3947.5
 21
5350.0
 31
0.0
  0
LINE
  5
757
330
2
100
AcDbEntity
  8
Координатные кресты
  6
Continuous
100
AcDbLine
 10
-3950.0
 20
5347.500000000001
 30
0.0
 11
-3950.0
 21
5352.500000000001
 31
0.0
  0
LINE
  5
758
330
2
100
AcDbEntity
  8
Координатные кресты
  6
Continuous
100
AcDbLine
 10
-3952.5
 20
5400.0
 30
0.0
 11
-3947.5
 21
5400.0
 31
0.0
  0
LINE
  5
759
330
2
100
AcDbEntity
  8
Координатные кресты
  6
Continuous
100
AcDbLine
 10
-3950.0
 20
5397.500000000001
 30
0.0
 11
-3950.0
 21
5402.500000000001
 31
0.0
  0
LINE
  5
75A
330
2
100
AcDbEntity
  8
Координатные кресты
  6
Continuous
100
AcDbLine
 10
-3952.5
 20
5450.0
 30
0.0
 11
-3947.5
 21
5450.0
 31
0.0
  0
LINE
  5
75B
330
2
100
AcDbEntity
  8
Координатные кресты
  6
Continuous
100
AcDbLine
 10
-3950.0
 20
5447.500000000001
 30
0.0
 11
-3950.0
 21
5452.500000000001
 31
0.0
  0
LINE
  5
75C
330
2
100
AcDbEntity
  8
Координатные кресты
  6
Continuous
100
AcDbLine
 10
-3902.5
 20
5250.0
 30
0.0
 11
-3897.5
 21
5250.0
 31
0.0
  0
LINE
  5
75D
330
2
100
AcDbEntity
  8
Координатные кресты
  6
Continuous
100
AcDbLine
 10
-3900.0
 20
5247.500000000001
 30
0.0
 11
-3900.0
 21
5252.500000000001
 31
0.0
  0
LINE
  5
75E
330
2
100
AcDbEntity
  8
Координатные кресты
  6
Continuous
100
AcDbLine
 10
-3902.5
 20
5300.0
 30
0.0
 11
-3897.5
 21
5300.0
 31
0.0
  0
LINE
  5
75F
330
2
100
AcDbEntity
  8
Координатные кресты
  6
Continuous
100
AcDbLine
 10
-3900.0
 20
5297.500000000001
 30
0.0
 11
-3900.0
 21
5302.500000000001
 31
0.0
  0
LINE
  5
760
330
2
100
AcDbEntity
  8
Координатные кресты
  6
Continuous
100
AcDbLine
 10
-3902.5
 20
5350.0
 30
0.0
 11
-3897.5
 21
5350.0
 31
0.0
  0
LINE
  5
761
330
2
100
AcDbEntity
  8
Координатные кресты
  6
Continuous
100
AcDbLine
 10
-3900.0
 20
5347.500000000001
 30
0.0
 11
-3900.0
 21
5352.500000000001
 31
0.0
  0
LINE
  5
762
330
2
100
AcDbEntity
  8
Координатные кресты
  6
Continuous
100
AcDbLine
 10
-3902.5
 20
5400.0
 30
0.0
 11
-3897.5
 21
5400.0
 31
0.0
  0
LINE
  5
763
330
2
100
AcDbEntity
  8
Координатные кресты
  6
Continuous
100
AcDbLine
 10
-3900.0
 20
5397.500000000001
 30
0.0
 11
-3900.0
 21
5402.500000000001
 31
0.0
  0
LINE
  5
764
330
2
100
AcDbEntity
  8
Координатные кресты
  6
Continuous
100
AcDbLine
 10
-3902.5
 20
5450.0
 30
0.0
 11
-3897.5
 21
5450.0
 31
0.0
  0
LINE
  5
765
330
2
100
AcDbEntity
  8
Координатные кресты
  6
Continuous
100
AcDbLine
 10
-3900.0
 20
5447.500000000001
 30
0.0
 11
-3900.0
 21
5452.500000000001
 31
0.0
  0
LINE
  5
766
330
2
100
AcDbEntity
  8
Координатные кресты
  6
Continuous
100
AcDbLine
 10
-3852.5
 20
5250.0
 30
0.0
 11
-3847.5
 21
5250.0
 31
0.0
  0
LINE
  5
767
330
2
100
AcDbEntity
  8
Координатные кресты
  6
Continuous
100
AcDbLine
 10
-3850.0
 20
5247.500000000001
 30
0.0
 11
-3850.0
 21
5252.500000000001
 31
0.0
  0
LINE
  5
768
330
2
100
AcDbEntity
  8
Координатные кресты
  6
Continuous
100
AcDbLine
 10
-3852.5
 20
5300.0
 30
0.0
 11
-3847.5
 21
5300.0
 31
0.0
  0
LINE
  5
769
330
2
100
AcDbEntity
  8
Координатные кресты
  6
Continuous
100
AcDbLine
 10
-3850.0
 20
5297.500000000001
 30
0.0
 11
-3850.0
 21
5302.500000000001
 31
0.0
  0
LINE
  5
76A
330
2
100
AcDbEntity
  8
Координатные кресты
  6
Continuous
100
AcDbLine
 10
-3852.5
 20
5350.0
 30
0.0
 11
-3847.5
 21
5350.0
 31
0.0
  0
LINE
  5
76B
330
2
100
AcDbEntity
  8
Координатные кресты
  6
Continuous
100
AcDbLine
 10
-3850.0
 20
5347.500000000001
 30
0.0
 11
-3850.0
 21
5352.500000000001
 31
0.0
  0
LINE
  5
76C
330
2
100
AcDbEntity
  8
Координатные кресты
  6
Continuous
100
AcDbLine
 10
-3852.5
 20
5400.0
 30
0.0
 11
-3847.5
 21
5400.0
 31
0.0
  0
LINE
  5
76D
330
2
100
AcDbEntity
  8
Координатные кресты
  6
Continuous
100
AcDbLine
 10
-3850.0
 20
5397.500000000001
 30
0.0
 11
-3850.0
 21
5402.500000000001
 31
0.0
  0
LINE
  5
76E
330
2
100
AcDbEntity
  8
Координатные кресты
  6
Continuous
100
AcDbLine
 10
-3852.5
 20
5450.0
 30
0.0
 11
-3847.5
 21
5450.0
 31
0.0
  0
LINE
  5
76F
330
2
100
AcDbEntity
  8
Координатные кресты
  6
Continuous
100
AcDbLine
 10
-3850.0
 20
5447.500000000001
 30
0.0
 11
-3850.0
 21
5452.500000000001
 31
0.0
  0
LINE
  5
770
330
2
100
AcDbEntity
  8
Координатные кресты
  6
Continuous
100
AcDbLine
 10
-3802.5
 20
5250.0
 30
0.0
 11
-3797.5
 21
5250.0
 31
0.0
  0
LINE
  5
771
330
2
100
AcDbEntity
  8
Координатные кресты
  6
Continuous
100
AcDbLine
 10
-3800.0
 20
5247.500000000001
 30
0.0
 11
-3800.0
 21
5252.500000000001
 31
0.0
  0
LINE
  5
772
330
2
100
AcDbEntity
  8
Координатные кресты
  6
Continuous
100
AcDbLine
 10
-3802.5
 20
5300.0
 30
0.0
 11
-3797.5
 21
5300.0
 31
0.0
  0
LINE
  5
773
330
2
100
AcDbEntity
  8
Координатные кресты
  6
Continuous
100
AcDbLine
 10
-3800.0
 20
5297.500000000001
 30
0.0
 11
-3800.0
 21
5302.500000000001
 31
0.0
  0
LINE
  5
774
330
2
100
AcDbEntity
  8
Координатные кресты
  6
Continuous
100
AcDbLine
 10
-3802.5
 20
5350.0
 30
0.0
 11
-3797.5
 21
5350.0
 31
0.0
  0
LINE
  5
775
330
2
100
AcDbEntity
  8
Координатные кресты
  6
Continuous
100
AcDbLine
 10
-3800.0
 20
5347.500000000001
 30
0.0
 11
-3800.0
 21
5352.500000000001
 31
0.0
  0
LINE
  5
776
330
2
100
AcDbEntity
  8
Координатные кресты
  6
Continuous
100
AcDbLine
 10
-3802.5
 20
5400.0
 30
0.0
 11
-3797.5
 21
5400.0
 31
0.0
  0
LINE
  5
777
330
2
100
AcDbEntity
  8
Координатные кресты
  6
Continuous
100
AcDbLine
 10
-3800.0
 20
5397.500000000001
 30
0.0
 11
-3800.0
 21
5402.500000000001
 31
0.0
  0
LINE
  5
778
330
2
100
AcDbEntity
  8
Координатные кресты
  6
Continuous
100
AcDbLine
 10
-3802.5
 20
5450.0
 30
0.0
 11
-3797.5
 21
5450.0
 31
0.0
  0
LINE
  5
779
330
2
100
AcDbEntity
  8
Координатные кресты
  6
Continuous
100
AcDbLine
 10
-3800.0
 20
5447.500000000001
 30
0.0
 11
-3800.0
 21
5452.500000000001
 31
0.0
  0
LINE
  5
77A
330
2
100
AcDbEntity
  8
Координатные кресты
  6
Continuous
100
AcDbLine
 10
-3752.5
 20
5250.0
 30
0.0
 11
-3747.5
 21
5250.0
 31
0.0
  0
LINE
  5
77B
330
2
100
AcDbEntity
  8
Координатные кресты
  6
Continuous
100
AcDbLine
 10
-3750.0
 20
5247.500000000001
 30
0.0
 11
-3750.0
 21
5252.500000000001
 31
0.0
  0
LINE
  5
77C
330
2
100
AcDbEntity
  8
Координатные кресты
  6
Continuous
100
AcDbLine
 10
-3752.5
 20
5300.0
 30
0.0
 11
-3747.5
 21
5300.0
 31
0.0
  0
LINE
  5
77D
330
2
100
AcDbEntity
  8
Координатные кресты
  6
Continuous
100
AcDbLine
 10
-3750.0
 20
5297.500000000001
 30
0.0
 11
-3750.0
 21
5302.500000000001
 31
0.0
  0
LINE
  5
77E
330
2
100
AcDbEntity
  8
Координатные кресты
  6
Continuous
100
AcDbLine
 10
-3752.5
 20
5350.0
 30
0.0
 11
-3747.5
 21
5350.0
 31
0.0
  0
LINE
  5
77F
330
2
100
AcDbEntity
  8
Координатные кресты
  6
Continuous
100
AcDbLine
 10
-3750.0
 20
5347.500000000001
 30
0.0
 11
-3750.0
 21
5352.500000000001
 31
0.0
  0
LINE
  5
780
330
2
100
AcDbEntity
  8
Координатные кресты
  6
Continuous
100
AcDbLine
 10
-3752.5
 20
5400.0
 30
0.0
 11
-3747.5
 21
5400.0
 31
0.0
  0
LINE
  5
781
330
2
100
AcDbEntity
  8
Координатные кресты
  6
Continuous
100
AcDbLine
 10
-3750.0
 20
5397.500000000001
 30
0.0
 11
-3750.0
 21
5402.500000000001
 31
0.0
  0
LINE
  5
782
330
2
100
AcDbEntity
  8
Координатные кресты
  6
Continuous
100
AcDbLine
 10
-3752.5
 20
5450.0
 30
0.0
 11
-3747.5
 21
5450.0
 31
0.0
  0
LINE
  5
783
330
2
100
AcDbEntity
  8
Координатные кресты
  6
Continuous
100
AcDbLine
 10
-3750.0
 20
5447.500000000001
 30
0.0
 11
-3750.0
 21
5452.500000000001
 31
0.0
  0
LINE
  5
784
330
2
100
AcDbEntity
  8
Координатные кресты
  6
Continuous
100
AcDbLine
 10
-3702.5
 20
5250.0
 30
0.0
 11
-3697.5
 21
5250.0
 31
0.0
  0
LINE
  5
785
330
2
100
AcDbEntity
  8
Координатные кресты
  6
Continuous
100
AcDbLine
 10
-3700.0
 20
5247.500000000001
 30
0.0
 11
-3700.0
 21
5252.500000000001
 31
0.0
  0
LINE
  5
786
330
2
100
AcDbEntity
  8
Координатные кресты
  6
Continuous
100
AcDbLine
 10
-3702.5
 20
5300.0
 30
0.0
 11
-3697.5
 21
5300.0
 31
0.0
  0
LINE
  5
787
330
2
100
AcDbEntity
  8
Координатные кресты
  6
Continuous
100
AcDbLine
 10
-3700.0
 20
5297.500000000001
 30
0.0
 11
-3700.0
 21
5302.500000000001
 31
0.0
  0
LINE
  5
788
330
2
100
AcDbEntity
  8
Координатные кресты
  6
Continuous
100
AcDbLine
 10
-3702.5
 20
5350.0
 30
0.0
 11
-3697.5
 21
5350.0
 31
0.0
  0
LINE
  5
789
330
2
100
AcDbEntity
  8
Координатные кресты
  6
Continuous
100
AcDbLine
 10
-3700.0
 20
5347.500000000001
 30
0.0
 11
-3700.0
 21
5352.500000000001
 31
0.0
  0
LINE
  5
78A
330
2
100
AcDbEntity
  8
Координатные кресты
  6
Continuous
100
AcDbLine
 10
-3702.5
 20
5400.0
 30
0.0
 11
-3697.5
 21
5400.0
 31
0.0
  0
LINE
  5
78B
330
2
100
AcDbEntity
  8
Координатные кресты
  6
Continuous
100
AcDbLine
 10
-3700.0
 20
5397.500000000001
 30
0.0
 11
-3700.0
 21
5402.500000000001
 31
0.0
  0
LINE
  5
78C
330
2
100
AcDbEntity
  8
Координатные кресты
  6
Continuous
100
AcDbLine
 10
-3702.5
 20
5450.0
 30
0.0
 11
-3697.5
 21
5450.0
 31
0.0
  0
LINE
  5
78D
330
2
100
AcDbEntity
  8
Координатные кресты
  6
Continuous
100
AcDbLine
 10
-3700.0
 20
5447.500000000001
 30
0.0
 11
-3700.0
 21
5452.500000000001
 31
0.0
  0
LINE
  5
78E
330
2
100
AcDbEntity
  8
Координатные кресты
  6
Continuous
100
AcDbLine
 10
-3952.5
 20
4950.0
 30
0.0
 11
-3947.5
 21
4950.0
 31
0.0
  0
LINE
  5
78F
330
2
100
AcDbEntity
  8
Координатные кресты
  6
Continuous
100
AcDbLine
 10
-3950.0
 20
4947.500000000001
 30
0.0
 11
-3950.0
 21
4952.500000000001
 31
0.0
  0
LINE
  5
790
330
2
100
AcDbEntity
  8
Координатные кресты
  6
Continuous
100
AcDbLine
 10
-3952.5
 20
5000.0
 30
0.0
 11
-3947.5
 21
5000.0
 31
0.0
  0
LINE
  5
791
330
2
100
AcDbEntity
  8
Координатные кресты
  6
Continuous
100
AcDbLine
 10
-3950.0
 20
4997.500000000001
 30
0.0
 11
-3950.0
 21
5002.500000000001
 31
0.0
  0
LINE
  5
792
330
2
100
AcDbEntity
  8
Координатные кресты
  6
Continuous
100
AcDbLine
 10
-3952.5
 20
5050.0
 30
0.0
 11
-3947.5
 21
5050.0
 31
0.0
  0
LINE
  5
793
330
2
100
AcDbEntity
  8
Координатные кресты
  6
Continuous
100
AcDbLine
 10
-3950.0
 20
5047.500000000001
 30
0.0
 11
-3950.0
 21
5052.500000000001
 31
0.0
  0
LINE
  5
794
330
2
100
AcDbEntity
  8
Координатные кресты
  6
Continuous
100
AcDbLine
 10
-3952.5
 20
5100.0
 30
0.0
 11
-3947.5
 21
5100.0
 31
0.0
  0
LINE
  5
795
330
2
100
AcDbEntity
  8
Координатные кресты
  6
Continuous
100
AcDbLine
 10
-3950.0
 20
5097.500000000001
 30
0.0
 11
-3950.0
 21
5102.500000000001
 31
0.0
  0
LINE
  5
796
330
2
100
AcDbEntity
  8
Координатные кресты
  6
Continuous
100
AcDbLine
 10
-3952.5
 20
5150.0
 30
0.0
 11
-3947.5
 21
5150.0
 31
0.0
  0
LINE
  5
797
330
2
100
AcDbEntity
  8
Координатные кресты
  6
Continuous
100
AcDbLine
 10
-3950.0
 20
5147.500000000001
 30
0.0
 11
-3950.0
 21
5152.500000000001
 31
0.0
  0
LINE
  5
798
330
2
100
AcDbEntity
  8
Координатные кресты
  6
Continuous
100
AcDbLine
 10
-3952.5
 20
5200.0
 30
0.0
 11
-3947.5
 21
5200.0
 31
0.0
  0
LINE
  5
799
330
2
100
AcDbEntity
  8
Координатные кресты
  6
Continuous
100
AcDbLine
 10
-3950.0
 20
5197.500000000001
 30
0.0
 11
-3950.0
 21
5202.500000000001
 31
0.0
  0
LINE
  5
79A
330
2
100
AcDbEntity
  8
Координатные кресты
  6
Continuous
100
AcDbLine
 10
-3902.5
 20
4950.0
 30
0.0
 11
-3897.5
 21
4950.0
 31
0.0
  0
LINE
  5
79B
330
2
100
AcDbEntity
  8
Координатные кресты
  6
Continuous
100
AcDbLine
 10
-3900.0
 20
4947.500000000001
 30
0.0
 11
-3900.0
 21
4952.500000000001
 31
0.0
  0
LINE
  5
79C
330
2
100
AcDbEntity
  8
Координатные кресты
  6
Continuous
100
AcDbLine
 10
-3902.5
 20
5000.0
 30
0.0
 11
-3897.5
 21
5000.0
 31
0.0
  0
LINE
  5
79D
330
2
100
AcDbEntity
  8
Координатные кресты
  6
Continuous
100
AcDbLine
 10
-3900.0
 20
4997.500000000001
 30
0.0
 11
-3900.0
 21
5002.500000000001
 31
0.0
  0
LINE
  5
79E
330
2
100
AcDbEntity
  8
Координатные кресты
  6
Continuous
100
AcDbLine
 10
-3902.5
 20
5050.0
 30
0.0
 11
-3897.5
 21
5050.0
 31
0.0
  0
LINE
  5
79F
330
2
100
AcDbEntity
  8
Координатные кресты
  6
Continuous
100
AcDbLine
 10
-3900.0
 20
5047.500000000001
 30
0.0
 11
-3900.0
 21
5052.500000000001
 31
0.0
  0
LINE
  5
7A0
330
2
100
AcDbEntity
  8
Координатные кресты
  6
Continuous
100
AcDbLine
 10
-3902.5
 20
5100.0
 30
0.0
 11
-3897.5
 21
5100.0
 31
0.0
  0
LINE
  5
7A1
330
2
100
AcDbEntity
  8
Координатные кресты
  6
Continuous
100
AcDbLine
 10
-3900.0
 20
5097.500000000001
 30
0.0
 11
-3900.0
 21
5102.500000000001
 31
0.0
  0
LINE
  5
7A2
330
2
100
AcDbEntity
  8
Координатные кресты
  6
Continuous
100
AcDbLine
 10
-3902.5
 20
5150.0
 30
0.0
 11
-3897.5
 21
5150.0
 31
0.0
  0
LINE
  5
7A3
330
2
100
AcDbEntity
  8
Координатные кресты
  6
Continuous
100
AcDbLine
 10
-3900.0
 20
5147.500000000001
 30
0.0
 11
-3900.0
 21
5152.500000000001
 31
0.0
  0
LINE
  5
7A4
330
2
100
AcDbEntity
  8
Координатные кресты
  6
Continuous
100
AcDbLine
 10
-3902.5
 20
5200.0
 30
0.0
 11
-3897.5
 21
5200.0
 31
0.0
  0
LINE
  5
7A5
330
2
100
AcDbEntity
  8
Координатные кресты
  6
Continuous
100
AcDbLine
 10
-3900.0
 20
5197.500000000001
 30
0.0
 11
-3900.0
 21
5202.500000000001
 31
0.0
  0
LINE
  5
7A6
330
2
100
AcDbEntity
  8
Координатные кресты
  6
Continuous
100
AcDbLine
 10
-3852.5
 20
4950.0
 30
0.0
 11
-3847.5
 21
4950.0
 31
0.0
  0
LINE
  5
7A7
330
2
100
AcDbEntity
  8
Координатные кресты
  6
Continuous
100
AcDbLine
 10
-3850.0
 20
4947.500000000001
 30
0.0
 11
-3850.0
 21
4952.500000000001
 31
0.0
  0
LINE
  5
7A8
330
2
100
AcDbEntity
  8
Координатные кресты
  6
Continuous
100
AcDbLine
 10
-3852.5
 20
5000.0
 30
0.0
 11
-3847.5
 21
5000.0
 31
0.0
  0
LINE
  5
7A9
330
2
100
AcDbEntity
  8
Координатные кресты
  6
Continuous
100
AcDbLine
 10
-3850.0
 20
4997.500000000001
 30
0.0
 11
-3850.0
 21
5002.500000000001
 31
0.0
  0
LINE
  5
7AA
330
2
100
AcDbEntity
  8
Координатные кресты
  6
Continuous
100
AcDbLine
 10
-3852.5
 20
5050.0
 30
0.0
 11
-3847.5
 21
5050.0
 31
0.0
  0
LINE
  5
7AB
330
2
100
AcDbEntity
  8
Координатные кресты
  6
Continuous
100
AcDbLine
 10
-3850.0
 20
5047.500000000001
 30
0.0
 11
-3850.0
 21
5052.500000000001
 31
0.0
  0
LINE
  5
7AC
330
2
100
AcDbEntity
  8
Координатные кресты
  6
Continuous
100
AcDbLine
 10
-3852.5
 20
5100.0
 30
0.0
 11
-3847.5
 21
5100.0
 31
0.0
  0
LINE
  5
7AD
330
2
100
AcDbEntity
  8
Координатные кресты
  6
Continuous
100
AcDbLine
 10
-3850.0
 20
5097.500000000001
 30
0.0
 11
-3850.0
 21
5102.500000000001
 31
0.0
  0
LINE
  5
7AE
330
2
100
AcDbEntity
  8
Координатные кресты
  6
Continuous
100
AcDbLine
 10
-3852.5
 20
5150.0
 30
0.0
 11
-3847.5
 21
5150.0
 31
0.0
  0
LINE
  5
7AF
330
2
100
AcDbEntity
  8
Координатные кресты
  6
Continuous
100
AcDbLine
 10
-3850.0
 20
5147.500000000001
 30
0.0
 11
-3850.0
 21
5152.500000000001
 31
0.0
  0
LINE
  5
7B0
330
2
100
AcDbEntity
  8
Координатные кресты
  6
Continuous
100
AcDbLine
 10
-3852.5
 20
5200.0
 30
0.0
 11
-3847.5
 21
5200.0
 31
0.0
  0
LINE
  5
7B1
330
2
100
AcDbEntity
  8
Координатные кресты
  6
Continuous
100
AcDbLine
 10
-3850.0
 20
5197.500000000001
 30
0.0
 11
-3850.0
 21
5202.500000000001
 31
0.0
  0
LINE
  5
7B2
330
2
100
AcDbEntity
  8
Координатные кресты
  6
Continuous
100
AcDbLine
 10
-3802.5
 20
4950.0
 30
0.0
 11
-3797.5
 21
4950.0
 31
0.0
  0
LINE
  5
7B3
330
2
100
AcDbEntity
  8
Координатные кресты
  6
Continuous
100
AcDbLine
 10
-3800.0
 20
4947.500000000001
 30
0.0
 11
-3800.0
 21
4952.500000000001
 31
0.0
  0
LINE
  5
7B4
330
2
100
AcDbEntity
  8
Координатные кресты
  6
Continuous
100
AcDbLine
 10
-3802.5
 20
5000.0
 30
0.0
 11
-3797.5
 21
5000.0
 31
0.0
  0
LINE
  5
7B5
330
2
100
AcDbEntity
  8
Координатные кресты
  6
Continuous
100
AcDbLine
 10
-3800.0
 20
4997.500000000001
 30
0.0
 11
-3800.0
 21
5002.500000000001
 31
0.0
  0
LINE
  5
7B6
330
2
100
AcDbEntity
  8
Координатные кресты
  6
Continuous
100
AcDbLine
 10
-3802.5
 20
5050.0
 30
0.0
 11
-3797.5
 21
5050.0
 31
0.0
  0
LINE
  5
7B7
330
2
100
AcDbEntity
  8
Координатные кресты
  6
Continuous
100
AcDbLine
 10
-3800.0
 20
5047.500000000001
 30
0.0
 11
-3800.0
 21
5052.500000000001
 31
0.0
  0
LINE
  5
7B8
330
2
100
AcDbEntity
  8
Координатные кресты
  6
Continuous
100
AcDbLine
 10
-3802.5
 20
5100.0
 30
0.0
 11
-3797.5
 21
5100.0
 31
0.0
  0
LINE
  5
7B9
330
2
100
AcDbEntity
  8
Координатные кресты
  6
Continuous
100
AcDbLine
 10
-3800.0
 20
5097.500000000001
 30
0.0
 11
-3800.0
 21
5102.500000000001
 31
0.0
  0
LINE
  5
7BA
330
2
100
AcDbEntity
  8
Координатные кресты
  6
Continuous
100
AcDbLine
 10
-3802.5
 20
5150.0
 30
0.0
 11
-3797.5
 21
5150.0
 31
0.0
  0
LINE
  5
7BB
330
2
100
AcDbEntity
  8
Координатные кресты
  6
Continuous
100
AcDbLine
 10
-3800.0
 20
5147.500000000001
 30
0.0
 11
-3800.0
 21
5152.500000000001
 31
0.0
  0
LINE
  5
7BC
330
2
100
AcDbEntity
  8
Координатные кресты
  6
Continuous
100
AcDbLine
 10
-3802.5
 20
5200.0
 30
0.0
 11
-3797.5
 21
5200.0
 31
0.0
  0
LINE
  5
7BD
330
2
100
AcDbEntity
  8
Координатные кресты
  6
Continuous
100
AcDbLine
 10
-3800.0
 20
5197.500000000001
 30
0.0
 11
-3800.0
 21
5202.500000000001
 31
0.0
  0
LINE
  5
7BE
330
2
100
AcDbEntity
  8
Координатные кресты
  6
Continuous
100
AcDbLine
 10
-3752.5
 20
4950.0
 30
0.0
 11
-3747.5
 21
4950.0
 31
0.0
  0
LINE
  5
7BF
330
2
100
AcDbEntity
  8
Координатные кресты
  6
Continuous
100
AcDbLine
 10
-3750.0
 20
4947.500000000001
 30
0.0
 11
-3750.0
 21
4952.500000000001
 31
0.0
  0
LINE
  5
7C0
330
2
100
AcDbEntity
  8
Координатные кресты
  6
Continuous
100
AcDbLine
 10
-3752.5
 20
5000.0
 30
0.0
 11
-3747.5
 21
5000.0
 31
0.0
  0
LINE
  5
7C1
330
2
100
AcDbEntity
  8
Координатные кресты
  6
Continuous
100
AcDbLine
 10
-3750.0
 20
4997.500000000001
 30
0.0
 11
-3750.0
 21
5002.500000000001
 31
0.0
  0
LINE
  5
7C2
330
2
100
AcDbEntity
  8
Координатные кресты
  6
Continuous
100
AcDbLine
 10
-3752.5
 20
5050.0
 30
0.0
 11
-3747.5
 21
5050.0
 31
0.0
  0
LINE
  5
7C3
330
2
100
AcDbEntity
  8
Координатные кресты
  6
Continuous
100
AcDbLine
 10
-3750.0
 20
5047.500000000001
 30
0.0
 11
-3750.0
 21
5052.500000000001
 31
0.0
  0
LINE
  5
7C4
330
2
100
AcDbEntity
  8
Координатные кресты
  6
Continuous
100
AcDbLine
 10
-3752.5
 20
5100.0
 30
0.0
 11
-3747.5
 21
5100.0
 31
0.0
  0
LINE
  5
7C5
330
2
100
AcDbEntity
  8
Координатные кресты
  6
Continuous
100
AcDbLine
 10
-3750.0
 20
5097.500000000001
 30
0.0
 11
-3750.0
 21
5102.500000000001
 31
0.0
  0
LINE
  5
7C6
330
2
100
AcDbEntity
  8
Координатные кресты
  6
Continuous
100
AcDbLine
 10
-3752.5
 20
5150.0
 30
0.0
 11
-3747.5
 21
5150.0
 31
0.0
  0
LINE
  5
7C7
330
2
100
AcDbEntity
  8
Координатные кресты
  6
Continuous
100
AcDbLine
 10
-3750.0
 20
5147.500000000001
 30
0.0
 11
-3750.0
 21
5152.500000000001
 31
0.0
  0
LINE
  5
7C8
330
2
100
AcDbEntity
  8
Координатные кресты
  6
Continuous
100
AcDbLine
 10
-3752.5
 20
5200.0
 30
0.0
 11
-3747.5
 21
5200.0
 31
0.0
  0
LINE
  5
7C9
330
2
100
AcDbEntity
  8
Координатные кресты
  6
Continuous
100
AcDbLine
 10
-3750.0
 20
5197.500000000001
 30
0.0
 11
-3750.0
 21
5202.500000000001
 31
0.0
  0
LINE
  5
7CA
330
2
100
AcDbEntity
  8
Координатные кресты
  6
Continuous
100
AcDbLine
 10
-3702.5
 20
4950.0
 30
0.0
 11
-3697.5
 21
4950.0
 31
0.0
  0
LINE
  5
7CB
330
2
100
AcDbEntity
  8
Координатные кресты
  6
Continuous
100
AcDbLine
 10
-3700.0
 20
4947.500000000001
 30
0.0
 11
-3700.0
 21
4952.500000000001
 31
0.0
  0
LINE
  5
7CC
330
2
100
AcDbEntity
  8
Координатные кресты
  6
Continuous
100
AcDbLine
 10
-3702.5
 20
5000.0
 30
0.0
 11
-3697.5
 21
5000.0
 31
0.0
  0
LINE
  5
7CD
330
2
100
AcDbEntity
  8
Координатные кресты
  6
Continuous
100
AcDbLine
 10
-3700.0
 20
4997.500000000001
 30
0.0
 11
-3700.0
 21
5002.500000000001
 31
0.0
  0
LINE
  5
7CE
330
2
100
AcDbEntity
  8
Координатные кресты
  6
Continuous
100
AcDbLine
 10
-3702.5
 20
5050.0
 30
0.0
 11
-3697.5
 21
5050.0
 31
0.0
  0
LINE
  5
7CF
330
2
100
AcDbEntity
  8
Координатные кресты
  6
Continuous
100
AcDbLine
 10
-3700.0
 20
5047.500000000001
 30
0.0
 11
-3700.0
 21
5052.500000000001
 31
0.0
  0
LINE
  5
7D0
330
2
100
AcDbEntity
  8
Координатные кресты
  6
Continuous
100
AcDbLine
 10
-3702.5
 20
5100.0
 30
0.0
 11
-3697.5
 21
5100.0
 31
0.0
  0
LINE
  5
7D1
330
2
100
AcDbEntity
  8
Координатные кресты
  6
Continuous
100
AcDbLine
 10
-3700.0
 20
5097.500000000001
 30
0.0
 11
-3700.0
 21
5102.500000000001
 31
0.0
  0
LINE
  5
7D2
330
2
100
AcDbEntity
  8
Координатные кресты
  6
Continuous
100
AcDbLine
 10
-3702.5
 20
5150.0
 30
0.0
 11
-3697.5
 21
5150.0
 31
0.0
  0
LINE
  5
7D3
330
2
100
AcDbEntity
  8
Координатные кресты
  6
Continuous
100
AcDbLine
 10
-3700.0
 20
5147.500000000001
 30
0.0
 11
-3700.0
 21
5152.500000000001
 31
0.0
  0
LINE
  5
7D4
330
2
100
AcDbEntity
  8
Координатные кресты
  6
Continuous
100
AcDbLine
 10
-3702.5
 20
5200.0
 30
0.0
 11
-3697.5
 21
5200.0
 31
0.0
  0
LINE
  5
7D5
330
2
100
AcDbEntity
  8
Координатные кресты
  6
Continuous
100
AcDbLine
 10
-3700.0
 20
5197.500000000001
 30
0.0
 11
-3700.0
 21
5202.500000000001
 31
0.0
  0
ENDSEC
  0
SECTION
  2
OBJECTS
  0
DICTIONARY
  5
9
330
0
100
AcDbDictionary
281
     1
  3
{24DE2741-47F6-4298-B91B-737E814BAE3E}
350
606
  3
ACAD_CIP_PREVIOUS_PRODUCT_INFO
350
603
  3
ACAD_COLOR
350
49
  3
ACAD_DETAILVIEWSTYLE
350
5FE
  3
ACAD_GROUP
350
35
  3
ACAD_LAYOUT
350
17
  3
ACAD_MATERIAL
350
B
  3
ACAD_MLEADERSTYLE
350
4C
  3
ACAD_MLINESTYLE
350
36
  3
ACAD_PLOTSETTINGS
350
37
  3
ACAD_PLOTSTYLENAME
350
8
  3
ACAD_SCALELIST
350
4A
  3
ACAD_SECTIONVIEWSTYLE
350
5FC
  3
ACAD_TABLESTYLE
350
4B
  3
ACAD_VISUALSTYLE
350
38
  3
ACDB_RECOMPOSE_DATA
350
7E7
  3
AcDbVariableDictionary
350
5D7
  3
AECC_LASTSAVED_APPVERSION
350
7E4
  0
DICTIONARY
  5
22
330
21
100
AcDbDictionary
280
     1
281
     1
  3
ACAD_LAYERFILTERS
360
23
  3
ACAD_LAYERSTATES
360
24
  3
ACLYDICTIONARY
360
25
  0
DICTIONARY
  5
5
330
4
100
AcDbDictionary
280
     1
281
     1
  3
ADSK_XREC_LAYER_RECONCILED
360
6
  0
DICTIONARY
  5
5C8
330
2
100
AcDbDictionary
280
     1
281
     1
  3
ACAD_SORTENTS
360
5C9
  0
DICTIONARY
  5
606
102
{ACAD_REACTORS
330
9
102
}
330
9
100
AcDbDictionary
281
     1
  3
12_13_2025-21_41_52
350
617
  0
XRECORD
  5
603
102
{ACAD_REACTORS
330
9
102
}
330
9
100
AcDbXrecord
280
     1
300
ACD
300
2020
300
ACD_F_S
  0
DICTIONARY
  5
49
102
{ACAD_REACTORS
330
9
102
}
330
9
100
AcDbDictionary
281
     1
  0
DICTIONARY
  5
5FE
102
{ACAD_REACTORS
330
9
102
}
330
9
100
AcDbDictionary
281
     1
  3
Imperial24
350
5FF
  0
DICTIONARY
  5
35
102
{ACAD_REACTORS
330
9
102
}
330
9
100
AcDbDictionary
281
     1
  0
DICTIONARY
  5
17
102
{ACAD_REACTORS
330
9
102
}
330
9
100
AcDbDictionary
281
     1
  3
Layout1
350
1D
  3
Model
350
16
  0
DICTIONARY
  5
B
102
{ACAD_REACTORS
330
9
102
}
330
9
100
AcDbDictionary
281
     1
  3
ByBlock
350
41
  3
ByLayer
350
39
  3
Global
350
A
  0
DICTIONARY
  5
4C
102
{ACAD_REACTORS
330
9
102
}
330
9
100
AcDbDictionary
281
     1
  3
Standard
350
5FB
  0
DICTIONARY
  5
36
102
{ACAD_REACTORS
330
9
102
}
330
9
100
AcDbDictionary
281
     1
  3
Standard
350
59
  3
ТРУБА_4_БД_20М_ПР200
350
54
  0
DICTIONARY
  5
37
102
{ACAD_REACTORS
330
9
102
}
330
9
100
AcDbDictionary
281
     1
  0
ACDBDICTIONARYWDFLT
  5
8
102
{ACAD_REACTORS
330
9
102
}
330
9
100
AcDbDictionary
281
     1
  3
Normal
350
7
100
AcDbDictionaryWithDefault
340
7
  0
DICTIONARY
  5
4A
102
{ACAD_REACTORS
330
9
102
}
330
9
100
AcDbDictionary
281
     1
  3
A0
350
5A
  3
A1
350
5B
  3
A2
350
5C
  3
A3
350
5D
  3
A4
350
5E
  3
A5
350
5F
  3
A6
350
60
  3
A7
350
61
  3
A8
350
62
  3
A9
350
63
  3
B0
350
64
  3
B1
350
65
  3
B2
350
66
  3
B3
350
67
  3
B4
350
68
  3
B5
350
69
  3
B6
350
6A
  3
B7
350
6B
  3
B8
350
6C
  3
B9
350
6D
  3
C0
350
6E
  3
C1
350
6F
  3
C2
350
70
  3
C3
350
71
  3
C4
350
72
  3
C5
350
73
  3
C6
350
74
  3
C7
350
75
  3
C8
350
76
  3
C9
350
77
  3
D0
350
78
  3
D1
350
79
  3
D2
350
7A
  0
DICTIONARY
  5
5FC
102
{ACAD_REACTORS
330
9
102
}
330
9
100
AcDbDictionary
281
     1
  3
Imperial24
350
5FD
  0
DICTIONARY
  5
4B
102
{ACAD_REACTORS
330
9
102
}
330
9
100
AcDbDictionary
281
     1
  3
Standard
350
55
  0
DICTIONARY
  5
38
102
{ACAD_REACTORS
330
9
102
}
330
9
100
AcDbDictionary
281
     1
  3
2dWireframe
350
5EA
  3
Basic
350
5E9
  3
Brighten
350
5EE
  3
ColorChange
350
5F2
  3
Conceptual
350
5EC
  3
Dim
350
5ED
  3
EdgeColorOff
350
5FA
  3
Facepattern
350
5F1
  3
Flat
350
5E5
  3
FlatWithEdges
350
5E6
  3
Gouraud
350
5E7
  3
GouraudWithEdges
350
5E8
  3
Hidden
350
5EB
  3
JitterOff
350
5F8
  3
Linepattern
350
5F0
  3
OverhangOff
350
5F9
  3
Realistic
350
57
  3
Shaded
350
5F7
  3
Shaded with edges
350
5F6
  3
Shades of Gray
350
5F3
  3
Sketchy
350
5F4
  3
Thicken
350
5EF
  3
Wireframe
350
58
  3
X-Ray
350
5F5
  0
XRECORD
  5
7E7
102
{ACAD_REACTORS
330
9
102
}
330
9
100
AcDbXrecord
280
     1
 90
        1
330
55
  0
DICTIONARY
  5
5D7
102
{ACAD_REACTORS
330
9
102
}
330
9
100
AcDbDictionary
281
     1
  3
CANNOSCALE
350
5DC
  3
CMLEADERSTYLE
350
5D9
  3
CTABLESTYLE
350
5D8
  3
CVIEWDETAILSTYLE
350
5DA
  3
CVIEWSECTIONSTYLE
350
5DB
  3
DIMASSOC
350
5E2
  3
HIDETEXT
350
5E0
  3
INDEXCTL
350
5DF
  3
LAYEREVAL
350
7E0
  3
LAYERNOTIFY
350
7E1
  3
LIGHTINGUNITS
350
5DD
  3
MSLTSCALE
350
7DF
  3
SOLIDHIST
350
5E3
  3
SORTENTS
350
5DE
  0
XRECORD
  5
7E4
102
{ACAD_REACTORS
330
9
102
}
330
9
100
AcDbXrecord
280
     1
 70
    13
 70
     2
 70
   890
 70
     0
  0
DICTIONARY
  5
23
102
{ACAD_REACTORS
330
22
102
}
330
22
100
AcDbDictionary
281
     1
  0
DICTIONARY
  5
24
102
{ACAD_REACTORS
330
22
102
}
330
22
100
AcDbDictionary
281
     1
  0
DICTIONARY
  5
25
102
{ACAD_REACTORS
330
22
102
}
330
22
100
AcDbDictionary
281
     1
  0
XRECORD
  5
6
102
{ACAD_REACTORS
330
5
102
}
330
5
100
AcDbXrecord
280
     1
290
     1
  0
SORTENTSTABLE
  5
5C9
102
{ACAD_REACTORS
330
5C8
102
}
330
5C8
100
AcDbSortentsTable
330
2
331
156
  5
652
331
20B
  5
68F
331
2C0
  5
6CC
331
37B
  5
70B
331
430
  5
748
331
4E5
  5
785
331
5BE
  5
7CE
331
5C0
  5
7CF
331
5C2
  5
7D0
331
5C3
  5
7D1
331
5C4
  5
7D2
331
5C5
  5
7D3
331
5C6
  5
7D4
331
5C7
  5
7D5
331
618
  5
156
331
619
  5
20B
331
61A
  5
2C0
331
61B
  5
37B
331
61C
  5
430
331
61D
  5
4E5
331
61E
  5
5BE
331
61F
  5
5C0
331
620
  5
5C2
331
621
  5
5C3
331
622
  5
5C4
331
623
  5
5C5
331
624
  5
5C6
331
625
  5
5C7
331
626
  5
618
331
627
  5
619
331
628
  5
61A
331
629
  5
61B
331
62A
  5
61C
331
62B
  5
61D
331
62C
  5
61E
331
62D
  5
61F
331
62E
  5
620
331
62F
  5
621
331
630
  5
622
331
631
  5
623
331
632
  5
624
331
633
  5
625
331
634
  5
626
331
635
  5
627
331
636
  5
628
331
637
  5
629
331
638
  5
62A
331
639
  5
62B
331
63A
  5
62C
331
63B
  5
62D
331
63C
  5
62E
331
63D
  5
62F
331
63E
  5
630
331
63F
  5
631
331
640
  5
632
331
641
  5
633
331
642
  5
634
331
643
  5
635
331
644
  5
636
331
645
  5
637
331
646
  5
638
331
647
  5
639
331
648
  5
63A
331
649
  5
63B
331
64A
  5
63C
331
64B
  5
63D
331
64C
  5
63E
331
64D
  5
63F
331
64E
  5
640
331
64F
  5
641
331
650
  5
642
331
651
  5
643
331
652
  5
644
331
653
  5
645
331
654
  5
646
331
655
  5
647
331
656
  5
648
331
657
  5
649
331
658
  5
64A
331
659
  5
64B
331
65A
  5
64C
331
65B
  5
64D
331
65C
  5
64E
331
65D
  5
64F
331
65E
  5
650
331
65F
  5
651
331
660
  5
653
331
661
  5
654
331
662
  5
655
331
663
  5
656
331
664
  5
657
331
665
  5
658
331
666
  5
659
331
667
  5
65A
331
668
  5
65B
331
669
  5
65C
331
66A
  5
65D
331
66B
  5
65E
331
66C
  5
65F
331
66D
  5
660
331
66E
  5
661
331
66F
  5
662
331
670
  5
663
331
671
  5
664
331
672
  5
665
331
673
  5
666
331
674
  5
667
331
675
  5
668
331
676
  5
669
331
677
  5
66A
331
678
  5
66B
331
679
  5
66C
331
67A
  5
66D
331
67B
  5
66E
331
67C
  5
66F
331
67D
  5
670
331
67E
  5
671
331
67F
  5
672
331
680
  5
673
331
681
  5
674
331
682
  5
675
331
683
  5
676
331
684
  5
677
331
685
  5
678
331
686
  5
679
331
687
  5
67A
331
688
  5
67B
331
689
  5
67C
331
68A
  5
67D
331
68B
  5
67E
331
68C
  5
67F
331
68D
  5
680
331
68E
  5
681
331
68F
  5
682
331
690
  5
683
331
691
  5
684
331
692
  5
685
331
693
  5
686
331
694
  5
687
331
695
  5
688
331
696
  5
689
331
697
  5
68A
331
698
  5
68B
331
699
  5
68C
331
69A
  5
68D
331
69B
  5
68E
331
69C
  5
690
331
69D
  5
691
331
69E
  5
692
331
69F
  5
693
331
6A0
  5
694
331
6A1
  5
695
331
6A2
  5
696
331
6A3
  5
697
331
6A4
  5
698
331
6A5
  5
699
331
6A6
  5
69A
331
6A7
  5
69B
331
6A8
  5
69C
331
6A9
  5
69D
331
6AA
  5
69E
331
6AB
  5
69F
331
6AC
  5
6A0
331
6AD
  5
6A1
331
6AE
  5
6A2
331
6AF
  5
6A3
331
6B0
  5
6A4
331
6B1
  5
6A5
331
6B2
  5
6A6
331
6B3
  5
6A7
331
6B4
  5
6A8
331
6B5
  5
6A9
331
6B6
  5
6AA
331
6B7
  5
6AB
331
6B8
  5
6AC
331
6B9
  5
6AD
331
6BA
  5
6AE
331
6BB
  5
6AF
331
6BC
  5
6B0
331
6BD
  5
6B1
331
6BE
  5
6B2
331
6BF
  5
6B3
331
6C0
  5
6B4
331
6C1
  5
6B5
331
6C2
  5
6B6
331
6C3
  5
6B7
331
6C4
  5
6B8
331
6C5
  5
6B9
331
6C6
  5
6BA
331
6C7
  5
6BB
331
6C8
  5
6BC
331
6C9
  5
6BD
331
6CA
  5
6BE
331
6CB
  5
6BF
331
6CC
  5
6C0
331
6CD
  5
6C1
331
6CE
  5
6C2
331
6CF
  5
6C3
331
6D0
  5
6C4
331
6D1
  5
6C5
331
6D2
  5
6C6
331
6D3
  5
6C7
331
6D4
  5
6C8
331
6D5
  5
6C9
331
6D6
  5
6CA
331
6D7
  5
6CB
331
6D8
  5
6CD
331
6D9
  5
6CE
331
6DA
  5
6CF
331
6DB
  5
6D0
331
6DC
  5
6D1
331
6DD
  5
6D2
331
6DE
  5
6D3
331
6DF
  5
6D4
331
6E0
  5
6D5
331
6E1
  5
6D6
331
6E2
  5
6D7
331
6E3
  5
6D8
331
6E4
  5
6D9
331
6E5
  5
6DA
331
6E6
  5
6DB
331
6E7
  5
6DC
331
6E8
  5
6DD
331
6E9
  5
6DE
331
6EA
  5
6DF
331
6EB
  5
6E0
331
6EC
  5
6E1
331
6ED
  5
6E2
331
6EE
  5
6E3
331
6EF
  5
6E4
331
6F0
  5
6E5
331
6F1
  5
6E6
331
6F2
  5
6E7
331
6F3
  5
6E8
331
6F4
  5
6E9
331
6F5
  5
6EA
331
6F6
  5
6EB
331
6F7
  5
6EC
331
6F8
  5
6ED
331
6F9
  5
6EE
331
6FA
  5
6EF
331
6FB
  5
6F0
331
6FC
  5
6F1
331
6FD
  5
6F2
331
6FE
  5
6F3
331
6FF
  5
6F4
331
700
  5
6F5
331
701
  5
6F6
331
702
  5
6F7
331
703
  5
6F8
331
704
  5
6F9
331
705
  5
6FA
331
706
  5
6FB
331
707
  5
6FC
331
708
  5
6FD
331
709
  5
6FE
331
70A
  5
6FF
331
70B
  5
700
331
70C
  5
701
331
70D
  5
702
331
70E
  5
703
331
70F
  5
704
331
710
  5
705
331
711
  5
706
331
712
  5
707
331
713
  5
708
331
714
  5
709
331
715
  5
70A
331
716
  5
70C
331
717
  5
70D
331
718
  5
70E
331
719
  5
70F
331
71A
  5
710
331
71B
  5
711
331
71C
  5
712
331
71D
  5
713
331
71E
  5
714
331
71F
  5
715
331
720
  5
716
331
721
  5
717
331
722
  5
718
331
723
  5
719
331
724
  5
71A
331
725
  5
71B
331
726
  5
71C
331
727
  5
71D
331
728
  5
71E
331
729
  5
71F
331
72A
  5
720
331
72B
  5
721
331
72C
  5
722
331
72D
  5
723
331
72E
  5
724
331
72F
  5
725
331
730
  5
726
331
731
  5
727
331
732
  5
728
331
733
  5
729
331
734
  5
72A
331
735
  5
72B
331
736
  5
72C
331
737
  5
72D
331
738
  5
72E
331
739
  5
72F
331
73A
  5
730
331
73B
  5
731
331
73C
  5
732
331
73D
  5
733
331
73E
  5
734
331
73F
  5
735
331
740
  5
736
331
741
  5
737
331
742
  5
738
331
743
  5
739
331
744
  5
73A
331
745
  5
73B
331
746
  5
73C
331
747
  5
73D
331
748
  5
73E
331
749
  5
73F
331
74A
  5
740
331
74B
  5
741
331
74C
  5
742
331
74D
  5
743
331
74E
  5
744
331
74F
  5
745
331
750
  5
746
331
751
  5
747
331
752
  5
749
331
753
  5
74A
331
754
  5
74B
331
755
  5
74C
331
756
  5
74D
331
757
  5
74E
331
758
  5
74F
331
759
  5
750
331
75A
  5
751
331
75B
  5
752
331
75C
  5
753
331
75D
  5
754
331
75E
  5
755
331
75F
  5
756
331
760
  5
757
331
761
  5
758
331
762
  5
759
331
763
  5
75A
331
764
  5
75B
331
765
  5
75C
331
766
  5
75D
331
767
  5
75E
331
768
  5
75F
331
769
  5
760
331
76A
  5
761
331
76B
  5
762
331
76C
  5
763
331
76D
  5
764
331
76E
  5
765
331
76F
  5
766
331
770
  5
767
331
771
  5
768
331
772
  5
769
331
773
  5
76A
331
774
  5
76B
331
775
  5
76C
331
776
  5
76D
331
777
  5
76E
331
778
  5
76F
331
779
  5
770
331
77A
  5
771
331
77B
  5
772
331
77C
  5
773
331
77D
  5
774
331
77E
  5
775
331
77F
  5
776
331
780
  5
777
331
781
  5
778
331
782
  5
779
331
783
  5
77A
331
784
  5
77B
331
785
  5
77C
331
786
  5
77D
331
787
  5
77E
331
788
  5
77F
331
789
  5
780
331
78A
  5
781
331
78B
  5
782
331
78C
  5
783
331
78D
  5
784
331
78E
  5
786
331
78F
  5
787
331
790
  5
788
331
791
  5
789
331
792
  5
78A
331
793
  5
78B
331
794
  5
78C
331
795
  5
78D
331
796
  5
78E
331
797
  5
78F
331
798
  5
790
331
799
  5
791
331
79A
  5
792
331
79B
  5
793
331
79C
  5
794
331
79D
  5
795
331
79E
  5
796
331
79F
  5
797
331
7A0
  5
798
331
7A1
  5
799
331
7A2
  5
79A
331
7A3
  5
79B
331
7A4
  5
79C
331
7A5
  5
79D
331
7A6
  5
79E
331
7A7
  5
79F
331
7A8
  5
7A0
331
7A9
  5
7A1
331
7AA
  5
7A2
331
7AB
  5
7A3
331
7AC
  5
7A4
331
7AD
  5
7A5
331
7AE
  5
7A6
331
7AF
  5
7A7
331
7B0
  5
7A8
331
7B1
  5
7A9
331
7B2
  5
7AA
331
7B3
  5
7AB
331
7B4
  5
7AC
331
7B5
  5
7AD
331
7B6
  5
7AE
331
7B7
  5
7AF
331
7B8
  5
7B0
331
7B9
  5
7B1
331
7BA
  5
7B2
331
7BB
  5
7B3
331
7BC
  5
7B4
331
7BD
  5
7B5
331
7BE
  5
7B6
331
7BF
  5
7B7
331
7C0
  5
7B8
331
7C1
  5
7B9
331
7C2
  5
7BA
331
7C3
  5
7BB
331
7C4
  5
7BC
331
7C5
  5
7BD
331
7C6
  5
7BE
331
7C7
  5
7BF
331
7C8
  5
7C0
331
7C9
  5
7C1
331
7CA
  5
7C2
331
7CB
  5
7C3
331
7CC
  5
7C4
331
7CD
  5
7C5
331
7CE
  5
7C6
331
7CF
  5
7C7
331
7D0
  5
7C8
331
7D1
  5
7C9
331
7D2
  5
7CA
331
7D3
  5
7CB
331
7D4
  5
7CC
331
7D5
  5
7CD
  0
XRECORD
  5
617
102
{ACAD_REACTORS
330
606
102
}
330
606
100
AcDbXrecord
280
     1
160
        1765662112
 70
  1214
  1
13.2.890.0
  1
C3D-Civil3D-Civil3D-r2020%2Ffcs_890.0
  1
Autodesk Civil 3D
  1
13.2.890.0
  1
ACAD-3001:419
  0
ACDBDETAILVIEWSTYLE
  5
5FF
102
{ACAD_REACTORS
330
5FE
102
}
330
5FE
100
AcDbModelDocViewStyle
 70
     0
  3
Imperial24
290
     0
300
Imperial24
 90
        0
100
AcDbDetailViewStyle
 70
     0
 71
     0
 90
        3
 71
     1
340
27
 62
   256
 40
0.24
340
0
 62
   256
 40
0.24
300

 40
0.36
280
     3
 71
     2
340
13
 90
       25
 62
   256
 71
     3
340
27
 62
   256
 40
0.24
 90
        1
 40
0.75
 90
        1
300
%<\AcVar ViewType \f "%tc1">% %<\AcVar ViewDetailId>%\PМАСШТАБ %<\AcVar ViewScale \f "%sn">%
 71
     4
340
13
 90
       25
 62
   256
340
13
 90
       25
 62
   256
280
     0
  0
LAYOUT
  5
1D
102
{ACAD_REACTORS
330
17
102
}
102
{ACAD_XDICTIONARY
360
1E
102
}
330
17
100
AcDbPlotSettings
  1

  2
none_device
  4
Letter_(8.50_x_11.00_Inches)
  6

 40
6.349999904632568
 41
6.349999904632568
 42
6.350006103515625
 43
6.350006103515625
 44
215.8999938964844
 45
279.3999938964844
 46
0.0
 47
0.0
 48
0.0
 49
0.0
140
0.0
141
0.0
142
1.0
143
1.0
 70
   688
 72
     0
 73
     1
 74
     5
  7

 75
    16
 76
     0
 77
     2
 78
   300
147
1.0
148
0.0
149
0.0
100
AcDbLayout
  1
Layout1
 70
     0
 71
     1
 10
-0.2500002402958907
 20
-0.2499999962453767
 11
10.74999951940822
 21
8.249999763458732
 12
0.0
 22
0.0
 32
0.0
 14
1.049999952316284
 24
0.7999999523162842
 34
0.0
 15
9.449999570846556
 25
7.199999570846557
 35
0.0
146
0.0
 13
0.0
 23
0.0
 33
0.0
 16
1.0
 26
0.0
 36
0.0
 17
0.0
 27
1.0
 37
0.0
 76
     0
330
1A
1001
ACAD_PSEXT
1000
None
1000
None
1000
Not applicable
1000
The layout will not be plotted unless a new plotter configuration name is selected.
1070
     0
  0
LAYOUT
  5
16
102
{ACAD_REACTORS
330
17
102
}
102
{ACAD_XDICTIONARY
360
18
102
}
330
17
100
AcDbPlotSettings
  1

  2
none_device
  4
ANSI_A_(8.50_x_11.00_Inches)
  6

 40
6.349999904632568
 41
19.04999923706055
 42
6.350006103515625
 43
19.04998779296875
 44
215.8999938964844
 45
279.3999938964844
 46
0.0
 47
0.0
 48
0.0
 49
0.0
140
0.0
141
0.0
142
1.0
143
2.584895464708374
 70
 11952
 72
     0
 73
     1
 74
     0
  7

 75
     0
 76
     0
 77
     2
 78
   300
147
0.3868628397755418
148
0.0
149
0.0
100
AcDbLayout
  1
Model
 70
     1
 71
     0
 10
0.0
 20
0.0
 11
12.0
 21
9.0
 12
0.0
 22
0.0
 32
0.0
 14
0.0
 24
0.0
 34
0.0
 15
0.0
 25
0.0
 35
0.0
146
0.0
 13
0.0
 23
0.0
 33
0.0
 16
1.0
 26
0.0
 36
0.0
 17
0.0
 27
1.0
 37
0.0
 76
     0
330
2
331
2F
  0
MATERIAL
  5
41
102
{ACAD_REACTORS
330
B
102
}
330
B
100
AcDbMaterial
  1
ByBlock
 72
     0
 73
     2
 43
0.0208333333333333
 43
0.0
 43
0.0
 43
0.0
 43
0.0
 43
0.0208333333333333
 43
0.0
 43
0.0
 43
0.0
 43
0.0
 43
1.0
 43
0.0
 43
0.0
 43
0.0
 43
0.0
 43
1.0
 77
     0
 78
     2
 47
0.0208333333333333
 47
0.0
 47
0.0
 47
0.0
 47
0.0
 47
0.0208333333333333
 47
0.0
 47
0.0
 47
0.0
 47
0.0
 47
1.0
 47
0.0
 47
0.0
 47
0.0
 47
0.0
 47
1.0
171
     0
172
     2
 49
0.0208333333333333
 49
0.0
 49
0.0
 49
0.0
 49
0.0
 49
0.0208333333333333
 49
0.0
 49
0.0
 49
0.0
 49
0.0
 49
1.0
 49
0.0
 49
0.0
 49
0.0
 49
0.0
 49
1.0
175
     0
176
     2
142
0.0208333333333333
142
0.0
142
0.0
142
0.0
142
0.0
142
0.0208333333333333
142
0.0
142
0.0
142
0.0
142
0.0
142
1.0
142
0.0
142
0.0
142
0.0
142
0.0
142
1.0
179
     0
270
     2
144
0.0208333333333333
144
0.0
144
0.0
144
0.0
144
0.0
144
0.0208333333333333
144
0.0
144
0.0
144
0.0
144
0.0
144
1.0
144
0.0
144
0.0
144
0.0
144
0.0
144
1.0
274
     2
147
0.0208333333333333
147
0.0
147
0.0
147
0.0
147
0.0
147
0.0208333333333333
147
0.0
147
0.0
147
0.0
147
0.0
147
1.0
147
0.0
147
0.0
147
0.0
147
0.0
147
1.0
 94
      127
  0
MATERIAL
  5
39
102
{ACAD_REACTORS
330
B
102
}
330
B
100
AcDbMaterial
  1
ByLayer
 72
     0
 73
     2
 43
0.0208333333333333
 43
0.0
 43
0.0
 43
0.0
 43
0.0
 43
0.0208333333333333
 43
0.0
 43
0.0
 43
0.0
 43
0.0
 43
1.0
 43
0.0
 43
0.0
 43
0.0
 43
0.0
 43
1.0
 77
     0
 78
     2
 47
0.0208333333333333
 47
0.0
 47
0.0
 47
0.0
 47
0.0
 47
0.0208333333333333
 47
0.0
 47
0.0
 47
0.0
 47
0.0
 47
1.0
 47
0.0
 47
0.0
 47
0.0
 47
0.0
 47
1.0
171
     0
172
     2
 49
0.0208333333333333
 49
0.0
 49
0.0
 49
0.0
 49
0.0
 49
0.0208333333333333
 49
0.0
 49
0.0
 49
0.0
 49
0.0
 49
1.0
 49
0.0
 49
0.0
 49
0.0
 49
0.0
 49
1.0
175
     0
176
     2
142
0.0208333333333333
142
0.0
142
0.0
142
0.0
142
0.0
142
0.0208333333333333
142
0.0
142
0.0
142
0.0
142
0.0
142
1.0
142
0.0
142
0.0
142
0.0
142
0.0
142
1.0
179
     0
270
     2
144
0.0208333333333333
144
0.0
144
0.0
144
0.0
144
0.0
144
0.0208333333333333
144
0.0
144
0.0
144
0.0
144
0.0
144
1.0
144
0.0
144
0.0
144
0.0
144
0.0
144
1.0
274
     2
147
0.0208333333333333
147
0.0
147
0.0
147
0.0
147
0.0
147
0.0208333333333333
147
0.0
147
0.0
147
0.0
147
0.0
147
1.0
147
0.0
147
0.0
147
0.0
147
0.0
147
1.0
 94
      127
  0
MATERIAL
  5
A
102
{ACAD_REACTORS
330
B
102
}
330
B
100
AcDbMaterial
  1
Global
 72
     0
 73
     2
 43
0.0208333333333333
 43
0.0
 43
0.0
 43
0.0
 43
0.0
 43
0.0208333333333333
 43
0.0
 43
0.0
 43
0.0
 43
0.0
 43
1.0
 43
0.0
 43
0.0
 43
0.0
 43
0.0
 43
1.0
 77
     0
 78
     2
 47
0.0208333333333333
 47
0.0
 47
0.0
 47
0.0
 47
0.0
 47
0.0208333333333333
 47
0.0
 47
0.0
 47
0.0
 47
0.0
 47
1.0
 47
0.0
 47
0.0
 47
0.0
 47
0.0
 47
1.0
171
     0
172
     2
 49
0.0208333333333333
 49
0.0
 49
0.0
 49
0.0
 49
0.0
 49
0.0208333333333333
 49
0.0
 49
0.0
 49
0.0
 49
0.0
 49
1.0
 49
0.0
 49
0.0
 49
0.0
 49
0.0
 49
1.0
175
     0
176
     2
142
0.0208333333333333
142
0.0
142
0.0
142
0.0
142
0.0
142
0.0208333333333333
142
0.0
142
0.0
142
0.0
142
0.0
142
1.0
142
0.0
142
0.0
142
0.0
142
0.0
142
1.0
179
     0
270
     2
144
0.0208333333333333
144
0.0
144
0.0
144
0.0
144
0.0
144
0.0208333333333333
144
0.0
144
0.0
144
0.0
144
0.0
144
1.0
144
0.0
144
0.0
144
0.0
144
0.0
144
1.0
274
     2
147
0.0208333333333333
147
0.0
147
0.0
147
0.0
147
0.0
147
0.0208333333333333
147
0.0
147
0.0
147
0.0
147
0.0
147
1.0
147
0.0
147
0.0
147
0.0
147
0.0
147
1.0
 94
      127
  0
MLEADERSTYLE
  5
5FB
102
{ACAD_REACTORS
330
4C
102
}
330
4C
100
AcDbMLeaderStyle
179
     2
170
     2
171
     1
172
     0
 90
        2
 40
0.0
 41
0.0
173
     1
 91
-1056964608
340
2A
 92
       -2
290
     1
 42
0.09
291
     1
 43
0.36
  3
Standard
341
0
 44
0.18
300

342
27
174
     1
178
     6
175
     1
176
     0
 93
-1056964608
 45
0.18
292
     0
297
     0
 46
0.18
343
0
 94
-1056964608
 47
1.0
 49
1.0
140
1.0
293
     1
141
0.0
294
     1
177
     0
142
1.0
295
     1
296
     0
143
0.125
271
     0
272
     9
273
     9
298
     1
  0
MLINESTYLE
  5
59
102
{ACAD_REACTORS
330
36
102
}
330
36
100
AcDbMlineStyle
  2
STANDARD
 70
     0
  3

 62
   256
 51
90.0
 52
90.0
 71
     2
 49
0.5
 62
   256
  6
BYLAYER
 49
-0.5
 62
   256
  6
BYLAYER
  0
MLINESTYLE
  5
54
102
{ACAD_REACTORS
330
36
102
}
330
36
100
AcDbMlineStyle
  2
ТРУБА_4_БД_20М_ПР200
 70
   272
  3

 62
     7
 51
90.0
 52
90.0
 71
     3
 49
0.25
 62
     7
  6
Continuous
 49
0.0
 62
     1
  6
Continuous
 49
-0.25
 62
     7
  6
Continuous
  0
ACDBPLACEHOLDER
  5
7
102
{ACAD_REACTORS
330
8
102
}
330
8
  0
SCALE
  5
5A
102
{ACAD_REACTORS
330
4A
102
}
330
4A
100
AcDbScale
 70
     0
300
1:1
140
1.0
141
1.0
290
     1
  0
SCALE
  5
5B
102
{ACAD_REACTORS
330
4A
102
}
330
4A
100
AcDbScale
 70
     0
300
1:2
140
1.0
141
2.0
290
     0
  0
SCALE
  5
5C
102
{ACAD_REACTORS
330
4A
102
}
330
4A
100
AcDbScale
 70
     0
300
1:4
140
1.0
141
4.0
290
     0
  0
SCALE
  5
5D
102
{ACAD_REACTORS
330
4A
102
}
330
4A
100
AcDbScale
 70
     0
300
1:5
140
1.0
141
5.0
290
     0
  0
SCALE
  5
5E
102
{ACAD_REACTORS
330
4A
102
}
330
4A
100
AcDbScale
 70
     0
300
1:8
140
1.0
141
8.0
290
     0
  0
SCALE
  5
5F
102
{ACAD_REACTORS
330
4A
102
}
330
4A
100
AcDbScale
 70
     0
300
1:10
140
1.0
141
10.0
290
     0
  0
SCALE
  5
60
102
{ACAD_REACTORS
330
4A
102
}
330
4A
100
AcDbScale
 70
     0
300
1:16
140
1.0
141
16.0
290
     0
  0
SCALE
  5
61
102
{ACAD_REACTORS
330
4A
102
}
330
4A
100
AcDbScale
 70
     0
300
1:20
140
1.0
141
20.0
290
     0
  0
SCALE
  5
62
102
{ACAD_REACTORS
330
4A
102
}
330
4A
100
AcDbScale
 70
     0
300
1:30
140
1.0
141
30.0
290
     0
  0
SCALE
  5
63
102
{ACAD_REACTORS
330
4A
102
}
330
4A
100
AcDbScale
 70
     0
300
1:40
140
1.0
141
40.0
290
     0
  0
SCALE
  5
64
102
{ACAD_REACTORS
330
4A
102
}
330
4A
100
AcDbScale
 70
     0
300
1:50
140
1.0
141
50.0
290
     0
  0
SCALE
  5
65
102
{ACAD_REACTORS
330
4A
102
}
330
4A
100
AcDbScale
 70
     0
300
1:100
140
1.0
141
100.0
290
     0
  0
SCALE
  5
66
102
{ACAD_REACTORS
330
4A
102
}
330
4A
100
AcDbScale
 70
     0
300
2:1
140
2.0
141
1.0
290
     0
  0
SCALE
  5
67
102
{ACAD_REACTORS
330
4A
102
}
330
4A
100
AcDbScale
 70
     0
300
4:1
140
4.0
141
1.0
290
     0
  0
SCALE
  5
68
102
{ACAD_REACTORS
330
4A
102
}
330
4A
100
AcDbScale
 70
     0
300
8:1
140
8.0
141
1.0
290
     0
  0
SCALE
  5
69
102
{ACAD_REACTORS
330
4A
102
}
330
4A
100
AcDbScale
 70
     0
300
10:1
140
10.0
141
1.0
290
     0
  0
SCALE
  5
6A
102
{ACAD_REACTORS
330
4A
102
}
330
4A
100
AcDbScale
 70
     0
300
100:1
140
100.0
141
1.0
290
     0
  0
SCALE
  5
6B
102
{ACAD_REACTORS
330
4A
102
}
330
4A
100
AcDbScale
 70
     0
300
1/128" = 1'-0"
140
0.0078125
141
12.0
290
     0
  0
SCALE
  5
6C
102
{ACAD_REACTORS
330
4A
102
}
330
4A
100
AcDbScale
 70
     0
300
1/64" = 1'-0"
140
0.015625
141
12.0
290
     0
  0
SCALE
  5
6D
102
{ACAD_REACTORS
330
4A
102
}
330
4A
100
AcDbScale
 70
     0
300
1/32" = 1'-0"
140
0.03125
141
12.0
290
     0
  0
SCALE
  5
6E
102
{ACAD_REACTORS
330
4A
102
}
330
4A
100
AcDbScale
 70
     0
300
1/16" = 1'-0"
140
0.0625
141
12.0
290
     0
  0
SCALE
  5
6F
102
{ACAD_REACTORS
330
4A
102
}
330
4A
100
AcDbScale
 70
     0
300
3/32" = 1'-0"
140
0.09375
141
12.0
290
     0
  0
SCALE
  5
70
102
{ACAD_REACTORS
330
4A
102
}
330
4A
100
AcDbScale
 70
     0
300
1/8" = 1'-0"
140
0.125
141
12.0
290
     0
  0
SCALE
  5
71
102
{ACAD_REACTORS
330
4A
102
}
330
4A
100
AcDbScale
 70
     0
300
3/16" = 1'-0"
140
0.1875
141
12.0
290
     0
  0
SCALE
  5
72
102
{ACAD_REACTORS
330
4A
102
}
330
4A
100
AcDbScale
 70
     0
300
1/4" = 1'-0"
140
0.25
141
12.0
290
     0
  0
SCALE
  5
73
102
{ACAD_REACTORS
330
4A
102
}
330
4A
100
AcDbScale
 70
     0
300
3/8" = 1'-0"
140
0.375
141
12.0
290
     0
  0
SCALE
  5
74
102
{ACAD_REACTORS
330
4A
102
}
330
4A
100
AcDbScale
 70
     0
300
1/2" = 1'-0"
140
0.5
141
12.0
290
     0
  0
SCALE
  5
75
102
{ACAD_REACTORS
330
4A
102
}
330
4A
100
AcDbScale
 70
     0
300
3/4" = 1'-0"
140
0.75
141
12.0
290
     0
  0
SCALE
  5
76
102
{ACAD_REACTORS
330
4A
102
}
330
4A
100
AcDbScale
 70
     0
300
1" = 1'-0"
140
1.0
141
12.0
290
     0
  0
SCALE
  5
77
102
{ACAD_REACTORS
330
4A
102
}
330
4A
100
AcDbScale
 70
     0
300
1-1/2" = 1'-0"
140
1.5
141
12.0
290
     0
  0
SCALE
  5
78
102
{ACAD_REACTORS
330
4A
102
}
330
4A
100
AcDbScale
 70
     0
300
3" = 1'-0"
140
3.0
141
12.0
290
     0
  0
SCALE
  5
79
102
{ACAD_REACTORS
330
4A
102
}
330
4A
100
AcDbScale
 70
     0
300
6" = 1'-0"
140
6.0
141
12.0
290
     0
  0
SCALE
  5
7A
102
{ACAD_REACTORS
330
4A
102
}
330
4A
100
AcDbScale
 70
     0
300
1'-0" = 1'-0"
140
12.0
141
12.0
290
     0
  0
ACDBSECTIONVIEWSTYLE
  5
5FD
102
{ACAD_REACTORS
330
5FC
102
}
330
5FC
100
AcDbModelDocViewStyle
 70
     0
  3
Imperial24
290
     0
300
Imperial24
 90
        0
100
AcDbSectionViewStyle
 70
     0
 71
     0
 90
       78
 71
     1
340
27
 62
   256
 40
0.24
340
0
340
0
 62
   256
 40
0.24
300
I, O, Q, S, X, Z
 40
0.48
 90
        3
 40
0.18
 90
        1
 71
     2
340
13
 90
       25
 62
   256
340
13
 90
       50
 62
   256
 40
0.24
 40
0.0
 40
0.24
 71
     3
340
27
 62
   256
 40
0.24
 90
        1
 40
0.75
 90
        1
300
%<\AcVar ViewType \f "%tc1">% %<\AcVar ViewSectionStartId>%-%<\AcVar ViewSectionEndId>%\PМАСШТАБ %<\AcVar ViewScale \f "%sn">%
 71
     4
 62
   256
 62
   257
300
ANSI31
 40
1.0
 90
        0
290
     0
290
     0
 90
        6
 40
0.0
 40
1.570796326794897
 40
0.2617993877991494
 40
1.308996938995747
 40
-0.2617993877991494
 40
1.832595714594046
  0
TABLESTYLE
  5
55
102
{ACAD_REACTORS
330
4B
102
}
102
{ACAD_XDICTIONARY
360
7E5
102
}
330
4B
100
AcDbTableStyle
  3
Standard
 70
     0
 71
     0
 40
0.06
 41
0.06
280
     0
281
     0
  7
Standard
140
0.18
170
     2
 62
     0
 63
   257
283
     0
 90
        4
 91
        0
  1

274
    -2
284
     1
 64
     0
275
    -2
285
     1
 65
     0
276
    -2
286
     1
 66
     0
277
    -2
287
     1
 67
     0
278
    -2
288
     1
 68
     0
279
    -2
289
     1
 69
     0
  7
Standard
140
0.25
170
     5
 62
     0
 63
   257
283
     0
 90
        4
 91
        0
  1

274
    -2
284
     1
 64
     0
275
    -2
285
     1
 65
     0
276
    -2
286
     1
 66
     0
277
    -2
287
     1
 67
     0
278
    -2
288
     1
 68
     0
279
    -2
289
     1
 69
     0
  7
Standard
140
0.18
170
     5
 62
     0
 63
   257
283
     0
 90
        4
 91
        0
  1

274
    -2
284
     1
 64
     0
275
    -2
285
     1
 65
     0
276
    -2
286
     1
 66
     0
277
    -2
287
     1
 67
     0
278
    -2
288
     1
 68
     0
279
    -2
289
     1
 69
     0
  0
VISUALSTYLE
  5
5EA
102
{ACAD_REACTORS
330
38
102
}
330
38
100
AcDbVisualStyle
  2
2dWireframe
 70
     4
177
     3
291
     0
 70
    58
 90
        0
176
     1
 90
        2
176
     1
 90
        0
176
     1
 90
        0
176
     1
 40
0.6
176
     1
 40
30.0
176
     1
 62
     7
420
 16777215
176
     1
 90
        1
176
     1
 90
        4
176
     1
 62
     7
176
     1
 62
   257
176
     1
 90
        1
176
     1
 90
        1
176
     1
 40
1.0
176
     1
 90
        0
176
     1
 62
   257
176
     1
 40
1.0
176
     1
 90
        1
176
     1
 90
        6
176
     1
 90
        2
176
     1
 62
     7
176
     1
 90
        5
176
     1
 90
        0
176
     1
 90
        0
176
     1
290
     0
176
     1
 90
        1
176
     1
 40
0.0
176
     1
 90
        0
176
     1
290
     1
176
     1
290
     1
176
     1
290
     0
176
     1
290
     0
176
     1
290
     0
176
     1
290
     0
176
     1
290
     0
176
     1
290
     0
176
     1
290
     0
176
     1
 90
       50
176
     1
 40
0.0
176
     1
 40
1.0
176
     1
 90
        0
176
     1
 62
    18
420
        0
176
     1
 90
       50
176
     1
 90
        3
176
     1
 62
     5
420
      255
176
     1
290
     0
176
     1
 90
       50
176
     1
 90
       50
176
     1
 90
       50
176
     1
290
     0
176
     1
 90
       50
176
     1
 62
   256
176
     0
 40
1.0
176
     0
 90
        2
176
     1
  1
strokes_ogs.tif
176
     1
290
     0
176
     1
 40
1.0
176
     1
 40
1.0
176
     1
  0
VISUALSTYLE
  5
5E9
102
{ACAD_REACTORS
330
38
102
}
330
38
100
AcDbVisualStyle
  2
Basic
 70
     7
177
     3
291
     1
 70
    58
 90
        1
176
     1
 90
        0
176
     1
 90
        1
176
     1
 90
        0
176
     1
 40
0.6
176
     1
 40
30.0
176
     1
 62
     7
420
 16777215
176
     1
 90
        0
176
     1
 90
        4
176
     1
 62
     7
176
     1
 62
   257
176
     1
 90
        1
176
     1
 90
        1
176
     1
 40
1.0
176
     1
 90
        8
176
     1
 62
     7
176
     1
 40
1.0
176
     1
 90
        1
176
     1
 90
        6
176
     1
 90
        2
176
     1
 62
     7
176
     1
 90
        5
176
     1
 90
        0
176
     1
 90
        0
176
     1
290
     0
176
     1
 90
        1
176
     1
 40
0.0
176
     1
 90
        0
176
     1
290
     0
176
     1
290
     1
176
     1
290
     1
176
     1
290
     0
176
     1
290
     0
176
     1
290
     0
176
     1
290
     0
176
     1
290
     0
176
     1
290
     0
176
     1
 90
       50
176
     1
 40
0.0
176
     1
 40
1.0
176
     1
 90
        0
176
     1
 62
    18
420
        0
176
     1
 90
       50
176
     1
 90
        3
176
     1
 62
     5
420
      255
176
     1
290
     0
176
     1
 90
       50
176
     1
 90
       50
176
     1
 90
       50
176
     1
290
     0
176
     1
 90
       50
176
     1
 62
   256
176
     0
 40
1.0
176
     0
 90
        2
176
     1
  1
strokes_ogs.tif
176
     1
290
     0
176
     1
 40
1.0
176
     1
 40
1.0
176
     1
  0
VISUALSTYLE
  5
5EE
102
{ACAD_REACTORS
330
38
102
}
330
38
100
AcDbVisualStyle
  2
Brighten
 70
    12
177
     3
291
     1
 70
    58
 90
        2
176
     1
 90
        2
176
     1
 90
        0
176
     1
 90
        0
176
     1
 40
0.6
176
     1
 40
30.0
176
     1
 62
     7
420
 16777215
176
     1
 90
        1
176
     1
 90
        4
176
     1
 62
     7
176
     1
 62
   257
176
     1
 90
        1
176
     1
 90
        1
176
     1
 40
1.0
176
     1
 90
        8
176
     1
 62
     7
176
     1
 40
1.0
176
     1
 90
        1
176
     1
 90
        6
176
     1
 90
        2
176
     1
 62
     7
176
     1
 90
        5
176
     1
 90
        0
176
     1
 90
        0
176
     1
290
     0
176
     1
 90
        1
176
     1
 40
50.0
176
     1
 90
        0
176
     1
290
     0
176
     1
290
     1
176
     1
290
     1
176
     1
290
     0
176
     1
290
     0
176
     1
290
     0
176
     1
290
     0
176
     1
290
     0
176
     1
290
     0
176
     1
 90
       50
176
     1
 40
0.0
176
     1
 40
1.0
176
     1
 90
        0
176
     1
 62
    18
420
        0
176
     1
 90
       50
176
     1
 90
        3
176
     1
 62
     5
420
      255
176
     1
290
     0
176
     1
 90
       50
176
     1
 90
       50
176
     1
 90
       50
176
     1
290
     0
176
     1
 90
       50
176
     1
 62
   256
176
     0
 40
1.0
176
     0
 90
        2
176
     1
  1
strokes_ogs.tif
176
     1
290
     0
176
     1
 40
1.0
176
     1
 40
1.0
176
     1
  0
VISUALSTYLE
  5
5F2
102
{ACAD_REACTORS
330
38
102
}
330
38
100
AcDbVisualStyle
  2
ColorChange
 70
    16
177
     3
291
     1
 70
    58
 90
        2
176
     1
 90
        2
176
     1
 90
        3
176
     1
 90
        0
176
     1
 40
0.6
176
     1
 40
30.0
176
     1
 62
     8
420
  8421504
176
     1
 90
        1
176
     1
 90
        4
176
     1
 62
     7
176
     1
 62
   257
176
     1
 90
        1
176
     1
 90
        1
176
     1
 40
1.0
176
     1
 90
        8
176
     1
 62
     8
420
  8421504
176
     1
 40
1.0
176
     1
 90
        1
176
     1
 90
        6
176
     1
 90
        2
176
     1
 62
     7
176
     1
 90
        5
176
     1
 90
        0
176
     1
 90
        0
176
     1
290
     0
176
     1
 90
        1
176
     1
 40
0.0
176
     1
 90
        0
176
     1
290
     0
176
     1
290
     1
176
     1
290
     1
176
     1
290
     0
176
     1
290
     0
176
     1
290
     0
176
     1
290
     0
176
     1
290
     0
176
     1
290
     0
176
     1
 90
       50
176
     1
 40
0.0
176
     1
 40
1.0
176
     1
 90
        0
176
     1
 62
    18
420
        0
176
     1
 90
       50
176
     1
 90
        3
176
     1
 62
     5
420
      255
176
     1
290
     0
176
     1
 90
       50
176
     1
 90
       50
176
     1
 90
       50
176
     1
290
     0
176
     1
 90
       50
176
     1
 62
   256
176
     0
 40
1.0
176
     0
 90
        2
176
     1
  1
strokes_ogs.tif
176
     1
290
     0
176
     1
 40
1.0
176
     1
 40
1.0
176
     1
  0
VISUALSTYLE
  5
5EC
102
{ACAD_REACTORS
330
38
102
}
330
38
100
AcDbVisualStyle
  2
Conceptual
 70
     9
177
     3
291
     0
 70
    58
 90
        3
176
     1
 90
        2
176
     1
 90
        0
176
     1
 90
        0
176
     1
 40
0.6
176
     1
 40
30.0
176
     1
 62
     7
420
 16777215
176
     1
 90
        2
176
     1
 90
        2
176
     1
 62
     7
176
     1
 62
   257
176
     1
 90
        1
176
     1
 90
        1
176
     1
 40
179.0
176
     1
 90
        8
176
     1
 62
     7
176
     1
 40
1.0
176
     1
 90
        1
176
     1
 90
        6
176
     1
 90
        2
176
     1
 62
     7
176
     1
 90
        3
176
     1
 90
        0
176
     1
 90
        0
176
     1
290
     0
176
     1
 90
        1
176
     1
 40
0.0
176
     1
 90
        0
176
     1
290
     0
176
     1
290
     1
176
     1
290
     1
176
     1
290
     0
176
     1
290
     0
176
     1
290
     0
176
     1
290
     0
176
     1
290
     0
176
     1
290
     0
176
     1
 90
       50
176
     1
 40
0.0
176
     1
 40
1.0
176
     1
 90
        0
176
     1
 62
    18
420
        0
176
     1
 90
       50
176
     1
 90
        3
176
     1
 62
     5
420
      255
176
     1
290
     0
176
     1
 90
       50
176
     1
 90
       50
176
     1
 90
       50
176
     1
290
     0
176
     1
 90
       50
176
     1
 62
   256
176
     0
 40
1.0
176
     0
 90
        2
176
     1
  1
strokes_ogs.tif
176
     1
290
     0
176
     1
 40
1.0
176
     1
 40
1.0
176
     1
  0
VISUALSTYLE
  5
5ED
102
{ACAD_REACTORS
330
38
102
}
330
38
100
AcDbVisualStyle
  2
Dim
 70
    11
177
     3
291
     1
 70
    58
 90
        2
176
     1
 90
        2
176
     1
 90
        0
176
     1
 90
        0
176
     1
 40
0.6
176
     1
 40
30.0
176
     1
 62
     7
420
 16777215
176
     1
 90
        1
176
     1
 90
        4
176
     1
 62
     7
176
     1
 62
   257
176
     1
 90
        1
176
     1
 90
        1
176
     1
 40
1.0
176
     1
 90
        8
176
     1
 62
     7
176
     1
 40
1.0
176
     1
 90
        1
176
     1
 90
        6
176
     1
 90
        2
176
     1
 62
     7
176
     1
 90
        5
176
     1
 90
        0
176
     1
 90
        0
176
     1
290
     0
176
     1
 90
        1
176
     1
 40
-50.0
176
     1
 90
        0
176
     1
290
     0
176
     1
290
     1
176
     1
290
     1
176
     1
290
     0
176
     1
290
     0
176
     1
290
     0
176
     1
290
     0
176
     1
290
     0
176
     1
290
     0
176
     1
 90
       50
176
     1
 40
0.0
176
     1
 40
1.0
176
     1
 90
        0
176
     1
 62
    18
420
        0
176
     1
 90
       50
176
     1
 90
        3
176
     1
 62
     5
420
      255
176
     1
290
     0
176
     1
 90
       50
176
     1
 90
       50
176
     1
 90
       50
176
     1
290
     0
176
     1
 90
       50
176
     1
 62
   256
176
     0
 40
1.0
176
     0
 90
        2
176
     1
  1
strokes_ogs.tif
176
     1
290
     0
176
     1
 40
1.0
176
     1
 40
1.0
176
     1
  0
VISUALSTYLE
  5
5FA
102
{ACAD_REACTORS
330
38
102
}
330
38
100
AcDbVisualStyle
  2
EdgeColorOff
 70
    22
177
     3
291
     1
 70
    58
 90
        2
176
     0
 90
        2
176
     0
 90
        0
176
     0
 90
        0
176
     0
 40
0.6
176
     0
 40
30.0
176
     0
 62
     7
420
 16777215
176
     0
 90
        1
176
     0
 90
        4
176
     0
 62
     7
176
     0
 62
   257
176
     0
 90
        1
176
     0
 90
        1
176
     0
 40
1.0
176
     0
 90
        8
176
     2
 62
     7
176
     0
 40
1.0
176
     0
 90
        1
176
     0
 90
        6
176
     0
 90
        2
176
     0
 62
     7
176
     0
 90
        5
176
     0
 90
        0
176
     0
 90
        0
176
     0
290
     0
176
     0
 90
        1
176
     0
 40
0.0
176
     0
 90
        0
176
     0
290
     0
176
     0
290
     1
176
     0
290
     1
176
     0
290
     0
176
     0
290
     0
176
     0
290
     0
176
     0
290
     0
176
     0
290
     0
176
     0
290
     0
176
     0
 90
       50
176
     0
 40
0.0
176
     0
 40
1.0
176
     0
 90
        0
176
     0
 62
    18
420
        0
176
     0
 90
       50
176
     0
 90
        3
176
     0
 62
     5
420
      255
176
     0
290
     0
176
     0
 90
       50
176
     0
 90
       50
176
     0
 90
       50
176
     0
290
     0
176
     0
 90
       50
176
     0
 62
   256
176
     0
 40
1.0
176
     0
 90
        2
176
     0
  1
strokes_ogs.tif
176
     0
290
     0
176
     0
 40
1.0
176
     0
 40
1.0
176
     0
  0
VISUALSTYLE
  5
5F1
102
{ACAD_REACTORS
330
38
102
}
330
38
100
AcDbVisualStyle
  2
Facepattern
 70
    15
177
     3
291
     1
 70
    58
 90
        2
176
     1
 90
        2
176
     1
 90
        0
176
     1
 90
        0
176
     1
 40
0.6
176
     1
 40
30.0
176
     1
 62
     7
420
 16777215
176
     1
 90
        1
176
     1
 90
        4
176
     1
 62
     7
176
     1
 62
   257
176
     1
 90
        1
176
     1
 90
        1
176
     1
 40
1.0
176
     1
 90
        8
176
     1
 62
     7
176
     1
 40
1.0
176
     1
 90
        1
176
     1
 90
        6
176
     1
 90
        2
176
     1
 62
     7
176
     1
 90
        5
176
     1
 90
        0
176
     1
 90
        0
176
     1
290
     0
176
     1
 90
        1
176
     1
 40
0.0
176
     1
 90
        0
176
     1
290
     0
176
     1
290
     1
176
     1
290
     1
176
     1
290
     0
176
     1
290
     0
176
     1
290
     0
176
     1
290
     0
176
     1
290
     0
176
     1
290
     0
176
     1
 90
       50
176
     1
 40
0.0
176
     1
 40
1.0
176
     1
 90
        0
176
     1
 62
    18
420
        0
176
     1
 90
       50
176
     1
 90
        3
176
     1
 62
     5
420
      255
176
     1
290
     0
176
     1
 90
       50
176
     1
 90
       50
176
     1
 90
       50
176
     1
290
     0
176
     1
 90
       50
176
     1
 62
   256
176
     0
 40
1.0
176
     0
 90
        2
176
     1
  1
strokes_ogs.tif
176
     1
290
     0
176
     1
 40
1.0
176
     1
 40
1.0
176
     1
  0
VISUALSTYLE
  5
5E5
102
{ACAD_REACTORS
330
38
102
}
330
38
100
AcDbVisualStyle
  2
Flat
 70
     0
177
     3
291
     1
 70
    58
 90
        2
176
     1
 90
        1
176
     1
 90
        1
176
     1
 90
        2
176
     1
 40
0.6
176
     1
 40
30.0
176
     1
 62
     7
420
 16777215
176
     1
 90
        0
176
     1
 90
        0
176
     1
 62
     7
176
     1
 62
   257
176
     1
 90
        1
176
     1
 90
        1
176
     1
 40
1.0
176
     1
 90
        8
176
     1
 62
     7
176
     1
 40
1.0
176
     1
 90
        1
176
     1
 90
        6
176
     1
 90
        2
176
     1
 62
     7
176
     1
 90
        5
176
     1
 90
        0
176
     1
 90
        0
176
     1
290
     0
176
     1
 90
       13
176
     1
 40
0.0
176
     1
 90
        0
176
     1
290
     0
176
     1
290
     1
176
     1
290
     1
176
     1
290
     0
176
     1
290
     0
176
     1
290
     0
176
     1
290
     0
176
     1
290
     0
176
     1
290
     0
176
     1
 90
       50
176
     1
 40
0.0
176
     1
 40
1.0
176
     1
 90
        0
176
     1
 62
    18
420
        0
176
     1
 90
       50
176
     1
 90
        3
176
     1
 62
     5
420
      255
176
     1
290
     0
176
     1
 90
       50
176
     1
 90
       50
176
     1
 90
       50
176
     1
290
     0
176
     1
 90
       50
176
     1
 62
   256
176
     0
 40
1.0
176
     0
 90
        2
176
     1
  1
strokes_ogs.tif
176
     1
290
     0
176
     1
 40
1.0
176
     1
 40
1.0
176
     1
  0
VISUALSTYLE
  5
5E6
102
{ACAD_REACTORS
330
38
102
}
330
38
100
AcDbVisualStyle
  2
FlatWithEdges
 70
     1
177
     3
291
     1
 70
    58
 90
        2
176
     1
 90
        1
176
     1
 90
        1
176
     1
 90
        2
176
     1
 40
0.6
176
     1
 40
30.0
176
     1
 62
     7
420
 16777215
176
     1
 90
        1
176
     1
 90
        0
176
     1
 62
     7
176
     1
 62
   257
176
     1
 90
        1
176
     1
 90
        1
176
     1
 40
1.0
176
     1
 90
        0
176
     1
 62
   257
176
     1
 40
1.0
176
     1
 90
        1
176
     1
 90
        6
176
     1
 90
        2
176
     1
 62
     7
176
     1
 90
        5
176
     1
 90
        0
176
     1
 90
        0
176
     1
290
     0
176
     1
 90
       13
176
     1
 40
0.0
176
     1
 90
        0
176
     1
290
     0
176
     1
290
     1
176
     1
290
     1
176
     1
290
     0
176
     1
290
     0
176
     1
290
     0
176
     1
290
     0
176
     1
290
     0
176
     1
290
     0
176
     1
 90
       50
176
     1
 40
0.0
176
     1
 40
1.0
176
     1
 90
        0
176
     1
 62
    18
420
        0
176
     1
 90
       50
176
     1
 90
        3
176
     1
 62
     5
420
      255
176
     1
290
     0
176
     1
 90
       50
176
     1
 90
       50
176
     1
 90
       50
176
     1
290
     0
176
     1
 90
       50
176
     1
 62
   256
176
     0
 40
1.0
176
     0
 90
        2
176
     1
  1
strokes_ogs.tif
176
     1
290
     0
176
     1
 40
1.0
176
     1
 40
1.0
176
     1
  0
VISUALSTYLE
  5
5E7
102
{ACAD_REACTORS
330
38
102
}
330
38
100
AcDbVisualStyle
  2
Gouraud
 70
     2
177
     3
291
     1
 70
    58
 90
        2
176
     1
 90
        2
176
     1
 90
        1
176
     1
 90
        2
176
     1
 40
0.6
176
     1
 40
30.0
176
     1
 62
     7
420
 16777215
176
     1
 90
        0
176
     1
 90
        0
176
     1
 62
     7
176
     1
 62
   257
176
     1
 90
        1
176
     1
 90
        1
176
     1
 40
1.0
176
     1
 90
        0
176
     1
 62
     7
176
     1
 40
1.0
176
     1
 90
        1
176
     1
 90
        6
176
     1
 90
        2
176
     1
 62
     7
176
     1
 90
        5
176
     1
 90
        0
176
     1
 90
        0
176
     1
290
     0
176
     1
 90
       13
176
     1
 40
0.0
176
     1
 90
        0
176
     1
290
     0
176
     1
290
     1
176
     1
290
     1
176
     1
290
     0
176
     1
290
     0
176
     1
290
     0
176
     1
290
     0
176
     1
290
     0
176
     1
290
     0
176
     1
 90
       50
176
     1
 40
0.0
176
     1
 40
1.0
176
     1
 90
        0
176
     1
 62
    18
420
        0
176
     1
 90
       50
176
     1
 90
        3
176
     1
 62
     5
420
      255
176
     1
290
     0
176
     1
 90
       50
176
     1
 90
       50
176
     1
 90
       50
176
     1
290
     0
176
     1
 90
       50
176
     1
 62
   256
176
     0
 40
1.0
176
     0
 90
        2
176
     1
  1
strokes_ogs.tif
176
     1
290
     0
176
     1
 40
1.0
176
     1
 40
1.0
176
     1
  0
VISUALSTYLE
  5
5E8
102
{ACAD_REACTORS
330
38
102
}
330
38
100
AcDbVisualStyle
  2
GouraudWithEdges
 70
     3
177
     3
291
     1
 70
    58
 90
        2
176
     1
 90
        2
176
     1
 90
        1
176
     1
 90
        2
176
     1
 40
0.6
176
     1
 40
30.0
176
     1
 62
     7
420
 16777215
176
     1
 90
        1
176
     1
 90
        0
176
     1
 62
     7
176
     1
 62
   257
176
     1
 90
        1
176
     1
 90
        1
176
     1
 40
1.0
176
     1
 90
        0
176
     1
 62
   257
176
     1
 40
1.0
176
     1
 90
        1
176
     1
 90
        6
176
     1
 90
        2
176
     1
 62
     7
176
     1
 90
        5
176
     1
 90
        0
176
     1
 90
        0
176
     1
290
     0
176
     1
 90
       13
176
     1
 40
0.0
176
     1
 90
        0
176
     1
290
     0
176
     1
290
     1
176
     1
290
     1
176
     1
290
     0
176
     1
290
     0
176
     1
290
     0
176
     1
290
     0
176
     1
290
     0
176
     1
290
     0
176
     1
 90
       50
176
     1
 40
0.0
176
     1
 40
1.0
176
     1
 90
        0
176
     1
 62
    18
420
        0
176
     1
 90
       50
176
     1
 90
        3
176
     1
 62
     5
420
      255
176
     1
290
     0
176
     1
 90
       50
176
     1
 90
       50
176
     1
 90
       50
176
     1
290
     0
176
     1
 90
       50
176
     1
 62
   256
176
     0
 40
1.0
176
     0
 90
        2
176
     1
  1
strokes_ogs.tif
176
     1
290
     0
176
     1
 40
1.0
176
     1
 40
1.0
176
     1
  0
VISUALSTYLE
  5
5EB
102
{ACAD_REACTORS
330
38
102
}
330
38
100
AcDbVisualStyle
  2
Hidden
 70
     6
177
     3
291
     0
 70
    58
 90
        1
176
     1
 90
        2
176
     1
 90
        2
176
     1
 90
        0
176
     1
 40
0.6
176
     1
 40
30.0
176
     1
 62
     7
420
 16777215
176
     1
 90
        2
176
     1
 90
        2
176
     1
 62
     7
176
     1
 62
   257
176
     1
 90
        2
176
     1
 90
        1
176
     1
 40
40.0
176
     1
 90
        0
176
     1
 62
   257
176
     1
 40
1.0
176
     1
 90
        1
176
     1
 90
        6
176
     1
 90
        2
176
     1
 62
     7
176
     1
 90
        3
176
     1
 90
        0
176
     1
 90
        0
176
     1
290
     0
176
     1
 90
        1
176
     1
 40
0.0
176
     1
 90
        0
176
     1
290
     0
176
     1
290
     1
176
     1
290
     1
176
     1
290
     0
176
     1
290
     0
176
     1
290
     0
176
     1
290
     0
176
     1
290
     0
176
     1
290
     0
176
     1
 90
       50
176
     1
 40
0.0
176
     1
 40
1.0
176
     1
 90
        0
176
     1
 62
    18
420
        0
176
     1
 90
       50
176
     1
 90
        3
176
     1
 62
     5
420
      255
176
     1
290
     0
176
     1
 90
       50
176
     1
 90
       50
176
     1
 90
       50
176
     1
290
     0
176
     1
 90
       50
176
     1
 62
   256
176
     0
 40
1.0
176
     0
 90
        2
176
     1
  1
strokes_ogs.tif
176
     1
290
     0
176
     1
 40
1.0
176
     1
 40
1.0
176
     1
  0
VISUALSTYLE
  5
5F8
102
{ACAD_REACTORS
330
38
102
}
330
38
100
AcDbVisualStyle
  2
JitterOff
 70
    20
177
     3
291
     1
 70
    58
 90
        2
176
     0
 90
        2
176
     0
 90
        0
176
     0
 90
        0
176
     0
 40
0.6
176
     0
 40
30.0
176
     0
 62
     7
420
 16777215
176
     0
 90
        1
176
     0
 90
        4
176
     0
 62
     7
176
     0
 62
   257
176
     0
 90
        1
176
     0
 90
        1
176
     0
 40
1.0
176
     0
 90
       10
176
     2
 62
     7
176
     0
 40
1.0
176
     0
 90
        1
176
     0
 90
        6
176
     0
 90
        2
176
     0
 62
     7
176
     0
 90
        5
176
     0
 90
        0
176
     0
 90
        0
176
     0
290
     0
176
     0
 90
        1
176
     0
 40
0.0
176
     0
 90
        0
176
     0
290
     0
176
     0
290
     1
176
     0
290
     1
176
     0
290
     0
176
     0
290
     0
176
     0
290
     0
176
     0
290
     0
176
     0
290
     0
176
     0
290
     0
176
     0
 90
       50
176
     0
 40
0.0
176
     0
 40
1.0
176
     0
 90
        0
176
     0
 62
    18
420
        0
176
     0
 90
       50
176
     0
 90
        3
176
     0
 62
     5
420
      255
176
     0
290
     0
176
     0
 90
       50
176
     0
 90
       50
176
     0
 90
       50
176
     0
290
     0
176
     0
 90
       50
176
     0
 62
   256
176
     0
 40
1.0
176
     0
 90
        2
176
     0
  1
strokes_ogs.tif
176
     0
290
     0
176
     0
 40
1.0
176
     0
 40
1.0
176
     0
  0
VISUALSTYLE
  5
5F0
102
{ACAD_REACTORS
330
38
102
}
330
38
100
AcDbVisualStyle
  2
Linepattern
 70
    14
177
     3
291
     1
 70
    58
 90
        2
176
     1
 90
        2
176
     1
 90
        0
176
     1
 90
        0
176
     1
 40
0.6
176
     1
 40
30.0
176
     1
 62
     7
420
 16777215
176
     1
 90
        1
176
     1
 90
        4
176
     1
 62
     7
176
     1
 62
   257
176
     1
 90
        7
176
     1
 90
        7
176
     1
 40
1.0
176
     1
 90
        8
176
     1
 62
     7
176
     1
 40
1.0
176
     1
 90
        1
176
     1
 90
        6
176
     1
 90
        2
176
     1
 62
     7
176
     1
 90
        5
176
     1
 90
        0
176
     1
 90
        0
176
     1
290
     0
176
     1
 90
        1
176
     1
 40
0.0
176
     1
 90
        0
176
     1
290
     0
176
     1
290
     1
176
     1
290
     1
176
     1
290
     0
176
     1
290
     0
176
     1
290
     0
176
     1
290
     0
176
     1
290
     0
176
     1
290
     0
176
     1
 90
       50
176
     1
 40
0.0
176
     1
 40
1.0
176
     1
 90
        0
176
     1
 62
    18
420
        0
176
     1
 90
       50
176
     1
 90
        3
176
     1
 62
     5
420
      255
176
     1
290
     0
176
     1
 90
       50
176
     1
 90
       50
176
     1
 90
       50
176
     1
290
     0
176
     1
 90
       50
176
     1
 62
   256
176
     0
 40
1.0
176
     0
 90
        2
176
     1
  1
strokes_ogs.tif
176
     1
290
     0
176
     1
 40
1.0
176
     1
 40
1.0
176
     1
  0
VISUALSTYLE
  5
5F9
102
{ACAD_REACTORS
330
38
102
}
330
38
100
AcDbVisualStyle
  2
OverhangOff
 70
    21
177
     3
291
     1
 70
    58
 90
        2
176
     0
 90
        2
176
     0
 90
        0
176
     0
 90
        0
176
     0
 40
0.6
176
     0
 40
30.0
176
     0
 62
     7
420
 16777215
176
     0
 90
        1
176
     0
 90
        4
176
     0
 62
     7
176
     0
 62
   257
176
     0
 90
        1
176
     0
 90
        1
176
     0
 40
1.0
176
     0
 90
        9
176
     2
 62
     7
176
     0
 40
1.0
176
     0
 90
        1
176
     0
 90
        6
176
     0
 90
        2
176
     0
 62
     7
176
     0
 90
        5
176
     0
 90
        0
176
     0
 90
        0
176
     0
290
     0
176
     0
 90
        1
176
     0
 40
0.0
176
     0
 90
        0
176
     0
290
     0
176
     0
290
     1
176
     0
290
     1
176
     0
290
     0
176
     0
290
     0
176
     0
290
     0
176
     0
290
     0
176
     0
290
     0
176
     0
290
     0
176
     0
 90
       50
176
     0
 40
0.0
176
     0
 40
1.0
176
     0
 90
        0
176
     0
 62
    18
420
        0
176
     0
 90
       50
176
     0
 90
        3
176
     0
 62
     5
420
      255
176
     0
290
     0
176
     0
 90
       50
176
     0
 90
       50
176
     0
 90
       50
176
     0
290
     0
176
     0
 90
       50
176
     0
 62
   256
176
     0
 40
1.0
176
     0
 90
        2
176
     0
  1
strokes_ogs.tif
176
     0
290
     0
176
     0
 40
1.0
176
     0
 40
1.0
176
     0
  0
VISUALSTYLE
  5
57
102
{ACAD_REACTORS
330
38
102
}
330
38
100
AcDbVisualStyle
  2
Realistic
 70
     8
177
     3
291
     0
 70
    58
 90
        2
176
     1
 90
        2
176
     1
 90
        0
176
     1
 90
        0
176
     1
 40
0.6
176
     1
 40
30.0
176
     1
 62
     7
176
     1
 90
        1
176
     1
 90
        0
176
     1
 62
     7
176
     1
 62
   257
176
     1
 90
        1
176
     1
 90
        1
176
     1
 40
1.0
176
     1
 90
        8
176
     1
 62
     8
176
     1
 40
1.0
176
     1
 90
        1
176
     1
 90
        6
176
     1
 90
        2
176
     1
 62
     7
176
     1
 90
        5
176
     1
 90
        0
176
     1
 90
        0
176
     1
290
     0
176
     1
 90
       13
176
     1
 40
0.0
176
     1
 90
        0
176
     1
290
     0
176
     1
290
     1
176
     1
290
     1
176
     1
290
     0
176
     1
290
     0
176
     1
290
     0
176
     1
290
     0
176
     1
290
     0
176
     1
290
     0
176
     1
 90
       50
176
     1
 40
0.0
176
     1
 40
1.0
176
     1
 90
        0
176
     1
 62
    18
420
        0
176
     1
 90
       50
176
     1
 90
        3
176
     1
 62
     5
420
      255
176
     1
290
     0
176
     1
 90
       50
176
     1
 90
       50
176
     1
 90
       50
176
     1
290
     0
176
     1
 90
       50
176
     1
 62
   256
176
     0
 40
1.0
176
     0
 90
        2
176
     1
  1
strokes_ogs.tif
176
     1
290
     0
176
     1
 40
1.0
176
     1
 40
1.0
176
     1
  0
VISUALSTYLE
  5
5F7
102
{ACAD_REACTORS
330
38
102
}
330
38
100
AcDbVisualStyle
  2
Shaded
 70
    27
177
     3
291
     0
 70
    58
 90
        2
176
     1
 90
        2
176
     1
 90
        1
176
     1
 90
        2
176
     1
 40
0.6
176
     1
 40
30.0
176
     1
 62
     7
420
 16777215
176
     1
 90
        0
176
     1
 90
        4
176
     1
 62
     7
176
     1
 62
   257
176
     1
 90
        1
176
     1
 90
        1
176
     1
 40
1.0
176
     1
 90
        8
176
     1
 62
   257
176
     1
 40
1.0
176
     1
 90
        1
176
     1
 90
        6
176
     1
 90
        2
176
     1
 62
     8
420
  7895160
176
     1
 90
        3
176
     1
 90
        0
176
     1
 90
        0
176
     1
290
     0
176
     1
 90
        5
176
     1
 40
0.0
176
     1
 90
        0
176
     1
290
     0
176
     1
290
     1
176
     1
290
     1
176
     1
290
     0
176
     1
290
     0
176
     1
290
     0
176
     1
290
     0
176
     1
290
     0
176
     1
290
     0
176
     1
 90
       50
176
     1
 40
0.0
176
     1
 40
1.0
176
     1
 90
        0
176
     1
 62
    18
420
        0
176
     1
 90
       50
176
     1
 90
        3
176
     1
 62
     5
420
      255
176
     1
290
     0
176
     1
 90
       50
176
     1
 90
       50
176
     1
 90
       50
176
     1
290
     0
176
     1
 90
       50
176
     1
 62
   256
176
     0
 40
1.0
176
     0
 90
        2
176
     1
  1
strokes_ogs.tif
176
     1
290
     0
176
     1
 40
1.0
176
     1
 40
1.0
176
     1
  0
VISUALSTYLE
  5
5F6
102
{ACAD_REACTORS
330
38
102
}
330
38
100
AcDbVisualStyle
  2
Shaded with edges
 70
    26
177
     3
291
     0
 70
    58
 90
        2
176
     1
 90
        2
176
     1
 90
        1
176
     1
 90
        2
176
     1
 40
0.6
176
     1
 40
30.0
176
     1
 62
     7
420
 16777215
176
     1
 90
        1
176
     1
 90
        2
176
     1
 62
     7
176
     1
 62
   257
176
     1
 90
        2
176
     1
 90
        1
176
     1
 40
1.0
176
     1
 90
        8
176
     1
 62
   257
176
     1
 40
1.0
176
     1
 90
        1
176
     1
 90
        6
176
     1
 90
        2
176
     1
 62
     7
176
     1
 90
        3
176
     1
 90
        0
176
     1
 90
        0
176
     1
290
     0
176
     1
 90
        5
176
     1
 40
0.0
176
     1
 90
        0
176
     1
290
     0
176
     1
290
     1
176
     1
290
     1
176
     1
290
     0
176
     1
290
     0
176
     1
290
     0
176
     1
290
     0
176
     1
290
     0
176
     1
290
     0
176
     1
 90
       50
176
     1
 40
0.0
176
     1
 40
1.0
176
     1
 90
        0
176
     1
 62
    18
420
        0
176
     1
 90
       50
176
     1
 90
        3
176
     1
 62
     5
420
      255
176
     1
290
     0
176
     1
 90
       50
176
     1
 90
       50
176
     1
 90
       50
176
     1
290
     0
176
     1
 90
       50
176
     1
 62
   256
176
     0
 40
1.0
176
     0
 90
        2
176
     1
  1
strokes_ogs.tif
176
     1
290
     0
176
     1
 40
1.0
176
     1
 40
1.0
176
     1
  0
VISUALSTYLE
  5
5F3
102
{ACAD_REACTORS
330
38
102
}
330
38
100
AcDbVisualStyle
  2
Shades of Gray
 70
    23
177
     3
291
     0
 70
    58
 90
        2
176
     1
 90
        2
176
     1
 90
        3
176
     1
 90
        0
176
     1
 40
0.6
176
     1
 40
30.0
176
     1
 62
     7
420
 16777215
176
     1
 90
        2
176
     1
 90
        2
176
     1
 62
     7
176
     1
 62
     7
176
     1
 90
        1
176
     1
 90
        1
176
     1
 40
40.0
176
     1
 90
        8
176
     1
 62
     7
176
     1
 40
1.0
176
     1
 90
        1
176
     1
 90
        6
176
     1
 90
        2
176
     1
 62
     7
176
     1
 90
        3
176
     1
 90
        0
176
     1
 90
        0
176
     1
290
     0
176
     1
 90
        1
176
     1
 40
0.0
176
     1
 90
        0
176
     1
290
     0
176
     1
290
     1
176
     1
290
     1
176
     1
290
     0
176
     1
290
     0
176
     1
290
     0
176
     1
290
     0
176
     1
290
     0
176
     1
290
     0
176
     1
 90
       50
176
     1
 40
0.0
176
     1
 40
1.0
176
     1
 90
        0
176
     1
 62
    18
420
        0
176
     1
 90
       50
176
     1
 90
        3
176
     1
 62
     5
420
      255
176
     1
290
     0
176
     1
 90
       50
176
     1
 90
       50
176
     1
 90
       50
176
     1
290
     0
176
     1
 90
       50
176
     1
 62
   256
176
     0
 40
1.0
176
     0
 90
        2
176
     1
  1
strokes_ogs.tif
176
     1
290
     0
176
     1
 40
1.0
176
     1
 40
1.0
176
     1
  0
VISUALSTYLE
  5
5F4
102
{ACAD_REACTORS
330
38
102
}
330
38
100
AcDbVisualStyle
  2
Sketchy
 70
    24
177
     3
291
     0
 70
    58
 90
        1
176
     1
 90
        2
176
     1
 90
        2
176
     1
 90
        0
176
     1
 40
0.6
176
     1
 40
30.0
176
     1
 62
     7
420
 16777215
176
     1
 90
        2
176
     1
 90
        2
176
     1
 62
     7
176
     1
 62
     7
176
     1
 90
        1
176
     1
 90
        1
176
     1
 40
40.0
176
     1
 90
       11
176
     1
 62
     7
176
     1
 40
1.0
176
     1
 90
        1
176
     1
 90
        6
176
     1
 90
        2
176
     1
 62
     7
176
     1
 90
        6
176
     1
 90
        0
176
     1
 90
        0
176
     1
290
     0
176
     1
 90
        1
176
     1
 40
0.0
176
     1
 90
        0
176
     1
290
     0
176
     1
290
     1
176
     1
290
     1
176
     1
290
     0
176
     1
290
     0
176
     1
290
     0
176
     1
290
     0
176
     1
290
     0
176
     1
290
     0
176
     1
 90
       50
176
     1
 40
0.0
176
     1
 40
1.0
176
     1
 90
        0
176
     1
 62
    18
420
        0
176
     1
 90
       50
176
     1
 90
        3
176
     1
 62
     5
420
      255
176
     1
290
     0
176
     1
 90
       50
176
     1
 90
       50
176
     1
 90
       50
176
     1
290
     0
176
     1
 90
       50
176
     1
 62
   256
176
     0
 40
1.0
176
     0
 90
        2
176
     1
  1
strokes_ogs.tif
176
     1
290
     0
176
     1
 40
1.0
176
     1
 40
1.0
176
     1
  0
VISUALSTYLE
  5
5EF
102
{ACAD_REACTORS
330
38
102
}
330
38
100
AcDbVisualStyle
  2
Thicken
 70
    13
177
     3
291
     1
 70
    58
 90
        2
176
     1
 90
        2
176
     1
 90
        0
176
     1
 90
        0
176
     1
 40
0.6
176
     1
 40
30.0
176
     1
 62
     7
420
 16777215
176
     1
 90
        1
176
     1
 90
        4
176
     1
 62
     7
176
     1
 62
   257
176
     1
 90
        1
176
     1
 90
        1
176
     1
 40
1.0
176
     1
 90
       12
176
     1
 62
     7
176
     1
 40
1.0
176
     1
 90
        1
176
     1
 90
        6
176
     1
 90
        2
176
     1
 62
     7
176
     1
 90
        5
176
     1
 90
        0
176
     1
 90
        0
176
     1
290
     0
176
     1
 90
        1
176
     1
 40
0.0
176
     1
 90
        0
176
     1
290
     0
176
     1
290
     1
176
     1
290
     1
176
     1
290
     0
176
     1
290
     0
176
     1
290
     0
176
     1
290
     0
176
     1
290
     0
176
     1
290
     0
176
     1
 90
       50
176
     1
 40
0.0
176
     1
 40
1.0
176
     1
 90
        0
176
     1
 62
    18
420
        0
176
     1
 90
       50
176
     1
 90
        3
176
     1
 62
     5
420
      255
176
     1
290
     0
176
     1
 90
       50
176
     1
 90
       50
176
     1
 90
       50
176
     1
290
     0
176
     1
 90
       50
176
     1
 62
   256
176
     0
 40
1.0
176
     0
 90
        2
176
     1
  1
strokes_ogs.tif
176
     1
290
     0
176
     1
 40
1.0
176
     1
 40
1.0
176
     1
  0
VISUALSTYLE
  5
58
102
{ACAD_REACTORS
330
38
102
}
330
38
100
AcDbVisualStyle
  2
Wireframe
 70
     5
177
     3
291
     0
 70
    58
 90
        0
176
     1
 90
        2
176
     1
 90
        0
176
     1
 90
        0
176
     1
 40
0.6
176
     1
 40
30.0
176
     1
 62
     7
176
     1
 90
        1
176
     1
 90
        4
176
     1
 62
     7
176
     1
 62
   257
176
     1
 90
        1
176
     1
 90
        1
176
     1
 40
1.0
176
     1
 90
        0
176
     1
 62
   257
176
     1
 40
1.0
176
     1
 90
        1
176
     1
 90
        6
176
     1
 90
        2
176
     1
 62
     7
176
     1
 90
        3
176
     1
 90
        0
176
     1
 90
        0
176
     1
290
     0
176
     1
 90
        1
176
     1
 40
0.0
176
     1
 90
        0
176
     1
290
     0
176
     1
290
     1
176
     1
290
     1
176
     1
290
     0
176
     1
290
     0
176
     1
290
     0
176
     1
290
     0
176
     1
290
     0
176
     1
290
     0
176
     1
 90
       50
176
     1
 40
0.0
176
     1
 40
1.0
176
     1
 90
        0
176
     1
 62
    18
420
        0
176
     1
 90
       50
176
     1
 90
        3
176
     1
 62
     5
420
      255
176
     1
290
     0
176
     1
 90
       50
176
     1
 90
       50
176
     1
 90
       50
176
     1
290
     0
176
     1
 90
       50
176
     1
 62
   256
176
     0
 40
1.0
176
     0
 90
        2
176
     1
  1
strokes_ogs.tif
176
     1
290
     0
176
     1
 40
1.0
176
     1
 40
1.0
176
     1
  0
VISUALSTYLE
  5
5F5
102
{ACAD_REACTORS
330
38
102
}
330
38
100
AcDbVisualStyle
  2
X-Ray
 70
    25
177
     3
291
     0
 70
    58
 90
        2
176
     1
 90
        2
176
     1
 90
        1
176
     1
 90
        1
176
     1
 40
0.5
176
     1
 40
30.0
176
     1
 62
     7
420
 16777215
176
     1
 90
        1
176
     1
 90
        0
176
     1
 62
     7
176
     1
 62
   257
176
     1
 90
        1
176
     1
 90
        1
176
     1
 40
1.0
176
     1
 90
        8
176
     1
 62
     7
176
     1
 40
1.0
176
     1
 90
        1
176
     1
 90
        6
176
     1
 90
        2
176
     1
 62
     7
176
     1
 90
        3
176
     1
 90
        0
176
     1
 90
        0
176
     1
290
     0
176
     1
 90
       13
176
     1
 40
0.0
176
     1
 90
        0
176
     1
290
     0
176
     1
290
     1
176
     1
290
     1
176
     1
290
     0
176
     1
290
     0
176
     1
290
     0
176
     1
290
     0
176
     1
290
     0
176
     1
290
     0
176
     1
 90
       50
176
     1
 40
0.0
176
     1
 40
1.0
176
     1
 90
        0
176
     1
 62
    18
420
        0
176
     1
 90
       50
176
     1
 90
        3
176
     1
 62
     5
420
      255
176
     1
290
     0
176
     1
 90
       50
176
     1
 90
       50
176
     1
 90
       50
176
     1
290
     0
176
     1
 90
       50
176
     1
 62
   256
176
     0
 40
1.0
176
     0
 90
        2
176
     1
  1
strokes_ogs.tif
176
     1
290
     0
176
     1
 40
1.0
176
     1
 40
1.0
176
     1
  0
DICTIONARYVAR
  5
5DC
102
{ACAD_REACTORS
330
5D7
102
}
330
5D7
100
DictionaryVariables
280
     0
  1
1:1
  0
DICTIONARYVAR
  5
5D9
102
{ACAD_REACTORS
330
5D7
102
}
330
5D7
100
DictionaryVariables
280
     0
  1
Standard
  0
DICTIONARYVAR
  5
5D8
102
{ACAD_REACTORS
330
5D7
102
}
330
5D7
100
DictionaryVariables
280
     0
  1
Standard
  0
DICTIONARYVAR
  5
5DA
102
{ACAD_REACTORS
330
5D7
102
}
330
5D7
100
DictionaryVariables
280
     0
  1
Imperial24
  0
DICTIONARYVAR
  5
5DB
102
{ACAD_REACTORS
330
5D7
102
}
330
5D7
100
DictionaryVariables
280
     0
  1
Imperial24
  0
DICTIONARYVAR
  5
5E2
102
{ACAD_REACTORS
330
5D7
102
}
330
5D7
100
DictionaryVariables
280
     0
  1
1
  0
DICTIONARYVAR
  5
5E0
102
{ACAD_REACTORS
330
5D7
102
}
330
5D7
100
DictionaryVariables
280
     0
  1
1
  0
DICTIONARYVAR
  5
5DF
102
{ACAD_REACTORS
330
5D7
102
}
330
5D7
100
DictionaryVariables
280
     0
  1
0
  0
DICTIONARYVAR
  5
7E0
102
{ACAD_REACTORS
330
5D7
102
}
330
5D7
100
DictionaryVariables
280
     0
  1
1
  0
DICTIONARYVAR
  5
7E1
102
{ACAD_REACTORS
330
5D7
102
}
330
5D7
100
DictionaryVariables
280
     0
  1
15
  0
DICTIONARYVAR
  5
5DD
102
{ACAD_REACTORS
330
5D7
102
}
330
5D7
100
DictionaryVariables
280
     0
  1
2
  0
DICTIONARYVAR
  5
7DF
102
{ACAD_REACTORS
330
5D7
102
}
330
5D7
100
DictionaryVariables
280
     0
  1
0
  0
DICTIONARYVAR
  5
5E3
102
{ACAD_REACTORS
330
5D7
102
}
330
5D7
100
DictionaryVariables
280
     0
  1
1
  0
DICTIONARYVAR
  5
5DE
102
{ACAD_REACTORS
330
5D7
102
}
330
5D7
100
DictionaryVariables
280
     0
  1
127
  0
DICTIONARY
  5
1E
330
1D
100
AcDbDictionary
280
     1
281
     1
  0
DICTIONARY
  5
18
330
16
100
AcDbDictionary
280
     1
281
     1
  0
DICTIONARY
  5
7E5
330
55
100
AcDbDictionary
280
     1
281
     1
  3
ACAD_ROUNDTRIP_2008_TABLESTYLE_CELLSTYLEMAP
360
7E6
  0
CELLSTYLEMAP
  5
7E6
102
{ACAD_REACTORS
330
7E5
102
}
330
7E5
100
AcDbCellStyleMap
 90
        3
300
CELLSTYLE
  1
TABLEFORMAT_BEGIN
 90
        5
170
     1
 91
        0
 92
    32768
 62
   257
 93
        1
300
CONTENTFORMAT
  1
CONTENTFORMAT_BEGIN
 90
        0
 91
        0
 92
        4
 93
        0
300

 40
0.0
140
1.0
 94
        5
 62
     0
340
27
144
0.25
309
CONTENTFORMAT_END
171
     0
 94
        6
 95
        1
302
GRIDFORMAT
  1
GRIDFORMAT_BEGIN
 90
        0
 91
        1
 62
     0
 92
       -2
340
0
 93
        0
 40
0.045
309
GRIDFORMAT_END
 95
        2
302
GRIDFORMAT
  1
GRIDFORMAT_BEGIN
 90
        0
 91
        1
 62
     0
 92
       -2
340
0
 93
        0
 40
0.045
309
GRIDFORMAT_END
 95
        4
302
GRIDFORMAT
  1
GRIDFORMAT_BEGIN
 90
        0
 91
        1
 62
     0
 92
       -2
340
0
 93
        0
 40
0.045
309
GRIDFORMAT_END
 95
        8
302
GRIDFORMAT
  1
GRIDFORMAT_BEGIN
 90
        0
 91
        1
 62
     0
 92
       -2
340
0
 93
        0
 40
0.045
309
GRIDFORMAT_END
 95
       16
302
GRIDFORMAT
  1
GRIDFORMAT_BEGIN
 90
        0
 91
        1
 62
     0
 92
       -2
340
0
 93
        0
 40
0.045
309
GRIDFORMAT_END
 95
       32
302
GRIDFORMAT
  1
GRIDFORMAT_BEGIN
 90
        0
 91
        1
 62
     0
 92
       -2
340
0
 93
        0
 40
0.045
309
GRIDFORMAT_END
309
TABLEFORMAT_END
  1
CELLSTYLE_BEGIN
 90
        1
 91
        1
300
_TITLE
309
CELLSTYLE_END
300
CELLSTYLE
  1
TABLEFORMAT_BEGIN
 90
        5
170
     1
 91
        0
 92
        0
 62
   257
 93
        1
300
CONTENTFORMAT
  1
CONTENTFORMAT_BEGIN
 90
        0
 91
        0
 92
        4
 93
        0
300

 40
0.0
140
1.0
 94
        5
 62
     0
340
27
144
0.18
309
CONTENTFORMAT_END
171
     0
 94
        6
 95
        1
302
GRIDFORMAT
  1
GRIDFORMAT_BEGIN
 90
        0
 91
        1
 62
     0
 92
       -2
340
0
 93
        0
 40
0.045
309
GRIDFORMAT_END
 95
        2
302
GRIDFORMAT
  1
GRIDFORMAT_BEGIN
 90
        0
 91
        1
 62
     0
 92
       -2
340
0
 93
        0
 40
0.045
309
GRIDFORMAT_END
 95
        4
302
GRIDFORMAT
  1
GRIDFORMAT_BEGIN
 90
        0
 91
        1
 62
     0
 92
       -2
340
0
 93
        0
 40
0.045
309
GRIDFORMAT_END
 95
        8
302
GRIDFORMAT
  1
GRIDFORMAT_BEGIN
 90
        0
 91
        1
 62
     0
 92
       -2
340
0
 93
        0
 40
0.045
309
GRIDFORMAT_END
 95
       16
302
GRIDFORMAT
  1
GRIDFORMAT_BEGIN
 90
        0
 91
        1
 62
     0
 92
       -2
340
0
 93
        0
 40
0.045
309
GRIDFORMAT_END
 95
       32
302
GRIDFORMAT
  1
GRIDFORMAT_BEGIN
 90
        0
 91
        1
 62
     0
 92
       -2
340
0
 93
        0
 40
0.045
309
GRIDFORMAT_END
309
TABLEFORMAT_END
  1
CELLSTYLE_BEGIN
 90
        2
 91
        1
300
_HEADER
309
CELLSTYLE_END
300
CELLSTYLE
  1
TABLEFORMAT_BEGIN
 90
        5
170
     1
 91
        0
 92
        0
 62
   257
 93
        1
300
CONTENTFORMAT
  1
CONTENTFORMAT_BEGIN
 90
        0
 91
        0
 92
        4
 93
        0
300

 40
0.0
140
1.0
 94
        2
 62
     0
340
27
144
0.18
309
CONTENTFORMAT_END
171
     0
 94
        6
 95
        1
302
GRIDFORMAT
  1
GRIDFORMAT_BEGIN
 90
        0
 91
        1
 62
     0
 92
       -2
340
0
 93
        0
 40
0.045
309
GRIDFORMAT_END
 95
        2
302
GRIDFORMAT
  1
GRIDFORMAT_BEGIN
 90
        0
 91
        1
 62
     0
 92
       -2
340
0
 93
        0
 40
0.045
309
GRIDFORMAT_END
 95
        4
302
GRIDFORMAT
  1
GRIDFORMAT_BEGIN
 90
        0
 91
        1
 62
     0
 92
       -2
340
0
 93
        0
 40
0.045
309
GRIDFORMAT_END
 95
        8
302
GRIDFORMAT
  1
GRIDFORMAT_BEGIN
 90
        0
 91
        1
 62
     0
 92
       -2
340
0
 93
        0
 40
0.045
309
GRIDFORMAT_END
 95
       16
302
GRIDFORMAT
  1
GRIDFORMAT_BEGIN
 90
        0
 91
        1
 62
     0
 92
       -2
340
0
 93
        0
 40
0.045
309
GRIDFORMAT_END
 95
       32
302
GRIDFORMAT
  1
GRIDFORMAT_BEGIN
 90
        0
 91
        1
 62
     0
 92
       -2
340
0
 93
        0
 40
0.045
309
GRIDFORMAT_END
309
TABLEFORMAT_END
  1
CELLSTYLE_BEGIN
 90
        3
 91
        2
300
_DATA
309
CELLSTYLE_END
  0
ENDSEC
  0
SECTION
  2
ACDSDATA
 70
     2
 71
     2
  0
ACDSSCHEMA
 90
        0
  1
AcDb_Thumbnail_Schema
  2
AcDbDs::ID
280
    10
 91
        8
  2
Thumbnail_Data
280
    15
 91
        0
101
ACDSRECORD
 95
        0
 90
        2
  2
AcDbDs::TreatedAsObjectData
280
     1
291
     1
101
ACDSRECORD
 95
        0
 90
        3
  2
AcDbDs::Legacy
280
     1
291
     1
101
ACDSRECORD
  1
AcDbDs::ID
 90
        4
  2
AcDs:Indexable
280
     1
291
     1
101
ACDSRECORD
  1
AcDbDs::ID
 90
        5
  2
AcDbDs::HandleAttribute
280
     7
282
     1
  0
ACDSSCHEMA
 90
        1
  1
AcDb3DSolid_ASM_Data
  2
AcDbDs::ID
280
    10
 91
        8
  2
ASM_Data
280
    15
 91
        0
101
ACDSRECORD
 95
        1
 90
        2
  2
AcDbDs::TreatedAsObjectData
280
     1
291
     1
101
ACDSRECORD
 95
        1
 90
        3
  2
AcDbDs::Legacy
280
     1
291
     1
101
ACDSRECORD
  1
AcDbDs::ID
 90
        4
  2
AcDs:Indexable
280
     1
291
     1
101
ACDSRECORD
  1
AcDbDs::ID
 90
        5
  2
AcDbDs::HandleAttribute
280
     7
282
     1
  0
ACDSSCHEMA
 90
        2
  1
AcDbDs::TreatedAsObjectDataSchema
  2
AcDbDs::TreatedAsObjectData
280
     1
 91
        0
  0
ACDSSCHEMA
 90
        3
  1
AcDbDs::LegacySchema
  2
AcDbDs::Legacy
280
     1
 91
        0
  0
ACDSSCHEMA
 90
        4
  1
AcDbDs::IndexedPropertySchema
  2
AcDs:Indexable
280
     1
 91
        0
  0
ACDSSCHEMA
 90
        5
  1
AcDbDs::HandleAttributeSchema
  2
AcDbDs::HandleAttribute
280
     7
 91
        1
284
     1
  0
ACDSRECORD
 90
        0
  2
AcDbDs::ID
280
    10
320
16
  2
Thumbnail_Data
280
    15
 94
     1144
310
89504E470D0A1A0A0000000D49484452000001000000009A0803000000712666C500000300504C5445FFFFFFFFFFFFFFFFFF0000000000000000000000000000000000000000000000000000330000660000990000CC0000FF0033000033330033660033990033CC0033FF0066000066330066660066990066CC0066FF0099
310
000099330099660099990099CC0099FF00CC0000CC3300CC6600CC9900CCCC00CCFF00FF0000FF3300FF6600FF9900FFCC00FFFF3300003300333300663300993300CC3300FF3333003333333333663333993333CC3333FF3366003366333366663366993366CC3366FF3399003399333399663399993399CC3399FF33CC00
310
33CC3333CC6633CC9933CCCC33CCFF33FF0033FF3333FF6633FF9933FFCC33FFFF6600006600336600666600996600CC6600FF6633006633336633666633996633CC6633FF6666006666336666666666996666CC6666FF6699006699336699666699996699CC6699FF66CC0066CC3366CC6666CC9966CCCC66CCFF66FF0066
310
FF3366FF6666FF9966FFCC66FFFF9900009900339900669900999900CC9900FF9933009933339933669933999933CC9933FF9966009966339966669966999966CC9966FF9999009999339999669999999999CC9999FF99CC0099CC3399CC6699CC9999CCCC99CCFF99FF0099FF3399FF6699FF9999FFCC99FFFFCC0000CC00
310
33CC0066CC0099CC00CCCC00FFCC3300CC3333CC3366CC3399CC33CCCC33FFCC6600CC6633CC6666CC6699CC66CCCC66FFCC9900CC9933CC9966CC9999CC99CCCC99FFCCCC00CCCC33CCCC66CCCC99CCCCCCCCCCFFCCFF00CCFF33CCFF66CCFF99CCFFCCCCFFFFFF0000FF0033FF0066FF0099FF00CCFF00FFFF3300FF3333
310
FF3366FF3399FF33CCFF33FFFF6600FF6633FF6666FF6699FF66CCFF66FFFF9900FF9933FF9966FF9999FF99CCFF99FFFFCC00FFCC33FFCC66FFCC99FFCCCCFFCCFFFFFF00FFFF33FFFF66FFFF99FFFFCCFFFFFF0000000D0D0D1A1A1A2828283535354343435050505D5D5D6B6B6B787878868686939393A1A1A1AEAEAEBB
310
BBBBC9C9C9D6D6D6E4E4E4F1F1F1FFFFFF000000000000000000000000000000000000000000000000000000000000AD4AB4E4000001334944415478DAEDD9318A0341140351DDFF983E89B3C1989E7418A8D7B0811D165F8556DEBCC7DFE7F852004E5F96000C0000AEBFDF0F2E0000003820076024C8016D07ACEE004588
310
03005084380000005A008CA22200801EA0078800001C30A3A8519403F20ED88CA21CC0010070800B0000801000A3A80800A007E80122000007CC286A14E580BC0336A328077000001CE00200002004E0F6A520880100BAC07F0F70010000C001C57F88489003E29B40DB018A100700A00871800800D0036014150100F4003D
310
400400E000A328097240DB019B519403380000458803440000A3A851540400D0035C00000070400BC0489003DA0ED88CA21CC0010028421C20020018458DA22200801EE002000080035A0046821CD076C06614E5000E004011E200110080035C0000008400D47F1879CDFB0265F754E7636FE8F20000000049454E44AE4260
310
82
  0
ACDSRECORD
 90
        0
  2
AcDbDs::ID
280
    10
320
1D
  2
Thumbnail_Data
280
    15
 94
     1183
310
89504E470D0A1A0A0000000D4948445200000100000000C508030000008CFEDCE700000300504C5445FFFFFF000000FFFFFF0000000000000000000000000000000000000000000000000000330000660000990000CC0000FF0033000033330033660033990033CC0033FF0066000066330066660066990066CC0066FF0099
310
000099330099660099990099CC0099FF00CC0000CC3300CC6600CC9900CCCC00CCFF00FF0000FF3300FF6600FF9900FFCC00FFFF3300003300333300663300993300CC3300FF3333003333333333663333993333CC3333FF3366003366333366663366993366CC3366FF3399003399333399663399993399CC3399FF33CC00
310
33CC3333CC6633CC9933CCCC33CCFF33FF0033FF3333FF6633FF9933FFCC33FFFF6600006600336600666600996600CC6600FF6633006633336633666633996633CC6633FF6666006666336666666666996666CC6666FF6699006699336699666699996699CC6699FF66CC0066CC3366CC6666CC9966CCCC66CCFF66FF0066
310
FF3366FF6666FF9966FFCC66FFFF9900009900339900669900999900CC9900FF9933009933339933669933999933CC9933FF9966009966339966669966999966CC9966FF9999009999339999669999999999CC9999FF99CC0099CC3399CC6699CC9999CCCC99CCFF99FF0099FF3399FF6699FF9999FFCC99FFFFCC0000CC00
310
33CC0066CC0099CC00CCCC00FFCC3300CC3333CC3366CC3399CC33CCCC33FFCC6600CC6633CC6666CC6699CC66CCCC66FFCC9900CC9933CC9966CC9999CC99CCCC99FFCCCC00CCCC33CCCC66CCCC99CCCCCCCCCCFFCCFF00CCFF33CCFF66CCFF99CCFFCCCCFFFFFF0000FF0033FF0066FF0099FF00CCFF00FFFF3300FF3333
310
FF3366FF3399FF33CCFF33FFFF6600FF6633FF6666FF6699FF66CCFF66FFFF9900FF9933FF9966FF9999FF99CCFF99FFFFCC00FFCC33FFCC66FFCC99FFCCCCFFCCFFFFFF00FFFF33FFFF66FFFF99FFFFCCFFFFFF0000000D0D0D1A1A1A2828283535354343435050505D5D5D6B6B6B787878868686939393A1A1A1AEAEAEBB
310
BBBBC9C9C9D6D6D6E4E4E4F1F1F1FFFFFF000000000000000000000000000000000000000000000000000000000000790CAC0F0000015A4944415478DAEDD8410A8340100440FFFFCCF9C09EE61E104224896014844D579F64F420A587DE592A3A632CD5C101100F500500C0F36ACDF6D636BFCEEBAEF9E9177D0788FBF600
310
000000000000004D1000000000000000100F50FB4F4C9E8B5578FAFF0300000000000000000000000000000000B00BD069000D0000000000000000A009020000000000000000000000000000000052013A0DA001000000000000000000A8C2000000000000000000000000000000402A40FC420400000000000000002016C0
310
5900000000000000000000000000000000C803885F88000000000000000000C402380B0000000000000000000000000000000000E2003A0DA0010000000000000000344100000000000000000000000000000000C0E7C660F21C04080D0000000000000000C01F54DE73151900000000000000D0AFCDCFB6227CDDAB1C9CD7
310
5DF3D32FAA0902000000C00A109E658C110DF0000E6CC6FBCCF8EC2E0000000049454E44AE426082
  0
ENDSEC
  0
EOF
