  0
SECTION
  2
HEADER
  9
$ACADVER
  1
AC1032
  9
$ACADMAINTVER
 90
       55
  9
$DWGCODEPAGE
  3
ANSI_1251
  9
$LASTSAVEDBY
  1
Lecoo
  9
$REQUIREDVERSIONS
160
                 0
  9
$INSBASE
 10
0.0
 20
0.0
 30
0.0
  9
$EXTMIN
 10
1.000000000000000E+20
 20
1.000000000000000E+20
 30
1.000000000000000E+20
  9
$EXTMAX
 10
0.0
 20
0.0
 30
0.0
  9
$LIMMIN
 10
-1460.511858011511
 20
12155.70114198849
  9
$LIMMAX
 10
2753.084858011512
 20
16369.29785801151
  9
$ORTHOMODE
 70
     0
  9
$REGENMODE
 70
     1
  9
$FILLMODE
 70
     1
  9
$QTEXTMODE
 70
     0
  9
$MIRRTEXT
 70
     0
  9
$LTSCALE
 40
1.0
  9
$ATTMODE
 70
     1
  9
$TEXTSIZE
 40
1.0
  9
$TRACEWID
 40
0.05
  9
$TEXTSTYLE
  7
Standard
  9
$CLAYER
  8
0
  9
$CELTYPE
  6
Continuous
  9
$CECOLOR
 62
     7
  9
$CELTSCALE
 40
0.4
  9
$DISPSILH
 70
     0
  9
$DIMSCALE
 40
1.0
  9
$DIMASZ
 40
1.0
  9
$DIMEXO
 40
0.5
  9
$DIMDLI
 40
0.0
  9
$DIMRND
 40
0.0
  9
$DIMDLE
 40
0.0
  9
$DIMEXE
 40
0.5
  9
$DIMTP
 40
0.0
  9
$DIMTM
 40
0.0
  9
$DIMTXT
 40
1.0
  9
$DIMCEN
 40
0.09
  9
$DIMTSZ
 40
0.0
  9
$DIMTOL
 70
     0
  9
$DIMLIM
 70
     0
  9
$DIMTIH
 70
     0
  9
$DIMTOH
 70
     0
  9
$DIMSE1
 70
     0
  9
$DIMSE2
 70
     0
  9
$DIMTAD
 70
     1
  9
$DIMZIN
 70
    11
  9
$DIMBLK
  1
TerminatorOpen_0.5
  9
$DIMASO
 70
     1
  9
$DIMSHO
 70
     1
  9
$DIMPOST
  1

  9
$DIMAPOST
  1

  9
$DIMALT
 70
     0
  9
$DIMALTD
 70
     4
  9
$DIMALTF
 40
25.4
  9
$DIMLFAC
 40
1.0
  9
$DIMTOFL
 70
     0
  9
$DIMTVP
 40
0.0
  9
$DIMTIX
 70
     0
  9
$DIMSOXD
 70
     0
  9
$DIMSAH
 70
     0
  9
$DIMBLK1
  1

  9
$DIMBLK2
  1

  9
$DIMSTYLE
  2
Standard
  9
$DIMCLRD
 70
     0
  9
$DIMCLRE
 70
     0
  9
$DIMCLRT
 70
     0
  9
$DIMTFAC
 40
1.0
  9
$DIMGAP
 40
0.5
  9
$DIMJUST
 70
     0
  9
$DIMSD1
 70
     0
  9
$DIMSD2
 70
     0
  9
$DIMTOLJ
 70
     1
  9
$DIMTZIN
 70
    11
  9
$DIMALTZ
 70
    15
  9
$DIMALTTZ
 70
    15
  9
$DIMUPT
 70
     0
  9
$DIMDEC
 70
     4
  9
$DIMTDEC
 70
     4
  9
$DIMALTU
 70
     2
  9
$DIMALTTD
 70
     4
  9
$DIMTXSTY
  7
Style-RUSSIAN_1251
  9
$DIMAUNIT
 70
     0
  9
$DIMADEC
 70
     4
  9
$DIMALTRND
 40
0.0
  9
$DIMAZIN
 70
     3
  9
$DIMDSEP
 70
    46
  9
$DIMATFIT
 70
     1
  9
$DIMFRAC
 70
     0
  9
$DIMLDRBLK
  1
TerminatorOpen_0.5
  9
$DIMLUNIT
 70
     2
  9
$DIMLWD
 70
    -2
  9
$DIMLWE
 70
    -2
  9
$DIMTMOVE
 70
     0
  9
$DIMFXL
 40
1.0
  9
$DIMFXLON
 70
     0
  9
$DIMJOGANG
 40
0.7853981633974483
  9
$DIMTFILL
 70
     0
  9
$DIMTFILLCLR
 70
     0
  9
$DIMARCSYM
 70
     0
  9
$DIMLTYPE
  6

  9
$DIMLTEX1
  6

  9
$DIMLTEX2
  6

  9
$DIMTXTDIRECTION
 70
     0
  9
$LUNITS
 70
     2
  9
$LUPREC
 70
     6
  9
$SKETCHINC
 40
0.1
  9
$FILLETRAD
 40
0.0
  9
$AUNITS
 70
     0
  9
$AUPREC
 70
     4
  9
$MENU
  1
.
  9
$ELEVATION
 40
0.0
  9
$PELEVATION
 40
0.0
  9
$THICKNESS
 40
0.0
  9
$LIMCHECK
 70
     0
  9
$CHAMFERA
 40
0.0
  9
$CHAMFERB
 40
0.0
  9
$CHAMFERC
 40
0.0
  9
$CHAMFERD
 40
0.0
  9
$SKPOLY
 70
     0
  9
$TDCREATE
 40
2454144.903024017
  9
$TDUCREATE
 40
2454144.778024017
  9
$TDUPDATE
 40
2461302.936928831
  9
$TDUUPDATE
 40
2461302.811928831
  9
$TDINDWG
 40
0.0264176968
  9
$TDUSRTIMER
 40
0.0264175116
  9
$USRTIMER
 70
     1
  9
$ANGBASE
 50
0.0
  9
$ANGDIR
 70
     0
  9
$PDMODE
 70
     0
  9
$PDSIZE
 40
0.0
  9
$PLINEWID
 40
0.0
  9
$SPLFRAME
 70
     0
  9
$SPLINETYPE
 70
     6
  9
$SPLINESEGS
 70
     8
  9
$HANDSEED
  5
4C2
  9
$SURFTAB1
 70
     6
  9
$SURFTAB2
 70
     6
  9
$SURFTYPE
 70
     6
  9
$SURFU
 70
     6
  9
$SURFV
 70
     6
  9
$UCSBASE
  2

  9
$UCSNAME
  2

  9
$UCSORG
 10
0.0
 20
0.0
 30
0.0
  9
$UCSXDIR
 10
1.0
 20
0.0
 30
0.0
  9
$UCSYDIR
 10
0.0
 20
1.0
 30
0.0
  9
$UCSORTHOREF
  2

  9
$UCSORTHOVIEW
 70
     0
  9
$UCSORGTOP
 10
0.0
 20
0.0
 30
0.0
  9
$UCSORGBOTTOM
 10
0.0
 20
0.0
 30
0.0
  9
$UCSORGLEFT
 10
0.0
 20
0.0
 30
0.0
  9
$UCSORGRIGHT
 10
0.0
 20
0.0
 30
0.0
  9
$UCSORGFRONT
 10
0.0
 20
0.0
 30
0.0
  9
$UCSORGBACK
 10
0.0
 20
0.0
 30
0.0
  9
$PUCSBASE
  2

  9
$PUCSNAME
  2

  9
$PUCSORG
 10
0.0
 20
0.0
 30
0.0
  9
$PUCSXDIR
 10
1.0
 20
0.0
 30
0.0
  9
$PUCSYDIR
 10
0.0
 20
1.0
 30
0.0
  9
$PUCSORTHOREF
  2

  9
$PUCSORTHOVIEW
 70
     0
  9
$PUCSORGTOP
 10
0.0
 20
0.0
 30
0.0
  9
$PUCSORGBOTTOM
 10
0.0
 20
0.0
 30
0.0
  9
$PUCSORGLEFT
 10
0.0
 20
0.0
 30
0.0
  9
$PUCSORGRIGHT
 10
0.0
 20
0.0
 30
0.0
  9
$PUCSORGFRONT
 10
0.0
 20
0.0
 30
0.0
  9
$PUCSORGBACK
 10
0.0
 20
0.0
 30
0.0
  9
$USERI1
 70
     0
  9
$USERI2
 70
     0
  9
$USERI3
 70
     0
  9
$USERI4
 70
     0
  9
$USERI5
 70
     0
  9
$USERR1
 40
0.0
  9
$USERR2
 40
0.0
  9
$USERR3
 40
0.0
  9
$USERR4
 40
0.0
  9
$USERR5
 40
0.0
  9
$WORLDVIEW
 70
     1
  9
$SHADEDGE
 70
     3
  9
$SHADEDIF
 70
    70
  9
$TILEMODE
 70
     1
  9
$MAXACTVP
 70
    64
  9
$PINSBASE
 10
0.0
 20
0.0
 30
0.0
  9
$PLIMCHECK
 70
     0
  9
$PEXTMIN
 10
1.049999952316284
 20
0.7999999523162842
 30
0.0
  9
$PEXTMAX
 10
9.449999570846556
 20
7.199999570846557
 30
0.0
  9
$PLIMMIN
 10
-0.2500002402958907
 20
-0.2499999962453767
  9
$PLIMMAX
 10
10.74999951940822
 20
8.249999763458732
  9
$UNITMODE
 70
     0
  9
$VISRETAIN
 70
     1
  9
$PLINEGEN
 70
     0
  9
$PSLTSCALE
 70
     0
  9
$TREEDEPTH
 70
  3020
  9
$CMLSTYLE
  2
ТРУБА_4_БД_20М_ПР200
  9
$CMLJUST
 70
     0
  9
$CMLSCALE
 40
1.0
  9
$PROXYGRAPHICS
 70
     1
  9
$MEASUREMENT
 70
     0
  9
$CELWEIGHT
370
    -1
  9
$ENDCAPS
280
     0
  9
$JOINSTYLE
280
     0
  9
$LWDISPLAY
290
     1
  9
$INSUNITS
 70
     6
  9
$HYPERLINKBASE
  1

  9
$STYLESHEET
  1

  9
$XEDIT
290
     1
  9
$CEPSNTYPE
380
     0
  9
$PSTYLEMODE
290
     1
  9
$FINGERPRINTGUID
  2
{760100FC-F793-4D73-B51A-DD1CED87ED4E}
  9
$VERSIONGUID
  2
{2CE5390F-5C5B-1343-9632-674486C813F4}
  9
$EXTNAMES
290
     1
  9
$PSVPSCALE
 40
0.0
  9
$OLESTARTUP
290
     0
  9
$SORTENTS
280
   127
  9
$INDEXCTL
280
     0
  9
$HIDETEXT
280
     1
  9
$XCLIPFRAME
280
     2
  9
$HALOGAP
280
     0
  9
$OBSCOLOR
 70
   257
  9
$OBSLTYPE
280
     0
  9
$INTERSECTIONDISPLAY
280
     0
  9
$INTERSECTIONCOLOR
 70
   257
  9
$DIMASSOC
280
     1
  9
$PROJECTNAME
  1

  9
$CAMERADISPLAY
290
     0
  9
$LENSLENGTH
 40
50.0
  9
$CAMERAHEIGHT
 40
0.0
  9
$STEPSPERSEC
 40
2.0
  9
$STEPSIZE
 40
6.0
  9
$3DDWFPREC
 40
2.0
  9
$PSOLWIDTH
 40
0.25
  9
$PSOLHEIGHT
 40
4.0
  9
$LOFTANG1
 40
1.570796326794897
  9
$LOFTANG2
 40
1.570796326794897
  9
$LOFTMAG1
 40
0.0
  9
$LOFTMAG2
 40
0.0
  9
$LOFTPARAM
 70
     7
  9
$LOFTNORMALS
280
     1
  9
$LATITUDE
 40
37.795
  9
$LONGITUDE
 40
-122.394
  9
$NORTHDIRECTION
 40
0.0
  9
$TIMEZONE
 70
 -8000
  9
$LIGHTGLYPHDISPLAY
280
     1
  9
$TILEMODELIGHTSYNCH
280
     1
  9
$CMATERIAL
347
39
  9
$SOLIDHIST
280
     1
  9
$SHOWHIST
280
     1
  9
$DWFFRAME
280
     2
  9
$DGNFRAME
280
     0
  9
$REALWORLDSCALE
290
     1
  9
$INTERFERECOLOR
 62
     1
  9
$CSHADOW
280
     0
  9
$SHADOWPLANELOCATION
 40
0.0
  0
ENDSEC
  0
SECTION
  2
CLASSES
  0
CLASS
  1
ACDBDICTIONARYWDFLT
  2
AcDbDictionaryWithDefault
  3
ObjectDBX Classes
 90
        0
 91
        3
280
     0
281
     0
  0
CLASS
  1
ACDBPLACEHOLDER
  2
AcDbPlaceHolder
  3
ObjectDBX Classes
 90
        0
 91
        1
280
     0
281
     0
  0
CLASS
  1
LAYOUT
  2
AcDbLayout
  3
ObjectDBX Classes
 90
        0
 91
        1
280
     0
281
     0
  0
CLASS
  1
DICTIONARYVAR
  2
AcDbDictionaryVar
  3
ObjectDBX Classes
 90
        0
 91
        3
280
     0
281
     0
  0
CLASS
  1
TABLESTYLE
  2
AcDbTableStyle
  3
ObjectDBX Classes
 90
     4095
 91
        3
280
     0
281
     0
  0
CLASS
  1
MATERIAL
  2
AcDbMaterial
  3
ObjectDBX Classes
 90
     1153
 91
        3
280
     0
281
     0
  0
CLASS
  1
VISUALSTYLE
  2
AcDbVisualStyle
  3
ObjectDBX Classes
 90
     4095
 91
        3
280
     0
281
     0
  0
CLASS
  1
SCALE
  2
AcDbScale
  3
ObjectDBX Classes
 90
     1153
 91
        3
280
     0
281
     0
  0
CLASS
  1
MLEADERSTYLE
  2
AcDbMLeaderStyle
  3
ACDB_MLEADERSTYLE_CLASS
 90
     4095
 91
        3
280
     0
281
     0
  0
CLASS
  1
EXACXREFPANELOBJECT
  2
ExAcXREFPanelObject
  3
EXAC_ESW
 90
     1025
 91
        1
280
     1
281
     0
  0
CLASS
  1
NPOCOLLECTION
  2
AcDbImpNonPersistentObjectsCollection
  3
ObjectDBX Classes
 90
     1153
 91
        1
280
     1
281
     0
  0
CLASS
  1
CELLSTYLEMAP
  2
AcDbCellStyleMap
  3
ObjectDBX Classes
 90
     1152
 91
        3
280
     0
281
     0
  0
CLASS
  1
ACDBSECTIONVIEWSTYLE
  2
AcDbSectionViewStyle
  3
ObjectDBX Classes
 90
     1025
 91
        3
280
     0
281
     0
  0
CLASS
  1
ACDBDETAILVIEWSTYLE
  2
AcDbDetailViewStyle
  3
ObjectDBX Classes
 90
     1025
 91
        3
280
     0
281
     0
  0
CLASS
  1
SORTENTSTABLE
  2
AcDbSortentsTable
  3
ObjectDBX Classes
 90
        0
 91
        3
280
     0
281
     0
  0
ENDSEC
  0
SECTION
  2
TABLES
  0
TABLE
  2
VPORT
  5
2E
330
0
100
AcDbSymbolTable
 70
     1
  0
VPORT
  5
2F
330
2E
100
AcDbSymbolTableRecord
100
AcDbViewportTableRecord
  2
*ACTIVE
 70
     0
 10
0.0
 20
0.0
 11
1.0
 21
1.0
 12
646.286927650746
 22
14328.84020246692
 13
0.0
 23
0.0
 14
1.0
 24
1.0
 15
50.0
 25
50.0
 16
0.0
 26
0.0
 36
1.0
 17
0.0
 27
0.0
 37
0.0
 40
684.129898683828
 41
1.765478424015009
 42
50.0
 43
0.0
 44
0.0
 50
0.0
 51
0.0
 71
     0
 72
   100
 73
     1
 74
     0
 75
     0
 76
     0
 77
     0
 78
     1
281
     0
 65
     1
110
0.0
120
0.0
130
0.0
111
1.0
121
0.0
131
0.0
112
0.0
122
1.0
132
0.0
 79
     0
146
0.0
348
437
 60
     3
 61
     5
292
     1
282
     1
141
0.0
142
0.0
 63
   250
421
  3355443
1001
ACAD_NAV_VCDISPLAY
1070
     3
  0
ENDTAB
  0
TABLE
  2
LTYPE
  5
29
330
0
100
AcDbSymbolTable
 70
     1
  0
LTYPE
  5
2A
330
29
100
AcDbSymbolTableRecord
100
AcDbLinetypeTableRecord
  2
ByBlock
 70
     0
  3

 72
    65
 73
     0
 40
0.0
  0
LTYPE
  5
2B
330
29
100
AcDbSymbolTableRecord
100
AcDbLinetypeTableRecord
  2
ByLayer
 70
     0
  3

 72
    65
 73
     0
 40
0.0
  0
LTYPE
  5
13
330
29
100
AcDbSymbolTableRecord
100
AcDbLinetypeTableRecord
  2
Continuous
 70
     0
  3
Solid line
 72
    65
 73
     0
 40
0.0
  0
ENDTAB
  0
TABLE
  2
LAYER
  5
21
102
{ACAD_XDICTIONARY
360
22
102
}
330
0
100
AcDbSymbolTable
 70
     5
  0
LAYER
  5
4
102
{ACAD_XDICTIONARY
360
5
102
}
330
21
100
AcDbSymbolTableRecord
100
AcDbLayerTableRecord
  2
0
 70
     0
 62
     7
  6
Continuous
370
    -3
390
7
347
A
348
0
1001
AcCmTransparency
1071
 33554687
  0
LAYER
  5
7C
330
21
100
AcDbSymbolTableRecord
100
AcDbLayerTableRecord
  2
Рамки
 70
     0
 62
     7
  6
Continuous
370
    25
390
7
347
A
348
0
1001
AcCmTransparency
1071
 33554687
  0
LAYER
  5
40F
330
21
100
AcDbSymbolTableRecord
100
AcDbLayerTableRecord
  2
Подписи рамок
 70
     0
 62
     7
  6
Continuous
370
    25
390
7
347
A
348
0
1001
AcCmTransparency
1071
 33554687
  0
LAYER
  5
7E
330
21
100
AcDbSymbolTableRecord
100
AcDbLayerTableRecord
  2
Координатные кресты
 70
     0
 62
     7
  6
Continuous
370
    25
390
7
347
A
348
0
1001
AcCmTransparency
1071
 33554687
  0
LAYER
  5
40D
330
21
100
AcDbSymbolTableRecord
100
AcDbLayerTableRecord
  2
Граница заказа
 70
     0
 62
     7
  6
Continuous
370
    25
390
7
347
A
348
0
1001
AcCmTransparency
1071
 33554687
  0
ENDTAB
  0
TABLE
  2
STYLE
  5
26
330
0
100
AcDbSymbolTable
 70
     3
  0
STYLE
  5
27
330
26
100
AcDbSymbolTableRecord
100
AcDbTextStyleTableRecord
  2
Standard
 70
     0
 40
0.0
 41
1.0
 50
0.0
 71
     0
 42
1.0
  3
txt
  4

  0
STYLE
  5
4D
330
26
100
AcDbSymbolTableRecord
100
AcDbTextStyleTableRecord
  2
Style-RUSSIAN_1251
 70
     0
 40
0.0
 41
1.0
 50
0.0
 71
     0
 42
1.0
  3
RUSSIAN_1251.shx
  4

  0
STYLE
  5
410
330
26
100
AcDbSymbolTableRecord
100
AcDbTextStyleTableRecord
  2
Style-RUSSIAN_1251 I 0.00000
 70
     0
 40
0.0
 41
1.0
 50
0.0
 71
     0
 42
1.0
  3
RUSSIAN_1251.shx
  4

  0
ENDTAB
  0
TABLE
  2
VIEW
  5
2C
330
0
100
AcDbSymbolTable
 70
     0
  0
ENDTAB
  0
TABLE
  2
UCS
  5
2D
330
0
100
AcDbSymbolTable
 70
     0
  0
ENDTAB
  0
TABLE
  2
APPID
  5
30
330
0
100
AcDbSymbolTable
 70
     6
  0
APPID
  5
31
330
30
100
AcDbSymbolTableRecord
100
AcDbRegAppTableRecord
  2
ACAD
 70
     0
  0
APPID
  5
20
330
30
100
AcDbSymbolTableRecord
100
AcDbRegAppTableRecord
  2
ACAD_PSEXT
 70
     0
  0
APPID
  5
14
330
30
100
AcDbSymbolTableRecord
100
AcDbRegAppTableRecord
  2
AcCmTransparency
 70
     0
  0
APPID
  5
451
330
30
100
AcDbSymbolTableRecord
100
AcDbRegAppTableRecord
  2
ACAD_NAV_VCDISPLAY
 70
     0
  0
APPID
  5
47C
330
30
100
AcDbSymbolTableRecord
100
AcDbRegAppTableRecord
  2
ADE_PROJECTION
 70
     0
  0
APPID
  5
4B7
330
30
100
AcDbSymbolTableRecord
100
AcDbRegAppTableRecord
  2
ACAD_MLEADERVER
 70
     0
  0
ENDTAB
  0
TABLE
  2
DIMSTYLE
  5
32
330
0
100
AcDbSymbolTable
 70
     1
100
AcDbDimStyleTable
  0
DIMSTYLE
105
33
330
32
100
AcDbSymbolTableRecord
100
AcDbDimStyleTableRecord
  2
Standard
 70
     0
178
     0
340
27
  0
ENDTAB
  0
TABLE
  2
BLOCK_RECORD
  5
1
330
0
100
AcDbSymbolTable
 70
   152
  0
BLOCK_RECORD
  5
2
102
{ACAD_XDICTIONARY
360
415
102
}
330
1
100
AcDbSymbolTableRecord
100
AcDbBlockTableRecord
  2
*Model_Space
340
16
 70
     0
280
     1
281
     0
  0
BLOCK_RECORD
  5
1A
330
1
100
AcDbSymbolTableRecord
100
AcDbBlockTableRecord
  2
*Paper_Space
340
1D
 70
     0
280
     1
281
     0
  0
BLOCK_RECORD
  5
4E
330
1
100
AcDbSymbolTableRecord
100
AcDbBlockTableRecord
  2
TerminatorOpen_0.5
340
0
 70
     0
280
     1
281
     0
  0
BLOCK_RECORD
  5
7F
330
1
100
AcDbSymbolTableRecord
100
AcDbBlockTableRecord
  2
KREST
340
0
102
{BLKREFS
331
7D
102
}
 70
     0
280
     1
281
     0
  0
BLOCK_RECORD
  5
85
330
1
100
AcDbSymbolTableRecord
100
AcDbBlockTableRecord
  2
KREST_1
340
0
102
{BLKREFS
331
84
102
}
 70
     0
280
     1
281
     0
  0
BLOCK_RECORD
  5
8B
330
1
100
AcDbSymbolTableRecord
100
AcDbBlockTableRecord
  2
KREST_2
340
0
102
{BLKREFS
331
8A
102
}
 70
     0
280
     1
281
     0
  0
BLOCK_RECORD
  5
91
330
1
100
AcDbSymbolTableRecord
100
AcDbBlockTableRecord
  2
KREST_3
340
0
102
{BLKREFS
331
90
102
}
 70
     0
280
     1
281
     0
  0
BLOCK_RECORD
  5
97
330
1
100
AcDbSymbolTableRecord
100
AcDbBlockTableRecord
  2
KREST_4
340
0
102
{BLKREFS
331
96
102
}
 70
     0
280
     1
281
     0
  0
BLOCK_RECORD
  5
9D
330
1
100
AcDbSymbolTableRecord
100
AcDbBlockTableRecord
  2
KREST_5
340
0
102
{BLKREFS
331
9C
102
}
 70
     0
280
     1
281
     0
  0
BLOCK_RECORD
  5
A3
330
1
100
AcDbSymbolTableRecord
100
AcDbBlockTableRecord
  2
KREST_6
340
0
102
{BLKREFS
331
A2
102
}
 70
     0
280
     1
281
     0
  0
BLOCK_RECORD
  5
A9
330
1
100
AcDbSymbolTableRecord
100
AcDbBlockTableRecord
  2
KREST_7
340
0
102
{BLKREFS
331
A8
102
}
 70
     0
280
     1
281
     0
  0
BLOCK_RECORD
  5
AF
330
1
100
AcDbSymbolTableRecord
100
AcDbBlockTableRecord
  2
KREST_8
340
0
102
{BLKREFS
331
AE
102
}
 70
     0
280
     1
281
     0
  0
BLOCK_RECORD
  5
B5
330
1
100
AcDbSymbolTableRecord
100
AcDbBlockTableRecord
  2
KREST_9
340
0
102
{BLKREFS
331
B4
102
}
 70
     0
280
     1
281
     0
  0
BLOCK_RECORD
  5
BB
330
1
100
AcDbSymbolTableRecord
100
AcDbBlockTableRecord
  2
KREST_10
340
0
102
{BLKREFS
331
BA
102
}
 70
     0
280
     1
281
     0
  0
BLOCK_RECORD
  5
C1
330
1
100
AcDbSymbolTableRecord
100
AcDbBlockTableRecord
  2
KREST_11
340
0
102
{BLKREFS
331
C0
102
}
 70
     0
280
     1
281
     0
  0
BLOCK_RECORD
  5
C7
330
1
100
AcDbSymbolTableRecord
100
AcDbBlockTableRecord
  2
KREST_12
340
0
102
{BLKREFS
331
C6
102
}
 70
     0
280
     1
281
     0
  0
BLOCK_RECORD
  5
CD
330
1
100
AcDbSymbolTableRecord
100
AcDbBlockTableRecord
  2
KREST_13
340
0
102
{BLKREFS
331
CC
102
}
 70
     0
280
     1
281
     0
  0
BLOCK_RECORD
  5
D3
330
1
100
AcDbSymbolTableRecord
100
AcDbBlockTableRecord
  2
KREST_14
340
0
102
{BLKREFS
331
D2
102
}
 70
     0
280
     1
281
     0
  0
BLOCK_RECORD
  5
D9
330
1
100
AcDbSymbolTableRecord
100
AcDbBlockTableRecord
  2
KREST_15
340
0
102
{BLKREFS
331
D8
102
}
 70
     0
280
     1
281
     0
  0
BLOCK_RECORD
  5
DF
330
1
100
AcDbSymbolTableRecord
100
AcDbBlockTableRecord
  2
KREST_16
340
0
102
{BLKREFS
331
DE
102
}
 70
     0
280
     1
281
     0
  0
BLOCK_RECORD
  5
E5
330
1
100
AcDbSymbolTableRecord
100
AcDbBlockTableRecord
  2
KREST_17
340
0
102
{BLKREFS
331
E4
102
}
 70
     0
280
     1
281
     0
  0
BLOCK_RECORD
  5
EB
330
1
100
AcDbSymbolTableRecord
100
AcDbBlockTableRecord
  2
KREST_18
340
0
102
{BLKREFS
331
EA
102
}
 70
     0
280
     1
281
     0
  0
BLOCK_RECORD
  5
F1
330
1
100
AcDbSymbolTableRecord
100
AcDbBlockTableRecord
  2
KREST_19
340
0
102
{BLKREFS
331
F0
102
}
 70
     0
280
     1
281
     0
  0
BLOCK_RECORD
  5
F7
330
1
100
AcDbSymbolTableRecord
100
AcDbBlockTableRecord
  2
KREST_20
340
0
102
{BLKREFS
331
F6
102
}
 70
     0
280
     1
281
     0
  0
BLOCK_RECORD
  5
FD
330
1
100
AcDbSymbolTableRecord
100
AcDbBlockTableRecord
  2
KREST_21
340
0
102
{BLKREFS
331
FC
102
}
 70
     0
280
     1
281
     0
  0
BLOCK_RECORD
  5
103
330
1
100
AcDbSymbolTableRecord
100
AcDbBlockTableRecord
  2
KREST_22
340
0
102
{BLKREFS
331
102
102
}
 70
     0
280
     1
281
     0
  0
BLOCK_RECORD
  5
109
330
1
100
AcDbSymbolTableRecord
100
AcDbBlockTableRecord
  2
KREST_23
340
0
102
{BLKREFS
331
108
102
}
 70
     0
280
     1
281
     0
  0
BLOCK_RECORD
  5
10F
330
1
100
AcDbSymbolTableRecord
100
AcDbBlockTableRecord
  2
KREST_24
340
0
102
{BLKREFS
331
10E
102
}
 70
     0
280
     1
281
     0
  0
BLOCK_RECORD
  5
115
330
1
100
AcDbSymbolTableRecord
100
AcDbBlockTableRecord
  2
KREST_25
340
0
102
{BLKREFS
331
114
102
}
 70
     0
280
     1
281
     0
  0
BLOCK_RECORD
  5
11B
330
1
100
AcDbSymbolTableRecord
100
AcDbBlockTableRecord
  2
KREST_26
340
0
102
{BLKREFS
331
11A
102
}
 70
     0
280
     1
281
     0
  0
BLOCK_RECORD
  5
121
330
1
100
AcDbSymbolTableRecord
100
AcDbBlockTableRecord
  2
KREST_27
340
0
102
{BLKREFS
331
120
102
}
 70
     0
280
     1
281
     0
  0
BLOCK_RECORD
  5
127
330
1
100
AcDbSymbolTableRecord
100
AcDbBlockTableRecord
  2
KREST_28
340
0
102
{BLKREFS
331
126
102
}
 70
     0
280
     1
281
     0
  0
BLOCK_RECORD
  5
12D
330
1
100
AcDbSymbolTableRecord
100
AcDbBlockTableRecord
  2
KREST_29
340
0
102
{BLKREFS
331
12C
102
}
 70
     0
280
     1
281
     0
  0
BLOCK_RECORD
  5
133
330
1
100
AcDbSymbolTableRecord
100
AcDbBlockTableRecord
  2
KREST_30
340
0
102
{BLKREFS
331
132
102
}
 70
     0
280
     1
281
     0
  0
BLOCK_RECORD
  5
139
330
1
100
AcDbSymbolTableRecord
100
AcDbBlockTableRecord
  2
KREST_31
340
0
102
{BLKREFS
331
138
102
}
 70
     0
280
     1
281
     0
  0
BLOCK_RECORD
  5
13F
330
1
100
AcDbSymbolTableRecord
100
AcDbBlockTableRecord
  2
KREST_32
340
0
102
{BLKREFS
331
13E
102
}
 70
     0
280
     1
281
     0
  0
BLOCK_RECORD
  5
145
330
1
100
AcDbSymbolTableRecord
100
AcDbBlockTableRecord
  2
KREST_33
340
0
102
{BLKREFS
331
144
102
}
 70
     0
280
     1
281
     0
  0
BLOCK_RECORD
  5
14B
330
1
100
AcDbSymbolTableRecord
100
AcDbBlockTableRecord
  2
KREST_34
340
0
102
{BLKREFS
331
14A
102
}
 70
     0
280
     1
281
     0
  0
BLOCK_RECORD
  5
151
330
1
100
AcDbSymbolTableRecord
100
AcDbBlockTableRecord
  2
KREST_35
340
0
102
{BLKREFS
331
150
102
}
 70
     0
280
     1
281
     0
  0
BLOCK_RECORD
  5
158
330
1
100
AcDbSymbolTableRecord
100
AcDbBlockTableRecord
  2
KREST_36
340
0
102
{BLKREFS
331
157
102
}
 70
     0
280
     1
281
     0
  0
BLOCK_RECORD
  5
15E
330
1
100
AcDbSymbolTableRecord
100
AcDbBlockTableRecord
  2
KREST_37
340
0
102
{BLKREFS
331
15D
102
}
 70
     0
280
     1
281
     0
  0
BLOCK_RECORD
  5
164
330
1
100
AcDbSymbolTableRecord
100
AcDbBlockTableRecord
  2
KREST_38
340
0
102
{BLKREFS
331
163
102
}
 70
     0
280
     1
281
     0
  0
BLOCK_RECORD
  5
16A
330
1
100
AcDbSymbolTableRecord
100
AcDbBlockTableRecord
  2
KREST_39
340
0
102
{BLKREFS
331
169
102
}
 70
     0
280
     1
281
     0
  0
BLOCK_RECORD
  5
170
330
1
100
AcDbSymbolTableRecord
100
AcDbBlockTableRecord
  2
KREST_40
340
0
102
{BLKREFS
331
16F
102
}
 70
     0
280
     1
281
     0
  0
BLOCK_RECORD
  5
176
330
1
100
AcDbSymbolTableRecord
100
AcDbBlockTableRecord
  2
KREST_41
340
0
102
{BLKREFS
331
175
102
}
 70
     0
280
     1
281
     0
  0
BLOCK_RECORD
  5
17C
330
1
100
AcDbSymbolTableRecord
100
AcDbBlockTableRecord
  2
KREST_42
340
0
102
{BLKREFS
331
17B
102
}
 70
     0
280
     1
281
     0
  0
BLOCK_RECORD
  5
182
330
1
100
AcDbSymbolTableRecord
100
AcDbBlockTableRecord
  2
KREST_43
340
0
102
{BLKREFS
331
181
102
}
 70
     0
280
     1
281
     0
  0
BLOCK_RECORD
  5
188
330
1
100
AcDbSymbolTableRecord
100
AcDbBlockTableRecord
  2
KREST_44
340
0
102
{BLKREFS
331
187
102
}
 70
     0
280
     1
281
     0
  0
BLOCK_RECORD
  5
18E
330
1
100
AcDbSymbolTableRecord
100
AcDbBlockTableRecord
  2
KREST_45
340
0
102
{BLKREFS
331
18D
102
}
 70
     0
280
     1
281
     0
  0
BLOCK_RECORD
  5
194
330
1
100
AcDbSymbolTableRecord
100
AcDbBlockTableRecord
  2
KREST_46
340
0
102
{BLKREFS
331
193
102
}
 70
     0
280
     1
281
     0
  0
BLOCK_RECORD
  5
19A
330
1
100
AcDbSymbolTableRecord
100
AcDbBlockTableRecord
  2
KREST_47
340
0
102
{BLKREFS
331
199
102
}
 70
     0
280
     1
281
     0
  0
BLOCK_RECORD
  5
1A0
330
1
100
AcDbSymbolTableRecord
100
AcDbBlockTableRecord
  2
KREST_48
340
0
102
{BLKREFS
331
19F
102
}
 70
     0
280
     1
281
     0
  0
BLOCK_RECORD
  5
1A6
330
1
100
AcDbSymbolTableRecord
100
AcDbBlockTableRecord
  2
KREST_49
340
0
102
{BLKREFS
331
1A5
102
}
 70
     0
280
     1
281
     0
  0
BLOCK_RECORD
  5
1AC
330
1
100
AcDbSymbolTableRecord
100
AcDbBlockTableRecord
  2
KREST_50
340
0
102
{BLKREFS
331
1AB
102
}
 70
     0
280
     1
281
     0
  0
BLOCK_RECORD
  5
1B2
330
1
100
AcDbSymbolTableRecord
100
AcDbBlockTableRecord
  2
KREST_51
340
0
102
{BLKREFS
331
1B1
102
}
 70
     0
280
     1
281
     0
  0
BLOCK_RECORD
  5
1B8
330
1
100
AcDbSymbolTableRecord
100
AcDbBlockTableRecord
  2
KREST_52
340
0
102
{BLKREFS
331
1B7
102
}
 70
     0
280
     1
281
     0
  0
BLOCK_RECORD
  5
1BE
330
1
100
AcDbSymbolTableRecord
100
AcDbBlockTableRecord
  2
KREST_53
340
0
102
{BLKREFS
331
1BD
102
}
 70
     0
280
     1
281
     0
  0
BLOCK_RECORD
  5
1C4
330
1
100
AcDbSymbolTableRecord
100
AcDbBlockTableRecord
  2
KREST_54
340
0
102
{BLKREFS
331
1C3
102
}
 70
     0
280
     1
281
     0
  0
BLOCK_RECORD
  5
1CA
330
1
100
AcDbSymbolTableRecord
100
AcDbBlockTableRecord
  2
KREST_55
340
0
102
{BLKREFS
331
1C9
102
}
 70
     0
280
     1
281
     0
  0
BLOCK_RECORD
  5
1D0
330
1
100
AcDbSymbolTableRecord
100
AcDbBlockTableRecord
  2
KREST_56
340
0
102
{BLKREFS
331
1CF
102
}
 70
     0
280
     1
281
     0
  0
BLOCK_RECORD
  5
1D6
330
1
100
AcDbSymbolTableRecord
100
AcDbBlockTableRecord
  2
KREST_57
340
0
102
{BLKREFS
331
1D5
102
}
 70
     0
280
     1
281
     0
  0
BLOCK_RECORD
  5
1DC
330
1
100
AcDbSymbolTableRecord
100
AcDbBlockTableRecord
  2
KREST_58
340
0
102
{BLKREFS
331
1DB
102
}
 70
     0
280
     1
281
     0
  0
BLOCK_RECORD
  5
1E2
330
1
100
AcDbSymbolTableRecord
100
AcDbBlockTableRecord
  2
KREST_59
340
0
102
{BLKREFS
331
1E1
102
}
 70
     0
280
     1
281
     0
  0
BLOCK_RECORD
  5
1E8
330
1
100
AcDbSymbolTableRecord
100
AcDbBlockTableRecord
  2
KREST_60
340
0
102
{BLKREFS
331
1E7
102
}
 70
     0
280
     1
281
     0
  0
BLOCK_RECORD
  5
1EE
330
1
100
AcDbSymbolTableRecord
100
AcDbBlockTableRecord
  2
KREST_61
340
0
102
{BLKREFS
331
1ED
102
}
 70
     0
280
     1
281
     0
  0
BLOCK_RECORD
  5
1F4
330
1
100
AcDbSymbolTableRecord
100
AcDbBlockTableRecord
  2
KREST_62
340
0
102
{BLKREFS
331
1F3
102
}
 70
     0
280
     1
281
     0
  0
BLOCK_RECORD
  5
1FA
330
1
100
AcDbSymbolTableRecord
100
AcDbBlockTableRecord
  2
KREST_63
340
0
102
{BLKREFS
331
1F9
102
}
 70
     0
280
     1
281
     0
  0
BLOCK_RECORD
  5
200
330
1
100
AcDbSymbolTableRecord
100
AcDbBlockTableRecord
  2
KREST_64
340
0
102
{BLKREFS
331
1FF
102
}
 70
     0
280
     1
281
     0
  0
BLOCK_RECORD
  5
206
330
1
100
AcDbSymbolTableRecord
100
AcDbBlockTableRecord
  2
KREST_65
340
0
102
{BLKREFS
331
205
102
}
 70
     0
280
     1
281
     0
  0
BLOCK_RECORD
  5
20D
330
1
100
AcDbSymbolTableRecord
100
AcDbBlockTableRecord
  2
KREST_66
340
0
102
{BLKREFS
331
20C
102
}
 70
     0
280
     1
281
     0
  0
BLOCK_RECORD
  5
213
330
1
100
AcDbSymbolTableRecord
100
AcDbBlockTableRecord
  2
KREST_67
340
0
102
{BLKREFS
331
212
102
}
 70
     0
280
     1
281
     0
  0
BLOCK_RECORD
  5
219
330
1
100
AcDbSymbolTableRecord
100
AcDbBlockTableRecord
  2
KREST_68
340
0
102
{BLKREFS
331
218
102
}
 70
     0
280
     1
281
     0
  0
BLOCK_RECORD
  5
21F
330
1
100
AcDbSymbolTableRecord
100
AcDbBlockTableRecord
  2
KREST_69
340
0
102
{BLKREFS
331
21E
102
}
 70
     0
280
     1
281
     0
  0
BLOCK_RECORD
  5
225
330
1
100
AcDbSymbolTableRecord
100
AcDbBlockTableRecord
  2
KREST_70
340
0
102
{BLKREFS
331
224
102
}
 70
     0
280
     1
281
     0
  0
BLOCK_RECORD
  5
22B
330
1
100
AcDbSymbolTableRecord
100
AcDbBlockTableRecord
  2
KREST_71
340
0
102
{BLKREFS
331
22A
102
}
 70
     0
280
     1
281
     0
  0
BLOCK_RECORD
  5
231
330
1
100
AcDbSymbolTableRecord
100
AcDbBlockTableRecord
  2
KREST_72
340
0
102
{BLKREFS
331
230
102
}
 70
     0
280
     1
281
     0
  0
BLOCK_RECORD
  5
237
330
1
100
AcDbSymbolTableRecord
100
AcDbBlockTableRecord
  2
KREST_73
340
0
102
{BLKREFS
331
236
102
}
 70
     0
280
     1
281
     0
  0
BLOCK_RECORD
  5
23D
330
1
100
AcDbSymbolTableRecord
100
AcDbBlockTableRecord
  2
KREST_74
340
0
102
{BLKREFS
331
23C
102
}
 70
     0
280
     1
281
     0
  0
BLOCK_RECORD
  5
243
330
1
100
AcDbSymbolTableRecord
100
AcDbBlockTableRecord
  2
KREST_75
340
0
102
{BLKREFS
331
242
102
}
 70
     0
280
     1
281
     0
  0
BLOCK_RECORD
  5
249
330
1
100
AcDbSymbolTableRecord
100
AcDbBlockTableRecord
  2
KREST_76
340
0
102
{BLKREFS
331
248
102
}
 70
     0
280
     1
281
     0
  0
BLOCK_RECORD
  5
24F
330
1
100
AcDbSymbolTableRecord
100
AcDbBlockTableRecord
  2
KREST_77
340
0
102
{BLKREFS
331
24E
102
}
 70
     0
280
     1
281
     0
  0
BLOCK_RECORD
  5
255
330
1
100
AcDbSymbolTableRecord
100
AcDbBlockTableRecord
  2
KREST_78
340
0
102
{BLKREFS
331
254
102
}
 70
     0
280
     1
281
     0
  0
BLOCK_RECORD
  5
25B
330
1
100
AcDbSymbolTableRecord
100
AcDbBlockTableRecord
  2
KREST_79
340
0
102
{BLKREFS
331
25A
102
}
 70
     0
280
     1
281
     0
  0
BLOCK_RECORD
  5
261
330
1
100
AcDbSymbolTableRecord
100
AcDbBlockTableRecord
  2
KREST_80
340
0
102
{BLKREFS
331
260
102
}
 70
     0
280
     1
281
     0
  0
BLOCK_RECORD
  5
267
330
1
100
AcDbSymbolTableRecord
100
AcDbBlockTableRecord
  2
KREST_81
340
0
102
{BLKREFS
331
266
102
}
 70
     0
280
     1
281
     0
  0
BLOCK_RECORD
  5
26D
330
1
100
AcDbSymbolTableRecord
100
AcDbBlockTableRecord
  2
KREST_82
340
0
102
{BLKREFS
331
26C
102
}
 70
     0
280
     1
281
     0
  0
BLOCK_RECORD
  5
273
330
1
100
AcDbSymbolTableRecord
100
AcDbBlockTableRecord
  2
KREST_83
340
0
102
{BLKREFS
331
272
102
}
 70
     0
280
     1
281
     0
  0
BLOCK_RECORD
  5
279
330
1
100
AcDbSymbolTableRecord
100
AcDbBlockTableRecord
  2
KREST_84
340
0
102
{BLKREFS
331
278
102
}
 70
     0
280
     1
281
     0
  0
BLOCK_RECORD
  5
27F
330
1
100
AcDbSymbolTableRecord
100
AcDbBlockTableRecord
  2
KREST_85
340
0
102
{BLKREFS
331
27E
102
}
 70
     0
280
     1
281
     0
  0
BLOCK_RECORD
  5
285
330
1
100
AcDbSymbolTableRecord
100
AcDbBlockTableRecord
  2
KREST_86
340
0
102
{BLKREFS
331
284
102
}
 70
     0
280
     1
281
     0
  0
BLOCK_RECORD
  5
28B
330
1
100
AcDbSymbolTableRecord
100
AcDbBlockTableRecord
  2
KREST_87
340
0
102
{BLKREFS
331
28A
102
}
 70
     0
280
     1
281
     0
  0
BLOCK_RECORD
  5
291
330
1
100
AcDbSymbolTableRecord
100
AcDbBlockTableRecord
  2
KREST_88
340
0
102
{BLKREFS
331
290
102
}
 70
     0
280
     1
281
     0
  0
BLOCK_RECORD
  5
297
330
1
100
AcDbSymbolTableRecord
100
AcDbBlockTableRecord
  2
KREST_89
340
0
102
{BLKREFS
331
296
102
}
 70
     0
280
     1
281
     0
  0
BLOCK_RECORD
  5
29D
330
1
100
AcDbSymbolTableRecord
100
AcDbBlockTableRecord
  2
KREST_90
340
0
102
{BLKREFS
331
29C
102
}
 70
     0
280
     1
281
     0
  0
BLOCK_RECORD
  5
2A3
330
1
100
AcDbSymbolTableRecord
100
AcDbBlockTableRecord
  2
KREST_91
340
0
102
{BLKREFS
331
2A2
102
}
 70
     0
280
     1
281
     0
  0
BLOCK_RECORD
  5
2A9
330
1
100
AcDbSymbolTableRecord
100
AcDbBlockTableRecord
  2
KREST_92
340
0
102
{BLKREFS
331
2A8
102
}
 70
     0
280
     1
281
     0
  0
BLOCK_RECORD
  5
2AF
330
1
100
AcDbSymbolTableRecord
100
AcDbBlockTableRecord
  2
KREST_93
340
0
102
{BLKREFS
331
2AE
102
}
 70
     0
280
     1
281
     0
  0
BLOCK_RECORD
  5
2B5
330
1
100
AcDbSymbolTableRecord
100
AcDbBlockTableRecord
  2
KREST_94
340
0
102
{BLKREFS
331
2B4
102
}
 70
     0
280
     1
281
     0
  0
BLOCK_RECORD
  5
2BB
330
1
100
AcDbSymbolTableRecord
100
AcDbBlockTableRecord
  2
KREST_95
340
0
102
{BLKREFS
331
2BA
102
}
 70
     0
280
     1
281
     0
  0
BLOCK_RECORD
  5
2C2
330
1
100
AcDbSymbolTableRecord
100
AcDbBlockTableRecord
  2
KREST_96
340
0
102
{BLKREFS
331
2C1
102
}
 70
     0
280
     1
281
     0
  0
BLOCK_RECORD
  5
2C8
330
1
100
AcDbSymbolTableRecord
100
AcDbBlockTableRecord
  2
KREST_97
340
0
102
{BLKREFS
331
2C7
102
}
 70
     0
280
     1
281
     0
  0
BLOCK_RECORD
  5
2CE
330
1
100
AcDbSymbolTableRecord
100
AcDbBlockTableRecord
  2
KREST_98
340
0
102
{BLKREFS
331
2CD
102
}
 70
     0
280
     1
281
     0
  0
BLOCK_RECORD
  5
2D4
330
1
100
AcDbSymbolTableRecord
100
AcDbBlockTableRecord
  2
KREST_99
340
0
102
{BLKREFS
331
2D3
102
}
 70
     0
280
     1
281
     0
  0
BLOCK_RECORD
  5
2DA
330
1
100
AcDbSymbolTableRecord
100
AcDbBlockTableRecord
  2
KREST_100
340
0
102
{BLKREFS
331
2D9
102
}
 70
     0
280
     1
281
     0
  0
BLOCK_RECORD
  5
2E0
330
1
100
AcDbSymbolTableRecord
100
AcDbBlockTableRecord
  2
KREST_101
340
0
102
{BLKREFS
331
2DF
102
}
 70
     0
280
     1
281
     0
  0
BLOCK_RECORD
  5
2E6
330
1
100
AcDbSymbolTableRecord
100
AcDbBlockTableRecord
  2
KREST_102
340
0
102
{BLKREFS
331
2E5
102
}
 70
     0
280
     1
281
     0
  0
BLOCK_RECORD
  5
2EC
330
1
100
AcDbSymbolTableRecord
100
AcDbBlockTableRecord
  2
KREST_103
340
0
102
{BLKREFS
331
2EB
102
}
 70
     0
280
     1
281
     0
  0
BLOCK_RECORD
  5
2F2
330
1
100
AcDbSymbolTableRecord
100
AcDbBlockTableRecord
  2
KREST_104
340
0
102
{BLKREFS
331
2F1
102
}
 70
     0
280
     1
281
     0
  0
BLOCK_RECORD
  5
2F8
330
1
100
AcDbSymbolTableRecord
100
AcDbBlockTableRecord
  2
KREST_105
340
0
102
{BLKREFS
331
2F7
102
}
 70
     0
280
     1
281
     0
  0
BLOCK_RECORD
  5
2FE
330
1
100
AcDbSymbolTableRecord
100
AcDbBlockTableRecord
  2
KREST_106
340
0
102
{BLKREFS
331
2FD
102
}
 70
     0
280
     1
281
     0
  0
BLOCK_RECORD
  5
304
330
1
100
AcDbSymbolTableRecord
100
AcDbBlockTableRecord
  2
KREST_107
340
0
102
{BLKREFS
331
303
102
}
 70
     0
280
     1
281
     0
  0
BLOCK_RECORD
  5
30A
330
1
100
AcDbSymbolTableRecord
100
AcDbBlockTableRecord
  2
KREST_108
340
0
102
{BLKREFS
331
309
102
}
 70
     0
280
     1
281
     0
  0
BLOCK_RECORD
  5
310
330
1
100
AcDbSymbolTableRecord
100
AcDbBlockTableRecord
  2
KREST_109
340
0
102
{BLKREFS
331
30F
102
}
 70
     0
280
     1
281
     0
  0
BLOCK_RECORD
  5
316
330
1
100
AcDbSymbolTableRecord
100
AcDbBlockTableRecord
  2
KREST_110
340
0
102
{BLKREFS
331
315
102
}
 70
     0
280
     1
281
     0
  0
BLOCK_RECORD
  5
31C
330
1
100
AcDbSymbolTableRecord
100
AcDbBlockTableRecord
  2
KREST_111
340
0
102
{BLKREFS
331
31B
102
}
 70
     0
280
     1
281
     0
  0
BLOCK_RECORD
  5
322
330
1
100
AcDbSymbolTableRecord
100
AcDbBlockTableRecord
  2
KREST_112
340
0
102
{BLKREFS
331
321
102
}
 70
     0
280
     1
281
     0
  0
BLOCK_RECORD
  5
328
330
1
100
AcDbSymbolTableRecord
100
AcDbBlockTableRecord
  2
KREST_113
340
0
102
{BLKREFS
331
327
102
}
 70
     0
280
     1
281
     0
  0
BLOCK_RECORD
  5
32E
330
1
100
AcDbSymbolTableRecord
100
AcDbBlockTableRecord
  2
KREST_114
340
0
102
{BLKREFS
331
32D
102
}
 70
     0
280
     1
281
     0
  0
BLOCK_RECORD
  5
334
330
1
100
AcDbSymbolTableRecord
100
AcDbBlockTableRecord
  2
KREST_115
340
0
102
{BLKREFS
331
333
102
}
 70
     0
280
     1
281
     0
  0
BLOCK_RECORD
  5
33A
330
1
100
AcDbSymbolTableRecord
100
AcDbBlockTableRecord
  2
KREST_116
340
0
102
{BLKREFS
331
339
102
}
 70
     0
280
     1
281
     0
  0
BLOCK_RECORD
  5
340
330
1
100
AcDbSymbolTableRecord
100
AcDbBlockTableRecord
  2
KREST_117
340
0
102
{BLKREFS
331
33F
102
}
 70
     0
280
     1
281
     0
  0
BLOCK_RECORD
  5
346
330
1
100
AcDbSymbolTableRecord
100
AcDbBlockTableRecord
  2
KREST_118
340
0
102
{BLKREFS
331
345
102
}
 70
     0
280
     1
281
     0
  0
BLOCK_RECORD
  5
34C
330
1
100
AcDbSymbolTableRecord
100
AcDbBlockTableRecord
  2
KREST_119
340
0
102
{BLKREFS
331
34B
102
}
 70
     0
280
     1
281
     0
  0
BLOCK_RECORD
  5
352
330
1
100
AcDbSymbolTableRecord
100
AcDbBlockTableRecord
  2
KREST_120
340
0
102
{BLKREFS
331
351
102
}
 70
     0
280
     1
281
     0
  0
BLOCK_RECORD
  5
358
330
1
100
AcDbSymbolTableRecord
100
AcDbBlockTableRecord
  2
KREST_121
340
0
102
{BLKREFS
331
357
102
}
 70
     0
280
     1
281
     0
  0
BLOCK_RECORD
  5
35E
330
1
100
AcDbSymbolTableRecord
100
AcDbBlockTableRecord
  2
KREST_122
340
0
102
{BLKREFS
331
35D
102
}
 70
     0
280
     1
281
     0
  0
BLOCK_RECORD
  5
364
330
1
100
AcDbSymbolTableRecord
100
AcDbBlockTableRecord
  2
KREST_123
340
0
102
{BLKREFS
331
363
102
}
 70
     0
280
     1
281
     0
  0
BLOCK_RECORD
  5
36A
330
1
100
AcDbSymbolTableRecord
100
AcDbBlockTableRecord
  2
KREST_124
340
0
102
{BLKREFS
331
369
102
}
 70
     0
280
     1
281
     0
  0
BLOCK_RECORD
  5
370
330
1
100
AcDbSymbolTableRecord
100
AcDbBlockTableRecord
  2
KREST_125
340
0
102
{BLKREFS
331
36F
102
}
 70
     0
280
     1
281
     0
  0
BLOCK_RECORD
  5
377
330
1
100
AcDbSymbolTableRecord
100
AcDbBlockTableRecord
  2
KREST_126
340
0
102
{BLKREFS
331
376
102
}
 70
     0
280
     1
281
     0
  0
BLOCK_RECORD
  5
37D
330
1
100
AcDbSymbolTableRecord
100
AcDbBlockTableRecord
  2
KREST_127
340
0
102
{BLKREFS
331
37C
102
}
 70
     0
280
     1
281
     0
  0
BLOCK_RECORD
  5
383
330
1
100
AcDbSymbolTableRecord
100
AcDbBlockTableRecord
  2
KREST_128
340
0
102
{BLKREFS
331
382
102
}
 70
     0
280
     1
281
     0
  0
BLOCK_RECORD
  5
389
330
1
100
AcDbSymbolTableRecord
100
AcDbBlockTableRecord
  2
KREST_129
340
0
102
{BLKREFS
331
388
102
}
 70
     0
280
     1
281
     0
  0
BLOCK_RECORD
  5
38F
330
1
100
AcDbSymbolTableRecord
100
AcDbBlockTableRecord
  2
KREST_130
340
0
102
{BLKREFS
331
38E
102
}
 70
     0
280
     1
281
     0
  0
BLOCK_RECORD
  5
395
330
1
100
AcDbSymbolTableRecord
100
AcDbBlockTableRecord
  2
KREST_131
340
0
102
{BLKREFS
331
394
102
}
 70
     0
280
     1
281
     0
  0
BLOCK_RECORD
  5
39B
330
1
100
AcDbSymbolTableRecord
100
AcDbBlockTableRecord
  2
KREST_132
340
0
102
{BLKREFS
331
39A
102
}
 70
     0
280
     1
281
     0
  0
BLOCK_RECORD
  5
3A1
330
1
100
AcDbSymbolTableRecord
100
AcDbBlockTableRecord
  2
KREST_133
340
0
102
{BLKREFS
331
3A0
102
}
 70
     0
280
     1
281
     0
  0
BLOCK_RECORD
  5
3A7
330
1
100
AcDbSymbolTableRecord
100
AcDbBlockTableRecord
  2
KREST_134
340
0
102
{BLKREFS
331
3A6
102
}
 70
     0
280
     1
281
     0
  0
BLOCK_RECORD
  5
3AD
330
1
100
AcDbSymbolTableRecord
100
AcDbBlockTableRecord
  2
KREST_135
340
0
102
{BLKREFS
331
3AC
102
}
 70
     0
280
     1
281
     0
  0
BLOCK_RECORD
  5
3B3
330
1
100
AcDbSymbolTableRecord
100
AcDbBlockTableRecord
  2
KREST_136
340
0
102
{BLKREFS
331
3B2
102
}
 70
     0
280
     1
281
     0
  0
BLOCK_RECORD
  5
3B9
330
1
100
AcDbSymbolTableRecord
100
AcDbBlockTableRecord
  2
KREST_137
340
0
102
{BLKREFS
331
3B8
102
}
 70
     0
280
     1
281
     0
  0
BLOCK_RECORD
  5
3BF
330
1
100
AcDbSymbolTableRecord
100
AcDbBlockTableRecord
  2
KREST_138
340
0
102
{BLKREFS
331
3BE
102
}
 70
     0
280
     1
281
     0
  0
BLOCK_RECORD
  5
3C5
330
1
100
AcDbSymbolTableRecord
100
AcDbBlockTableRecord
  2
KREST_139
340
0
102
{BLKREFS
331
3C4
102
}
 70
     0
280
     1
281
     0
  0
BLOCK_RECORD
  5
3CB
330
1
100
AcDbSymbolTableRecord
100
AcDbBlockTableRecord
  2
KREST_140
340
0
102
{BLKREFS
331
3CA
102
}
 70
     0
280
     1
281
     0
  0
BLOCK_RECORD
  5
3D1
330
1
100
AcDbSymbolTableRecord
100
AcDbBlockTableRecord
  2
KREST_141
340
0
102
{BLKREFS
331
3D0
102
}
 70
     0
280
     1
281
     0
  0
BLOCK_RECORD
  5
3D7
330
1
100
AcDbSymbolTableRecord
100
AcDbBlockTableRecord
  2
KREST_142
340
0
102
{BLKREFS
331
3D6
102
}
 70
     0
280
     1
281
     0
  0
BLOCK_RECORD
  5
3DD
330
1
100
AcDbSymbolTableRecord
100
AcDbBlockTableRecord
  2
KREST_143
340
0
102
{BLKREFS
331
3DC
102
}
 70
     0
280
     1
281
     0
  0
BLOCK_RECORD
  5
3E3
330
1
100
AcDbSymbolTableRecord
100
AcDbBlockTableRecord
  2
KREST_144
340
0
102
{BLKREFS
331
3E2
102
}
 70
     0
280
     1
281
     0
  0
BLOCK_RECORD
  5
3E9
330
1
100
AcDbSymbolTableRecord
100
AcDbBlockTableRecord
  2
KREST_145
340
0
102
{BLKREFS
331
3E8
102
}
 70
     0
280
     1
281
     0
  0
BLOCK_RECORD
  5
3EF
330
1
100
AcDbSymbolTableRecord
100
AcDbBlockTableRecord
  2
KREST_146
340
0
102
{BLKREFS
331
3EE
102
}
 70
     0
280
     1
281
     0
  0
BLOCK_RECORD
  5
3F5
330
1
100
AcDbSymbolTableRecord
100
AcDbBlockTableRecord
  2
KREST_147
340
0
102
{BLKREFS
331
3F4
102
}
 70
     0
280
     1
281
     0
  0
BLOCK_RECORD
  5
3FB
330
1
100
AcDbSymbolTableRecord
100
AcDbBlockTableRecord
  2
KREST_148
340
0
102
{BLKREFS
331
3FA
102
}
 70
     0
280
     1
281
     0
  0
BLOCK_RECORD
  5
401
330
1
100
AcDbSymbolTableRecord
100
AcDbBlockTableRecord
  2
KREST_149
340
0
102
{BLKREFS
331
400
102
}
 70
     0
280
     1
281
     0
  0
BLOCK_RECORD
  5
407
330
1
100
AcDbSymbolTableRecord
100
AcDbBlockTableRecord
  2
KREST_150
340
0
102
{BLKREFS
331
406
102
}
 70
     0
280
     1
281
     0
  0
ENDTAB
  0
ENDSEC
  0
SECTION
  2
BLOCKS
  0
BLOCK
  5
3
330
2
100
AcDbEntity
  8
0
100
AcDbBlockBegin
  2
*Model_Space
 70
     0
 10
0.0
 20
0.0
 30
0.0
  3
*Model_Space
  1

  0
ENDBLK
  5
15
330
2
100
AcDbEntity
  8
0
100
AcDbBlockEnd
  0
BLOCK
  5
1B
330
1A
100
AcDbEntity
 67
     1
  8
0
100
AcDbBlockBegin
  2
*Paper_Space
 70
     0
 10
0.0
 20
0.0
 30
0.0
  3
*Paper_Space
  1

  0
ENDBLK
  5
1C
330
1A
100
AcDbEntity
 67
     1
  8
0
100
AcDbBlockEnd
  0
BLOCK
  5
4F
330
4E
100
AcDbEntity
  8
0
 62
     7
 48
0.4
370
    25
100
AcDbBlockBegin
  2
TerminatorOpen_0.5
 70
     0
 10
0.0
 20
0.0
 30
0.0
  3
TerminatorOpen_0.5
  1

  0
LINE
  5
50
330
4E
100
AcDbEntity
  8
0
  6
ByBlock
 62
   251
370
     9
100
AcDbLine
 10
0.0
 20
0.0
 30
0.0
 11
-1.0
 21
0.0
 31
0.0
  0
LINE
  5
51
330
4E
100
AcDbEntity
  8
0
  6
ByBlock
 62
   251
370
     9
100
AcDbLine
 10
0.0
 20
0.0
 30
0.0
 11
-1.0
 21
0.25
 31
0.0
  0
LINE
  5
52
330
4E
100
AcDbEntity
  8
0
  6
ByBlock
 62
   251
370
     9
100
AcDbLine
 10
0.0
 20
0.0
 30
0.0
 11
-1.0
 21
-0.25
 31
0.0
  0
ENDBLK
  5
53
330
4E
100
AcDbEntity
  8
0
 62
     7
 48
0.4
370
    25
100
AcDbBlockEnd
  0
BLOCK
  5
80
330
7F
100
AcDbEntity
  8
0
 62
     7
 48
0.4
370
    25
100
AcDbBlockBegin
  2
KREST
 70
     0
 10
0.0
 20
0.0
 30
0.0
  3
KREST
  1

  0
LINE
  5
81
330
7F
100
AcDbEntity
  8
Координатные кресты
  6
Continuous
 62
   251
370
     9
100
AcDbLine
 10
-2.500000000000227
 20
0.0
 30
0.0
 11
2.499999999999773
 21
0.0
 31
0.0
  0
LINE
  5
82
330
7F
100
AcDbEntity
  8
Координатные кресты
  6
Continuous
 62
   251
370
     9
100
AcDbLine
 10
-0.0000000000002274
 20
-2.5
 30
0.0
 11
-0.0000000000002274
 21
2.5
 31
0.0
  0
ENDBLK
  5
83
330
7F
100
AcDbEntity
  8
0
 62
     7
 48
0.4
370
    25
100
AcDbBlockEnd
  0
BLOCK
  5
86
330
85
100
AcDbEntity
  8
0
 62
     7
 48
0.4
370
    25
100
AcDbBlockBegin
  2
KREST_1
 70
     0
 10
0.0
 20
0.0
 30
0.0
  3
KREST_1
  1

  0
LINE
  5
87
330
85
100
AcDbEntity
  8
Координатные кресты
  6
Continuous
 62
   251
370
     9
100
AcDbLine
 10
-2.500000000000227
 20
0.0
 30
0.0
 11
2.499999999999773
 21
0.0
 31
0.0
  0
LINE
  5
88
330
85
100
AcDbEntity
  8
Координатные кресты
  6
Continuous
 62
   251
370
     9
100
AcDbLine
 10
-0.0000000000002274
 20
-2.5
 30
0.0
 11
-0.0000000000002274
 21
2.5
 31
0.0
  0
ENDBLK
  5
89
330
85
100
AcDbEntity
  8
0
 62
     7
 48
0.4
370
    25
100
AcDbBlockEnd
  0
BLOCK
  5
8C
330
8B
100
AcDbEntity
  8
0
 62
     7
 48
0.4
370
    25
100
AcDbBlockBegin
  2
KREST_2
 70
     0
 10
0.0
 20
0.0
 30
0.0
  3
KREST_2
  1

  0
LINE
  5
8D
330
8B
100
AcDbEntity
  8
Координатные кресты
  6
Continuous
 62
   251
370
     9
100
AcDbLine
 10
-2.500000000000227
 20
0.0
 30
0.0
 11
2.499999999999773
 21
0.0
 31
0.0
  0
LINE
  5
8E
330
8B
100
AcDbEntity
  8
Координатные кресты
  6
Continuous
 62
   251
370
     9
100
AcDbLine
 10
-0.0000000000002274
 20
-2.5
 30
0.0
 11
-0.0000000000002274
 21
2.5
 31
0.0
  0
ENDBLK
  5
8F
330
8B
100
AcDbEntity
  8
0
 62
     7
 48
0.4
370
    25
100
AcDbBlockEnd
  0
BLOCK
  5
92
330
91
100
AcDbEntity
  8
0
 62
     7
 48
0.4
370
    25
100
AcDbBlockBegin
  2
KREST_3
 70
     0
 10
0.0
 20
0.0
 30
0.0
  3
KREST_3
  1

  0
LINE
  5
93
330
91
100
AcDbEntity
  8
Координатные кресты
  6
Continuous
 62
   251
370
     9
100
AcDbLine
 10
-2.500000000000227
 20
0.0
 30
0.0
 11
2.499999999999773
 21
0.0
 31
0.0
  0
LINE
  5
94
330
91
100
AcDbEntity
  8
Координатные кресты
  6
Continuous
 62
   251
370
     9
100
AcDbLine
 10
-0.0000000000002274
 20
-2.5
 30
0.0
 11
-0.0000000000002274
 21
2.5
 31
0.0
  0
ENDBLK
  5
95
330
91
100
AcDbEntity
  8
0
 62
     7
 48
0.4
370
    25
100
AcDbBlockEnd
  0
BLOCK
  5
98
330
97
100
AcDbEntity
  8
0
 62
     7
 48
0.4
370
    25
100
AcDbBlockBegin
  2
KREST_4
 70
     0
 10
0.0
 20
0.0
 30
0.0
  3
KREST_4
  1

  0
LINE
  5
99
330
97
100
AcDbEntity
  8
Координатные кресты
  6
Continuous
 62
   251
370
     9
100
AcDbLine
 10
-2.500000000000227
 20
0.0
 30
0.0
 11
2.499999999999773
 21
0.0
 31
0.0
  0
LINE
  5
9A
330
97
100
AcDbEntity
  8
Координатные кресты
  6
Continuous
 62
   251
370
     9
100
AcDbLine
 10
-0.0000000000002274
 20
-2.5
 30
0.0
 11
-0.0000000000002274
 21
2.5
 31
0.0
  0
ENDBLK
  5
9B
330
97
100
AcDbEntity
  8
0
 62
     7
 48
0.4
370
    25
100
AcDbBlockEnd
  0
BLOCK
  5
9E
330
9D
100
AcDbEntity
  8
0
 62
     7
 48
0.4
370
    25
100
AcDbBlockBegin
  2
KREST_5
 70
     0
 10
0.0
 20
0.0
 30
0.0
  3
KREST_5
  1

  0
LINE
  5
9F
330
9D
100
AcDbEntity
  8
Координатные кресты
  6
Continuous
 62
   251
370
     9
100
AcDbLine
 10
-2.500000000000227
 20
0.0
 30
0.0
 11
2.499999999999773
 21
0.0
 31
0.0
  0
LINE
  5
A0
330
9D
100
AcDbEntity
  8
Координатные кресты
  6
Continuous
 62
   251
370
     9
100
AcDbLine
 10
-0.0000000000002274
 20
-2.5
 30
0.0
 11
-0.0000000000002274
 21
2.5
 31
0.0
  0
ENDBLK
  5
A1
330
9D
100
AcDbEntity
  8
0
 62
     7
 48
0.4
370
    25
100
AcDbBlockEnd
  0
BLOCK
  5
A4
330
A3
100
AcDbEntity
  8
0
 62
     7
 48
0.4
370
    25
100
AcDbBlockBegin
  2
KREST_6
 70
     0
 10
0.0
 20
0.0
 30
0.0
  3
KREST_6
  1

  0
LINE
  5
A5
330
A3
100
AcDbEntity
  8
Координатные кресты
  6
Continuous
 62
   251
370
     9
100
AcDbLine
 10
-2.500000000000227
 20
0.0
 30
0.0
 11
2.499999999999773
 21
0.0
 31
0.0
  0
LINE
  5
A6
330
A3
100
AcDbEntity
  8
Координатные кресты
  6
Continuous
 62
   251
370
     9
100
AcDbLine
 10
-0.0000000000002274
 20
-2.5
 30
0.0
 11
-0.0000000000002274
 21
2.5
 31
0.0
  0
ENDBLK
  5
A7
330
A3
100
AcDbEntity
  8
0
 62
     7
 48
0.4
370
    25
100
AcDbBlockEnd
  0
BLOCK
  5
AA
330
A9
100
AcDbEntity
  8
0
 62
     7
 48
0.4
370
    25
100
AcDbBlockBegin
  2
KREST_7
 70
     0
 10
0.0
 20
0.0
 30
0.0
  3
KREST_7
  1

  0
LINE
  5
AB
330
A9
100
AcDbEntity
  8
Координатные кресты
  6
Continuous
 62
   251
370
     9
100
AcDbLine
 10
-2.500000000000227
 20
0.0
 30
0.0
 11
2.499999999999773
 21
0.0
 31
0.0
  0
LINE
  5
AC
330
A9
100
AcDbEntity
  8
Координатные кресты
  6
Continuous
 62
   251
370
     9
100
AcDbLine
 10
-0.0000000000002274
 20
-2.5
 30
0.0
 11
-0.0000000000002274
 21
2.5
 31
0.0
  0
ENDBLK
  5
AD
330
A9
100
AcDbEntity
  8
0
 62
     7
 48
0.4
370
    25
100
AcDbBlockEnd
  0
BLOCK
  5
B0
330
AF
100
AcDbEntity
  8
0
 62
     7
 48
0.4
370
    25
100
AcDbBlockBegin
  2
KREST_8
 70
     0
 10
0.0
 20
0.0
 30
0.0
  3
KREST_8
  1

  0
LINE
  5
B1
330
AF
100
AcDbEntity
  8
Координатные кресты
  6
Continuous
 62
   251
370
     9
100
AcDbLine
 10
-2.500000000000227
 20
0.0
 30
0.0
 11
2.499999999999773
 21
0.0
 31
0.0
  0
LINE
  5
B2
330
AF
100
AcDbEntity
  8
Координатные кресты
  6
Continuous
 62
   251
370
     9
100
AcDbLine
 10
-0.0000000000002274
 20
-2.5
 30
0.0
 11
-0.0000000000002274
 21
2.5
 31
0.0
  0
ENDBLK
  5
B3
330
AF
100
AcDbEntity
  8
0
 62
     7
 48
0.4
370
    25
100
AcDbBlockEnd
  0
BLOCK
  5
B6
330
B5
100
AcDbEntity
  8
0
 62
     7
 48
0.4
370
    25
100
AcDbBlockBegin
  2
KREST_9
 70
     0
 10
0.0
 20
0.0
 30
0.0
  3
KREST_9
  1

  0
LINE
  5
B7
330
B5
100
AcDbEntity
  8
Координатные кресты
  6
Continuous
 62
   251
370
     9
100
AcDbLine
 10
-2.500000000000227
 20
0.0
 30
0.0
 11
2.499999999999773
 21
0.0
 31
0.0
  0
LINE
  5
B8
330
B5
100
AcDbEntity
  8
Координатные кресты
  6
Continuous
 62
   251
370
     9
100
AcDbLine
 10
-0.0000000000002274
 20
-2.5
 30
0.0
 11
-0.0000000000002274
 21
2.5
 31
0.0
  0
ENDBLK
  5
B9
330
B5
100
AcDbEntity
  8
0
 62
     7
 48
0.4
370
    25
100
AcDbBlockEnd
  0
BLOCK
  5
BC
330
BB
100
AcDbEntity
  8
0
 62
     7
 48
0.4
370
    25
100
AcDbBlockBegin
  2
KREST_10
 70
     0
 10
0.0
 20
0.0
 30
0.0
  3
KREST_10
  1

  0
LINE
  5
BD
330
BB
100
AcDbEntity
  8
Координатные кресты
  6
Continuous
 62
   251
370
     9
100
AcDbLine
 10
-2.500000000000227
 20
0.0
 30
0.0
 11
2.499999999999773
 21
0.0
 31
0.0
  0
LINE
  5
BE
330
BB
100
AcDbEntity
  8
Координатные кресты
  6
Continuous
 62
   251
370
     9
100
AcDbLine
 10
-0.0000000000002274
 20
-2.5
 30
0.0
 11
-0.0000000000002274
 21
2.5
 31
0.0
  0
ENDBLK
  5
BF
330
BB
100
AcDbEntity
  8
0
 62
     7
 48
0.4
370
    25
100
AcDbBlockEnd
  0
BLOCK
  5
C2
330
C1
100
AcDbEntity
  8
0
 62
     7
 48
0.4
370
    25
100
AcDbBlockBegin
  2
KREST_11
 70
     0
 10
0.0
 20
0.0
 30
0.0
  3
KREST_11
  1

  0
LINE
  5
C3
330
C1
100
AcDbEntity
  8
Координатные кресты
  6
Continuous
 62
   251
370
     9
100
AcDbLine
 10
-2.500000000000227
 20
0.0
 30
0.0
 11
2.499999999999773
 21
0.0
 31
0.0
  0
LINE
  5
C4
330
C1
100
AcDbEntity
  8
Координатные кресты
  6
Continuous
 62
   251
370
     9
100
AcDbLine
 10
-0.0000000000002274
 20
-2.5
 30
0.0
 11
-0.0000000000002274
 21
2.5
 31
0.0
  0
ENDBLK
  5
C5
330
C1
100
AcDbEntity
  8
0
 62
     7
 48
0.4
370
    25
100
AcDbBlockEnd
  0
BLOCK
  5
C8
330
C7
100
AcDbEntity
  8
0
 62
     7
 48
0.4
370
    25
100
AcDbBlockBegin
  2
KREST_12
 70
     0
 10
0.0
 20
0.0
 30
0.0
  3
KREST_12
  1

  0
LINE
  5
C9
330
C7
100
AcDbEntity
  8
Координатные кресты
  6
Continuous
 62
   251
370
     9
100
AcDbLine
 10
-2.500000000000227
 20
0.0
 30
0.0
 11
2.499999999999773
 21
0.0
 31
0.0
  0
LINE
  5
CA
330
C7
100
AcDbEntity
  8
Координатные кресты
  6
Continuous
 62
   251
370
     9
100
AcDbLine
 10
-0.0000000000002274
 20
-2.5
 30
0.0
 11
-0.0000000000002274
 21
2.5
 31
0.0
  0
ENDBLK
  5
CB
330
C7
100
AcDbEntity
  8
0
 62
     7
 48
0.4
370
    25
100
AcDbBlockEnd
  0
BLOCK
  5
CE
330
CD
100
AcDbEntity
  8
0
 62
     7
 48
0.4
370
    25
100
AcDbBlockBegin
  2
KREST_13
 70
     0
 10
0.0
 20
0.0
 30
0.0
  3
KREST_13
  1

  0
LINE
  5
CF
330
CD
100
AcDbEntity
  8
Координатные кресты
  6
Continuous
 62
   251
370
     9
100
AcDbLine
 10
-2.500000000000227
 20
0.0
 30
0.0
 11
2.499999999999773
 21
0.0
 31
0.0
  0
LINE
  5
D0
330
CD
100
AcDbEntity
  8
Координатные кресты
  6
Continuous
 62
   251
370
     9
100
AcDbLine
 10
-0.0000000000002274
 20
-2.5
 30
0.0
 11
-0.0000000000002274
 21
2.5
 31
0.0
  0
ENDBLK
  5
D1
330
CD
100
AcDbEntity
  8
0
 62
     7
 48
0.4
370
    25
100
AcDbBlockEnd
  0
BLOCK
  5
D4
330
D3
100
AcDbEntity
  8
0
 62
     7
 48
0.4
370
    25
100
AcDbBlockBegin
  2
KREST_14
 70
     0
 10
0.0
 20
0.0
 30
0.0
  3
KREST_14
  1

  0
LINE
  5
D5
330
D3
100
AcDbEntity
  8
Координатные кресты
  6
Continuous
 62
   251
370
     9
100
AcDbLine
 10
-2.500000000000227
 20
0.0
 30
0.0
 11
2.499999999999773
 21
0.0
 31
0.0
  0
LINE
  5
D6
330
D3
100
AcDbEntity
  8
Координатные кресты
  6
Continuous
 62
   251
370
     9
100
AcDbLine
 10
-0.0000000000002274
 20
-2.5
 30
0.0
 11
-0.0000000000002274
 21
2.5
 31
0.0
  0
ENDBLK
  5
D7
330
D3
100
AcDbEntity
  8
0
 62
     7
 48
0.4
370
    25
100
AcDbBlockEnd
  0
BLOCK
  5
DA
330
D9
100
AcDbEntity
  8
0
 62
     7
 48
0.4
370
    25
100
AcDbBlockBegin
  2
KREST_15
 70
     0
 10
0.0
 20
0.0
 30
0.0
  3
KREST_15
  1

  0
LINE
  5
DB
330
D9
100
AcDbEntity
  8
Координатные кресты
  6
Continuous
 62
   251
370
     9
100
AcDbLine
 10
-2.500000000000227
 20
0.0
 30
0.0
 11
2.499999999999773
 21
0.0
 31
0.0
  0
LINE
  5
DC
330
D9
100
AcDbEntity
  8
Координатные кресты
  6
Continuous
 62
   251
370
     9
100
AcDbLine
 10
-0.0000000000002274
 20
-2.5
 30
0.0
 11
-0.0000000000002274
 21
2.5
 31
0.0
  0
ENDBLK
  5
DD
330
D9
100
AcDbEntity
  8
0
 62
     7
 48
0.4
370
    25
100
AcDbBlockEnd
  0
BLOCK
  5
E0
330
DF
100
AcDbEntity
  8
0
 62
     7
 48
0.4
370
    25
100
AcDbBlockBegin
  2
KREST_16
 70
     0
 10
0.0
 20
0.0
 30
0.0
  3
KREST_16
  1

  0
LINE
  5
E1
330
DF
100
AcDbEntity
  8
Координатные кресты
  6
Continuous
 62
   251
370
     9
100
AcDbLine
 10
-2.500000000000227
 20
0.0
 30
0.0
 11
2.499999999999773
 21
0.0
 31
0.0
  0
LINE
  5
E2
330
DF
100
AcDbEntity
  8
Координатные кресты
  6
Continuous
 62
   251
370
     9
100
AcDbLine
 10
-0.0000000000002274
 20
-2.5
 30
0.0
 11
-0.0000000000002274
 21
2.5
 31
0.0
  0
ENDBLK
  5
E3
330
DF
100
AcDbEntity
  8
0
 62
     7
 48
0.4
370
    25
100
AcDbBlockEnd
  0
BLOCK
  5
E6
330
E5
100
AcDbEntity
  8
0
 62
     7
 48
0.4
370
    25
100
AcDbBlockBegin
  2
KREST_17
 70
     0
 10
0.0
 20
0.0
 30
0.0
  3
KREST_17
  1

  0
LINE
  5
E7
330
E5
100
AcDbEntity
  8
Координатные кресты
  6
Continuous
 62
   251
370
     9
100
AcDbLine
 10
-2.500000000000227
 20
0.0
 30
0.0
 11
2.499999999999773
 21
0.0
 31
0.0
  0
LINE
  5
E8
330
E5
100
AcDbEntity
  8
Координатные кресты
  6
Continuous
 62
   251
370
     9
100
AcDbLine
 10
-0.0000000000002274
 20
-2.5
 30
0.0
 11
-0.0000000000002274
 21
2.5
 31
0.0
  0
ENDBLK
  5
E9
330
E5
100
AcDbEntity
  8
0
 62
     7
 48
0.4
370
    25
100
AcDbBlockEnd
  0
BLOCK
  5
EC
330
EB
100
AcDbEntity
  8
0
 62
     7
 48
0.4
370
    25
100
AcDbBlockBegin
  2
KREST_18
 70
     0
 10
0.0
 20
0.0
 30
0.0
  3
KREST_18
  1

  0
LINE
  5
ED
330
EB
100
AcDbEntity
  8
Координатные кресты
  6
Continuous
 62
   251
370
     9
100
AcDbLine
 10
-2.500000000000227
 20
0.0
 30
0.0
 11
2.499999999999773
 21
0.0
 31
0.0
  0
LINE
  5
EE
330
EB
100
AcDbEntity
  8
Координатные кресты
  6
Continuous
 62
   251
370
     9
100
AcDbLine
 10
-0.0000000000002274
 20
-2.5
 30
0.0
 11
-0.0000000000002274
 21
2.5
 31
0.0
  0
ENDBLK
  5
EF
330
EB
100
AcDbEntity
  8
0
 62
     7
 48
0.4
370
    25
100
AcDbBlockEnd
  0
BLOCK
  5
F2
330
F1
100
AcDbEntity
  8
0
 62
     7
 48
0.4
370
    25
100
AcDbBlockBegin
  2
KREST_19
 70
     0
 10
0.0
 20
0.0
 30
0.0
  3
KREST_19
  1

  0
LINE
  5
F3
330
F1
100
AcDbEntity
  8
Координатные кресты
  6
Continuous
 62
   251
370
     9
100
AcDbLine
 10
-2.500000000000227
 20
0.0
 30
0.0
 11
2.499999999999773
 21
0.0
 31
0.0
  0
LINE
  5
F4
330
F1
100
AcDbEntity
  8
Координатные кресты
  6
Continuous
 62
   251
370
     9
100
AcDbLine
 10
-0.0000000000002274
 20
-2.5
 30
0.0
 11
-0.0000000000002274
 21
2.5
 31
0.0
  0
ENDBLK
  5
F5
330
F1
100
AcDbEntity
  8
0
 62
     7
 48
0.4
370
    25
100
AcDbBlockEnd
  0
BLOCK
  5
F8
330
F7
100
AcDbEntity
  8
0
 62
     7
 48
0.4
370
    25
100
AcDbBlockBegin
  2
KREST_20
 70
     0
 10
0.0
 20
0.0
 30
0.0
  3
KREST_20
  1

  0
LINE
  5
F9
330
F7
100
AcDbEntity
  8
Координатные кресты
  6
Continuous
 62
   251
370
     9
100
AcDbLine
 10
-2.500000000000227
 20
0.0
 30
0.0
 11
2.499999999999773
 21
0.0
 31
0.0
  0
LINE
  5
FA
330
F7
100
AcDbEntity
  8
Координатные кресты
  6
Continuous
 62
   251
370
     9
100
AcDbLine
 10
-0.0000000000002274
 20
-2.5
 30
0.0
 11
-0.0000000000002274
 21
2.5
 31
0.0
  0
ENDBLK
  5
FB
330
F7
100
AcDbEntity
  8
0
 62
     7
 48
0.4
370
    25
100
AcDbBlockEnd
  0
BLOCK
  5
FE
330
FD
100
AcDbEntity
  8
0
 62
     7
 48
0.4
370
    25
100
AcDbBlockBegin
  2
KREST_21
 70
     0
 10
0.0
 20
0.0
 30
0.0
  3
KREST_21
  1

  0
LINE
  5
FF
330
FD
100
AcDbEntity
  8
Координатные кресты
  6
Continuous
 62
   251
370
     9
100
AcDbLine
 10
-2.500000000000227
 20
0.0
 30
0.0
 11
2.499999999999773
 21
0.0
 31
0.0
  0
LINE
  5
100
330
FD
100
AcDbEntity
  8
Координатные кресты
  6
Continuous
 62
   251
370
     9
100
AcDbLine
 10
-0.0000000000002274
 20
-2.5
 30
0.0
 11
-0.0000000000002274
 21
2.5
 31
0.0
  0
ENDBLK
  5
101
330
FD
100
AcDbEntity
  8
0
 62
     7
 48
0.4
370
    25
100
AcDbBlockEnd
  0
BLOCK
  5
104
330
103
100
AcDbEntity
  8
0
 62
     7
 48
0.4
370
    25
100
AcDbBlockBegin
  2
KREST_22
 70
     0
 10
0.0
 20
0.0
 30
0.0
  3
KREST_22
  1

  0
LINE
  5
105
330
103
100
AcDbEntity
  8
Координатные кресты
  6
Continuous
 62
   251
370
     9
100
AcDbLine
 10
-2.500000000000227
 20
0.0
 30
0.0
 11
2.499999999999773
 21
0.0
 31
0.0
  0
LINE
  5
106
330
103
100
AcDbEntity
  8
Координатные кресты
  6
Continuous
 62
   251
370
     9
100
AcDbLine
 10
-0.0000000000002274
 20
-2.5
 30
0.0
 11
-0.0000000000002274
 21
2.5
 31
0.0
  0
ENDBLK
  5
107
330
103
100
AcDbEntity
  8
0
 62
     7
 48
0.4
370
    25
100
AcDbBlockEnd
  0
BLOCK
  5
10A
330
109
100
AcDbEntity
  8
0
 62
     7
 48
0.4
370
    25
100
AcDbBlockBegin
  2
KREST_23
 70
     0
 10
0.0
 20
0.0
 30
0.0
  3
KREST_23
  1

  0
LINE
  5
10B
330
109
100
AcDbEntity
  8
Координатные кресты
  6
Continuous
 62
   251
370
     9
100
AcDbLine
 10
-2.500000000000227
 20
0.0
 30
0.0
 11
2.499999999999773
 21
0.0
 31
0.0
  0
LINE
  5
10C
330
109
100
AcDbEntity
  8
Координатные кресты
  6
Continuous
 62
   251
370
     9
100
AcDbLine
 10
-0.0000000000002274
 20
-2.5
 30
0.0
 11
-0.0000000000002274
 21
2.5
 31
0.0
  0
ENDBLK
  5
10D
330
109
100
AcDbEntity
  8
0
 62
     7
 48
0.4
370
    25
100
AcDbBlockEnd
  0
BLOCK
  5
110
330
10F
100
AcDbEntity
  8
0
 62
     7
 48
0.4
370
    25
100
AcDbBlockBegin
  2
KREST_24
 70
     0
 10
0.0
 20
0.0
 30
0.0
  3
KREST_24
  1

  0
LINE
  5
111
330
10F
100
AcDbEntity
  8
Координатные кресты
  6
Continuous
 62
   251
370
     9
100
AcDbLine
 10
-2.500000000000227
 20
0.0
 30
0.0
 11
2.499999999999773
 21
0.0
 31
0.0
  0
LINE
  5
112
330
10F
100
AcDbEntity
  8
Координатные кресты
  6
Continuous
 62
   251
370
     9
100
AcDbLine
 10
-0.0000000000002274
 20
-2.5
 30
0.0
 11
-0.0000000000002274
 21
2.5
 31
0.0
  0
ENDBLK
  5
113
330
10F
100
AcDbEntity
  8
0
 62
     7
 48
0.4
370
    25
100
AcDbBlockEnd
  0
BLOCK
  5
116
330
115
100
AcDbEntity
  8
0
 62
     7
 48
0.4
370
    25
100
AcDbBlockBegin
  2
KREST_25
 70
     0
 10
0.0
 20
0.0
 30
0.0
  3
KREST_25
  1

  0
LINE
  5
117
330
115
100
AcDbEntity
  8
Координатные кресты
  6
Continuous
 62
   251
370
     9
100
AcDbLine
 10
-2.500000000000227
 20
0.0
 30
0.0
 11
2.499999999999773
 21
0.0
 31
0.0
  0
LINE
  5
118
330
115
100
AcDbEntity
  8
Координатные кресты
  6
Continuous
 62
   251
370
     9
100
AcDbLine
 10
-0.0000000000002274
 20
-2.5
 30
0.0
 11
-0.0000000000002274
 21
2.5
 31
0.0
  0
ENDBLK
  5
119
330
115
100
AcDbEntity
  8
0
 62
     7
 48
0.4
370
    25
100
AcDbBlockEnd
  0
BLOCK
  5
11C
330
11B
100
AcDbEntity
  8
0
 62
     7
 48
0.4
370
    25
100
AcDbBlockBegin
  2
KREST_26
 70
     0
 10
0.0
 20
0.0
 30
0.0
  3
KREST_26
  1

  0
LINE
  5
11D
330
11B
100
AcDbEntity
  8
Координатные кресты
  6
Continuous
 62
   251
370
     9
100
AcDbLine
 10
-2.500000000000227
 20
0.0
 30
0.0
 11
2.499999999999773
 21
0.0
 31
0.0
  0
LINE
  5
11E
330
11B
100
AcDbEntity
  8
Координатные кресты
  6
Continuous
 62
   251
370
     9
100
AcDbLine
 10
-0.0000000000002274
 20
-2.5
 30
0.0
 11
-0.0000000000002274
 21
2.5
 31
0.0
  0
ENDBLK
  5
11F
330
11B
100
AcDbEntity
  8
0
 62
     7
 48
0.4
370
    25
100
AcDbBlockEnd
  0
BLOCK
  5
122
330
121
100
AcDbEntity
  8
0
 62
     7
 48
0.4
370
    25
100
AcDbBlockBegin
  2
KREST_27
 70
     0
 10
0.0
 20
0.0
 30
0.0
  3
KREST_27
  1

  0
LINE
  5
123
330
121
100
AcDbEntity
  8
Координатные кресты
  6
Continuous
 62
   251
370
     9
100
AcDbLine
 10
-2.500000000000227
 20
0.0
 30
0.0
 11
2.499999999999773
 21
0.0
 31
0.0
  0
LINE
  5
124
330
121
100
AcDbEntity
  8
Координатные кресты
  6
Continuous
 62
   251
370
     9
100
AcDbLine
 10
-0.0000000000002274
 20
-2.5
 30
0.0
 11
-0.0000000000002274
 21
2.5
 31
0.0
  0
ENDBLK
  5
125
330
121
100
AcDbEntity
  8
0
 62
     7
 48
0.4
370
    25
100
AcDbBlockEnd
  0
BLOCK
  5
128
330
127
100
AcDbEntity
  8
0
 62
     7
 48
0.4
370
    25
100
AcDbBlockBegin
  2
KREST_28
 70
     0
 10
0.0
 20
0.0
 30
0.0
  3
KREST_28
  1

  0
LINE
  5
129
330
127
100
AcDbEntity
  8
Координатные кресты
  6
Continuous
 62
   251
370
     9
100
AcDbLine
 10
-2.500000000000227
 20
0.0
 30
0.0
 11
2.499999999999773
 21
0.0
 31
0.0
  0
LINE
  5
12A
330
127
100
AcDbEntity
  8
Координатные кресты
  6
Continuous
 62
   251
370
     9
100
AcDbLine
 10
-0.0000000000002274
 20
-2.5
 30
0.0
 11
-0.0000000000002274
 21
2.5
 31
0.0
  0
ENDBLK
  5
12B
330
127
100
AcDbEntity
  8
0
 62
     7
 48
0.4
370
    25
100
AcDbBlockEnd
  0
BLOCK
  5
12E
330
12D
100
AcDbEntity
  8
0
 62
     7
 48
0.4
370
    25
100
AcDbBlockBegin
  2
KREST_29
 70
     0
 10
0.0
 20
0.0
 30
0.0
  3
KREST_29
  1

  0
LINE
  5
12F
330
12D
100
AcDbEntity
  8
Координатные кресты
  6
Continuous
 62
   251
370
     9
100
AcDbLine
 10
-2.500000000000227
 20
0.0
 30
0.0
 11
2.499999999999773
 21
0.0
 31
0.0
  0
LINE
  5
130
330
12D
100
AcDbEntity
  8
Координатные кресты
  6
Continuous
 62
   251
370
     9
100
AcDbLine
 10
-0.0000000000002274
 20
-2.5
 30
0.0
 11
-0.0000000000002274
 21
2.5
 31
0.0
  0
ENDBLK
  5
131
330
12D
100
AcDbEntity
  8
0
 62
     7
 48
0.4
370
    25
100
AcDbBlockEnd
  0
BLOCK
  5
134
330
133
100
AcDbEntity
  8
0
 62
     7
 48
0.4
370
    25
100
AcDbBlockBegin
  2
KREST_30
 70
     0
 10
0.0
 20
0.0
 30
0.0
  3
KREST_30
  1

  0
LINE
  5
135
330
133
100
AcDbEntity
  8
Координатные кресты
  6
Continuous
 62
   251
370
     9
100
AcDbLine
 10
-2.500000000000227
 20
0.0
 30
0.0
 11
2.499999999999773
 21
0.0
 31
0.0
  0
LINE
  5
136
330
133
100
AcDbEntity
  8
Координатные кресты
  6
Continuous
 62
   251
370
     9
100
AcDbLine
 10
-0.0000000000002274
 20
-2.5
 30
0.0
 11
-0.0000000000002274
 21
2.5
 31
0.0
  0
ENDBLK
  5
137
330
133
100
AcDbEntity
  8
0
 62
     7
 48
0.4
370
    25
100
AcDbBlockEnd
  0
BLOCK
  5
13A
330
139
100
AcDbEntity
  8
0
 62
     7
 48
0.4
370
    25
100
AcDbBlockBegin
  2
KREST_31
 70
     0
 10
0.0
 20
0.0
 30
0.0
  3
KREST_31
  1

  0
LINE
  5
13B
330
139
100
AcDbEntity
  8
Координатные кресты
  6
Continuous
 62
   251
370
     9
100
AcDbLine
 10
-2.500000000000227
 20
0.0
 30
0.0
 11
2.499999999999773
 21
0.0
 31
0.0
  0
LINE
  5
13C
330
139
100
AcDbEntity
  8
Координатные кресты
  6
Continuous
 62
   251
370
     9
100
AcDbLine
 10
-0.0000000000002274
 20
-2.5
 30
0.0
 11
-0.0000000000002274
 21
2.5
 31
0.0
  0
ENDBLK
  5
13D
330
139
100
AcDbEntity
  8
0
 62
     7
 48
0.4
370
    25
100
AcDbBlockEnd
  0
BLOCK
  5
140
330
13F
100
AcDbEntity
  8
0
 62
     7
 48
0.4
370
    25
100
AcDbBlockBegin
  2
KREST_32
 70
     0
 10
0.0
 20
0.0
 30
0.0
  3
KREST_32
  1

  0
LINE
  5
141
330
13F
100
AcDbEntity
  8
Координатные кресты
  6
Continuous
 62
   251
370
     9
100
AcDbLine
 10
-2.500000000000227
 20
0.0
 30
0.0
 11
2.499999999999773
 21
0.0
 31
0.0
  0
LINE
  5
142
330
13F
100
AcDbEntity
  8
Координатные кресты
  6
Continuous
 62
   251
370
     9
100
AcDbLine
 10
-0.0000000000002274
 20
-2.5
 30
0.0
 11
-0.0000000000002274
 21
2.5
 31
0.0
  0
ENDBLK
  5
143
330
13F
100
AcDbEntity
  8
0
 62
     7
 48
0.4
370
    25
100
AcDbBlockEnd
  0
BLOCK
  5
146
330
145
100
AcDbEntity
  8
0
 62
     7
 48
0.4
370
    25
100
AcDbBlockBegin
  2
KREST_33
 70
     0
 10
0.0
 20
0.0
 30
0.0
  3
KREST_33
  1

  0
LINE
  5
147
330
145
100
AcDbEntity
  8
Координатные кресты
  6
Continuous
 62
   251
370
     9
100
AcDbLine
 10
-2.500000000000227
 20
0.0
 30
0.0
 11
2.499999999999773
 21
0.0
 31
0.0
  0
LINE
  5
148
330
145
100
AcDbEntity
  8
Координатные кресты
  6
Continuous
 62
   251
370
     9
100
AcDbLine
 10
-0.0000000000002274
 20
-2.5
 30
0.0
 11
-0.0000000000002274
 21
2.5
 31
0.0
  0
ENDBLK
  5
149
330
145
100
AcDbEntity
  8
0
 62
     7
 48
0.4
370
    25
100
AcDbBlockEnd
  0
BLOCK
  5
14C
330
14B
100
AcDbEntity
  8
0
 62
     7
 48
0.4
370
    25
100
AcDbBlockBegin
  2
KREST_34
 70
     0
 10
0.0
 20
0.0
 30
0.0
  3
KREST_34
  1

  0
LINE
  5
14D
330
14B
100
AcDbEntity
  8
Координатные кресты
  6
Continuous
 62
   251
370
     9
100
AcDbLine
 10
-2.500000000000227
 20
0.0
 30
0.0
 11
2.499999999999773
 21
0.0
 31
0.0
  0
LINE
  5
14E
330
14B
100
AcDbEntity
  8
Координатные кресты
  6
Continuous
 62
   251
370
     9
100
AcDbLine
 10
-0.0000000000002274
 20
-2.5
 30
0.0
 11
-0.0000000000002274
 21
2.5
 31
0.0
  0
ENDBLK
  5
14F
330
14B
100
AcDbEntity
  8
0
 62
     7
 48
0.4
370
    25
100
AcDbBlockEnd
  0
BLOCK
  5
152
330
151
100
AcDbEntity
  8
0
 62
     7
 48
0.4
370
    25
100
AcDbBlockBegin
  2
KREST_35
 70
     0
 10
0.0
 20
0.0
 30
0.0
  3
KREST_35
  1

  0
LINE
  5
153
330
151
100
AcDbEntity
  8
Координатные кресты
  6
Continuous
 62
   251
370
     9
100
AcDbLine
 10
-2.500000000000227
 20
0.0
 30
0.0
 11
2.499999999999773
 21
0.0
 31
0.0
  0
LINE
  5
154
330
151
100
AcDbEntity
  8
Координатные кресты
  6
Continuous
 62
   251
370
     9
100
AcDbLine
 10
-0.0000000000002274
 20
-2.5
 30
0.0
 11
-0.0000000000002274
 21
2.5
 31
0.0
  0
ENDBLK
  5
155
330
151
100
AcDbEntity
  8
0
 62
     7
 48
0.4
370
    25
100
AcDbBlockEnd
  0
BLOCK
  5
159
330
158
100
AcDbEntity
  8
0
 62
     7
 48
0.4
370
    25
100
AcDbBlockBegin
  2
KREST_36
 70
     0
 10
0.0
 20
0.0
 30
0.0
  3
KREST_36
  1

  0
LINE
  5
15A
330
158
100
AcDbEntity
  8
Координатные кресты
  6
Continuous
 62
   251
370
     9
100
AcDbLine
 10
-2.500000000000227
 20
0.0
 30
0.0
 11
2.499999999999773
 21
0.0
 31
0.0
  0
LINE
  5
15B
330
158
100
AcDbEntity
  8
Координатные кресты
  6
Continuous
 62
   251
370
     9
100
AcDbLine
 10
-0.0000000000002274
 20
-2.5
 30
0.0
 11
-0.0000000000002274
 21
2.5
 31
0.0
  0
ENDBLK
  5
15C
330
158
100
AcDbEntity
  8
0
 62
     7
 48
0.4
370
    25
100
AcDbBlockEnd
  0
BLOCK
  5
15F
330
15E
100
AcDbEntity
  8
0
 62
     7
 48
0.4
370
    25
100
AcDbBlockBegin
  2
KREST_37
 70
     0
 10
0.0
 20
0.0
 30
0.0
  3
KREST_37
  1

  0
LINE
  5
160
330
15E
100
AcDbEntity
  8
Координатные кресты
  6
Continuous
 62
   251
370
     9
100
AcDbLine
 10
-2.500000000000227
 20
0.0
 30
0.0
 11
2.499999999999773
 21
0.0
 31
0.0
  0
LINE
  5
161
330
15E
100
AcDbEntity
  8
Координатные кресты
  6
Continuous
 62
   251
370
     9
100
AcDbLine
 10
-0.0000000000002274
 20
-2.5
 30
0.0
 11
-0.0000000000002274
 21
2.5
 31
0.0
  0
ENDBLK
  5
162
330
15E
100
AcDbEntity
  8
0
 62
     7
 48
0.4
370
    25
100
AcDbBlockEnd
  0
BLOCK
  5
165
330
164
100
AcDbEntity
  8
0
 62
     7
 48
0.4
370
    25
100
AcDbBlockBegin
  2
KREST_38
 70
     0
 10
0.0
 20
0.0
 30
0.0
  3
KREST_38
  1

  0
LINE
  5
166
330
164
100
AcDbEntity
  8
Координатные кресты
  6
Continuous
 62
   251
370
     9
100
AcDbLine
 10
-2.500000000000227
 20
0.0
 30
0.0
 11
2.499999999999773
 21
0.0
 31
0.0
  0
LINE
  5
167
330
164
100
AcDbEntity
  8
Координатные кресты
  6
Continuous
 62
   251
370
     9
100
AcDbLine
 10
-0.0000000000002274
 20
-2.5
 30
0.0
 11
-0.0000000000002274
 21
2.5
 31
0.0
  0
ENDBLK
  5
168
330
164
100
AcDbEntity
  8
0
 62
     7
 48
0.4
370
    25
100
AcDbBlockEnd
  0
BLOCK
  5
16B
330
16A
100
AcDbEntity
  8
0
 62
     7
 48
0.4
370
    25
100
AcDbBlockBegin
  2
KREST_39
 70
     0
 10
0.0
 20
0.0
 30
0.0
  3
KREST_39
  1

  0
LINE
  5
16C
330
16A
100
AcDbEntity
  8
Координатные кресты
  6
Continuous
 62
   251
370
     9
100
AcDbLine
 10
-2.500000000000227
 20
0.0
 30
0.0
 11
2.499999999999773
 21
0.0
 31
0.0
  0
LINE
  5
16D
330
16A
100
AcDbEntity
  8
Координатные кресты
  6
Continuous
 62
   251
370
     9
100
AcDbLine
 10
-0.0000000000002274
 20
-2.5
 30
0.0
 11
-0.0000000000002274
 21
2.5
 31
0.0
  0
ENDBLK
  5
16E
330
16A
100
AcDbEntity
  8
0
 62
     7
 48
0.4
370
    25
100
AcDbBlockEnd
  0
BLOCK
  5
171
330
170
100
AcDbEntity
  8
0
 62
     7
 48
0.4
370
    25
100
AcDbBlockBegin
  2
KREST_40
 70
     0
 10
0.0
 20
0.0
 30
0.0
  3
KREST_40
  1

  0
LINE
  5
172
330
170
100
AcDbEntity
  8
Координатные кресты
  6
Continuous
 62
   251
370
     9
100
AcDbLine
 10
-2.500000000000227
 20
0.0
 30
0.0
 11
2.499999999999773
 21
0.0
 31
0.0
  0
LINE
  5
173
330
170
100
AcDbEntity
  8
Координатные кресты
  6
Continuous
 62
   251
370
     9
100
AcDbLine
 10
-0.0000000000002274
 20
-2.5
 30
0.0
 11
-0.0000000000002274
 21
2.5
 31
0.0
  0
ENDBLK
  5
174
330
170
100
AcDbEntity
  8
0
 62
     7
 48
0.4
370
    25
100
AcDbBlockEnd
  0
BLOCK
  5
177
330
176
100
AcDbEntity
  8
0
 62
     7
 48
0.4
370
    25
100
AcDbBlockBegin
  2
KREST_41
 70
     0
 10
0.0
 20
0.0
 30
0.0
  3
KREST_41
  1

  0
LINE
  5
178
330
176
100
AcDbEntity
  8
Координатные кресты
  6
Continuous
 62
   251
370
     9
100
AcDbLine
 10
-2.500000000000227
 20
0.0
 30
0.0
 11
2.499999999999773
 21
0.0
 31
0.0
  0
LINE
  5
179
330
176
100
AcDbEntity
  8
Координатные кресты
  6
Continuous
 62
   251
370
     9
100
AcDbLine
 10
-0.0000000000002274
 20
-2.5
 30
0.0
 11
-0.0000000000002274
 21
2.5
 31
0.0
  0
ENDBLK
  5
17A
330
176
100
AcDbEntity
  8
0
 62
     7
 48
0.4
370
    25
100
AcDbBlockEnd
  0
BLOCK
  5
17D
330
17C
100
AcDbEntity
  8
0
 62
     7
 48
0.4
370
    25
100
AcDbBlockBegin
  2
KREST_42
 70
     0
 10
0.0
 20
0.0
 30
0.0
  3
KREST_42
  1

  0
LINE
  5
17E
330
17C
100
AcDbEntity
  8
Координатные кресты
  6
Continuous
 62
   251
370
     9
100
AcDbLine
 10
-2.500000000000227
 20
0.0
 30
0.0
 11
2.499999999999773
 21
0.0
 31
0.0
  0
LINE
  5
17F
330
17C
100
AcDbEntity
  8
Координатные кресты
  6
Continuous
 62
   251
370
     9
100
AcDbLine
 10
-0.0000000000002274
 20
-2.5
 30
0.0
 11
-0.0000000000002274
 21
2.5
 31
0.0
  0
ENDBLK
  5
180
330
17C
100
AcDbEntity
  8
0
 62
     7
 48
0.4
370
    25
100
AcDbBlockEnd
  0
BLOCK
  5
183
330
182
100
AcDbEntity
  8
0
 62
     7
 48
0.4
370
    25
100
AcDbBlockBegin
  2
KREST_43
 70
     0
 10
0.0
 20
0.0
 30
0.0
  3
KREST_43
  1

  0
LINE
  5
184
330
182
100
AcDbEntity
  8
Координатные кресты
  6
Continuous
 62
   251
370
     9
100
AcDbLine
 10
-2.500000000000227
 20
0.0
 30
0.0
 11
2.499999999999773
 21
0.0
 31
0.0
  0
LINE
  5
185
330
182
100
AcDbEntity
  8
Координатные кресты
  6
Continuous
 62
   251
370
     9
100
AcDbLine
 10
-0.0000000000002274
 20
-2.5
 30
0.0
 11
-0.0000000000002274
 21
2.5
 31
0.0
  0
ENDBLK
  5
186
330
182
100
AcDbEntity
  8
0
 62
     7
 48
0.4
370
    25
100
AcDbBlockEnd
  0
BLOCK
  5
189
330
188
100
AcDbEntity
  8
0
 62
     7
 48
0.4
370
    25
100
AcDbBlockBegin
  2
KREST_44
 70
     0
 10
0.0
 20
0.0
 30
0.0
  3
KREST_44
  1

  0
LINE
  5
18A
330
188
100
AcDbEntity
  8
Координатные кресты
  6
Continuous
 62
   251
370
     9
100
AcDbLine
 10
-2.500000000000227
 20
0.0
 30
0.0
 11
2.499999999999773
 21
0.0
 31
0.0
  0
LINE
  5
18B
330
188
100
AcDbEntity
  8
Координатные кресты
  6
Continuous
 62
   251
370
     9
100
AcDbLine
 10
-0.0000000000002274
 20
-2.5
 30
0.0
 11
-0.0000000000002274
 21
2.5
 31
0.0
  0
ENDBLK
  5
18C
330
188
100
AcDbEntity
  8
0
 62
     7
 48
0.4
370
    25
100
AcDbBlockEnd
  0
BLOCK
  5
18F
330
18E
100
AcDbEntity
  8
0
 62
     7
 48
0.4
370
    25
100
AcDbBlockBegin
  2
KREST_45
 70
     0
 10
0.0
 20
0.0
 30
0.0
  3
KREST_45
  1

  0
LINE
  5
190
330
18E
100
AcDbEntity
  8
Координатные кресты
  6
Continuous
 62
   251
370
     9
100
AcDbLine
 10
-2.500000000000227
 20
0.0
 30
0.0
 11
2.499999999999773
 21
0.0
 31
0.0
  0
LINE
  5
191
330
18E
100
AcDbEntity
  8
Координатные кресты
  6
Continuous
 62
   251
370
     9
100
AcDbLine
 10
-0.0000000000002274
 20
-2.5
 30
0.0
 11
-0.0000000000002274
 21
2.5
 31
0.0
  0
ENDBLK
  5
192
330
18E
100
AcDbEntity
  8
0
 62
     7
 48
0.4
370
    25
100
AcDbBlockEnd
  0
BLOCK
  5
195
330
194
100
AcDbEntity
  8
0
 62
     7
 48
0.4
370
    25
100
AcDbBlockBegin
  2
KREST_46
 70
     0
 10
0.0
 20
0.0
 30
0.0
  3
KREST_46
  1

  0
LINE
  5
196
330
194
100
AcDbEntity
  8
Координатные кресты
  6
Continuous
 62
   251
370
     9
100
AcDbLine
 10
-2.500000000000227
 20
0.0
 30
0.0
 11
2.499999999999773
 21
0.0
 31
0.0
  0
LINE
  5
197
330
194
100
AcDbEntity
  8
Координатные кресты
  6
Continuous
 62
   251
370
     9
100
AcDbLine
 10
-0.0000000000002274
 20
-2.5
 30
0.0
 11
-0.0000000000002274
 21
2.5
 31
0.0
  0
ENDBLK
  5
198
330
194
100
AcDbEntity
  8
0
 62
     7
 48
0.4
370
    25
100
AcDbBlockEnd
  0
BLOCK
  5
19B
330
19A
100
AcDbEntity
  8
0
 62
     7
 48
0.4
370
    25
100
AcDbBlockBegin
  2
KREST_47
 70
     0
 10
0.0
 20
0.0
 30
0.0
  3
KREST_47
  1

  0
LINE
  5
19C
330
19A
100
AcDbEntity
  8
Координатные кресты
  6
Continuous
 62
   251
370
     9
100
AcDbLine
 10
-2.500000000000227
 20
0.0
 30
0.0
 11
2.499999999999773
 21
0.0
 31
0.0
  0
LINE
  5
19D
330
19A
100
AcDbEntity
  8
Координатные кресты
  6
Continuous
 62
   251
370
     9
100
AcDbLine
 10
-0.0000000000002274
 20
-2.5
 30
0.0
 11
-0.0000000000002274
 21
2.5
 31
0.0
  0
ENDBLK
  5
19E
330
19A
100
AcDbEntity
  8
0
 62
     7
 48
0.4
370
    25
100
AcDbBlockEnd
  0
BLOCK
  5
1A1
330
1A0
100
AcDbEntity
  8
0
 62
     7
 48
0.4
370
    25
100
AcDbBlockBegin
  2
KREST_48
 70
     0
 10
0.0
 20
0.0
 30
0.0
  3
KREST_48
  1

  0
LINE
  5
1A2
330
1A0
100
AcDbEntity
  8
Координатные кресты
  6
Continuous
 62
   251
370
     9
100
AcDbLine
 10
-2.500000000000227
 20
0.0
 30
0.0
 11
2.499999999999773
 21
0.0
 31
0.0
  0
LINE
  5
1A3
330
1A0
100
AcDbEntity
  8
Координатные кресты
  6
Continuous
 62
   251
370
     9
100
AcDbLine
 10
-0.0000000000002274
 20
-2.5
 30
0.0
 11
-0.0000000000002274
 21
2.5
 31
0.0
  0
ENDBLK
  5
1A4
330
1A0
100
AcDbEntity
  8
0
 62
     7
 48
0.4
370
    25
100
AcDbBlockEnd
  0
BLOCK
  5
1A7
330
1A6
100
AcDbEntity
  8
0
 62
     7
 48
0.4
370
    25
100
AcDbBlockBegin
  2
KREST_49
 70
     0
 10
0.0
 20
0.0
 30
0.0
  3
KREST_49
  1

  0
LINE
  5
1A8
330
1A6
100
AcDbEntity
  8
Координатные кресты
  6
Continuous
 62
   251
370
     9
100
AcDbLine
 10
-2.500000000000227
 20
0.0
 30
0.0
 11
2.499999999999773
 21
0.0
 31
0.0
  0
LINE
  5
1A9
330
1A6
100
AcDbEntity
  8
Координатные кресты
  6
Continuous
 62
   251
370
     9
100
AcDbLine
 10
-0.0000000000002274
 20
-2.5
 30
0.0
 11
-0.0000000000002274
 21
2.5
 31
0.0
  0
ENDBLK
  5
1AA
330
1A6
100
AcDbEntity
  8
0
 62
     7
 48
0.4
370
    25
100
AcDbBlockEnd
  0
BLOCK
  5
1AD
330
1AC
100
AcDbEntity
  8
0
 62
     7
 48
0.4
370
    25
100
AcDbBlockBegin
  2
KREST_50
 70
     0
 10
0.0
 20
0.0
 30
0.0
  3
KREST_50
  1

  0
LINE
  5
1AE
330
1AC
100
AcDbEntity
  8
Координатные кресты
  6
Continuous
 62
   251
370
     9
100
AcDbLine
 10
-2.500000000000227
 20
0.0
 30
0.0
 11
2.499999999999773
 21
0.0
 31
0.0
  0
LINE
  5
1AF
330
1AC
100
AcDbEntity
  8
Координатные кресты
  6
Continuous
 62
   251
370
     9
100
AcDbLine
 10
-0.0000000000002274
 20
-2.5
 30
0.0
 11
-0.0000000000002274
 21
2.5
 31
0.0
  0
ENDBLK
  5
1B0
330
1AC
100
AcDbEntity
  8
0
 62
     7
 48
0.4
370
    25
100
AcDbBlockEnd
  0
BLOCK
  5
1B3
330
1B2
100
AcDbEntity
  8
0
 62
     7
 48
0.4
370
    25
100
AcDbBlockBegin
  2
KREST_51
 70
     0
 10
0.0
 20
0.0
 30
0.0
  3
KREST_51
  1

  0
LINE
  5
1B4
330
1B2
100
AcDbEntity
  8
Координатные кресты
  6
Continuous
 62
   251
370
     9
100
AcDbLine
 10
-2.500000000000227
 20
0.0
 30
0.0
 11
2.499999999999773
 21
0.0
 31
0.0
  0
LINE
  5
1B5
330
1B2
100
AcDbEntity
  8
Координатные кресты
  6
Continuous
 62
   251
370
     9
100
AcDbLine
 10
-0.0000000000002274
 20
-2.5
 30
0.0
 11
-0.0000000000002274
 21
2.5
 31
0.0
  0
ENDBLK
  5
1B6
330
1B2
100
AcDbEntity
  8
0
 62
     7
 48
0.4
370
    25
100
AcDbBlockEnd
  0
BLOCK
  5
1B9
330
1B8
100
AcDbEntity
  8
0
 62
     7
 48
0.4
370
    25
100
AcDbBlockBegin
  2
KREST_52
 70
     0
 10
0.0
 20
0.0
 30
0.0
  3
KREST_52
  1

  0
LINE
  5
1BA
330
1B8
100
AcDbEntity
  8
Координатные кресты
  6
Continuous
 62
   251
370
     9
100
AcDbLine
 10
-2.500000000000227
 20
0.0
 30
0.0
 11
2.499999999999773
 21
0.0
 31
0.0
  0
LINE
  5
1BB
330
1B8
100
AcDbEntity
  8
Координатные кресты
  6
Continuous
 62
   251
370
     9
100
AcDbLine
 10
-0.0000000000002274
 20
-2.5
 30
0.0
 11
-0.0000000000002274
 21
2.5
 31
0.0
  0
ENDBLK
  5
1BC
330
1B8
100
AcDbEntity
  8
0
 62
     7
 48
0.4
370
    25
100
AcDbBlockEnd
  0
BLOCK
  5
1BF
330
1BE
100
AcDbEntity
  8
0
 62
     7
 48
0.4
370
    25
100
AcDbBlockBegin
  2
KREST_53
 70
     0
 10
0.0
 20
0.0
 30
0.0
  3
KREST_53
  1

  0
LINE
  5
1C0
330
1BE
100
AcDbEntity
  8
Координатные кресты
  6
Continuous
 62
   251
370
     9
100
AcDbLine
 10
-2.500000000000227
 20
0.0
 30
0.0
 11
2.499999999999773
 21
0.0
 31
0.0
  0
LINE
  5
1C1
330
1BE
100
AcDbEntity
  8
Координатные кресты
  6
Continuous
 62
   251
370
     9
100
AcDbLine
 10
-0.0000000000002274
 20
-2.5
 30
0.0
 11
-0.0000000000002274
 21
2.5
 31
0.0
  0
ENDBLK
  5
1C2
330
1BE
100
AcDbEntity
  8
0
 62
     7
 48
0.4
370
    25
100
AcDbBlockEnd
  0
BLOCK
  5
1C5
330
1C4
100
AcDbEntity
  8
0
 62
     7
 48
0.4
370
    25
100
AcDbBlockBegin
  2
KREST_54
 70
     0
 10
0.0
 20
0.0
 30
0.0
  3
KREST_54
  1

  0
LINE
  5
1C6
330
1C4
100
AcDbEntity
  8
Координатные кресты
  6
Continuous
 62
   251
370
     9
100
AcDbLine
 10
-2.500000000000227
 20
0.0
 30
0.0
 11
2.499999999999773
 21
0.0
 31
0.0
  0
LINE
  5
1C7
330
1C4
100
AcDbEntity
  8
Координатные кресты
  6
Continuous
 62
   251
370
     9
100
AcDbLine
 10
-0.0000000000002274
 20
-2.5
 30
0.0
 11
-0.0000000000002274
 21
2.5
 31
0.0
  0
ENDBLK
  5
1C8
330
1C4
100
AcDbEntity
  8
0
 62
     7
 48
0.4
370
    25
100
AcDbBlockEnd
  0
BLOCK
  5
1CB
330
1CA
100
AcDbEntity
  8
0
 62
     7
 48
0.4
370
    25
100
AcDbBlockBegin
  2
KREST_55
 70
     0
 10
0.0
 20
0.0
 30
0.0
  3
KREST_55
  1

  0
LINE
  5
1CC
330
1CA
100
AcDbEntity
  8
Координатные кресты
  6
Continuous
 62
   251
370
     9
100
AcDbLine
 10
-2.500000000000227
 20
0.0
 30
0.0
 11
2.499999999999773
 21
0.0
 31
0.0
  0
LINE
  5
1CD
330
1CA
100
AcDbEntity
  8
Координатные кресты
  6
Continuous
 62
   251
370
     9
100
AcDbLine
 10
-0.0000000000002274
 20
-2.5
 30
0.0
 11
-0.0000000000002274
 21
2.5
 31
0.0
  0
ENDBLK
  5
1CE
330
1CA
100
AcDbEntity
  8
0
 62
     7
 48
0.4
370
    25
100
AcDbBlockEnd
  0
BLOCK
  5
1D1
330
1D0
100
AcDbEntity
  8
0
 62
     7
 48
0.4
370
    25
100
AcDbBlockBegin
  2
KREST_56
 70
     0
 10
0.0
 20
0.0
 30
0.0
  3
KREST_56
  1

  0
LINE
  5
1D2
330
1D0
100
AcDbEntity
  8
Координатные кресты
  6
Continuous
 62
   251
370
     9
100
AcDbLine
 10
-2.500000000000227
 20
0.0
 30
0.0
 11
2.499999999999773
 21
0.0
 31
0.0
  0
LINE
  5
1D3
330
1D0
100
AcDbEntity
  8
Координатные кресты
  6
Continuous
 62
   251
370
     9
100
AcDbLine
 10
-0.0000000000002274
 20
-2.5
 30
0.0
 11
-0.0000000000002274
 21
2.5
 31
0.0
  0
ENDBLK
  5
1D4
330
1D0
100
AcDbEntity
  8
0
 62
     7
 48
0.4
370
    25
100
AcDbBlockEnd
  0
BLOCK
  5
1D7
330
1D6
100
AcDbEntity
  8
0
 62
     7
 48
0.4
370
    25
100
AcDbBlockBegin
  2
KREST_57
 70
     0
 10
0.0
 20
0.0
 30
0.0
  3
KREST_57
  1

  0
LINE
  5
1D8
330
1D6
100
AcDbEntity
  8
Координатные кресты
  6
Continuous
 62
   251
370
     9
100
AcDbLine
 10
-2.500000000000227
 20
0.0
 30
0.0
 11
2.499999999999773
 21
0.0
 31
0.0
  0
LINE
  5
1D9
330
1D6
100
AcDbEntity
  8
Координатные кресты
  6
Continuous
 62
   251
370
     9
100
AcDbLine
 10
-0.0000000000002274
 20
-2.5
 30
0.0
 11
-0.0000000000002274
 21
2.5
 31
0.0
  0
ENDBLK
  5
1DA
330
1D6
100
AcDbEntity
  8
0
 62
     7
 48
0.4
370
    25
100
AcDbBlockEnd
  0
BLOCK
  5
1DD
330
1DC
100
AcDbEntity
  8
0
 62
     7
 48
0.4
370
    25
100
AcDbBlockBegin
  2
KREST_58
 70
     0
 10
0.0
 20
0.0
 30
0.0
  3
KREST_58
  1

  0
LINE
  5
1DE
330
1DC
100
AcDbEntity
  8
Координатные кресты
  6
Continuous
 62
   251
370
     9
100
AcDbLine
 10
-2.500000000000227
 20
0.0
 30
0.0
 11
2.499999999999773
 21
0.0
 31
0.0
  0
LINE
  5
1DF
330
1DC
100
AcDbEntity
  8
Координатные кресты
  6
Continuous
 62
   251
370
     9
100
AcDbLine
 10
-0.0000000000002274
 20
-2.5
 30
0.0
 11
-0.0000000000002274
 21
2.5
 31
0.0
  0
ENDBLK
  5
1E0
330
1DC
100
AcDbEntity
  8
0
 62
     7
 48
0.4
370
    25
100
AcDbBlockEnd
  0
BLOCK
  5
1E3
330
1E2
100
AcDbEntity
  8
0
 62
     7
 48
0.4
370
    25
100
AcDbBlockBegin
  2
KREST_59
 70
     0
 10
0.0
 20
0.0
 30
0.0
  3
KREST_59
  1

  0
LINE
  5
1E4
330
1E2
100
AcDbEntity
  8
Координатные кресты
  6
Continuous
 62
   251
370
     9
100
AcDbLine
 10
-2.500000000000227
 20
0.0
 30
0.0
 11
2.499999999999773
 21
0.0
 31
0.0
  0
LINE
  5
1E5
330
1E2
100
AcDbEntity
  8
Координатные кресты
  6
Continuous
 62
   251
370
     9
100
AcDbLine
 10
-0.0000000000002274
 20
-2.5
 30
0.0
 11
-0.0000000000002274
 21
2.5
 31
0.0
  0
ENDBLK
  5
1E6
330
1E2
100
AcDbEntity
  8
0
 62
     7
 48
0.4
370
    25
100
AcDbBlockEnd
  0
BLOCK
  5
1E9
330
1E8
100
AcDbEntity
  8
0
 62
     7
 48
0.4
370
    25
100
AcDbBlockBegin
  2
KREST_60
 70
     0
 10
0.0
 20
0.0
 30
0.0
  3
KREST_60
  1

  0
LINE
  5
1EA
330
1E8
100
AcDbEntity
  8
Координатные кресты
  6
Continuous
 62
   251
370
     9
100
AcDbLine
 10
-2.500000000000227
 20
0.0
 30
0.0
 11
2.499999999999773
 21
0.0
 31
0.0
  0
LINE
  5
1EB
330
1E8
100
AcDbEntity
  8
Координатные кресты
  6
Continuous
 62
   251
370
     9
100
AcDbLine
 10
-0.0000000000002274
 20
-2.5
 30
0.0
 11
-0.0000000000002274
 21
2.5
 31
0.0
  0
ENDBLK
  5
1EC
330
1E8
100
AcDbEntity
  8
0
 62
     7
 48
0.4
370
    25
100
AcDbBlockEnd
  0
BLOCK
  5
1EF
330
1EE
100
AcDbEntity
  8
0
 62
     7
 48
0.4
370
    25
100
AcDbBlockBegin
  2
KREST_61
 70
     0
 10
0.0
 20
0.0
 30
0.0
  3
KREST_61
  1

  0
LINE
  5
1F0
330
1EE
100
AcDbEntity
  8
Координатные кресты
  6
Continuous
 62
   251
370
     9
100
AcDbLine
 10
-2.500000000000227
 20
0.0
 30
0.0
 11
2.499999999999773
 21
0.0
 31
0.0
  0
LINE
  5
1F1
330
1EE
100
AcDbEntity
  8
Координатные кресты
  6
Continuous
 62
   251
370
     9
100
AcDbLine
 10
-0.0000000000002274
 20
-2.5
 30
0.0
 11
-0.0000000000002274
 21
2.5
 31
0.0
  0
ENDBLK
  5
1F2
330
1EE
100
AcDbEntity
  8
0
 62
     7
 48
0.4
370
    25
100
AcDbBlockEnd
  0
BLOCK
  5
1F5
330
1F4
100
AcDbEntity
  8
0
 62
     7
 48
0.4
370
    25
100
AcDbBlockBegin
  2
KREST_62
 70
     0
 10
0.0
 20
0.0
 30
0.0
  3
KREST_62
  1

  0
LINE
  5
1F6
330
1F4
100
AcDbEntity
  8
Координатные кресты
  6
Continuous
 62
   251
370
     9
100
AcDbLine
 10
-2.500000000000227
 20
0.0
 30
0.0
 11
2.499999999999773
 21
0.0
 31
0.0
  0
LINE
  5
1F7
330
1F4
100
AcDbEntity
  8
Координатные кресты
  6
Continuous
 62
   251
370
     9
100
AcDbLine
 10
-0.0000000000002274
 20
-2.5
 30
0.0
 11
-0.0000000000002274
 21
2.5
 31
0.0
  0
ENDBLK
  5
1F8
330
1F4
100
AcDbEntity
  8
0
 62
     7
 48
0.4
370
    25
100
AcDbBlockEnd
  0
BLOCK
  5
1FB
330
1FA
100
AcDbEntity
  8
0
 62
     7
 48
0.4
370
    25
100
AcDbBlockBegin
  2
KREST_63
 70
     0
 10
0.0
 20
0.0
 30
0.0
  3
KREST_63
  1

  0
LINE
  5
1FC
330
1FA
100
AcDbEntity
  8
Координатные кресты
  6
Continuous
 62
   251
370
     9
100
AcDbLine
 10
-2.500000000000227
 20
0.0
 30
0.0
 11
2.499999999999773
 21
0.0
 31
0.0
  0
LINE
  5
1FD
330
1FA
100
AcDbEntity
  8
Координатные кресты
  6
Continuous
 62
   251
370
     9
100
AcDbLine
 10
-0.0000000000002274
 20
-2.5
 30
0.0
 11
-0.0000000000002274
 21
2.5
 31
0.0
  0
ENDBLK
  5
1FE
330
1FA
100
AcDbEntity
  8
0
 62
     7
 48
0.4
370
    25
100
AcDbBlockEnd
  0
BLOCK
  5
201
330
200
100
AcDbEntity
  8
0
 62
     7
 48
0.4
370
    25
100
AcDbBlockBegin
  2
KREST_64
 70
     0
 10
0.0
 20
0.0
 30
0.0
  3
KREST_64
  1

  0
LINE
  5
202
330
200
100
AcDbEntity
  8
Координатные кресты
  6
Continuous
 62
   251
370
     9
100
AcDbLine
 10
-2.500000000000227
 20
0.0
 30
0.0
 11
2.499999999999773
 21
0.0
 31
0.0
  0
LINE
  5
203
330
200
100
AcDbEntity
  8
Координатные кресты
  6
Continuous
 62
   251
370
     9
100
AcDbLine
 10
-0.0000000000002274
 20
-2.5
 30
0.0
 11
-0.0000000000002274
 21
2.5
 31
0.0
  0
ENDBLK
  5
204
330
200
100
AcDbEntity
  8
0
 62
     7
 48
0.4
370
    25
100
AcDbBlockEnd
  0
BLOCK
  5
207
330
206
100
AcDbEntity
  8
0
 62
     7
 48
0.4
370
    25
100
AcDbBlockBegin
  2
KREST_65
 70
     0
 10
0.0
 20
0.0
 30
0.0
  3
KREST_65
  1

  0
LINE
  5
208
330
206
100
AcDbEntity
  8
Координатные кресты
  6
Continuous
 62
   251
370
     9
100
AcDbLine
 10
-2.500000000000227
 20
0.0
 30
0.0
 11
2.499999999999773
 21
0.0
 31
0.0
  0
LINE
  5
209
330
206
100
AcDbEntity
  8
Координатные кресты
  6
Continuous
 62
   251
370
     9
100
AcDbLine
 10
-0.0000000000002274
 20
-2.5
 30
0.0
 11
-0.0000000000002274
 21
2.5
 31
0.0
  0
ENDBLK
  5
20A
330
206
100
AcDbEntity
  8
0
 62
     7
 48
0.4
370
    25
100
AcDbBlockEnd
  0
BLOCK
  5
20E
330
20D
100
AcDbEntity
  8
0
 62
     7
 48
0.4
370
    25
100
AcDbBlockBegin
  2
KREST_66
 70
     0
 10
0.0
 20
0.0
 30
0.0
  3
KREST_66
  1

  0
LINE
  5
20F
330
20D
100
AcDbEntity
  8
Координатные кресты
  6
Continuous
 62
   251
370
     9
100
AcDbLine
 10
-2.500000000000227
 20
0.0
 30
0.0
 11
2.499999999999773
 21
0.0
 31
0.0
  0
LINE
  5
210
330
20D
100
AcDbEntity
  8
Координатные кресты
  6
Continuous
 62
   251
370
     9
100
AcDbLine
 10
-0.0000000000002274
 20
-2.5
 30
0.0
 11
-0.0000000000002274
 21
2.5
 31
0.0
  0
ENDBLK
  5
211
330
20D
100
AcDbEntity
  8
0
 62
     7
 48
0.4
370
    25
100
AcDbBlockEnd
  0
BLOCK
  5
214
330
213
100
AcDbEntity
  8
0
 62
     7
 48
0.4
370
    25
100
AcDbBlockBegin
  2
KREST_67
 70
     0
 10
0.0
 20
0.0
 30
0.0
  3
KREST_67
  1

  0
LINE
  5
215
330
213
100
AcDbEntity
  8
Координатные кресты
  6
Continuous
 62
   251
370
     9
100
AcDbLine
 10
-2.500000000000227
 20
0.0
 30
0.0
 11
2.499999999999773
 21
0.0
 31
0.0
  0
LINE
  5
216
330
213
100
AcDbEntity
  8
Координатные кресты
  6
Continuous
 62
   251
370
     9
100
AcDbLine
 10
-0.0000000000002274
 20
-2.5
 30
0.0
 11
-0.0000000000002274
 21
2.5
 31
0.0
  0
ENDBLK
  5
217
330
213
100
AcDbEntity
  8
0
 62
     7
 48
0.4
370
    25
100
AcDbBlockEnd
  0
BLOCK
  5
21A
330
219
100
AcDbEntity
  8
0
 62
     7
 48
0.4
370
    25
100
AcDbBlockBegin
  2
KREST_68
 70
     0
 10
0.0
 20
0.0
 30
0.0
  3
KREST_68
  1

  0
LINE
  5
21B
330
219
100
AcDbEntity
  8
Координатные кресты
  6
Continuous
 62
   251
370
     9
100
AcDbLine
 10
-2.500000000000227
 20
0.0
 30
0.0
 11
2.499999999999773
 21
0.0
 31
0.0
  0
LINE
  5
21C
330
219
100
AcDbEntity
  8
Координатные кресты
  6
Continuous
 62
   251
370
     9
100
AcDbLine
 10
-0.0000000000002274
 20
-2.5
 30
0.0
 11
-0.0000000000002274
 21
2.5
 31
0.0
  0
ENDBLK
  5
21D
330
219
100
AcDbEntity
  8
0
 62
     7
 48
0.4
370
    25
100
AcDbBlockEnd
  0
BLOCK
  5
220
330
21F
100
AcDbEntity
  8
0
 62
     7
 48
0.4
370
    25
100
AcDbBlockBegin
  2
KREST_69
 70
     0
 10
0.0
 20
0.0
 30
0.0
  3
KREST_69
  1

  0
LINE
  5
221
330
21F
100
AcDbEntity
  8
Координатные кресты
  6
Continuous
 62
   251
370
     9
100
AcDbLine
 10
-2.500000000000227
 20
0.0
 30
0.0
 11
2.499999999999773
 21
0.0
 31
0.0
  0
LINE
  5
222
330
21F
100
AcDbEntity
  8
Координатные кресты
  6
Continuous
 62
   251
370
     9
100
AcDbLine
 10
-0.0000000000002274
 20
-2.5
 30
0.0
 11
-0.0000000000002274
 21
2.5
 31
0.0
  0
ENDBLK
  5
223
330
21F
100
AcDbEntity
  8
0
 62
     7
 48
0.4
370
    25
100
AcDbBlockEnd
  0
BLOCK
  5
226
330
225
100
AcDbEntity
  8
0
 62
     7
 48
0.4
370
    25
100
AcDbBlockBegin
  2
KREST_70
 70
     0
 10
0.0
 20
0.0
 30
0.0
  3
KREST_70
  1

  0
LINE
  5
227
330
225
100
AcDbEntity
  8
Координатные кресты
  6
Continuous
 62
   251
370
     9
100
AcDbLine
 10
-2.500000000000227
 20
0.0
 30
0.0
 11
2.499999999999773
 21
0.0
 31
0.0
  0
LINE
  5
228
330
225
100
AcDbEntity
  8
Координатные кресты
  6
Continuous
 62
   251
370
     9
100
AcDbLine
 10
-0.0000000000002274
 20
-2.5
 30
0.0
 11
-0.0000000000002274
 21
2.5
 31
0.0
  0
ENDBLK
  5
229
330
225
100
AcDbEntity
  8
0
 62
     7
 48
0.4
370
    25
100
AcDbBlockEnd
  0
BLOCK
  5
22C
330
22B
100
AcDbEntity
  8
0
 62
     7
 48
0.4
370
    25
100
AcDbBlockBegin
  2
KREST_71
 70
     0
 10
0.0
 20
0.0
 30
0.0
  3
KREST_71
  1

  0
LINE
  5
22D
330
22B
100
AcDbEntity
  8
Координатные кресты
  6
Continuous
 62
   251
370
     9
100
AcDbLine
 10
-2.500000000000227
 20
0.0
 30
0.0
 11
2.499999999999773
 21
0.0
 31
0.0
  0
LINE
  5
22E
330
22B
100
AcDbEntity
  8
Координатные кресты
  6
Continuous
 62
   251
370
     9
100
AcDbLine
 10
-0.0000000000002274
 20
-2.5
 30
0.0
 11
-0.0000000000002274
 21
2.5
 31
0.0
  0
ENDBLK
  5
22F
330
22B
100
AcDbEntity
  8
0
 62
     7
 48
0.4
370
    25
100
AcDbBlockEnd
  0
BLOCK
  5
232
330
231
100
AcDbEntity
  8
0
 62
     7
 48
0.4
370
    25
100
AcDbBlockBegin
  2
KREST_72
 70
     0
 10
0.0
 20
0.0
 30
0.0
  3
KREST_72
  1

  0
LINE
  5
233
330
231
100
AcDbEntity
  8
Координатные кресты
  6
Continuous
 62
   251
370
     9
100
AcDbLine
 10
-2.500000000000227
 20
0.0
 30
0.0
 11
2.499999999999773
 21
0.0
 31
0.0
  0
LINE
  5
234
330
231
100
AcDbEntity
  8
Координатные кресты
  6
Continuous
 62
   251
370
     9
100
AcDbLine
 10
-0.0000000000002274
 20
-2.5
 30
0.0
 11
-0.0000000000002274
 21
2.5
 31
0.0
  0
ENDBLK
  5
235
330
231
100
AcDbEntity
  8
0
 62
     7
 48
0.4
370
    25
100
AcDbBlockEnd
  0
BLOCK
  5
238
330
237
100
AcDbEntity
  8
0
 62
     7
 48
0.4
370
    25
100
AcDbBlockBegin
  2
KREST_73
 70
     0
 10
0.0
 20
0.0
 30
0.0
  3
KREST_73
  1

  0
LINE
  5
239
330
237
100
AcDbEntity
  8
Координатные кресты
  6
Continuous
 62
   251
370
     9
100
AcDbLine
 10
-2.500000000000227
 20
0.0
 30
0.0
 11
2.499999999999773
 21
0.0
 31
0.0
  0
LINE
  5
23A
330
237
100
AcDbEntity
  8
Координатные кресты
  6
Continuous
 62
   251
370
     9
100
AcDbLine
 10
-0.0000000000002274
 20
-2.5
 30
0.0
 11
-0.0000000000002274
 21
2.5
 31
0.0
  0
ENDBLK
  5
23B
330
237
100
AcDbEntity
  8
0
 62
     7
 48
0.4
370
    25
100
AcDbBlockEnd
  0
BLOCK
  5
23E
330
23D
100
AcDbEntity
  8
0
 62
     7
 48
0.4
370
    25
100
AcDbBlockBegin
  2
KREST_74
 70
     0
 10
0.0
 20
0.0
 30
0.0
  3
KREST_74
  1

  0
LINE
  5
23F
330
23D
100
AcDbEntity
  8
Координатные кресты
  6
Continuous
 62
   251
370
     9
100
AcDbLine
 10
-2.500000000000227
 20
0.0
 30
0.0
 11
2.499999999999773
 21
0.0
 31
0.0
  0
LINE
  5
240
330
23D
100
AcDbEntity
  8
Координатные кресты
  6
Continuous
 62
   251
370
     9
100
AcDbLine
 10
-0.0000000000002274
 20
-2.5
 30
0.0
 11
-0.0000000000002274
 21
2.5
 31
0.0
  0
ENDBLK
  5
241
330
23D
100
AcDbEntity
  8
0
 62
     7
 48
0.4
370
    25
100
AcDbBlockEnd
  0
BLOCK
  5
244
330
243
100
AcDbEntity
  8
0
 62
     7
 48
0.4
370
    25
100
AcDbBlockBegin
  2
KREST_75
 70
     0
 10
0.0
 20
0.0
 30
0.0
  3
KREST_75
  1

  0
LINE
  5
245
330
243
100
AcDbEntity
  8
Координатные кресты
  6
Continuous
 62
   251
370
     9
100
AcDbLine
 10
-2.500000000000227
 20
0.0
 30
0.0
 11
2.499999999999773
 21
0.0
 31
0.0
  0
LINE
  5
246
330
243
100
AcDbEntity
  8
Координатные кресты
  6
Continuous
 62
   251
370
     9
100
AcDbLine
 10
-0.0000000000002274
 20
-2.5
 30
0.0
 11
-0.0000000000002274
 21
2.5
 31
0.0
  0
ENDBLK
  5
247
330
243
100
AcDbEntity
  8
0
 62
     7
 48
0.4
370
    25
100
AcDbBlockEnd
  0
BLOCK
  5
24A
330
249
100
AcDbEntity
  8
0
 62
     7
 48
0.4
370
    25
100
AcDbBlockBegin
  2
KREST_76
 70
     0
 10
0.0
 20
0.0
 30
0.0
  3
KREST_76
  1

  0
LINE
  5
24B
330
249
100
AcDbEntity
  8
Координатные кресты
  6
Continuous
 62
   251
370
     9
100
AcDbLine
 10
-2.500000000000227
 20
0.0
 30
0.0
 11
2.499999999999773
 21
0.0
 31
0.0
  0
LINE
  5
24C
330
249
100
AcDbEntity
  8
Координатные кресты
  6
Continuous
 62
   251
370
     9
100
AcDbLine
 10
-0.0000000000002274
 20
-2.5
 30
0.0
 11
-0.0000000000002274
 21
2.5
 31
0.0
  0
ENDBLK
  5
24D
330
249
100
AcDbEntity
  8
0
 62
     7
 48
0.4
370
    25
100
AcDbBlockEnd
  0
BLOCK
  5
250
330
24F
100
AcDbEntity
  8
0
 62
     7
 48
0.4
370
    25
100
AcDbBlockBegin
  2
KREST_77
 70
     0
 10
0.0
 20
0.0
 30
0.0
  3
KREST_77
  1

  0
LINE
  5
251
330
24F
100
AcDbEntity
  8
Координатные кресты
  6
Continuous
 62
   251
370
     9
100
AcDbLine
 10
-2.500000000000227
 20
0.0
 30
0.0
 11
2.499999999999773
 21
0.0
 31
0.0
  0
LINE
  5
252
330
24F
100
AcDbEntity
  8
Координатные кресты
  6
Continuous
 62
   251
370
     9
100
AcDbLine
 10
-0.0000000000002274
 20
-2.5
 30
0.0
 11
-0.0000000000002274
 21
2.5
 31
0.0
  0
ENDBLK
  5
253
330
24F
100
AcDbEntity
  8
0
 62
     7
 48
0.4
370
    25
100
AcDbBlockEnd
  0
BLOCK
  5
256
330
255
100
AcDbEntity
  8
0
 62
     7
 48
0.4
370
    25
100
AcDbBlockBegin
  2
KREST_78
 70
     0
 10
0.0
 20
0.0
 30
0.0
  3
KREST_78
  1

  0
LINE
  5
257
330
255
100
AcDbEntity
  8
Координатные кресты
  6
Continuous
 62
   251
370
     9
100
AcDbLine
 10
-2.500000000000227
 20
0.0
 30
0.0
 11
2.499999999999773
 21
0.0
 31
0.0
  0
LINE
  5
258
330
255
100
AcDbEntity
  8
Координатные кресты
  6
Continuous
 62
   251
370
     9
100
AcDbLine
 10
-0.0000000000002274
 20
-2.5
 30
0.0
 11
-0.0000000000002274
 21
2.5
 31
0.0
  0
ENDBLK
  5
259
330
255
100
AcDbEntity
  8
0
 62
     7
 48
0.4
370
    25
100
AcDbBlockEnd
  0
BLOCK
  5
25C
330
25B
100
AcDbEntity
  8
0
 62
     7
 48
0.4
370
    25
100
AcDbBlockBegin
  2
KREST_79
 70
     0
 10
0.0
 20
0.0
 30
0.0
  3
KREST_79
  1

  0
LINE
  5
25D
330
25B
100
AcDbEntity
  8
Координатные кресты
  6
Continuous
 62
   251
370
     9
100
AcDbLine
 10
-2.500000000000227
 20
0.0
 30
0.0
 11
2.499999999999773
 21
0.0
 31
0.0
  0
LINE
  5
25E
330
25B
100
AcDbEntity
  8
Координатные кресты
  6
Continuous
 62
   251
370
     9
100
AcDbLine
 10
-0.0000000000002274
 20
-2.5
 30
0.0
 11
-0.0000000000002274
 21
2.5
 31
0.0
  0
ENDBLK
  5
25F
330
25B
100
AcDbEntity
  8
0
 62
     7
 48
0.4
370
    25
100
AcDbBlockEnd
  0
BLOCK
  5
262
330
261
100
AcDbEntity
  8
0
 62
     7
 48
0.4
370
    25
100
AcDbBlockBegin
  2
KREST_80
 70
     0
 10
0.0
 20
0.0
 30
0.0
  3
KREST_80
  1

  0
LINE
  5
263
330
261
100
AcDbEntity
  8
Координатные кресты
  6
Continuous
 62
   251
370
     9
100
AcDbLine
 10
-2.500000000000227
 20
0.0
 30
0.0
 11
2.499999999999773
 21
0.0
 31
0.0
  0
LINE
  5
264
330
261
100
AcDbEntity
  8
Координатные кресты
  6
Continuous
 62
   251
370
     9
100
AcDbLine
 10
-0.0000000000002274
 20
-2.5
 30
0.0
 11
-0.0000000000002274
 21
2.5
 31
0.0
  0
ENDBLK
  5
265
330
261
100
AcDbEntity
  8
0
 62
     7
 48
0.4
370
    25
100
AcDbBlockEnd
  0
BLOCK
  5
268
330
267
100
AcDbEntity
  8
0
 62
     7
 48
0.4
370
    25
100
AcDbBlockBegin
  2
KREST_81
 70
     0
 10
0.0
 20
0.0
 30
0.0
  3
KREST_81
  1

  0
LINE
  5
269
330
267
100
AcDbEntity
  8
Координатные кресты
  6
Continuous
 62
   251
370
     9
100
AcDbLine
 10
-2.500000000000227
 20
0.0
 30
0.0
 11
2.499999999999773
 21
0.0
 31
0.0
  0
LINE
  5
26A
330
267
100
AcDbEntity
  8
Координатные кресты
  6
Continuous
 62
   251
370
     9
100
AcDbLine
 10
-0.0000000000002274
 20
-2.5
 30
0.0
 11
-0.0000000000002274
 21
2.5
 31
0.0
  0
ENDBLK
  5
26B
330
267
100
AcDbEntity
  8
0
 62
     7
 48
0.4
370
    25
100
AcDbBlockEnd
  0
BLOCK
  5
26E
330
26D
100
AcDbEntity
  8
0
 62
     7
 48
0.4
370
    25
100
AcDbBlockBegin
  2
KREST_82
 70
     0
 10
0.0
 20
0.0
 30
0.0
  3
KREST_82
  1

  0
LINE
  5
26F
330
26D
100
AcDbEntity
  8
Координатные кресты
  6
Continuous
 62
   251
370
     9
100
AcDbLine
 10
-2.500000000000227
 20
0.0
 30
0.0
 11
2.499999999999773
 21
0.0
 31
0.0
  0
LINE
  5
270
330
26D
100
AcDbEntity
  8
Координатные кресты
  6
Continuous
 62
   251
370
     9
100
AcDbLine
 10
-0.0000000000002274
 20
-2.5
 30
0.0
 11
-0.0000000000002274
 21
2.5
 31
0.0
  0
ENDBLK
  5
271
330
26D
100
AcDbEntity
  8
0
 62
     7
 48
0.4
370
    25
100
AcDbBlockEnd
  0
BLOCK
  5
274
330
273
100
AcDbEntity
  8
0
 62
     7
 48
0.4
370
    25
100
AcDbBlockBegin
  2
KREST_83
 70
     0
 10
0.0
 20
0.0
 30
0.0
  3
KREST_83
  1

  0
LINE
  5
275
330
273
100
AcDbEntity
  8
Координатные кресты
  6
Continuous
 62
   251
370
     9
100
AcDbLine
 10
-2.500000000000227
 20
0.0
 30
0.0
 11
2.499999999999773
 21
0.0
 31
0.0
  0
LINE
  5
276
330
273
100
AcDbEntity
  8
Координатные кресты
  6
Continuous
 62
   251
370
     9
100
AcDbLine
 10
-0.0000000000002274
 20
-2.5
 30
0.0
 11
-0.0000000000002274
 21
2.5
 31
0.0
  0
ENDBLK
  5
277
330
273
100
AcDbEntity
  8
0
 62
     7
 48
0.4
370
    25
100
AcDbBlockEnd
  0
BLOCK
  5
27A
330
279
100
AcDbEntity
  8
0
 62
     7
 48
0.4
370
    25
100
AcDbBlockBegin
  2
KREST_84
 70
     0
 10
0.0
 20
0.0
 30
0.0
  3
KREST_84
  1

  0
LINE
  5
27B
330
279
100
AcDbEntity
  8
Координатные кресты
  6
Continuous
 62
   251
370
     9
100
AcDbLine
 10
-2.500000000000227
 20
0.0
 30
0.0
 11
2.499999999999773
 21
0.0
 31
0.0
  0
LINE
  5
27C
330
279
100
AcDbEntity
  8
Координатные кресты
  6
Continuous
 62
   251
370
     9
100
AcDbLine
 10
-0.0000000000002274
 20
-2.5
 30
0.0
 11
-0.0000000000002274
 21
2.5
 31
0.0
  0
ENDBLK
  5
27D
330
279
100
AcDbEntity
  8
0
 62
     7
 48
0.4
370
    25
100
AcDbBlockEnd
  0
BLOCK
  5
280
330
27F
100
AcDbEntity
  8
0
 62
     7
 48
0.4
370
    25
100
AcDbBlockBegin
  2
KREST_85
 70
     0
 10
0.0
 20
0.0
 30
0.0
  3
KREST_85
  1

  0
LINE
  5
281
330
27F
100
AcDbEntity
  8
Координатные кресты
  6
Continuous
 62
   251
370
     9
100
AcDbLine
 10
-2.500000000000227
 20
0.0
 30
0.0
 11
2.499999999999773
 21
0.0
 31
0.0
  0
LINE
  5
282
330
27F
100
AcDbEntity
  8
Координатные кресты
  6
Continuous
 62
   251
370
     9
100
AcDbLine
 10
-0.0000000000002274
 20
-2.5
 30
0.0
 11
-0.0000000000002274
 21
2.5
 31
0.0
  0
ENDBLK
  5
283
330
27F
100
AcDbEntity
  8
0
 62
     7
 48
0.4
370
    25
100
AcDbBlockEnd
  0
BLOCK
  5
286
330
285
100
AcDbEntity
  8
0
 62
     7
 48
0.4
370
    25
100
AcDbBlockBegin
  2
KREST_86
 70
     0
 10
0.0
 20
0.0
 30
0.0
  3
KREST_86
  1

  0
LINE
  5
287
330
285
100
AcDbEntity
  8
Координатные кресты
  6
Continuous
 62
   251
370
     9
100
AcDbLine
 10
-2.500000000000227
 20
0.0
 30
0.0
 11
2.499999999999773
 21
0.0
 31
0.0
  0
LINE
  5
288
330
285
100
AcDbEntity
  8
Координатные кресты
  6
Continuous
 62
   251
370
     9
100
AcDbLine
 10
-0.0000000000002274
 20
-2.5
 30
0.0
 11
-0.0000000000002274
 21
2.5
 31
0.0
  0
ENDBLK
  5
289
330
285
100
AcDbEntity
  8
0
 62
     7
 48
0.4
370
    25
100
AcDbBlockEnd
  0
BLOCK
  5
28C
330
28B
100
AcDbEntity
  8
0
 62
     7
 48
0.4
370
    25
100
AcDbBlockBegin
  2
KREST_87
 70
     0
 10
0.0
 20
0.0
 30
0.0
  3
KREST_87
  1

  0
LINE
  5
28D
330
28B
100
AcDbEntity
  8
Координатные кресты
  6
Continuous
 62
   251
370
     9
100
AcDbLine
 10
-2.500000000000227
 20
0.0
 30
0.0
 11
2.499999999999773
 21
0.0
 31
0.0
  0
LINE
  5
28E
330
28B
100
AcDbEntity
  8
Координатные кресты
  6
Continuous
 62
   251
370
     9
100
AcDbLine
 10
-0.0000000000002274
 20
-2.5
 30
0.0
 11
-0.0000000000002274
 21
2.5
 31
0.0
  0
ENDBLK
  5
28F
330
28B
100
AcDbEntity
  8
0
 62
     7
 48
0.4
370
    25
100
AcDbBlockEnd
  0
BLOCK
  5
292
330
291
100
AcDbEntity
  8
0
 62
     7
 48
0.4
370
    25
100
AcDbBlockBegin
  2
KREST_88
 70
     0
 10
0.0
 20
0.0
 30
0.0
  3
KREST_88
  1

  0
LINE
  5
293
330
291
100
AcDbEntity
  8
Координатные кресты
  6
Continuous
 62
   251
370
     9
100
AcDbLine
 10
-2.500000000000227
 20
0.0
 30
0.0
 11
2.499999999999773
 21
0.0
 31
0.0
  0
LINE
  5
294
330
291
100
AcDbEntity
  8
Координатные кресты
  6
Continuous
 62
   251
370
     9
100
AcDbLine
 10
-0.0000000000002274
 20
-2.5
 30
0.0
 11
-0.0000000000002274
 21
2.5
 31
0.0
  0
ENDBLK
  5
295
330
291
100
AcDbEntity
  8
0
 62
     7
 48
0.4
370
    25
100
AcDbBlockEnd
  0
BLOCK
  5
298
330
297
100
AcDbEntity
  8
0
 62
     7
 48
0.4
370
    25
100
AcDbBlockBegin
  2
KREST_89
 70
     0
 10
0.0
 20
0.0
 30
0.0
  3
KREST_89
  1

  0
LINE
  5
299
330
297
100
AcDbEntity
  8
Координатные кресты
  6
Continuous
 62
   251
370
     9
100
AcDbLine
 10
-2.500000000000227
 20
0.0
 30
0.0
 11
2.499999999999773
 21
0.0
 31
0.0
  0
LINE
  5
29A
330
297
100
AcDbEntity
  8
Координатные кресты
  6
Continuous
 62
   251
370
     9
100
AcDbLine
 10
-0.0000000000002274
 20
-2.5
 30
0.0
 11
-0.0000000000002274
 21
2.5
 31
0.0
  0
ENDBLK
  5
29B
330
297
100
AcDbEntity
  8
0
 62
     7
 48
0.4
370
    25
100
AcDbBlockEnd
  0
BLOCK
  5
29E
330
29D
100
AcDbEntity
  8
0
 62
     7
 48
0.4
370
    25
100
AcDbBlockBegin
  2
KREST_90
 70
     0
 10
0.0
 20
0.0
 30
0.0
  3
KREST_90
  1

  0
LINE
  5
29F
330
29D
100
AcDbEntity
  8
Координатные кресты
  6
Continuous
 62
   251
370
     9
100
AcDbLine
 10
-2.500000000000227
 20
0.0
 30
0.0
 11
2.499999999999773
 21
0.0
 31
0.0
  0
LINE
  5
2A0
330
29D
100
AcDbEntity
  8
Координатные кресты
  6
Continuous
 62
   251
370
     9
100
AcDbLine
 10
-0.0000000000002274
 20
-2.5
 30
0.0
 11
-0.0000000000002274
 21
2.5
 31
0.0
  0
ENDBLK
  5
2A1
330
29D
100
AcDbEntity
  8
0
 62
     7
 48
0.4
370
    25
100
AcDbBlockEnd
  0
BLOCK
  5
2A4
330
2A3
100
AcDbEntity
  8
0
 62
     7
 48
0.4
370
    25
100
AcDbBlockBegin
  2
KREST_91
 70
     0
 10
0.0
 20
0.0
 30
0.0
  3
KREST_91
  1

  0
LINE
  5
2A5
330
2A3
100
AcDbEntity
  8
Координатные кресты
  6
Continuous
 62
   251
370
     9
100
AcDbLine
 10
-2.500000000000227
 20
0.0
 30
0.0
 11
2.499999999999773
 21
0.0
 31
0.0
  0
LINE
  5
2A6
330
2A3
100
AcDbEntity
  8
Координатные кресты
  6
Continuous
 62
   251
370
     9
100
AcDbLine
 10
-0.0000000000002274
 20
-2.5
 30
0.0
 11
-0.0000000000002274
 21
2.5
 31
0.0
  0
ENDBLK
  5
2A7
330
2A3
100
AcDbEntity
  8
0
 62
     7
 48
0.4
370
    25
100
AcDbBlockEnd
  0
BLOCK
  5
2AA
330
2A9
100
AcDbEntity
  8
0
 62
     7
 48
0.4
370
    25
100
AcDbBlockBegin
  2
KREST_92
 70
     0
 10
0.0
 20
0.0
 30
0.0
  3
KREST_92
  1

  0
LINE
  5
2AB
330
2A9
100
AcDbEntity
  8
Координатные кресты
  6
Continuous
 62
   251
370
     9
100
AcDbLine
 10
-2.500000000000227
 20
0.0
 30
0.0
 11
2.499999999999773
 21
0.0
 31
0.0
  0
LINE
  5
2AC
330
2A9
100
AcDbEntity
  8
Координатные кресты
  6
Continuous
 62
   251
370
     9
100
AcDbLine
 10
-0.0000000000002274
 20
-2.5
 30
0.0
 11
-0.0000000000002274
 21
2.5
 31
0.0
  0
ENDBLK
  5
2AD
330
2A9
100
AcDbEntity
  8
0
 62
     7
 48
0.4
370
    25
100
AcDbBlockEnd
  0
BLOCK
  5
2B0
330
2AF
100
AcDbEntity
  8
0
 62
     7
 48
0.4
370
    25
100
AcDbBlockBegin
  2
KREST_93
 70
     0
 10
0.0
 20
0.0
 30
0.0
  3
KREST_93
  1

  0
LINE
  5
2B1
330
2AF
100
AcDbEntity
  8
Координатные кресты
  6
Continuous
 62
   251
370
     9
100
AcDbLine
 10
-2.500000000000227
 20
0.0
 30
0.0
 11
2.499999999999773
 21
0.0
 31
0.0
  0
LINE
  5
2B2
330
2AF
100
AcDbEntity
  8
Координатные кресты
  6
Continuous
 62
   251
370
     9
100
AcDbLine
 10
-0.0000000000002274
 20
-2.5
 30
0.0
 11
-0.0000000000002274
 21
2.5
 31
0.0
  0
ENDBLK
  5
2B3
330
2AF
100
AcDbEntity
  8
0
 62
     7
 48
0.4
370
    25
100
AcDbBlockEnd
  0
BLOCK
  5
2B6
330
2B5
100
AcDbEntity
  8
0
 62
     7
 48
0.4
370
    25
100
AcDbBlockBegin
  2
KREST_94
 70
     0
 10
0.0
 20
0.0
 30
0.0
  3
KREST_94
  1

  0
LINE
  5
2B7
330
2B5
100
AcDbEntity
  8
Координатные кресты
  6
Continuous
 62
   251
370
     9
100
AcDbLine
 10
-2.500000000000227
 20
0.0
 30
0.0
 11
2.499999999999773
 21
0.0
 31
0.0
  0
LINE
  5
2B8
330
2B5
100
AcDbEntity
  8
Координатные кресты
  6
Continuous
 62
   251
370
     9
100
AcDbLine
 10
-0.0000000000002274
 20
-2.5
 30
0.0
 11
-0.0000000000002274
 21
2.5
 31
0.0
  0
ENDBLK
  5
2B9
330
2B5
100
AcDbEntity
  8
0
 62
     7
 48
0.4
370
    25
100
AcDbBlockEnd
  0
BLOCK
  5
2BC
330
2BB
100
AcDbEntity
  8
0
 62
     7
 48
0.4
370
    25
100
AcDbBlockBegin
  2
KREST_95
 70
     0
 10
0.0
 20
0.0
 30
0.0
  3
KREST_95
  1

  0
LINE
  5
2BD
330
2BB
100
AcDbEntity
  8
Координатные кресты
  6
Continuous
 62
   251
370
     9
100
AcDbLine
 10
-2.500000000000227
 20
0.0
 30
0.0
 11
2.499999999999773
 21
0.0
 31
0.0
  0
LINE
  5
2BE
330
2BB
100
AcDbEntity
  8
Координатные кресты
  6
Continuous
 62
   251
370
     9
100
AcDbLine
 10
-0.0000000000002274
 20
-2.5
 30
0.0
 11
-0.0000000000002274
 21
2.5
 31
0.0
  0
ENDBLK
  5
2BF
330
2BB
100
AcDbEntity
  8
0
 62
     7
 48
0.4
370
    25
100
AcDbBlockEnd
  0
BLOCK
  5
2C3
330
2C2
100
AcDbEntity
  8
0
 62
     7
 48
0.4
370
    25
100
AcDbBlockBegin
  2
KREST_96
 70
     0
 10
0.0
 20
0.0
 30
0.0
  3
KREST_96
  1

  0
LINE
  5
2C4
330
2C2
100
AcDbEntity
  8
Координатные кресты
  6
Continuous
 62
   251
370
     9
100
AcDbLine
 10
-2.500000000000227
 20
0.0
 30
0.0
 11
2.499999999999773
 21
0.0
 31
0.0
  0
LINE
  5
2C5
330
2C2
100
AcDbEntity
  8
Координатные кресты
  6
Continuous
 62
   251
370
     9
100
AcDbLine
 10
-0.0000000000002274
 20
-2.5
 30
0.0
 11
-0.0000000000002274
 21
2.5
 31
0.0
  0
ENDBLK
  5
2C6
330
2C2
100
AcDbEntity
  8
0
 62
     7
 48
0.4
370
    25
100
AcDbBlockEnd
  0
BLOCK
  5
2C9
330
2C8
100
AcDbEntity
  8
0
 62
     7
 48
0.4
370
    25
100
AcDbBlockBegin
  2
KREST_97
 70
     0
 10
0.0
 20
0.0
 30
0.0
  3
KREST_97
  1

  0
LINE
  5
2CA
330
2C8
100
AcDbEntity
  8
Координатные кресты
  6
Continuous
 62
   251
370
     9
100
AcDbLine
 10
-2.500000000000227
 20
0.0
 30
0.0
 11
2.499999999999773
 21
0.0
 31
0.0
  0
LINE
  5
2CB
330
2C8
100
AcDbEntity
  8
Координатные кресты
  6
Continuous
 62
   251
370
     9
100
AcDbLine
 10
-0.0000000000002274
 20
-2.5
 30
0.0
 11
-0.0000000000002274
 21
2.5
 31
0.0
  0
ENDBLK
  5
2CC
330
2C8
100
AcDbEntity
  8
0
 62
     7
 48
0.4
370
    25
100
AcDbBlockEnd
  0
BLOCK
  5
2CF
330
2CE
100
AcDbEntity
  8
0
 62
     7
 48
0.4
370
    25
100
AcDbBlockBegin
  2
KREST_98
 70
     0
 10
0.0
 20
0.0
 30
0.0
  3
KREST_98
  1

  0
LINE
  5
2D0
330
2CE
100
AcDbEntity
  8
Координатные кресты
  6
Continuous
 62
   251
370
     9
100
AcDbLine
 10
-2.500000000000227
 20
0.0
 30
0.0
 11
2.499999999999773
 21
0.0
 31
0.0
  0
LINE
  5
2D1
330
2CE
100
AcDbEntity
  8
Координатные кресты
  6
Continuous
 62
   251
370
     9
100
AcDbLine
 10
-0.0000000000002274
 20
-2.5
 30
0.0
 11
-0.0000000000002274
 21
2.5
 31
0.0
  0
ENDBLK
  5
2D2
330
2CE
100
AcDbEntity
  8
0
 62
     7
 48
0.4
370
    25
100
AcDbBlockEnd
  0
BLOCK
  5
2D5
330
2D4
100
AcDbEntity
  8
0
 62
     7
 48
0.4
370
    25
100
AcDbBlockBegin
  2
KREST_99
 70
     0
 10
0.0
 20
0.0
 30
0.0
  3
KREST_99
  1

  0
LINE
  5
2D6
330
2D4
100
AcDbEntity
  8
Координатные кресты
  6
Continuous
 62
   251
370
     9
100
AcDbLine
 10
-2.500000000000227
 20
0.0
 30
0.0
 11
2.499999999999773
 21
0.0
 31
0.0
  0
LINE
  5
2D7
330
2D4
100
AcDbEntity
  8
Координатные кресты
  6
Continuous
 62
   251
370
     9
100
AcDbLine
 10
-0.0000000000002274
 20
-2.5
 30
0.0
 11
-0.0000000000002274
 21
2.5
 31
0.0
  0
ENDBLK
  5
2D8
330
2D4
100
AcDbEntity
  8
0
 62
     7
 48
0.4
370
    25
100
AcDbBlockEnd
  0
BLOCK
  5
2DB
330
2DA
100
AcDbEntity
  8
0
 62
     7
 48
0.4
370
    25
100
AcDbBlockBegin
  2
KREST_100
 70
     0
 10
0.0
 20
0.0
 30
0.0
  3
KREST_100
  1

  0
LINE
  5
2DC
330
2DA
100
AcDbEntity
  8
Координатные кресты
  6
Continuous
 62
   251
370
     9
100
AcDbLine
 10
-2.500000000000227
 20
0.0
 30
0.0
 11
2.499999999999773
 21
0.0
 31
0.0
  0
LINE
  5
2DD
330
2DA
100
AcDbEntity
  8
Координатные кресты
  6
Continuous
 62
   251
370
     9
100
AcDbLine
 10
-0.0000000000002274
 20
-2.5
 30
0.0
 11
-0.0000000000002274
 21
2.5
 31
0.0
  0
ENDBLK
  5
2DE
330
2DA
100
AcDbEntity
  8
0
 62
     7
 48
0.4
370
    25
100
AcDbBlockEnd
  0
BLOCK
  5
2E1
330
2E0
100
AcDbEntity
  8
0
 62
     7
 48
0.4
370
    25
100
AcDbBlockBegin
  2
KREST_101
 70
     0
 10
0.0
 20
0.0
 30
0.0
  3
KREST_101
  1

  0
LINE
  5
2E2
330
2E0
100
AcDbEntity
  8
Координатные кресты
  6
Continuous
 62
   251
370
     9
100
AcDbLine
 10
-2.500000000000227
 20
0.0
 30
0.0
 11
2.499999999999773
 21
0.0
 31
0.0
  0
LINE
  5
2E3
330
2E0
100
AcDbEntity
  8
Координатные кресты
  6
Continuous
 62
   251
370
     9
100
AcDbLine
 10
-0.0000000000002274
 20
-2.5
 30
0.0
 11
-0.0000000000002274
 21
2.5
 31
0.0
  0
ENDBLK
  5
2E4
330
2E0
100
AcDbEntity
  8
0
 62
     7
 48
0.4
370
    25
100
AcDbBlockEnd
  0
BLOCK
  5
2E7
330
2E6
100
AcDbEntity
  8
0
 62
     7
 48
0.4
370
    25
100
AcDbBlockBegin
  2
KREST_102
 70
     0
 10
0.0
 20
0.0
 30
0.0
  3
KREST_102
  1

  0
LINE
  5
2E8
330
2E6
100
AcDbEntity
  8
Координатные кресты
  6
Continuous
 62
   251
370
     9
100
AcDbLine
 10
-2.500000000000227
 20
0.0
 30
0.0
 11
2.499999999999773
 21
0.0
 31
0.0
  0
LINE
  5
2E9
330
2E6
100
AcDbEntity
  8
Координатные кресты
  6
Continuous
 62
   251
370
     9
100
AcDbLine
 10
-0.0000000000002274
 20
-2.5
 30
0.0
 11
-0.0000000000002274
 21
2.5
 31
0.0
  0
ENDBLK
  5
2EA
330
2E6
100
AcDbEntity
  8
0
 62
     7
 48
0.4
370
    25
100
AcDbBlockEnd
  0
BLOCK
  5
2ED
330
2EC
100
AcDbEntity
  8
0
 62
     7
 48
0.4
370
    25
100
AcDbBlockBegin
  2
KREST_103
 70
     0
 10
0.0
 20
0.0
 30
0.0
  3
KREST_103
  1

  0
LINE
  5
2EE
330
2EC
100
AcDbEntity
  8
Координатные кресты
  6
Continuous
 62
   251
370
     9
100
AcDbLine
 10
-2.500000000000227
 20
0.0
 30
0.0
 11
2.499999999999773
 21
0.0
 31
0.0
  0
LINE
  5
2EF
330
2EC
100
AcDbEntity
  8
Координатные кресты
  6
Continuous
 62
   251
370
     9
100
AcDbLine
 10
-0.0000000000002274
 20
-2.5
 30
0.0
 11
-0.0000000000002274
 21
2.5
 31
0.0
  0
ENDBLK
  5
2F0
330
2EC
100
AcDbEntity
  8
0
 62
     7
 48
0.4
370
    25
100
AcDbBlockEnd
  0
BLOCK
  5
2F3
330
2F2
100
AcDbEntity
  8
0
 62
     7
 48
0.4
370
    25
100
AcDbBlockBegin
  2
KREST_104
 70
     0
 10
0.0
 20
0.0
 30
0.0
  3
KREST_104
  1

  0
LINE
  5
2F4
330
2F2
100
AcDbEntity
  8
Координатные кресты
  6
Continuous
 62
   251
370
     9
100
AcDbLine
 10
-2.500000000000227
 20
0.0
 30
0.0
 11
2.499999999999773
 21
0.0
 31
0.0
  0
LINE
  5
2F5
330
2F2
100
AcDbEntity
  8
Координатные кресты
  6
Continuous
 62
   251
370
     9
100
AcDbLine
 10
-0.0000000000002274
 20
-2.5
 30
0.0
 11
-0.0000000000002274
 21
2.5
 31
0.0
  0
ENDBLK
  5
2F6
330
2F2
100
AcDbEntity
  8
0
 62
     7
 48
0.4
370
    25
100
AcDbBlockEnd
  0
BLOCK
  5
2F9
330
2F8
100
AcDbEntity
  8
0
 62
     7
 48
0.4
370
    25
100
AcDbBlockBegin
  2
KREST_105
 70
     0
 10
0.0
 20
0.0
 30
0.0
  3
KREST_105
  1

  0
LINE
  5
2FA
330
2F8
100
AcDbEntity
  8
Координатные кресты
  6
Continuous
 62
   251
370
     9
100
AcDbLine
 10
-2.500000000000227
 20
0.0
 30
0.0
 11
2.499999999999773
 21
0.0
 31
0.0
  0
LINE
  5
2FB
330
2F8
100
AcDbEntity
  8
Координатные кресты
  6
Continuous
 62
   251
370
     9
100
AcDbLine
 10
-0.0000000000002274
 20
-2.5
 30
0.0
 11
-0.0000000000002274
 21
2.5
 31
0.0
  0
ENDBLK
  5
2FC
330
2F8
100
AcDbEntity
  8
0
 62
     7
 48
0.4
370
    25
100
AcDbBlockEnd
  0
BLOCK
  5
2FF
330
2FE
100
AcDbEntity
  8
0
 62
     7
 48
0.4
370
    25
100
AcDbBlockBegin
  2
KREST_106
 70
     0
 10
0.0
 20
0.0
 30
0.0
  3
KREST_106
  1

  0
LINE
  5
300
330
2FE
100
AcDbEntity
  8
Координатные кресты
  6
Continuous
 62
   251
370
     9
100
AcDbLine
 10
-2.500000000000227
 20
0.0
 30
0.0
 11
2.499999999999773
 21
0.0
 31
0.0
  0
LINE
  5
301
330
2FE
100
AcDbEntity
  8
Координатные кресты
  6
Continuous
 62
   251
370
     9
100
AcDbLine
 10
-0.0000000000002274
 20
-2.5
 30
0.0
 11
-0.0000000000002274
 21
2.5
 31
0.0
  0
ENDBLK
  5
302
330
2FE
100
AcDbEntity
  8
0
 62
     7
 48
0.4
370
    25
100
AcDbBlockEnd
  0
BLOCK
  5
305
330
304
100
AcDbEntity
  8
0
 62
     7
 48
0.4
370
    25
100
AcDbBlockBegin
  2
KREST_107
 70
     0
 10
0.0
 20
0.0
 30
0.0
  3
KREST_107
  1

  0
LINE
  5
306
330
304
100
AcDbEntity
  8
Координатные кресты
  6
Continuous
 62
   251
370
     9
100
AcDbLine
 10
-2.500000000000227
 20
0.0
 30
0.0
 11
2.499999999999773
 21
0.0
 31
0.0
  0
LINE
  5
307
330
304
100
AcDbEntity
  8
Координатные кресты
  6
Continuous
 62
   251
370
     9
100
AcDbLine
 10
-0.0000000000002274
 20
-2.5
 30
0.0
 11
-0.0000000000002274
 21
2.5
 31
0.0
  0
ENDBLK
  5
308
330
304
100
AcDbEntity
  8
0
 62
     7
 48
0.4
370
    25
100
AcDbBlockEnd
  0
BLOCK
  5
30B
330
30A
100
AcDbEntity
  8
0
 62
     7
 48
0.4
370
    25
100
AcDbBlockBegin
  2
KREST_108
 70
     0
 10
0.0
 20
0.0
 30
0.0
  3
KREST_108
  1

  0
LINE
  5
30C
330
30A
100
AcDbEntity
  8
Координатные кресты
  6
Continuous
 62
   251
370
     9
100
AcDbLine
 10
-2.500000000000227
 20
0.0
 30
0.0
 11
2.499999999999773
 21
0.0
 31
0.0
  0
LINE
  5
30D
330
30A
100
AcDbEntity
  8
Координатные кресты
  6
Continuous
 62
   251
370
     9
100
AcDbLine
 10
-0.0000000000002274
 20
-2.5
 30
0.0
 11
-0.0000000000002274
 21
2.5
 31
0.0
  0
ENDBLK
  5
30E
330
30A
100
AcDbEntity
  8
0
 62
     7
 48
0.4
370
    25
100
AcDbBlockEnd
  0
BLOCK
  5
311
330
310
100
AcDbEntity
  8
0
 62
     7
 48
0.4
370
    25
100
AcDbBlockBegin
  2
KREST_109
 70
     0
 10
0.0
 20
0.0
 30
0.0
  3
KREST_109
  1

  0
LINE
  5
312
330
310
100
AcDbEntity
  8
Координатные кресты
  6
Continuous
 62
   251
370
     9
100
AcDbLine
 10
-2.500000000000227
 20
0.0
 30
0.0
 11
2.499999999999773
 21
0.0
 31
0.0
  0
LINE
  5
313
330
310
100
AcDbEntity
  8
Координатные кресты
  6
Continuous
 62
   251
370
     9
100
AcDbLine
 10
-0.0000000000002274
 20
-2.5
 30
0.0
 11
-0.0000000000002274
 21
2.5
 31
0.0
  0
ENDBLK
  5
314
330
310
100
AcDbEntity
  8
0
 62
     7
 48
0.4
370
    25
100
AcDbBlockEnd
  0
BLOCK
  5
317
330
316
100
AcDbEntity
  8
0
 62
     7
 48
0.4
370
    25
100
AcDbBlockBegin
  2
KREST_110
 70
     0
 10
0.0
 20
0.0
 30
0.0
  3
KREST_110
  1

  0
LINE
  5
318
330
316
100
AcDbEntity
  8
Координатные кресты
  6
Continuous
 62
   251
370
     9
100
AcDbLine
 10
-2.500000000000227
 20
0.0
 30
0.0
 11
2.499999999999773
 21
0.0
 31
0.0
  0
LINE
  5
319
330
316
100
AcDbEntity
  8
Координатные кресты
  6
Continuous
 62
   251
370
     9
100
AcDbLine
 10
-0.0000000000002274
 20
-2.5
 30
0.0
 11
-0.0000000000002274
 21
2.5
 31
0.0
  0
ENDBLK
  5
31A
330
316
100
AcDbEntity
  8
0
 62
     7
 48
0.4
370
    25
100
AcDbBlockEnd
  0
BLOCK
  5
31D
330
31C
100
AcDbEntity
  8
0
 62
     7
 48
0.4
370
    25
100
AcDbBlockBegin
  2
KREST_111
 70
     0
 10
0.0
 20
0.0
 30
0.0
  3
KREST_111
  1

  0
LINE
  5
31E
330
31C
100
AcDbEntity
  8
Координатные кресты
  6
Continuous
 62
   251
370
     9
100
AcDbLine
 10
-2.500000000000227
 20
0.0
 30
0.0
 11
2.499999999999773
 21
0.0
 31
0.0
  0
LINE
  5
31F
330
31C
100
AcDbEntity
  8
Координатные кресты
  6
Continuous
 62
   251
370
     9
100
AcDbLine
 10
-0.0000000000002274
 20
-2.5
 30
0.0
 11
-0.0000000000002274
 21
2.5
 31
0.0
  0
ENDBLK
  5
320
330
31C
100
AcDbEntity
  8
0
 62
     7
 48
0.4
370
    25
100
AcDbBlockEnd
  0
BLOCK
  5
323
330
322
100
AcDbEntity
  8
0
 62
     7
 48
0.4
370
    25
100
AcDbBlockBegin
  2
KREST_112
 70
     0
 10
0.0
 20
0.0
 30
0.0
  3
KREST_112
  1

  0
LINE
  5
324
330
322
100
AcDbEntity
  8
Координатные кресты
  6
Continuous
 62
   251
370
     9
100
AcDbLine
 10
-2.500000000000227
 20
0.0
 30
0.0
 11
2.499999999999773
 21
0.0
 31
0.0
  0
LINE
  5
325
330
322
100
AcDbEntity
  8
Координатные кресты
  6
Continuous
 62
   251
370
     9
100
AcDbLine
 10
-0.0000000000002274
 20
-2.5
 30
0.0
 11
-0.0000000000002274
 21
2.5
 31
0.0
  0
ENDBLK
  5
326
330
322
100
AcDbEntity
  8
0
 62
     7
 48
0.4
370
    25
100
AcDbBlockEnd
  0
BLOCK
  5
329
330
328
100
AcDbEntity
  8
0
 62
     7
 48
0.4
370
    25
100
AcDbBlockBegin
  2
KREST_113
 70
     0
 10
0.0
 20
0.0
 30
0.0
  3
KREST_113
  1

  0
LINE
  5
32A
330
328
100
AcDbEntity
  8
Координатные кресты
  6
Continuous
 62
   251
370
     9
100
AcDbLine
 10
-2.500000000000227
 20
0.0
 30
0.0
 11
2.499999999999773
 21
0.0
 31
0.0
  0
LINE
  5
32B
330
328
100
AcDbEntity
  8
Координатные кресты
  6
Continuous
 62
   251
370
     9
100
AcDbLine
 10
-0.0000000000002274
 20
-2.5
 30
0.0
 11
-0.0000000000002274
 21
2.5
 31
0.0
  0
ENDBLK
  5
32C
330
328
100
AcDbEntity
  8
0
 62
     7
 48
0.4
370
    25
100
AcDbBlockEnd
  0
BLOCK
  5
32F
330
32E
100
AcDbEntity
  8
0
 62
     7
 48
0.4
370
    25
100
AcDbBlockBegin
  2
KREST_114
 70
     0
 10
0.0
 20
0.0
 30
0.0
  3
KREST_114
  1

  0
LINE
  5
330
330
32E
100
AcDbEntity
  8
Координатные кресты
  6
Continuous
 62
   251
370
     9
100
AcDbLine
 10
-2.500000000000227
 20
0.0
 30
0.0
 11
2.499999999999773
 21
0.0
 31
0.0
  0
LINE
  5
331
330
32E
100
AcDbEntity
  8
Координатные кресты
  6
Continuous
 62
   251
370
     9
100
AcDbLine
 10
-0.0000000000002274
 20
-2.5
 30
0.0
 11
-0.0000000000002274
 21
2.5
 31
0.0
  0
ENDBLK
  5
332
330
32E
100
AcDbEntity
  8
0
 62
     7
 48
0.4
370
    25
100
AcDbBlockEnd
  0
BLOCK
  5
335
330
334
100
AcDbEntity
  8
0
 62
     7
 48
0.4
370
    25
100
AcDbBlockBegin
  2
KREST_115
 70
     0
 10
0.0
 20
0.0
 30
0.0
  3
KREST_115
  1

  0
LINE
  5
336
330
334
100
AcDbEntity
  8
Координатные кресты
  6
Continuous
 62
   251
370
     9
100
AcDbLine
 10
-2.500000000000227
 20
0.0
 30
0.0
 11
2.499999999999773
 21
0.0
 31
0.0
  0
LINE
  5
337
330
334
100
AcDbEntity
  8
Координатные кресты
  6
Continuous
 62
   251
370
     9
100
AcDbLine
 10
-0.0000000000002274
 20
-2.5
 30
0.0
 11
-0.0000000000002274
 21
2.5
 31
0.0
  0
ENDBLK
  5
338
330
334
100
AcDbEntity
  8
0
 62
     7
 48
0.4
370
    25
100
AcDbBlockEnd
  0
BLOCK
  5
33B
330
33A
100
AcDbEntity
  8
0
 62
     7
 48
0.4
370
    25
100
AcDbBlockBegin
  2
KREST_116
 70
     0
 10
0.0
 20
0.0
 30
0.0
  3
KREST_116
  1

  0
LINE
  5
33C
330
33A
100
AcDbEntity
  8
Координатные кресты
  6
Continuous
 62
   251
370
     9
100
AcDbLine
 10
-2.500000000000227
 20
0.0
 30
0.0
 11
2.499999999999773
 21
0.0
 31
0.0
  0
LINE
  5
33D
330
33A
100
AcDbEntity
  8
Координатные кресты
  6
Continuous
 62
   251
370
     9
100
AcDbLine
 10
-0.0000000000002274
 20
-2.5
 30
0.0
 11
-0.0000000000002274
 21
2.5
 31
0.0
  0
ENDBLK
  5
33E
330
33A
100
AcDbEntity
  8
0
 62
     7
 48
0.4
370
    25
100
AcDbBlockEnd
  0
BLOCK
  5
341
330
340
100
AcDbEntity
  8
0
 62
     7
 48
0.4
370
    25
100
AcDbBlockBegin
  2
KREST_117
 70
     0
 10
0.0
 20
0.0
 30
0.0
  3
KREST_117
  1

  0
LINE
  5
342
330
340
100
AcDbEntity
  8
Координатные кресты
  6
Continuous
 62
   251
370
     9
100
AcDbLine
 10
-2.500000000000227
 20
0.0
 30
0.0
 11
2.499999999999773
 21
0.0
 31
0.0
  0
LINE
  5
343
330
340
100
AcDbEntity
  8
Координатные кресты
  6
Continuous
 62
   251
370
     9
100
AcDbLine
 10
-0.0000000000002274
 20
-2.5
 30
0.0
 11
-0.0000000000002274
 21
2.5
 31
0.0
  0
ENDBLK
  5
344
330
340
100
AcDbEntity
  8
0
 62
     7
 48
0.4
370
    25
100
AcDbBlockEnd
  0
BLOCK
  5
347
330
346
100
AcDbEntity
  8
0
 62
     7
 48
0.4
370
    25
100
AcDbBlockBegin
  2
KREST_118
 70
     0
 10
0.0
 20
0.0
 30
0.0
  3
KREST_118
  1

  0
LINE
  5
348
330
346
100
AcDbEntity
  8
Координатные кресты
  6
Continuous
 62
   251
370
     9
100
AcDbLine
 10
-2.500000000000227
 20
0.0
 30
0.0
 11
2.499999999999773
 21
0.0
 31
0.0
  0
LINE
  5
349
330
346
100
AcDbEntity
  8
Координатные кресты
  6
Continuous
 62
   251
370
     9
100
AcDbLine
 10
-0.0000000000002274
 20
-2.5
 30
0.0
 11
-0.0000000000002274
 21
2.5
 31
0.0
  0
ENDBLK
  5
34A
330
346
100
AcDbEntity
  8
0
 62
     7
 48
0.4
370
    25
100
AcDbBlockEnd
  0
BLOCK
  5
34D
330
34C
100
AcDbEntity
  8
0
 62
     7
 48
0.4
370
    25
100
AcDbBlockBegin
  2
KREST_119
 70
     0
 10
0.0
 20
0.0
 30
0.0
  3
KREST_119
  1

  0
LINE
  5
34E
330
34C
100
AcDbEntity
  8
Координатные кресты
  6
Continuous
 62
   251
370
     9
100
AcDbLine
 10
-2.500000000000227
 20
0.0
 30
0.0
 11
2.499999999999773
 21
0.0
 31
0.0
  0
LINE
  5
34F
330
34C
100
AcDbEntity
  8
Координатные кресты
  6
Continuous
 62
   251
370
     9
100
AcDbLine
 10
-0.0000000000002274
 20
-2.5
 30
0.0
 11
-0.0000000000002274
 21
2.5
 31
0.0
  0
ENDBLK
  5
350
330
34C
100
AcDbEntity
  8
0
 62
     7
 48
0.4
370
    25
100
AcDbBlockEnd
  0
BLOCK
  5
353
330
352
100
AcDbEntity
  8
0
 62
     7
 48
0.4
370
    25
100
AcDbBlockBegin
  2
KREST_120
 70
     0
 10
0.0
 20
0.0
 30
0.0
  3
KREST_120
  1

  0
LINE
  5
354
330
352
100
AcDbEntity
  8
Координатные кресты
  6
Continuous
 62
   251
370
     9
100
AcDbLine
 10
-2.500000000000227
 20
0.0
 30
0.0
 11
2.499999999999773
 21
0.0
 31
0.0
  0
LINE
  5
355
330
352
100
AcDbEntity
  8
Координатные кресты
  6
Continuous
 62
   251
370
     9
100
AcDbLine
 10
-0.0000000000002274
 20
-2.5
 30
0.0
 11
-0.0000000000002274
 21
2.5
 31
0.0
  0
ENDBLK
  5
356
330
352
100
AcDbEntity
  8
0
 62
     7
 48
0.4
370
    25
100
AcDbBlockEnd
  0
BLOCK
  5
359
330
358
100
AcDbEntity
  8
0
 62
     7
 48
0.4
370
    25
100
AcDbBlockBegin
  2
KREST_121
 70
     0
 10
0.0
 20
0.0
 30
0.0
  3
KREST_121
  1

  0
LINE
  5
35A
330
358
100
AcDbEntity
  8
Координатные кресты
  6
Continuous
 62
   251
370
     9
100
AcDbLine
 10
-2.500000000000227
 20
0.0
 30
0.0
 11
2.499999999999773
 21
0.0
 31
0.0
  0
LINE
  5
35B
330
358
100
AcDbEntity
  8
Координатные кресты
  6
Continuous
 62
   251
370
     9
100
AcDbLine
 10
-0.0000000000002274
 20
-2.5
 30
0.0
 11
-0.0000000000002274
 21
2.5
 31
0.0
  0
ENDBLK
  5
35C
330
358
100
AcDbEntity
  8
0
 62
     7
 48
0.4
370
    25
100
AcDbBlockEnd
  0
BLOCK
  5
35F
330
35E
100
AcDbEntity
  8
0
 62
     7
 48
0.4
370
    25
100
AcDbBlockBegin
  2
KREST_122
 70
     0
 10
0.0
 20
0.0
 30
0.0
  3
KREST_122
  1

  0
LINE
  5
360
330
35E
100
AcDbEntity
  8
Координатные кресты
  6
Continuous
 62
   251
370
     9
100
AcDbLine
 10
-2.500000000000227
 20
0.0
 30
0.0
 11
2.499999999999773
 21
0.0
 31
0.0
  0
LINE
  5
361
330
35E
100
AcDbEntity
  8
Координатные кресты
  6
Continuous
 62
   251
370
     9
100
AcDbLine
 10
-0.0000000000002274
 20
-2.5
 30
0.0
 11
-0.0000000000002274
 21
2.5
 31
0.0
  0
ENDBLK
  5
362
330
35E
100
AcDbEntity
  8
0
 62
     7
 48
0.4
370
    25
100
AcDbBlockEnd
  0
BLOCK
  5
365
330
364
100
AcDbEntity
  8
0
 62
     7
 48
0.4
370
    25
100
AcDbBlockBegin
  2
KREST_123
 70
     0
 10
0.0
 20
0.0
 30
0.0
  3
KREST_123
  1

  0
LINE
  5
366
330
364
100
AcDbEntity
  8
Координатные кресты
  6
Continuous
 62
   251
370
     9
100
AcDbLine
 10
-2.500000000000227
 20
0.0
 30
0.0
 11
2.499999999999773
 21
0.0
 31
0.0
  0
LINE
  5
367
330
364
100
AcDbEntity
  8
Координатные кресты
  6
Continuous
 62
   251
370
     9
100
AcDbLine
 10
-0.0000000000002274
 20
-2.5
 30
0.0
 11
-0.0000000000002274
 21
2.5
 31
0.0
  0
ENDBLK
  5
368
330
364
100
AcDbEntity
  8
0
 62
     7
 48
0.4
370
    25
100
AcDbBlockEnd
  0
BLOCK
  5
36B
330
36A
100
AcDbEntity
  8
0
 62
     7
 48
0.4
370
    25
100
AcDbBlockBegin
  2
KREST_124
 70
     0
 10
0.0
 20
0.0
 30
0.0
  3
KREST_124
  1

  0
LINE
  5
36C
330
36A
100
AcDbEntity
  8
Координатные кресты
  6
Continuous
 62
   251
370
     9
100
AcDbLine
 10
-2.500000000000227
 20
0.0
 30
0.0
 11
2.499999999999773
 21
0.0
 31
0.0
  0
LINE
  5
36D
330
36A
100
AcDbEntity
  8
Координатные кресты
  6
Continuous
 62
   251
370
     9
100
AcDbLine
 10
-0.0000000000002274
 20
-2.5
 30
0.0
 11
-0.0000000000002274
 21
2.5
 31
0.0
  0
ENDBLK
  5
36E
330
36A
100
AcDbEntity
  8
0
 62
     7
 48
0.4
370
    25
100
AcDbBlockEnd
  0
BLOCK
  5
371
330
370
100
AcDbEntity
  8
0
 62
     7
 48
0.4
370
    25
100
AcDbBlockBegin
  2
KREST_125
 70
     0
 10
0.0
 20
0.0
 30
0.0
  3
KREST_125
  1

  0
LINE
  5
372
330
370
100
AcDbEntity
  8
Координатные кресты
  6
Continuous
 62
   251
370
     9
100
AcDbLine
 10
-2.500000000000227
 20
0.0
 30
0.0
 11
2.499999999999773
 21
0.0
 31
0.0
  0
LINE
  5
373
330
370
100
AcDbEntity
  8
Координатные кресты
  6
Continuous
 62
   251
370
     9
100
AcDbLine
 10
-0.0000000000002274
 20
-2.5
 30
0.0
 11
-0.0000000000002274
 21
2.5
 31
0.0
  0
ENDBLK
  5
374
330
370
100
AcDbEntity
  8
0
 62
     7
 48
0.4
370
    25
100
AcDbBlockEnd
  0
BLOCK
  5
378
330
377
100
AcDbEntity
  8
0
 62
     7
 48
0.4
370
    25
100
AcDbBlockBegin
  2
KREST_126
 70
     0
 10
0.0
 20
0.0
 30
0.0
  3
KREST_126
  1

  0
LINE
  5
379
330
377
100
AcDbEntity
  8
Координатные кресты
  6
Continuous
 62
   251
370
     9
100
AcDbLine
 10
-2.500000000000227
 20
0.0
 30
0.0
 11
2.499999999999773
 21
0.0
 31
0.0
  0
LINE
  5
37A
330
377
100
AcDbEntity
  8
Координатные кресты
  6
Continuous
 62
   251
370
     9
100
AcDbLine
 10
-0.0000000000002274
 20
-2.5
 30
0.0
 11
-0.0000000000002274
 21
2.5
 31
0.0
  0
ENDBLK
  5
37B
330
377
100
AcDbEntity
  8
0
 62
     7
 48
0.4
370
    25
100
AcDbBlockEnd
  0
BLOCK
  5
37E
330
37D
100
AcDbEntity
  8
0
 62
     7
 48
0.4
370
    25
100
AcDbBlockBegin
  2
KREST_127
 70
     0
 10
0.0
 20
0.0
 30
0.0
  3
KREST_127
  1

  0
LINE
  5
37F
330
37D
100
AcDbEntity
  8
Координатные кресты
  6
Continuous
 62
   251
370
     9
100
AcDbLine
 10
-2.500000000000227
 20
0.0
 30
0.0
 11
2.499999999999773
 21
0.0
 31
0.0
  0
LINE
  5
380
330
37D
100
AcDbEntity
  8
Координатные кресты
  6
Continuous
 62
   251
370
     9
100
AcDbLine
 10
-0.0000000000002274
 20
-2.5
 30
0.0
 11
-0.0000000000002274
 21
2.5
 31
0.0
  0
ENDBLK
  5
381
330
37D
100
AcDbEntity
  8
0
 62
     7
 48
0.4
370
    25
100
AcDbBlockEnd
  0
BLOCK
  5
384
330
383
100
AcDbEntity
  8
0
 62
     7
 48
0.4
370
    25
100
AcDbBlockBegin
  2
KREST_128
 70
     0
 10
0.0
 20
0.0
 30
0.0
  3
KREST_128
  1

  0
LINE
  5
385
330
383
100
AcDbEntity
  8
Координатные кресты
  6
Continuous
 62
   251
370
     9
100
AcDbLine
 10
-2.500000000000227
 20
0.0
 30
0.0
 11
2.499999999999773
 21
0.0
 31
0.0
  0
LINE
  5
386
330
383
100
AcDbEntity
  8
Координатные кресты
  6
Continuous
 62
   251
370
     9
100
AcDbLine
 10
-0.0000000000002274
 20
-2.5
 30
0.0
 11
-0.0000000000002274
 21
2.5
 31
0.0
  0
ENDBLK
  5
387
330
383
100
AcDbEntity
  8
0
 62
     7
 48
0.4
370
    25
100
AcDbBlockEnd
  0
BLOCK
  5
38A
330
389
100
AcDbEntity
  8
0
 62
     7
 48
0.4
370
    25
100
AcDbBlockBegin
  2
KREST_129
 70
     0
 10
0.0
 20
0.0
 30
0.0
  3
KREST_129
  1

  0
LINE
  5
38B
330
389
100
AcDbEntity
  8
Координатные кресты
  6
Continuous
 62
   251
370
     9
100
AcDbLine
 10
-2.500000000000227
 20
0.0
 30
0.0
 11
2.499999999999773
 21
0.0
 31
0.0
  0
LINE
  5
38C
330
389
100
AcDbEntity
  8
Координатные кресты
  6
Continuous
 62
   251
370
     9
100
AcDbLine
 10
-0.0000000000002274
 20
-2.5
 30
0.0
 11
-0.0000000000002274
 21
2.5
 31
0.0
  0
ENDBLK
  5
38D
330
389
100
AcDbEntity
  8
0
 62
     7
 48
0.4
370
    25
100
AcDbBlockEnd
  0
BLOCK
  5
390
330
38F
100
AcDbEntity
  8
0
 62
     7
 48
0.4
370
    25
100
AcDbBlockBegin
  2
KREST_130
 70
     0
 10
0.0
 20
0.0
 30
0.0
  3
KREST_130
  1

  0
LINE
  5
391
330
38F
100
AcDbEntity
  8
Координатные кресты
  6
Continuous
 62
   251
370
     9
100
AcDbLine
 10
-2.500000000000227
 20
0.0
 30
0.0
 11
2.499999999999773
 21
0.0
 31
0.0
  0
LINE
  5
392
330
38F
100
AcDbEntity
  8
Координатные кресты
  6
Continuous
 62
   251
370
     9
100
AcDbLine
 10
-0.0000000000002274
 20
-2.5
 30
0.0
 11
-0.0000000000002274
 21
2.5
 31
0.0
  0
ENDBLK
  5
393
330
38F
100
AcDbEntity
  8
0
 62
     7
 48
0.4
370
    25
100
AcDbBlockEnd
  0
BLOCK
  5
396
330
395
100
AcDbEntity
  8
0
 62
     7
 48
0.4
370
    25
100
AcDbBlockBegin
  2
KREST_131
 70
     0
 10
0.0
 20
0.0
 30
0.0
  3
KREST_131
  1

  0
LINE
  5
397
330
395
100
AcDbEntity
  8
Координатные кресты
  6
Continuous
 62
   251
370
     9
100
AcDbLine
 10
-2.500000000000227
 20
0.0
 30
0.0
 11
2.499999999999773
 21
0.0
 31
0.0
  0
LINE
  5
398
330
395
100
AcDbEntity
  8
Координатные кресты
  6
Continuous
 62
   251
370
     9
100
AcDbLine
 10
-0.0000000000002274
 20
-2.5
 30
0.0
 11
-0.0000000000002274
 21
2.5
 31
0.0
  0
ENDBLK
  5
399
330
395
100
AcDbEntity
  8
0
 62
     7
 48
0.4
370
    25
100
AcDbBlockEnd
  0
BLOCK
  5
39C
330
39B
100
AcDbEntity
  8
0
 62
     7
 48
0.4
370
    25
100
AcDbBlockBegin
  2
KREST_132
 70
     0
 10
0.0
 20
0.0
 30
0.0
  3
KREST_132
  1

  0
LINE
  5
39D
330
39B
100
AcDbEntity
  8
Координатные кресты
  6
Continuous
 62
   251
370
     9
100
AcDbLine
 10
-2.500000000000227
 20
0.0
 30
0.0
 11
2.499999999999773
 21
0.0
 31
0.0
  0
LINE
  5
39E
330
39B
100
AcDbEntity
  8
Координатные кресты
  6
Continuous
 62
   251
370
     9
100
AcDbLine
 10
-0.0000000000002274
 20
-2.5
 30
0.0
 11
-0.0000000000002274
 21
2.5
 31
0.0
  0
ENDBLK
  5
39F
330
39B
100
AcDbEntity
  8
0
 62
     7
 48
0.4
370
    25
100
AcDbBlockEnd
  0
BLOCK
  5
3A2
330
3A1
100
AcDbEntity
  8
0
 62
     7
 48
0.4
370
    25
100
AcDbBlockBegin
  2
KREST_133
 70
     0
 10
0.0
 20
0.0
 30
0.0
  3
KREST_133
  1

  0
LINE
  5
3A3
330
3A1
100
AcDbEntity
  8
Координатные кресты
  6
Continuous
 62
   251
370
     9
100
AcDbLine
 10
-2.500000000000227
 20
0.0
 30
0.0
 11
2.499999999999773
 21
0.0
 31
0.0
  0
LINE
  5
3A4
330
3A1
100
AcDbEntity
  8
Координатные кресты
  6
Continuous
 62
   251
370
     9
100
AcDbLine
 10
-0.0000000000002274
 20
-2.5
 30
0.0
 11
-0.0000000000002274
 21
2.5
 31
0.0
  0
ENDBLK
  5
3A5
330
3A1
100
AcDbEntity
  8
0
 62
     7
 48
0.4
370
    25
100
AcDbBlockEnd
  0
BLOCK
  5
3A8
330
3A7
100
AcDbEntity
  8
0
 62
     7
 48
0.4
370
    25
100
AcDbBlockBegin
  2
KREST_134
 70
     0
 10
0.0
 20
0.0
 30
0.0
  3
KREST_134
  1

  0
LINE
  5
3A9
330
3A7
100
AcDbEntity
  8
Координатные кресты
  6
Continuous
 62
   251
370
     9
100
AcDbLine
 10
-2.500000000000227
 20
0.0
 30
0.0
 11
2.499999999999773
 21
0.0
 31
0.0
  0
LINE
  5
3AA
330
3A7
100
AcDbEntity
  8
Координатные кресты
  6
Continuous
 62
   251
370
     9
100
AcDbLine
 10
-0.0000000000002274
 20
-2.5
 30
0.0
 11
-0.0000000000002274
 21
2.5
 31
0.0
  0
ENDBLK
  5
3AB
330
3A7
100
AcDbEntity
  8
0
 62
     7
 48
0.4
370
    25
100
AcDbBlockEnd
  0
BLOCK
  5
3AE
330
3AD
100
AcDbEntity
  8
0
 62
     7
 48
0.4
370
    25
100
AcDbBlockBegin
  2
KREST_135
 70
     0
 10
0.0
 20
0.0
 30
0.0
  3
KREST_135
  1

  0
LINE
  5
3AF
330
3AD
100
AcDbEntity
  8
Координатные кресты
  6
Continuous
 62
   251
370
     9
100
AcDbLine
 10
-2.500000000000227
 20
0.0
 30
0.0
 11
2.499999999999773
 21
0.0
 31
0.0
  0
LINE
  5
3B0
330
3AD
100
AcDbEntity
  8
Координатные кресты
  6
Continuous
 62
   251
370
     9
100
AcDbLine
 10
-0.0000000000002274
 20
-2.5
 30
0.0
 11
-0.0000000000002274
 21
2.5
 31
0.0
  0
ENDBLK
  5
3B1
330
3AD
100
AcDbEntity
  8
0
 62
     7
 48
0.4
370
    25
100
AcDbBlockEnd
  0
BLOCK
  5
3B4
330
3B3
100
AcDbEntity
  8
0
 62
     7
 48
0.4
370
    25
100
AcDbBlockBegin
  2
KREST_136
 70
     0
 10
0.0
 20
0.0
 30
0.0
  3
KREST_136
  1

  0
LINE
  5
3B5
330
3B3
100
AcDbEntity
  8
Координатные кресты
  6
Continuous
 62
   251
370
     9
100
AcDbLine
 10
-2.500000000000227
 20
0.0
 30
0.0
 11
2.499999999999773
 21
0.0
 31
0.0
  0
LINE
  5
3B6
330
3B3
100
AcDbEntity
  8
Координатные кресты
  6
Continuous
 62
   251
370
     9
100
AcDbLine
 10
-0.0000000000002274
 20
-2.5
 30
0.0
 11
-0.0000000000002274
 21
2.5
 31
0.0
  0
ENDBLK
  5
3B7
330
3B3
100
AcDbEntity
  8
0
 62
     7
 48
0.4
370
    25
100
AcDbBlockEnd
  0
BLOCK
  5
3BA
330
3B9
100
AcDbEntity
  8
0
 62
     7
 48
0.4
370
    25
100
AcDbBlockBegin
  2
KREST_137
 70
     0
 10
0.0
 20
0.0
 30
0.0
  3
KREST_137
  1

  0
LINE
  5
3BB
330
3B9
100
AcDbEntity
  8
Координатные кресты
  6
Continuous
 62
   251
370
     9
100
AcDbLine
 10
-2.500000000000227
 20
0.0
 30
0.0
 11
2.499999999999773
 21
0.0
 31
0.0
  0
LINE
  5
3BC
330
3B9
100
AcDbEntity
  8
Координатные кресты
  6
Continuous
 62
   251
370
     9
100
AcDbLine
 10
-0.0000000000002274
 20
-2.5
 30
0.0
 11
-0.0000000000002274
 21
2.5
 31
0.0
  0
ENDBLK
  5
3BD
330
3B9
100
AcDbEntity
  8
0
 62
     7
 48
0.4
370
    25
100
AcDbBlockEnd
  0
BLOCK
  5
3C0
330
3BF
100
AcDbEntity
  8
0
 62
     7
 48
0.4
370
    25
100
AcDbBlockBegin
  2
KREST_138
 70
     0
 10
0.0
 20
0.0
 30
0.0
  3
KREST_138
  1

  0
LINE
  5
3C1
330
3BF
100
AcDbEntity
  8
Координатные кресты
  6
Continuous
 62
   251
370
     9
100
AcDbLine
 10
-2.500000000000227
 20
0.0
 30
0.0
 11
2.499999999999773
 21
0.0
 31
0.0
  0
LINE
  5
3C2
330
3BF
100
AcDbEntity
  8
Координатные кресты
  6
Continuous
 62
   251
370
     9
100
AcDbLine
 10
-0.0000000000002274
 20
-2.5
 30
0.0
 11
-0.0000000000002274
 21
2.5
 31
0.0
  0
ENDBLK
  5
3C3
330
3BF
100
AcDbEntity
  8
0
 62
     7
 48
0.4
370
    25
100
AcDbBlockEnd
  0
BLOCK
  5
3C6
330
3C5
100
AcDbEntity
  8
0
 62
     7
 48
0.4
370
    25
100
AcDbBlockBegin
  2
KREST_139
 70
     0
 10
0.0
 20
0.0
 30
0.0
  3
KREST_139
  1

  0
LINE
  5
3C7
330
3C5
100
AcDbEntity
  8
Координатные кресты
  6
Continuous
 62
   251
370
     9
100
AcDbLine
 10
-2.500000000000227
 20
0.0
 30
0.0
 11
2.499999999999773
 21
0.0
 31
0.0
  0
LINE
  5
3C8
330
3C5
100
AcDbEntity
  8
Координатные кресты
  6
Continuous
 62
   251
370
     9
100
AcDbLine
 10
-0.0000000000002274
 20
-2.5
 30
0.0
 11
-0.0000000000002274
 21
2.5
 31
0.0
  0
ENDBLK
  5
3C9
330
3C5
100
AcDbEntity
  8
0
 62
     7
 48
0.4
370
    25
100
AcDbBlockEnd
  0
BLOCK
  5
3CC
330
3CB
100
AcDbEntity
  8
0
 62
     7
 48
0.4
370
    25
100
AcDbBlockBegin
  2
KREST_140
 70
     0
 10
0.0
 20
0.0
 30
0.0
  3
KREST_140
  1

  0
LINE
  5
3CD
330
3CB
100
AcDbEntity
  8
Координатные кресты
  6
Continuous
 62
   251
370
     9
100
AcDbLine
 10
-2.500000000000227
 20
0.0
 30
0.0
 11
2.499999999999773
 21
0.0
 31
0.0
  0
LINE
  5
3CE
330
3CB
100
AcDbEntity
  8
Координатные кресты
  6
Continuous
 62
   251
370
     9
100
AcDbLine
 10
-0.0000000000002274
 20
-2.5
 30
0.0
 11
-0.0000000000002274
 21
2.5
 31
0.0
  0
ENDBLK
  5
3CF
330
3CB
100
AcDbEntity
  8
0
 62
     7
 48
0.4
370
    25
100
AcDbBlockEnd
  0
BLOCK
  5
3D2
330
3D1
100
AcDbEntity
  8
0
 62
     7
 48
0.4
370
    25
100
AcDbBlockBegin
  2
KREST_141
 70
     0
 10
0.0
 20
0.0
 30
0.0
  3
KREST_141
  1

  0
LINE
  5
3D3
330
3D1
100
AcDbEntity
  8
Координатные кресты
  6
Continuous
 62
   251
370
     9
100
AcDbLine
 10
-2.500000000000227
 20
0.0
 30
0.0
 11
2.499999999999773
 21
0.0
 31
0.0
  0
LINE
  5
3D4
330
3D1
100
AcDbEntity
  8
Координатные кресты
  6
Continuous
 62
   251
370
     9
100
AcDbLine
 10
-0.0000000000002274
 20
-2.5
 30
0.0
 11
-0.0000000000002274
 21
2.5
 31
0.0
  0
ENDBLK
  5
3D5
330
3D1
100
AcDbEntity
  8
0
 62
     7
 48
0.4
370
    25
100
AcDbBlockEnd
  0
BLOCK
  5
3D8
330
3D7
100
AcDbEntity
  8
0
 62
     7
 48
0.4
370
    25
100
AcDbBlockBegin
  2
KREST_142
 70
     0
 10
0.0
 20
0.0
 30
0.0
  3
KREST_142
  1

  0
LINE
  5
3D9
330
3D7
100
AcDbEntity
  8
Координатные кресты
  6
Continuous
 62
   251
370
     9
100
AcDbLine
 10
-2.500000000000227
 20
0.0
 30
0.0
 11
2.499999999999773
 21
0.0
 31
0.0
  0
LINE
  5
3DA
330
3D7
100
AcDbEntity
  8
Координатные кресты
  6
Continuous
 62
   251
370
     9
100
AcDbLine
 10
-0.0000000000002274
 20
-2.5
 30
0.0
 11
-0.0000000000002274
 21
2.5
 31
0.0
  0
ENDBLK
  5
3DB
330
3D7
100
AcDbEntity
  8
0
 62
     7
 48
0.4
370
    25
100
AcDbBlockEnd
  0
BLOCK
  5
3DE
330
3DD
100
AcDbEntity
  8
0
 62
     7
 48
0.4
370
    25
100
AcDbBlockBegin
  2
KREST_143
 70
     0
 10
0.0
 20
0.0
 30
0.0
  3
KREST_143
  1

  0
LINE
  5
3DF
330
3DD
100
AcDbEntity
  8
Координатные кресты
  6
Continuous
 62
   251
370
     9
100
AcDbLine
 10
-2.500000000000227
 20
0.0
 30
0.0
 11
2.499999999999773
 21
0.0
 31
0.0
  0
LINE
  5
3E0
330
3DD
100
AcDbEntity
  8
Координатные кресты
  6
Continuous
 62
   251
370
     9
100
AcDbLine
 10
-0.0000000000002274
 20
-2.5
 30
0.0
 11
-0.0000000000002274
 21
2.5
 31
0.0
  0
ENDBLK
  5
3E1
330
3DD
100
AcDbEntity
  8
0
 62
     7
 48
0.4
370
    25
100
AcDbBlockEnd
  0
BLOCK
  5
3E4
330
3E3
100
AcDbEntity
  8
0
 62
     7
 48
0.4
370
    25
100
AcDbBlockBegin
  2
KREST_144
 70
     0
 10
0.0
 20
0.0
 30
0.0
  3
KREST_144
  1

  0
LINE
  5
3E5
330
3E3
100
AcDbEntity
  8
Координатные кресты
  6
Continuous
 62
   251
370
     9
100
AcDbLine
 10
-2.500000000000227
 20
0.0
 30
0.0
 11
2.499999999999773
 21
0.0
 31
0.0
  0
LINE
  5
3E6
330
3E3
100
AcDbEntity
  8
Координатные кресты
  6
Continuous
 62
   251
370
     9
100
AcDbLine
 10
-0.0000000000002274
 20
-2.5
 30
0.0
 11
-0.0000000000002274
 21
2.5
 31
0.0
  0
ENDBLK
  5
3E7
330
3E3
100
AcDbEntity
  8
0
 62
     7
 48
0.4
370
    25
100
AcDbBlockEnd
  0
BLOCK
  5
3EA
330
3E9
100
AcDbEntity
  8
0
 62
     7
 48
0.4
370
    25
100
AcDbBlockBegin
  2
KREST_145
 70
     0
 10
0.0
 20
0.0
 30
0.0
  3
KREST_145
  1

  0
LINE
  5
3EB
330
3E9
100
AcDbEntity
  8
Координатные кресты
  6
Continuous
 62
   251
370
     9
100
AcDbLine
 10
-2.500000000000227
 20
0.0
 30
0.0
 11
2.499999999999773
 21
0.0
 31
0.0
  0
LINE
  5
3EC
330
3E9
100
AcDbEntity
  8
Координатные кресты
  6
Continuous
 62
   251
370
     9
100
AcDbLine
 10
-0.0000000000002274
 20
-2.5
 30
0.0
 11
-0.0000000000002274
 21
2.5
 31
0.0
  0
ENDBLK
  5
3ED
330
3E9
100
AcDbEntity
  8
0
 62
     7
 48
0.4
370
    25
100
AcDbBlockEnd
  0
BLOCK
  5
3F0
330
3EF
100
AcDbEntity
  8
0
 62
     7
 48
0.4
370
    25
100
AcDbBlockBegin
  2
KREST_146
 70
     0
 10
0.0
 20
0.0
 30
0.0
  3
KREST_146
  1

  0
LINE
  5
3F1
330
3EF
100
AcDbEntity
  8
Координатные кресты
  6
Continuous
 62
   251
370
     9
100
AcDbLine
 10
-2.500000000000227
 20
0.0
 30
0.0
 11
2.499999999999773
 21
0.0
 31
0.0
  0
LINE
  5
3F2
330
3EF
100
AcDbEntity
  8
Координатные кресты
  6
Continuous
 62
   251
370
     9
100
AcDbLine
 10
-0.0000000000002274
 20
-2.5
 30
0.0
 11
-0.0000000000002274
 21
2.5
 31
0.0
  0
ENDBLK
  5
3F3
330
3EF
100
AcDbEntity
  8
0
 62
     7
 48
0.4
370
    25
100
AcDbBlockEnd
  0
BLOCK
  5
3F6
330
3F5
100
AcDbEntity
  8
0
 62
     7
 48
0.4
370
    25
100
AcDbBlockBegin
  2
KREST_147
 70
     0
 10
0.0
 20
0.0
 30
0.0
  3
KREST_147
  1

  0
LINE
  5
3F7
330
3F5
100
AcDbEntity
  8
Координатные кресты
  6
Continuous
 62
   251
370
     9
100
AcDbLine
 10
-2.500000000000227
 20
0.0
 30
0.0
 11
2.499999999999773
 21
0.0
 31
0.0
  0
LINE
  5
3F8
330
3F5
100
AcDbEntity
  8
Координатные кресты
  6
Continuous
 62
   251
370
     9
100
AcDbLine
 10
-0.0000000000002274
 20
-2.5
 30
0.0
 11
-0.0000000000002274
 21
2.5
 31
0.0
  0
ENDBLK
  5
3F9
330
3F5
100
AcDbEntity
  8
0
 62
     7
 48
0.4
370
    25
100
AcDbBlockEnd
  0
BLOCK
  5
3FC
330
3FB
100
AcDbEntity
  8
0
 62
     7
 48
0.4
370
    25
100
AcDbBlockBegin
  2
KREST_148
 70
     0
 10
0.0
 20
0.0
 30
0.0
  3
KREST_148
  1

  0
LINE
  5
3FD
330
3FB
100
AcDbEntity
  8
Координатные кресты
  6
Continuous
 62
   251
370
     9
100
AcDbLine
 10
-2.500000000000227
 20
0.0
 30
0.0
 11
2.499999999999773
 21
0.0
 31
0.0
  0
LINE
  5
3FE
330
3FB
100
AcDbEntity
  8
Координатные кресты
  6
Continuous
 62
   251
370
     9
100
AcDbLine
 10
-0.0000000000002274
 20
-2.5
 30
0.0
 11
-0.0000000000002274
 21
2.5
 31
0.0
  0
ENDBLK
  5
3FF
330
3FB
100
AcDbEntity
  8
0
 62
     7
 48
0.4
370
    25
100
AcDbBlockEnd
  0
BLOCK
  5
402
330
401
100
AcDbEntity
  8
0
 62
     7
 48
0.4
370
    25
100
AcDbBlockBegin
  2
KREST_149
 70
     0
 10
0.0
 20
0.0
 30
0.0
  3
KREST_149
  1

  0
LINE
  5
403
330
401
100
AcDbEntity
  8
Координатные кресты
  6
Continuous
 62
   251
370
     9
100
AcDbLine
 10
-2.500000000000227
 20
0.0
 30
0.0
 11
2.499999999999773
 21
0.0
 31
0.0
  0
LINE
  5
404
330
401
100
AcDbEntity
  8
Координатные кресты
  6
Continuous
 62
   251
370
     9
100
AcDbLine
 10
-0.0000000000002274
 20
-2.5
 30
0.0
 11
-0.0000000000002274
 21
2.5
 31
0.0
  0
ENDBLK
  5
405
330
401
100
AcDbEntity
  8
0
 62
     7
 48
0.4
370
    25
100
AcDbBlockEnd
  0
BLOCK
  5
408
330
407
100
AcDbEntity
  8
0
 62
     7
 48
0.4
370
    25
100
AcDbBlockBegin
  2
KREST_150
 70
     0
 10
0.0
 20
0.0
 30
0.0
  3
KREST_150
  1

  0
LINE
  5
409
330
407
100
AcDbEntity
  8
Координатные кресты
  6
Continuous
 62
   251
370
     9
100
AcDbLine
 10
-2.500000000000227
 20
0.0
 30
0.0
 11
2.499999999999773
 21
0.0
 31
0.0
  0
LINE
  5
40A
330
407
100
AcDbEntity
  8
Координатные кресты
  6
Continuous
 62
   251
370
     9
100
AcDbLine
 10
-0.0000000000002274
 20
-2.5
 30
0.0
 11
-0.0000000000002274
 21
2.5
 31
0.0
  0
ENDBLK
  5
40B
330
407
100
AcDbEntity
  8
0
 62
     7
 48
0.4
370
    25
100
AcDbBlockEnd
  0
ENDSEC
  0
SECTION
  2
ENTITIES
  0
LWPOLYLINE
  5
7B
330
2
100
AcDbEntity
  8
Рамки
  6
Continuous
 62
   251
370
     9
100
AcDbPolyline
 90
        5
 70
   128
 43
0.0
 10
250.0
 20
14250.0
 10
250.0
 20
14500.0
 10
500.0
 20
14500.0
 10
500.0
 20
14250.0
 10
250.0
 20
14250.0
  0
INSERT
  5
7D
330
2
100
AcDbEntity
  8
Координатные кресты
  6
Continuous
 62
   251
370
     9
100
AcDbBlockReference
  2
KREST
 10
250.0
 20
14250.0
 30
0.0
  0
INSERT
  5
84
330
2
100
AcDbEntity
  8
Координатные кресты
  6
Continuous
 62
   251
370
     9
100
AcDbBlockReference
  2
KREST_1
 10
250.0
 20
14300.0
 30
0.0
  0
INSERT
  5
8A
330
2
100
AcDbEntity
  8
Координатные кресты
  6
Continuous
 62
   251
370
     9
100
AcDbBlockReference
  2
KREST_2
 10
250.0
 20
14350.0
 30
0.0
  0
INSERT
  5
90
330
2
100
AcDbEntity
  8
Координатные кресты
  6
Continuous
 62
   251
370
     9
100
AcDbBlockReference
  2
KREST_3
 10
250.0
 20
14400.0
 30
0.0
  0
INSERT
  5
96
330
2
100
AcDbEntity
  8
Координатные кресты
  6
Continuous
 62
   251
370
     9
100
AcDbBlockReference
  2
KREST_4
 10
250.0
 20
14450.0
 30
0.0
  0
INSERT
  5
9C
330
2
100
AcDbEntity
  8
Координатные кресты
  6
Continuous
 62
   251
370
     9
100
AcDbBlockReference
  2
KREST_5
 10
250.0
 20
14500.0
 30
0.0
  0
INSERT
  5
A2
330
2
100
AcDbEntity
  8
Координатные кресты
  6
Continuous
 62
   251
370
     9
100
AcDbBlockReference
  2
KREST_6
 10
300.0
 20
14250.0
 30
0.0
  0
INSERT
  5
A8
330
2
100
AcDbEntity
  8
Координатные кресты
  6
Continuous
 62
   251
370
     9
100
AcDbBlockReference
  2
KREST_7
 10
300.0
 20
14300.0
 30
0.0
  0
INSERT
  5
AE
330
2
100
AcDbEntity
  8
Координатные кресты
  6
Continuous
 62
   251
370
     9
100
AcDbBlockReference
  2
KREST_8
 10
300.0
 20
14350.0
 30
0.0
  0
INSERT
  5
B4
330
2
100
AcDbEntity
  8
Координатные кресты
  6
Continuous
 62
   251
370
     9
100
AcDbBlockReference
  2
KREST_9
 10
300.0
 20
14400.0
 30
0.0
  0
INSERT
  5
BA
330
2
100
AcDbEntity
  8
Координатные кресты
  6
Continuous
 62
   251
370
     9
100
AcDbBlockReference
  2
KREST_10
 10
300.0
 20
14450.0
 30
0.0
  0
INSERT
  5
C0
330
2
100
AcDbEntity
  8
Координатные кресты
  6
Continuous
 62
   251
370
     9
100
AcDbBlockReference
  2
KREST_11
 10
300.0
 20
14500.0
 30
0.0
  0
INSERT
  5
C6
330
2
100
AcDbEntity
  8
Координатные кресты
  6
Continuous
 62
   251
370
     9
100
AcDbBlockReference
  2
KREST_12
 10
350.0
 20
14250.0
 30
0.0
  0
INSERT
  5
CC
330
2
100
AcDbEntity
  8
Координатные кресты
  6
Continuous
 62
   251
370
     9
100
AcDbBlockReference
  2
KREST_13
 10
350.0
 20
14300.0
 30
0.0
  0
INSERT
  5
D2
330
2
100
AcDbEntity
  8
Координатные кресты
  6
Continuous
 62
   251
370
     9
100
AcDbBlockReference
  2
KREST_14
 10
350.0
 20
14350.0
 30
0.0
  0
INSERT
  5
D8
330
2
100
AcDbEntity
  8
Координатные кресты
  6
Continuous
 62
   251
370
     9
100
AcDbBlockReference
  2
KREST_15
 10
350.0
 20
14400.0
 30
0.0
  0
INSERT
  5
DE
330
2
100
AcDbEntity
  8
Координатные кресты
  6
Continuous
 62
   251
370
     9
100
AcDbBlockReference
  2
KREST_16
 10
350.0
 20
14450.0
 30
0.0
  0
INSERT
  5
E4
330
2
100
AcDbEntity
  8
Координатные кресты
  6
Continuous
 62
   251
370
     9
100
AcDbBlockReference
  2
KREST_17
 10
350.0
 20
14500.0
 30
0.0
  0
INSERT
  5
EA
330
2
100
AcDbEntity
  8
Координатные кресты
  6
Continuous
 62
   251
370
     9
100
AcDbBlockReference
  2
KREST_18
 10
400.0
 20
14250.0
 30
0.0
  0
INSERT
  5
F0
330
2
100
AcDbEntity
  8
Координатные кресты
  6
Continuous
 62
   251
370
     9
100
AcDbBlockReference
  2
KREST_19
 10
400.0
 20
14300.0
 30
0.0
  0
INSERT
  5
F6
330
2
100
AcDbEntity
  8
Координатные кресты
  6
Continuous
 62
   251
370
     9
100
AcDbBlockReference
  2
KREST_20
 10
400.0
 20
14350.0
 30
0.0
  0
INSERT
  5
FC
330
2
100
AcDbEntity
  8
Координатные кресты
  6
Continuous
 62
   251
370
     9
100
AcDbBlockReference
  2
KREST_21
 10
400.0
 20
14400.0
 30
0.0
  0
INSERT
  5
102
330
2
100
AcDbEntity
  8
Координатные кресты
  6
Continuous
 62
   251
370
     9
100
AcDbBlockReference
  2
KREST_22
 10
400.0
 20
14450.0
 30
0.0
  0
INSERT
  5
108
330
2
100
AcDbEntity
  8
Координатные кресты
  6
Continuous
 62
   251
370
     9
100
AcDbBlockReference
  2
KREST_23
 10
400.0
 20
14500.0
 30
0.0
  0
INSERT
  5
10E
330
2
100
AcDbEntity
  8
Координатные кресты
  6
Continuous
 62
   251
370
     9
100
AcDbBlockReference
  2
KREST_24
 10
450.0
 20
14250.0
 30
0.0
  0
INSERT
  5
114
330
2
100
AcDbEntity
  8
Координатные кресты
  6
Continuous
 62
   251
370
     9
100
AcDbBlockReference
  2
KREST_25
 10
450.0
 20
14300.0
 30
0.0
  0
INSERT
  5
11A
330
2
100
AcDbEntity
  8
Координатные кресты
  6
Continuous
 62
   251
370
     9
100
AcDbBlockReference
  2
KREST_26
 10
450.0
 20
14350.0
 30
0.0
  0
INSERT
  5
120
330
2
100
AcDbEntity
  8
Координатные кресты
  6
Continuous
 62
   251
370
     9
100
AcDbBlockReference
  2
KREST_27
 10
450.0
 20
14400.0
 30
0.0
  0
INSERT
  5
126
330
2
100
AcDbEntity
  8
Координатные кресты
  6
Continuous
 62
   251
370
     9
100
AcDbBlockReference
  2
KREST_28
 10
450.0
 20
14450.0
 30
0.0
  0
INSERT
  5
12C
330
2
100
AcDbEntity
  8
Координатные кресты
  6
Continuous
 62
   251
370
     9
100
AcDbBlockReference
  2
KREST_29
 10
450.0
 20
14500.0
 30
0.0
  0
INSERT
  5
132
330
2
100
AcDbEntity
  8
Координатные кресты
  6
Continuous
 62
   251
370
     9
100
AcDbBlockReference
  2
KREST_30
 10
500.0
 20
14250.0
 30
0.0
  0
INSERT
  5
138
330
2
100
AcDbEntity
  8
Координатные кресты
  6
Continuous
 62
   251
370
     9
100
AcDbBlockReference
  2
KREST_31
 10
500.0
 20
14300.0
 30
0.0
  0
INSERT
  5
13E
330
2
100
AcDbEntity
  8
Координатные кресты
  6
Continuous
 62
   251
370
     9
100
AcDbBlockReference
  2
KREST_32
 10
500.0
 20
14350.0
 30
0.0
  0
INSERT
  5
144
330
2
100
AcDbEntity
  8
Координатные кресты
  6
Continuous
 62
   251
370
     9
100
AcDbBlockReference
  2
KREST_33
 10
500.0
 20
14400.0
 30
0.0
  0
INSERT
  5
14A
330
2
100
AcDbEntity
  8
Координатные кресты
  6
Continuous
 62
   251
370
     9
100
AcDbBlockReference
  2
KREST_34
 10
500.0
 20
14450.0
 30
0.0
  0
INSERT
  5
150
330
2
100
AcDbEntity
  8
Координатные кресты
  6
Continuous
 62
   251
370
     9
100
AcDbBlockReference
  2
KREST_35
 10
500.0
 20
14500.0
 30
0.0
  0
LWPOLYLINE
  5
156
330
2
100
AcDbEntity
  8
Рамки
  6
Continuous
 62
   251
370
     9
100
AcDbPolyline
 90
        5
 70
   128
 43
0.0
 10
500.0
 20
14250.0
 10
500.0
 20
14500.0
 10
750.0
 20
14500.0
 10
750.0
 20
14250.0
 10
500.0
 20
14250.0
  0
INSERT
  5
157
330
2
100
AcDbEntity
  8
Координатные кресты
  6
Continuous
 62
   251
370
     9
100
AcDbBlockReference
  2
KREST_36
 10
550.0
 20
14250.0
 30
0.0
  0
INSERT
  5
15D
330
2
100
AcDbEntity
  8
Координатные кресты
  6
Continuous
 62
   251
370
     9
100
AcDbBlockReference
  2
KREST_37
 10
550.0
 20
14300.0
 30
0.0
  0
INSERT
  5
163
330
2
100
AcDbEntity
  8
Координатные кресты
  6
Continuous
 62
   251
370
     9
100
AcDbBlockReference
  2
KREST_38
 10
550.0
 20
14350.0
 30
0.0
  0
INSERT
  5
169
330
2
100
AcDbEntity
  8
Координатные кресты
  6
Continuous
 62
   251
370
     9
100
AcDbBlockReference
  2
KREST_39
 10
550.0
 20
14400.0
 30
0.0
  0
INSERT
  5
16F
330
2
100
AcDbEntity
  8
Координатные кресты
  6
Continuous
 62
   251
370
     9
100
AcDbBlockReference
  2
KREST_40
 10
550.0
 20
14450.0
 30
0.0
  0
INSERT
  5
175
330
2
100
AcDbEntity
  8
Координатные кресты
  6
Continuous
 62
   251
370
     9
100
AcDbBlockReference
  2
KREST_41
 10
550.0
 20
14500.0
 30
0.0
  0
INSERT
  5
17B
330
2
100
AcDbEntity
  8
Координатные кресты
  6
Continuous
 62
   251
370
     9
100
AcDbBlockReference
  2
KREST_42
 10
600.0
 20
14250.0
 30
0.0
  0
INSERT
  5
181
330
2
100
AcDbEntity
  8
Координатные кресты
  6
Continuous
 62
   251
370
     9
100
AcDbBlockReference
  2
KREST_43
 10
600.0
 20
14300.0
 30
0.0
  0
INSERT
  5
187
330
2
100
AcDbEntity
  8
Координатные кресты
  6
Continuous
 62
   251
370
     9
100
AcDbBlockReference
  2
KREST_44
 10
600.0
 20
14350.0
 30
0.0
  0
INSERT
  5
18D
330
2
100
AcDbEntity
  8
Координатные кресты
  6
Continuous
 62
   251
370
     9
100
AcDbBlockReference
  2
KREST_45
 10
600.0
 20
14400.0
 30
0.0
  0
INSERT
  5
193
330
2
100
AcDbEntity
  8
Координатные кресты
  6
Continuous
 62
   251
370
     9
100
AcDbBlockReference
  2
KREST_46
 10
600.0
 20
14450.0
 30
0.0
  0
INSERT
  5
199
330
2
100
AcDbEntity
  8
Координатные кресты
  6
Continuous
 62
   251
370
     9
100
AcDbBlockReference
  2
KREST_47
 10
600.0
 20
14500.0
 30
0.0
  0
INSERT
  5
19F
330
2
100
AcDbEntity
  8
Координатные кресты
  6
Continuous
 62
   251
370
     9
100
AcDbBlockReference
  2
KREST_48
 10
650.0
 20
14250.0
 30
0.0
  0
INSERT
  5
1A5
330
2
100
AcDbEntity
  8
Координатные кресты
  6
Continuous
 62
   251
370
     9
100
AcDbBlockReference
  2
KREST_49
 10
650.0
 20
14300.0
 30
0.0
  0
INSERT
  5
1AB
330
2
100
AcDbEntity
  8
Координатные кресты
  6
Continuous
 62
   251
370
     9
100
AcDbBlockReference
  2
KREST_50
 10
650.0
 20
14350.0
 30
0.0
  0
INSERT
  5
1B1
330
2
100
AcDbEntity
  8
Координатные кресты
  6
Continuous
 62
   251
370
     9
100
AcDbBlockReference
  2
KREST_51
 10
650.0
 20
14400.0
 30
0.0
  0
INSERT
  5
1B7
330
2
100
AcDbEntity
  8
Координатные кресты
  6
Continuous
 62
   251
370
     9
100
AcDbBlockReference
  2
KREST_52
 10
650.0
 20
14450.0
 30
0.0
  0
INSERT
  5
1BD
330
2
100
AcDbEntity
  8
Координатные кресты
  6
Continuous
 62
   251
370
     9
100
AcDbBlockReference
  2
KREST_53
 10
650.0
 20
14500.0
 30
0.0
  0
INSERT
  5
1C3
330
2
100
AcDbEntity
  8
Координатные кресты
  6
Continuous
 62
   251
370
     9
100
AcDbBlockReference
  2
KREST_54
 10
700.0
 20
14250.0
 30
0.0
  0
INSERT
  5
1C9
330
2
100
AcDbEntity
  8
Координатные кресты
  6
Continuous
 62
   251
370
     9
100
AcDbBlockReference
  2
KREST_55
 10
700.0
 20
14300.0
 30
0.0
  0
INSERT
  5
1CF
330
2
100
AcDbEntity
  8
Координатные кресты
  6
Continuous
 62
   251
370
     9
100
AcDbBlockReference
  2
KREST_56
 10
700.0
 20
14350.0
 30
0.0
  0
INSERT
  5
1D5
330
2
100
AcDbEntity
  8
Координатные кресты
  6
Continuous
 62
   251
370
     9
100
AcDbBlockReference
  2
KREST_57
 10
700.0
 20
14400.0
 30
0.0
  0
INSERT
  5
1DB
330
2
100
AcDbEntity
  8
Координатные кресты
  6
Continuous
 62
   251
370
     9
100
AcDbBlockReference
  2
KREST_58
 10
700.0
 20
14450.0
 30
0.0
  0
INSERT
  5
1E1
330
2
100
AcDbEntity
  8
Координатные кресты
  6
Continuous
 62
   251
370
     9
100
AcDbBlockReference
  2
KREST_59
 10
700.0
 20
14500.0
 30
0.0
  0
INSERT
  5
1E7
330
2
100
AcDbEntity
  8
Координатные кресты
  6
Continuous
 62
   251
370
     9
100
AcDbBlockReference
  2
KREST_60
 10
750.0
 20
14250.0
 30
0.0
  0
INSERT
  5
1ED
330
2
100
AcDbEntity
  8
Координатные кресты
  6
Continuous
 62
   251
370
     9
100
AcDbBlockReference
  2
KREST_61
 10
750.0
 20
14300.0
 30
0.0
  0
INSERT
  5
1F3
330
2
100
AcDbEntity
  8
Координатные кресты
  6
Continuous
 62
   251
370
     9
100
AcDbBlockReference
  2
KREST_62
 10
750.0
 20
14350.0
 30
0.0
  0
INSERT
  5
1F9
330
2
100
AcDbEntity
  8
Координатные кресты
  6
Continuous
 62
   251
370
     9
100
AcDbBlockReference
  2
KREST_63
 10
750.0
 20
14400.0
 30
0.0
  0
INSERT
  5
1FF
330
2
100
AcDbEntity
  8
Координатные кресты
  6
Continuous
 62
   251
370
     9
100
AcDbBlockReference
  2
KREST_64
 10
750.0
 20
14450.0
 30
0.0
  0
INSERT
  5
205
330
2
100
AcDbEntity
  8
Координатные кресты
  6
Continuous
 62
   251
370
     9
100
AcDbBlockReference
  2
KREST_65
 10
750.0
 20
14500.0
 30
0.0
  0
LWPOLYLINE
  5
20B
330
2
100
AcDbEntity
  8
Рамки
  6
Continuous
 62
   251
370
     9
100
AcDbPolyline
 90
        5
 70
   128
 43
0.0
 10
750.0
 20
14250.0
 10
750.0
 20
14500.0
 10
1000.0
 20
14500.0
 10
1000.0
 20
14250.0
 10
750.0
 20
14250.0
  0
INSERT
  5
20C
330
2
100
AcDbEntity
  8
Координатные кресты
  6
Continuous
 62
   251
370
     9
100
AcDbBlockReference
  2
KREST_66
 10
800.0
 20
14250.0
 30
0.0
  0
INSERT
  5
212
330
2
100
AcDbEntity
  8
Координатные кресты
  6
Continuous
 62
   251
370
     9
100
AcDbBlockReference
  2
KREST_67
 10
800.0
 20
14300.0
 30
0.0
  0
INSERT
  5
218
330
2
100
AcDbEntity
  8
Координатные кресты
  6
Continuous
 62
   251
370
     9
100
AcDbBlockReference
  2
KREST_68
 10
800.0
 20
14350.0
 30
0.0
  0
INSERT
  5
21E
330
2
100
AcDbEntity
  8
Координатные кресты
  6
Continuous
 62
   251
370
     9
100
AcDbBlockReference
  2
KREST_69
 10
800.0
 20
14400.0
 30
0.0
  0
INSERT
  5
224
330
2
100
AcDbEntity
  8
Координатные кресты
  6
Continuous
 62
   251
370
     9
100
AcDbBlockReference
  2
KREST_70
 10
800.0
 20
14450.0
 30
0.0
  0
INSERT
  5
22A
330
2
100
AcDbEntity
  8
Координатные кресты
  6
Continuous
 62
   251
370
     9
100
AcDbBlockReference
  2
KREST_71
 10
800.0
 20
14500.0
 30
0.0
  0
INSERT
  5
230
330
2
100
AcDbEntity
  8
Координатные кресты
  6
Continuous
 62
   251
370
     9
100
AcDbBlockReference
  2
KREST_72
 10
850.0
 20
14250.0
 30
0.0
  0
INSERT
  5
236
330
2
100
AcDbEntity
  8
Координатные кресты
  6
Continuous
 62
   251
370
     9
100
AcDbBlockReference
  2
KREST_73
 10
850.0
 20
14300.0
 30
0.0
  0
INSERT
  5
23C
330
2
100
AcDbEntity
  8
Координатные кресты
  6
Continuous
 62
   251
370
     9
100
AcDbBlockReference
  2
KREST_74
 10
850.0
 20
14350.0
 30
0.0
  0
INSERT
  5
242
330
2
100
AcDbEntity
  8
Координатные кресты
  6
Continuous
 62
   251
370
     9
100
AcDbBlockReference
  2
KREST_75
 10
850.0
 20
14400.0
 30
0.0
  0
INSERT
  5
248
330
2
100
AcDbEntity
  8
Координатные кресты
  6
Continuous
 62
   251
370
     9
100
AcDbBlockReference
  2
KREST_76
 10
850.0
 20
14450.0
 30
0.0
  0
INSERT
  5
24E
330
2
100
AcDbEntity
  8
Координатные кресты
  6
Continuous
 62
   251
370
     9
100
AcDbBlockReference
  2
KREST_77
 10
850.0
 20
14500.0
 30
0.0
  0
INSERT
  5
254
330
2
100
AcDbEntity
  8
Координатные кресты
  6
Continuous
 62
   251
370
     9
100
AcDbBlockReference
  2
KREST_78
 10
900.0
 20
14250.0
 30
0.0
  0
INSERT
  5
25A
330
2
100
AcDbEntity
  8
Координатные кресты
  6
Continuous
 62
   251
370
     9
100
AcDbBlockReference
  2
KREST_79
 10
900.0
 20
14300.0
 30
0.0
  0
INSERT
  5
260
330
2
100
AcDbEntity
  8
Координатные кресты
  6
Continuous
 62
   251
370
     9
100
AcDbBlockReference
  2
KREST_80
 10
900.0
 20
14350.0
 30
0.0
  0
INSERT
  5
266
330
2
100
AcDbEntity
  8
Координатные кресты
  6
Continuous
 62
   251
370
     9
100
AcDbBlockReference
  2
KREST_81
 10
900.0
 20
14400.0
 30
0.0
  0
INSERT
  5
26C
330
2
100
AcDbEntity
  8
Координатные кресты
  6
Continuous
 62
   251
370
     9
100
AcDbBlockReference
  2
KREST_82
 10
900.0
 20
14450.0
 30
0.0
  0
INSERT
  5
272
330
2
100
AcDbEntity
  8
Координатные кресты
  6
Continuous
 62
   251
370
     9
100
AcDbBlockReference
  2
KREST_83
 10
900.0
 20
14500.0
 30
0.0
  0
INSERT
  5
278
330
2
100
AcDbEntity
  8
Координатные кресты
  6
Continuous
 62
   251
370
     9
100
AcDbBlockReference
  2
KREST_84
 10
950.0
 20
14250.0
 30
0.0
  0
INSERT
  5
27E
330
2
100
AcDbEntity
  8
Координатные кресты
  6
Continuous
 62
   251
370
     9
100
AcDbBlockReference
  2
KREST_85
 10
950.0
 20
14300.0
 30
0.0
  0
INSERT
  5
284
330
2
100
AcDbEntity
  8
Координатные кресты
  6
Continuous
 62
   251
370
     9
100
AcDbBlockReference
  2
KREST_86
 10
950.0
 20
14350.0
 30
0.0
  0
INSERT
  5
28A
330
2
100
AcDbEntity
  8
Координатные кресты
  6
Continuous
 62
   251
370
     9
100
AcDbBlockReference
  2
KREST_87
 10
950.0
 20
14400.0
 30
0.0
  0
INSERT
  5
290
330
2
100
AcDbEntity
  8
Координатные кресты
  6
Continuous
 62
   251
370
     9
100
AcDbBlockReference
  2
KREST_88
 10
950.0
 20
14450.0
 30
0.0
  0
INSERT
  5
296
330
2
100
AcDbEntity
  8
Координатные кресты
  6
Continuous
 62
   251
370
     9
100
AcDbBlockReference
  2
KREST_89
 10
950.0
 20
14500.0
 30
0.0
  0
INSERT
  5
29C
330
2
100
AcDbEntity
  8
Координатные кресты
  6
Continuous
 62
   251
370
     9
100
AcDbBlockReference
  2
KREST_90
 10
1000.0
 20
14250.0
 30
0.0
  0
INSERT
  5
2A2
330
2
100
AcDbEntity
  8
Координатные кресты
  6
Continuous
 62
   251
370
     9
100
AcDbBlockReference
  2
KREST_91
 10
1000.0
 20
14300.0
 30
0.0
  0
INSERT
  5
2A8
330
2
100
AcDbEntity
  8
Координатные кресты
  6
Continuous
 62
   251
370
     9
100
AcDbBlockReference
  2
KREST_92
 10
1000.0
 20
14350.0
 30
0.0
  0
INSERT
  5
2AE
330
2
100
AcDbEntity
  8
Координатные кресты
  6
Continuous
 62
   251
370
     9
100
AcDbBlockReference
  2
KREST_93
 10
1000.0
 20
14400.0
 30
0.0
  0
INSERT
  5
2B4
330
2
100
AcDbEntity
  8
Координатные кресты
  6
Continuous
 62
   251
370
     9
100
AcDbBlockReference
  2
KREST_94
 10
1000.0
 20
14450.0
 30
0.0
  0
INSERT
  5
2BA
330
2
100
AcDbEntity
  8
Координатные кресты
  6
Continuous
 62
   251
370
     9
100
AcDbBlockReference
  2
KREST_95
 10
1000.0
 20
14500.0
 30
0.0
  0
LWPOLYLINE
  5
2C0
330
2
100
AcDbEntity
  8
Рамки
  6
Continuous
 62
   251
370
     9
100
AcDbPolyline
 90
        5
 70
   128
 43
0.0
 10
250.0
 20
14000.0
 10
250.0
 20
14250.0
 10
500.0
 20
14250.0
 10
500.0
 20
14000.0
 10
250.0
 20
14000.0
  0
INSERT
  5
2C1
330
2
100
AcDbEntity
  8
Координатные кресты
  6
Continuous
 62
   251
370
     9
100
AcDbBlockReference
  2
KREST_96
 10
250.0
 20
14000.0
 30
0.0
  0
INSERT
  5
2C7
330
2
100
AcDbEntity
  8
Координатные кресты
  6
Continuous
 62
   251
370
     9
100
AcDbBlockReference
  2
KREST_97
 10
250.0
 20
14050.0
 30
0.0
  0
INSERT
  5
2CD
330
2
100
AcDbEntity
  8
Координатные кресты
  6
Continuous
 62
   251
370
     9
100
AcDbBlockReference
  2
KREST_98
 10
250.0
 20
14100.0
 30
0.0
  0
INSERT
  5
2D3
330
2
100
AcDbEntity
  8
Координатные кресты
  6
Continuous
 62
   251
370
     9
100
AcDbBlockReference
  2
KREST_99
 10
250.0
 20
14150.0
 30
0.0
  0
INSERT
  5
2D9
330
2
100
AcDbEntity
  8
Координатные кресты
  6
Continuous
 62
   251
370
     9
100
AcDbBlockReference
  2
KREST_100
 10
250.0
 20
14200.0
 30
0.0
  0
INSERT
  5
2DF
330
2
100
AcDbEntity
  8
Координатные кресты
  6
Continuous
 62
   251
370
     9
100
AcDbBlockReference
  2
KREST_101
 10
300.0
 20
14000.0
 30
0.0
  0
INSERT
  5
2E5
330
2
100
AcDbEntity
  8
Координатные кресты
  6
Continuous
 62
   251
370
     9
100
AcDbBlockReference
  2
KREST_102
 10
300.0
 20
14050.0
 30
0.0
  0
INSERT
  5
2EB
330
2
100
AcDbEntity
  8
Координатные кресты
  6
Continuous
 62
   251
370
     9
100
AcDbBlockReference
  2
KREST_103
 10
300.0
 20
14100.0
 30
0.0
  0
INSERT
  5
2F1
330
2
100
AcDbEntity
  8
Координатные кресты
  6
Continuous
 62
   251
370
     9
100
AcDbBlockReference
  2
KREST_104
 10
300.0
 20
14150.0
 30
0.0
  0
INSERT
  5
2F7
330
2
100
AcDbEntity
  8
Координатные кресты
  6
Continuous
 62
   251
370
     9
100
AcDbBlockReference
  2
KREST_105
 10
300.0
 20
14200.0
 30
0.0
  0
INSERT
  5
2FD
330
2
100
AcDbEntity
  8
Координатные кресты
  6
Continuous
 62
   251
370
     9
100
AcDbBlockReference
  2
KREST_106
 10
350.0
 20
14000.0
 30
0.0
  0
INSERT
  5
303
330
2
100
AcDbEntity
  8
Координатные кресты
  6
Continuous
 62
   251
370
     9
100
AcDbBlockReference
  2
KREST_107
 10
350.0
 20
14050.0
 30
0.0
  0
INSERT
  5
309
330
2
100
AcDbEntity
  8
Координатные кресты
  6
Continuous
 62
   251
370
     9
100
AcDbBlockReference
  2
KREST_108
 10
350.0
 20
14100.0
 30
0.0
  0
INSERT
  5
30F
330
2
100
AcDbEntity
  8
Координатные кресты
  6
Continuous
 62
   251
370
     9
100
AcDbBlockReference
  2
KREST_109
 10
350.0
 20
14150.0
 30
0.0
  0
INSERT
  5
315
330
2
100
AcDbEntity
  8
Координатные кресты
  6
Continuous
 62
   251
370
     9
100
AcDbBlockReference
  2
KREST_110
 10
350.0
 20
14200.0
 30
0.0
  0
INSERT
  5
31B
330
2
100
AcDbEntity
  8
Координатные кресты
  6
Continuous
 62
   251
370
     9
100
AcDbBlockReference
  2
KREST_111
 10
400.0
 20
14000.0
 30
0.0
  0
INSERT
  5
321
330
2
100
AcDbEntity
  8
Координатные кресты
  6
Continuous
 62
   251
370
     9
100
AcDbBlockReference
  2
KREST_112
 10
400.0
 20
14050.0
 30
0.0
  0
INSERT
  5
327
330
2
100
AcDbEntity
  8
Координатные кресты
  6
Continuous
 62
   251
370
     9
100
AcDbBlockReference
  2
KREST_113
 10
400.0
 20
14100.0
 30
0.0
  0
INSERT
  5
32D
330
2
100
AcDbEntity
  8
Координатные кресты
  6
Continuous
 62
   251
370
     9
100
AcDbBlockReference
  2
KREST_114
 10
400.0
 20
14150.0
 30
0.0
  0
INSERT
  5
333
330
2
100
AcDbEntity
  8
Координатные кресты
  6
Continuous
 62
   251
370
     9
100
AcDbBlockReference
  2
KREST_115
 10
400.0
 20
14200.0
 30
0.0
  0
INSERT
  5
339
330
2
100
AcDbEntity
  8
Координатные кресты
  6
Continuous
 62
   251
370
     9
100
AcDbBlockReference
  2
KREST_116
 10
450.0
 20
14000.0
 30
0.0
  0
INSERT
  5
33F
330
2
100
AcDbEntity
  8
Координатные кресты
  6
Continuous
 62
   251
370
     9
100
AcDbBlockReference
  2
KREST_117
 10
450.0
 20
14050.0
 30
0.0
  0
INSERT
  5
345
330
2
100
AcDbEntity
  8
Координатные кресты
  6
Continuous
 62
   251
370
     9
100
AcDbBlockReference
  2
KREST_118
 10
450.0
 20
14100.0
 30
0.0
  0
INSERT
  5
34B
330
2
100
AcDbEntity
  8
Координатные кресты
  6
Continuous
 62
   251
370
     9
100
AcDbBlockReference
  2
KREST_119
 10
450.0
 20
14150.0
 30
0.0
  0
INSERT
  5
351
330
2
100
AcDbEntity
  8
Координатные кресты
  6
Continuous
 62
   251
370
     9
100
AcDbBlockReference
  2
KREST_120
 10
450.0
 20
14200.0
 30
0.0
  0
INSERT
  5
357
330
2
100
AcDbEntity
  8
Координатные кресты
  6
Continuous
 62
   251
370
     9
100
AcDbBlockReference
  2
KREST_121
 10
500.0
 20
14000.0
 30
0.0
  0
INSERT
  5
35D
330
2
100
AcDbEntity
  8
Координатные кресты
  6
Continuous
 62
   251
370
     9
100
AcDbBlockReference
  2
KREST_122
 10
500.0
 20
14050.0
 30
0.0
  0
INSERT
  5
363
330
2
100
AcDbEntity
  8
Координатные кресты
  6
Continuous
 62
   251
370
     9
100
AcDbBlockReference
  2
KREST_123
 10
500.0
 20
14100.0
 30
0.0
  0
INSERT
  5
369
330
2
100
AcDbEntity
  8
Координатные кресты
  6
Continuous
 62
   251
370
     9
100
AcDbBlockReference
  2
KREST_124
 10
500.0
 20
14150.0
 30
0.0
  0
INSERT
  5
36F
330
2
100
AcDbEntity
  8
Координатные кресты
  6
Continuous
 62
   251
370
     9
100
AcDbBlockReference
  2
KREST_125
 10
500.0
 20
14200.0
 30
0.0
  0
LWPOLYLINE
  5
375
330
2
100
AcDbEntity
  8
Рамки
  6
Continuous
 62
   251
370
     9
100
AcDbPolyline
 90
        5
 70
   128
 43
0.0
 10
500.0
 20
14000.0
 10
500.0
 20
14250.0
 10
750.0
 20
14250.0
 10
750.0
 20
14000.0
 10
500.0
 20
14000.0
  0
INSERT
  5
376
330
2
100
AcDbEntity
  8
Координатные кресты
  6
Continuous
 62
   251
370
     9
100
AcDbBlockReference
  2
KREST_126
 10
550.0
 20
14000.0
 30
0.0
  0
INSERT
  5
37C
330
2
100
AcDbEntity
  8
Координатные кресты
  6
Continuous
 62
   251
370
     9
100
AcDbBlockReference
  2
KREST_127
 10
550.0
 20
14050.0
 30
0.0
  0
INSERT
  5
382
330
2
100
AcDbEntity
  8
Координатные кресты
  6
Continuous
 62
   251
370
     9
100
AcDbBlockReference
  2
KREST_128
 10
550.0
 20
14100.0
 30
0.0
  0
INSERT
  5
388
330
2
100
AcDbEntity
  8
Координатные кресты
  6
Continuous
 62
   251
370
     9
100
AcDbBlockReference
  2
KREST_129
 10
550.0
 20
14150.0
 30
0.0
  0
INSERT
  5
38E
330
2
100
AcDbEntity
  8
Координатные кресты
  6
Continuous
 62
   251
370
     9
100
AcDbBlockReference
  2
KREST_130
 10
550.0
 20
14200.0
 30
0.0
  0
INSERT
  5
394
330
2
100
AcDbEntity
  8
Координатные кресты
  6
Continuous
 62
   251
370
     9
100
AcDbBlockReference
  2
KREST_131
 10
600.0
 20
14000.0
 30
0.0
  0
INSERT
  5
39A
330
2
100
AcDbEntity
  8
Координатные кресты
  6
Continuous
 62
   251
370
     9
100
AcDbBlockReference
  2
KREST_132
 10
600.0
 20
14050.0
 30
0.0
  0
INSERT
  5
3A0
330
2
100
AcDbEntity
  8
Координатные кресты
  6
Continuous
 62
   251
370
     9
100
AcDbBlockReference
  2
KREST_133
 10
600.0
 20
14100.0
 30
0.0
  0
INSERT
  5
3A6
330
2
100
AcDbEntity
  8
Координатные кресты
  6
Continuous
 62
   251
370
     9
100
AcDbBlockReference
  2
KREST_134
 10
600.0
 20
14150.0
 30
0.0
  0
INSERT
  5
3AC
330
2
100
AcDbEntity
  8
Координатные кресты
  6
Continuous
 62
   251
370
     9
100
AcDbBlockReference
  2
KREST_135
 10
600.0
 20
14200.0
 30
0.0
  0
INSERT
  5
3B2
330
2
100
AcDbEntity
  8
Координатные кресты
  6
Continuous
 62
   251
370
     9
100
AcDbBlockReference
  2
KREST_136
 10
650.0
 20
14000.0
 30
0.0
  0
INSERT
  5
3B8
330
2
100
AcDbEntity
  8
Координатные кресты
  6
Continuous
 62
   251
370
     9
100
AcDbBlockReference
  2
KREST_137
 10
650.0
 20
14050.0
 30
0.0
  0
INSERT
  5
3BE
330
2
100
AcDbEntity
  8
Координатные кресты
  6
Continuous
 62
   251
370
     9
100
AcDbBlockReference
  2
KREST_138
 10
650.0
 20
14100.0
 30
0.0
  0
INSERT
  5
3C4
330
2
100
AcDbEntity
  8
Координатные кресты
  6
Continuous
 62
   251
370
     9
100
AcDbBlockReference
  2
KREST_139
 10
650.0
 20
14150.0
 30
0.0
  0
INSERT
  5
3CA
330
2
100
AcDbEntity
  8
Координатные кресты
  6
Continuous
 62
   251
370
     9
100
AcDbBlockReference
  2
KREST_140
 10
650.0
 20
14200.0
 30
0.0
  0
INSERT
  5
3D0
330
2
100
AcDbEntity
  8
Координатные кресты
  6
Continuous
 62
   251
370
     9
100
AcDbBlockReference
  2
KREST_141
 10
700.0
 20
14000.0
 30
0.0
  0
INSERT
  5
3D6
330
2
100
AcDbEntity
  8
Координатные кресты
  6
Continuous
 62
   251
370
     9
100
AcDbBlockReference
  2
KREST_142
 10
700.0
 20
14050.0
 30
0.0
  0
INSERT
  5
3DC
330
2
100
AcDbEntity
  8
Координатные кресты
  6
Continuous
 62
   251
370
     9
100
AcDbBlockReference
  2
KREST_143
 10
700.0
 20
14100.0
 30
0.0
  0
INSERT
  5
3E2
330
2
100
AcDbEntity
  8
Координатные кресты
  6
Continuous
 62
   251
370
     9
100
AcDbBlockReference
  2
KREST_144
 10
700.0
 20
14150.0
 30
0.0
  0
INSERT
  5
3E8
330
2
100
AcDbEntity
  8
Координатные кресты
  6
Continuous
 62
   251
370
     9
100
AcDbBlockReference
  2
KREST_145
 10
700.0
 20
14200.0
 30
0.0
  0
INSERT
  5
3EE
330
2
100
AcDbEntity
  8
Координатные кресты
  6
Continuous
 62
   251
370
     9
100
AcDbBlockReference
  2
KREST_146
 10
750.0
 20
14000.0
 30
0.0
  0
INSERT
  5
3F4
330
2
100
AcDbEntity
  8
Координатные кресты
  6
Continuous
 62
   251
370
     9
100
AcDbBlockReference
  2
KREST_147
 10
750.0
 20
14050.0
 30
0.0
  0
INSERT
  5
3FA
330
2
100
AcDbEntity
  8
Координатные кресты
  6
Continuous
 62
   251
370
     9
100
AcDbBlockReference
  2
KREST_148
 10
750.0
 20
14100.0
 30
0.0
  0
INSERT
  5
400
330
2
100
AcDbEntity
  8
Координатные кресты
  6
Continuous
 62
   251
370
     9
100
AcDbBlockReference
  2
KREST_149
 10
750.0
 20
14150.0
 30
0.0
  0
INSERT
  5
406
330
2
100
AcDbEntity
  8
Координатные кресты
  6
Continuous
 62
   251
370
     9
100
AcDbBlockReference
  2
KREST_150
 10
750.0
 20
14200.0
 30
0.0
  0
LWPOLYLINE
  5
40C
330
2
100
AcDbEntity
  8
Граница заказа
  6
Continuous
 62
   251
370
     9
100
AcDbPolyline
 90
       23
 70
   128
 43
0.0
 10
852.308
 20
14406.766
 10
824.452
 20
14441.182
 10
785.155
 20
14411.462
 10
634.7090000000001
 20
14294.349
 10
606.046
 20
14371.66
 10
527.412
 20
14328.179
 10
501.156
 20
14377.897
 10
428.418
 20
14337.398
 10
454.776
 20
14289.329
 10
379.663
 20
14248.143
 10
395.242
 20
14207.374
 10
578.29
 20
14311.568
 10
592.293
 20
14273.554
 10
422.575
 20
14138.235
 10
447.352
 20
14076.233
 10
480.725
 20
14102.173
 10
523.729
 20
14135.599
 10
609.547
 20
14202.303
 10
632.714
 20
14201.697
 10
696.953
 20
14216.611
 10
738.192
 20
14315.779
 10
787.682
 20
14354.458
 10
852.308
 20
14406.766
  0
TEXT
  5
40E
330
2
100
AcDbEntity
  8
Подписи рамок
  6
Continuous
 62
   251
370
     9
100
AcDbText
 10
260.0
 20
14481.667
 30
0.0
 40
8.333
  1
1
  7
Style-RUSSIAN_1251 I 0.00000
 11
260.0
 21
14490.0
 31
0.0
100
AcDbText
 73
     3
  0
TEXT
  5
411
330
2
100
AcDbEntity
  8
Подписи рамок
  6
Continuous
 62
   251
370
     9
100
AcDbText
 10
510.0
 20
14481.667
 30
0.0
 40
8.333
  1
2
  7
Style-RUSSIAN_1251 I 0.00000
 11
510.0
 21
14490.0
 31
0.0
100
AcDbText
 73
     3
  0
TEXT
  5
412
330
2
100
AcDbEntity
  8
Подписи рамок
  6
Continuous
 62
   251
370
     9
100
AcDbText
 10
760.0
 20
14481.667
 30
0.0
 40
8.333
  1
3
  7
Style-RUSSIAN_1251 I 0.00000
 11
760.0
 21
14490.0
 31
0.0
100
AcDbText
 73
     3
  0
TEXT
  5
413
330
2
100
AcDbEntity
  8
Подписи рамок
  6
Continuous
 62
   251
370
     9
100
AcDbText
 10
260.0
 20
14231.667
 30
0.0
 40
8.333
  1
4
  7
Style-RUSSIAN_1251 I 0.00000
 11
260.0
 21
14240.0
 31
0.0
100
AcDbText
 73
     3
  0
TEXT
  5
414
330
2
100
AcDbEntity
  8
Подписи рамок
  6
Continuous
 62
   251
370
     9
100
AcDbText
 10
510.0
 20
14231.667
 30
0.0
 40
8.333
  1
5
  7
Style-RUSSIAN_1251 I 0.00000
 11
510.0
 21
14240.0
 31
0.0
100
AcDbText
 73
     3
  0
ENDSEC
  0
SECTION
  2
OBJECTS
  0
DICTIONARY
  5
9
330
0
100
AcDbDictionary
281
     1
  3
ACAD_CIP_PREVIOUS_PRODUCT_INFO
350
450
  3
ACAD_COLOR
350
49
  3
ACAD_DETAILVIEWSTYLE
350
44B
  3
ACAD_GROUP
350
35
  3
ACAD_LAYOUT
350
17
  3
ACAD_MATERIAL
350
B
  3
ACAD_MLEADERSTYLE
350
4C
  3
ACAD_MLINESTYLE
350
36
  3
ACAD_PLOTSETTINGS
350
37
  3
ACAD_PLOTSTYLENAME
350
8
  3
ACAD_SCALELIST
350
4A
  3
ACAD_SECTIONVIEWSTYLE
350
449
  3
ACAD_TABLESTYLE
350
4B
  3
ACAD_VISUALSTYLE
350
38
  3
ACDB_RECOMPOSE_DATA
350
4C1
  3
AcDbVariableDictionary
350
424
  0
DICTIONARY
  5
22
330
21
100
AcDbDictionary
280
     1
281
     1
  3
ACAD_LAYERFILTERS
360
23
  3
ACAD_LAYERSTATES
360
24
  3
ACLYDICTIONARY
360
25
  0
DICTIONARY
  5
5
330
4
100
AcDbDictionary
280
     1
281
     1
  3
ADSK_XREC_LAYER_RECONCILED
360
6
  0
DICTIONARY
  5
415
330
2
100
AcDbDictionary
280
     1
281
     1
  3
ACAD_SORTENTS
360
416
  0
XRECORD
  5
450
102
{ACAD_REACTORS
330
9
102
}
330
9
100
AcDbXrecord
280
     1
300

300

300

  0
DICTIONARY
  5
49
102
{ACAD_REACTORS
330
9
102
}
330
9
100
AcDbDictionary
281
     1
  0
DICTIONARY
  5
44B
102
{ACAD_REACTORS
330
9
102
}
330
9
100
AcDbDictionary
281
     1
  3
Imperial24
350
44C
  0
DICTIONARY
  5
35
102
{ACAD_REACTORS
330
9
102
}
330
9
100
AcDbDictionary
281
     1
  0
DICTIONARY
  5
17
102
{ACAD_REACTORS
330
9
102
}
330
9
100
AcDbDictionary
281
     1
  3
Layout1
350
1D
  3
Model
350
16
  0
DICTIONARY
  5
B
102
{ACAD_REACTORS
330
9
102
}
330
9
100
AcDbDictionary
281
     1
  3
ByBlock
350
41
  3
ByLayer
350
39
  3
Global
350
A
  0
DICTIONARY
  5
4C
102
{ACAD_REACTORS
330
9
102
}
330
9
100
AcDbDictionary
281
     1
  3
Standard
350
448
  0
DICTIONARY
  5
36
102
{ACAD_REACTORS
330
9
102
}
330
9
100
AcDbDictionary
281
     1
  3
Standard
350
59
  3
ТРУБА_4_БД_20М_ПР200
350
54
  0
DICTIONARY
  5
37
102
{ACAD_REACTORS
330
9
102
}
330
9
100
AcDbDictionary
281
     1
  0
ACDBDICTIONARYWDFLT
  5
8
102
{ACAD_REACTORS
330
9
102
}
330
9
100
AcDbDictionary
281
     1
  3
Normal
350
7
100
AcDbDictionaryWithDefault
340
7
  0
DICTIONARY
  5
4A
102
{ACAD_REACTORS
330
9
102
}
330
9
100
AcDbDictionary
281
     1
  3
A0
350
5A
  3
A1
350
452
  3
A2
350
453
  3
A3
350
454
  3
A4
350
455
  3
A5
350
456
  3
A6
350
457
  3
A7
350
458
  3
A8
350
459
  3
A9
350
45A
  3
B0
350
45B
  3
B1
350
45C
  3
B2
350
45D
  3
B3
350
45E
  3
B4
350
45F
  3
B5
350
460
  3
B6
350
461
  0
DICTIONARY
  5
449
102
{ACAD_REACTORS
330
9
102
}
330
9
100
AcDbDictionary
281
     1
  3
Imperial24
350
44A
  0
DICTIONARY
  5
4B
102
{ACAD_REACTORS
330
9
102
}
330
9
100
AcDbDictionary
281
     1
  3
Standard
350
55
  0
DICTIONARY
  5
38
102
{ACAD_REACTORS
330
9
102
}
330
9
100
AcDbDictionary
281
     1
  3
2dWireframe
350
437
  3
Basic
350
436
  3
Brighten
350
43B
  3
ColorChange
350
43F
  3
Conceptual
350
439
  3
Dim
350
43A
  3
EdgeColorOff
350
447
  3
Facepattern
350
43E
  3
Flat
350
432
  3
FlatWithEdges
350
433
  3
Gouraud
350
434
  3
GouraudWithEdges
350
435
  3
Hidden
350
438
  3
JitterOff
350
445
  3
Linepattern
350
43D
  3
OverhangOff
350
446
  3
Realistic
350
57
  3
Shaded
350
444
  3
Shaded with edges
350
443
  3
Shades of Gray
350
440
  3
Sketchy
350
441
  3
Thicken
350
43C
  3
Wireframe
350
58
  3
X-Ray
350
442
  0
XRECORD
  5
4C1
102
{ACAD_REACTORS
330
9
102
}
330
9
100
AcDbXrecord
280
     1
 90
        1
330
55
  0
DICTIONARY
  5
424
102
{ACAD_REACTORS
330
9
102
}
330
9
100
AcDbDictionary
281
     1
  3
CANNOSCALE
350
429
  3
CMLEADERSTYLE
350
426
  3
CTABLESTYLE
350
425
  3
CVIEWDETAILSTYLE
350
427
  3
CVIEWSECTIONSTYLE
350
428
  3
DIMASSOC
350
42F
  3
HIDETEXT
350
42D
  3
INDEXCTL
350
42C
  3
LAYEREVAL
350
476
  3
LAYERNOTIFY
350
477
  3
LIGHTINGUNITS
350
42A
  3
MSLTSCALE
350
475
  3
SOLIDHIST
350
430
  3
SORTENTS
350
42B
  3
XCLIPFRAME
350
4BE
  0
DICTIONARY
  5
23
102
{ACAD_REACTORS
330
22
102
}
330
22
100
AcDbDictionary
281
     1
  0
DICTIONARY
  5
24
102
{ACAD_REACTORS
330
22
102
}
330
22
100
AcDbDictionary
281
     1
  0
DICTIONARY
  5
25
102
{ACAD_REACTORS
330
22
102
}
330
22
100
AcDbDictionary
281
     1
  0
XRECORD
  5
6
102
{ACAD_REACTORS
330
5
102
}
330
5
100
AcDbXrecord
280
     1
290
     1
  0
SORTENTSTABLE
  5
416
102
{ACAD_REACTORS
330
415
102
}
330
415
100
AcDbSortentsTable
330
2
  0
ACDBDETAILVIEWSTYLE
  5
44C
102
{ACAD_REACTORS
330
44B
102
}
102
{ACAD_XDICTIONARY
360
4BC
102
}
330
44B
100
AcDbModelDocViewStyle
 70
     0
  3
Imperial24
290
     0
300
Imperial24
 90
        0
100
AcDbDetailViewStyle
 70
     0
 71
     0
 90
        3
 71
     1
340
27
 62
   256
 40
0.24
340
0
 62
   256
 40
0.24
300

 40
0.36
280
     3
 71
     2
340
13
 90
       25
 62
   256
 71
     3
340
27
 62
   256
 40
0.24
 90
        1
 40
0.75
 90
        1
300
%<\AcVar ViewType \f "%tc1">% %<\AcVar ViewDetailId>%\PМАСШТАБ %<\AcVar ViewScale \f "%sn">%
 71
     4
340
13
 90
       25
 62
   256
340
13
 90
       25
 62
   256
280
     0
  0
LAYOUT
  5
1D
102
{ACAD_REACTORS
330
17
102
}
102
{ACAD_XDICTIONARY
360
1E
102
}
330
17
100
AcDbPlotSettings
  1

  2
none_device
  4
Letter_(8.50_x_11.00_Inches)
  6

 40
6.349999904632568
 41
6.349999904632568
 42
6.350006103515625
 43
6.350006103515625
 44
215.8999938964844
 45
279.3999938964844
 46
0.0
 47
0.0
 48
0.0
 49
0.0
140
0.0
141
0.0
142
1.0
143
1.0
 70
   688
 72
     0
 73
     1
 74
     5
  7

 75
    16
 76
     0
 77
     2
 78
   300
147
1.0
148
0.0
149
0.0
100
AcDbLayout
  1
Layout1
 70
     0
 71
     1
 10
-0.2500002402958907
 20
-0.2499999962453767
 11
10.74999951940822
 21
8.249999763458732
 12
0.0
 22
0.0
 32
0.0
 14
1.049999952316284
 24
0.7999999523162842
 34
0.0
 15
9.449999570846556
 25
7.199999570846557
 35
0.0
146
0.0
 13
0.0
 23
0.0
 33
0.0
 16
1.0
 26
0.0
 36
0.0
 17
0.0
 27
1.0
 37
0.0
 76
     0
330
1A
1001
ACAD_PSEXT
1000
None
1000
None
1000
Not applicable
1000
The layout will not be plotted unless a new plotter configuration name is selected.
1070
     0
  0
LAYOUT
  5
16
102
{ACAD_REACTORS
330
17
102
}
102
{ACAD_XDICTIONARY
360
18
102
}
330
17
100
AcDbPlotSettings
  1

  2
none_device
  4
ANSI_A_(8.50_x_11.00_Inches)
  6

 40
6.349999904632568
 41
19.04999923706055
 42
6.350006103515625
 43
19.04998779296875
 44
215.8999938964844
 45
279.3999938964844
 46
0.0
 47
0.0
 48
0.0
 49
0.0
140
0.0
141
0.0
142
1.0
143
2.584895464708374
 70
 11952
 72
     0
 73
     1
 74
     0
  7

 75
     0
 76
     0
 77
     2
 78
   300
147
0.3868628397755418
148
0.0
149
0.0
100
AcDbLayout
  1
Model
 70
     1
 71
     0
 10
0.0
 20
0.0
 11
12.0
 21
9.0
 12
0.0
 22
0.0
 32
0.0
 14
0.0
 24
0.0
 34
0.0
 15
0.0
 25
0.0
 35
0.0
146
0.0
 13
0.0
 23
0.0
 33
0.0
 16
1.0
 26
0.0
 36
0.0
 17
0.0
 27
1.0
 37
0.0
 76
     0
330
2
331
2F
  0
MATERIAL
  5
41
102
{ACAD_REACTORS
330
B
102
}
330
B
100
AcDbMaterial
  1
ByBlock
 72
     0
 73
     2
 43
0.0208333333333333
 43
0.0
 43
0.0
 43
0.0
 43
0.0
 43
0.0208333333333333
 43
0.0
 43
0.0
 43
0.0
 43
0.0
 43
1.0
 43
0.0
 43
0.0
 43
0.0
 43
0.0
 43
1.0
 77
     0
 78
     2
 47
0.0208333333333333
 47
0.0
 47
0.0
 47
0.0
 47
0.0
 47
0.0208333333333333
 47
0.0
 47
0.0
 47
0.0
 47
0.0
 47
1.0
 47
0.0
 47
0.0
 47
0.0
 47
0.0
 47
1.0
171
     0
172
     2
 49
0.0208333333333333
 49
0.0
 49
0.0
 49
0.0
 49
0.0
 49
0.0208333333333333
 49
0.0
 49
0.0
 49
0.0
 49
0.0
 49
1.0
 49
0.0
 49
0.0
 49
0.0
 49
0.0
 49
1.0
175
     0
176
     2
142
0.0208333333333333
142
0.0
142
0.0
142
0.0
142
0.0
142
0.0208333333333333
142
0.0
142
0.0
142
0.0
142
0.0
142
1.0
142
0.0
142
0.0
142
0.0
142
0.0
142
1.0
179
     0
270
     2
144
0.0208333333333333
144
0.0
144
0.0
144
0.0
144
0.0
144
0.0208333333333333
144
0.0
144
0.0
144
0.0
144
0.0
144
1.0
144
0.0
144
0.0
144
0.0
144
0.0
144
1.0
274
     2
147
0.0208333333333333
147
0.0
147
0.0
147
0.0
147
0.0
147
0.0208333333333333
147
0.0
147
0.0
147
0.0
147
0.0
147
1.0
147
0.0
147
0.0
147
0.0
147
0.0
147
1.0
 94
      127
  0
MATERIAL
  5
39
102
{ACAD_REACTORS
330
B
102
}
330
B
100
AcDbMaterial
  1
ByLayer
 72
     0
 73
     2
 43
0.0208333333333333
 43
0.0
 43
0.0
 43
0.0
 43
0.0
 43
0.0208333333333333
 43
0.0
 43
0.0
 43
0.0
 43
0.0
 43
1.0
 43
0.0
 43
0.0
 43
0.0
 43
0.0
 43
1.0
 77
     0
 78
     2
 47
0.0208333333333333
 47
0.0
 47
0.0
 47
0.0
 47
0.0
 47
0.0208333333333333
 47
0.0
 47
0.0
 47
0.0
 47
0.0
 47
1.0
 47
0.0
 47
0.0
 47
0.0
 47
0.0
 47
1.0
171
     0
172
     2
 49
0.0208333333333333
 49
0.0
 49
0.0
 49
0.0
 49
0.0
 49
0.0208333333333333
 49
0.0
 49
0.0
 49
0.0
 49
0.0
 49
1.0
 49
0.0
 49
0.0
 49
0.0
 49
0.0
 49
1.0
175
     0
176
     2
142
0.0208333333333333
142
0.0
142
0.0
142
0.0
142
0.0
142
0.0208333333333333
142
0.0
142
0.0
142
0.0
142
0.0
142
1.0
142
0.0
142
0.0
142
0.0
142
0.0
142
1.0
179
     0
270
     2
144
0.0208333333333333
144
0.0
144
0.0
144
0.0
144
0.0
144
0.0208333333333333
144
0.0
144
0.0
144
0.0
144
0.0
144
1.0
144
0.0
144
0.0
144
0.0
144
0.0
144
1.0
274
     2
147
0.0208333333333333
147
0.0
147
0.0
147
0.0
147
0.0
147
0.0208333333333333
147
0.0
147
0.0
147
0.0
147
0.0
147
1.0
147
0.0
147
0.0
147
0.0
147
0.0
147
1.0
 94
      127
  0
MATERIAL
  5
A
102
{ACAD_REACTORS
330
B
102
}
330
B
100
AcDbMaterial
  1
Global
 72
     0
 73
     2
 43
0.0208333333333333
 43
0.0
 43
0.0
 43
0.0
 43
0.0
 43
0.0208333333333333
 43
0.0
 43
0.0
 43
0.0
 43
0.0
 43
1.0
 43
0.0
 43
0.0
 43
0.0
 43
0.0
 43
1.0
 77
     0
 78
     2
 47
0.0208333333333333
 47
0.0
 47
0.0
 47
0.0
 47
0.0
 47
0.0208333333333333
 47
0.0
 47
0.0
 47
0.0
 47
0.0
 47
1.0
 47
0.0
 47
0.0
 47
0.0
 47
0.0
 47
1.0
171
     0
172
     2
 49
0.0208333333333333
 49
0.0
 49
0.0
 49
0.0
 49
0.0
 49
0.0208333333333333
 49
0.0
 49
0.0
 49
0.0
 49
0.0
 49
1.0
 49
0.0
 49
0.0
 49
0.0
 49
0.0
 49
1.0
175
     0
176
     2
142
0.0208333333333333
142
0.0
142
0.0
142
0.0
142
0.0
142
0.0208333333333333
142
0.0
142
0.0
142
0.0
142
0.0
142
1.0
142
0.0
142
0.0
142
0.0
142
0.0
142
1.0
179
     0
270
     2
144
0.0208333333333333
144
0.0
144
0.0
144
0.0
144
0.0
144
0.0208333333333333
144
0.0
144
0.0
144
0.0
144
0.0
144
1.0
144
0.0
144
0.0
144
0.0
144
0.0
144
1.0
274
     2
147
0.0208333333333333
147
0.0
147
0.0
147
0.0
147
0.0
147
0.0208333333333333
147
0.0
147
0.0
147
0.0
147
0.0
147
1.0
147
0.0
147
0.0
147
0.0
147
0.0
147
1.0
 94
      127
  0
MLEADERSTYLE
  5
448
102
{ACAD_REACTORS
330
4C
102
}
330
4C
100
AcDbMLeaderStyle
179
     2
170
     2
171
     1
172
     0
 90
        2
 40
0.0
 41
0.0
173
     1
 91
-1056964608
340
2A
 92
       -2
290
     1
 42
0.09
291
     1
 43
0.36
  3
Standard
341
0
 44
0.18
300

342
27
174
     1
178
     6
175
     1
176
     0
 93
-1056964608
 45
0.18
292
     0
297
     0
 46
0.18
343
0
 94
-1056964608
 47
1.0
 49
1.0
140
1.0
293
     1
141
0.0
294
     1
177
     0
142
1.0
295
     0
296
     0
143
0.125
271
     0
272
     9
273
     9
298
     1
  0
MLINESTYLE
  5
59
102
{ACAD_REACTORS
330
36
102
}
330
36
100
AcDbMlineStyle
  2
STANDARD
 70
     0
  3

 62
   256
 51
90.0
 52
90.0
 71
     2
 49
0.5
 62
   256
  6
BYLAYER
 49
-0.5
 62
   256
  6
BYLAYER
  0
MLINESTYLE
  5
54
102
{ACAD_REACTORS
330
36
102
}
330
36
100
AcDbMlineStyle
  2
ТРУБА_4_БД_20М_ПР200
 70
   272
  3

 62
     7
 51
90.0
 52
90.0
 71
     3
 49
0.25
 62
     7
  6
Continuous
 49
0.0
 62
     1
  6
Continuous
 49
-0.25
 62
     7
  6
Continuous
  0
ACDBPLACEHOLDER
  5
7
102
{ACAD_REACTORS
330
8
102
}
330
8
  0
SCALE
  5
5A
102
{ACAD_REACTORS
330
4A
102
}
330
4A
100
AcDbScale
 70
     0
300
1:1
140
1.0
141
1.0
290
     1
  0
SCALE
  5
452
102
{ACAD_REACTORS
330
4A
102
}
330
4A
100
AcDbScale
 70
     0
300
1/128" = 1'-0"
140
0.0078125
141
12.0
290
     0
  0
SCALE
  5
453
102
{ACAD_REACTORS
330
4A
102
}
330
4A
100
AcDbScale
 70
     0
300
1/64" = 1'-0"
140
0.015625
141
12.0
290
     0
  0
SCALE
  5
454
102
{ACAD_REACTORS
330
4A
102
}
330
4A
100
AcDbScale
 70
     0
300
1/32" = 1'-0"
140
0.03125
141
12.0
290
     0
  0
SCALE
  5
455
102
{ACAD_REACTORS
330
4A
102
}
330
4A
100
AcDbScale
 70
     0
300
1/16" = 1'-0"
140
0.0625
141
12.0
290
     0
  0
SCALE
  5
456
102
{ACAD_REACTORS
330
4A
102
}
330
4A
100
AcDbScale
 70
     0
300
3/32" = 1'-0"
140
0.09375
141
12.0
290
     0
  0
SCALE
  5
457
102
{ACAD_REACTORS
330
4A
102
}
330
4A
100
AcDbScale
 70
     0
300
1/8" = 1'-0"
140
0.125
141
12.0
290
     0
  0
SCALE
  5
458
102
{ACAD_REACTORS
330
4A
102
}
330
4A
100
AcDbScale
 70
     0
300
3/16" = 1'-0"
140
0.1875
141
12.0
290
     0
  0
SCALE
  5
459
102
{ACAD_REACTORS
330
4A
102
}
330
4A
100
AcDbScale
 70
     0
300
1/4" = 1'-0"
140
0.25
141
12.0
290
     0
  0
SCALE
  5
45A
102
{ACAD_REACTORS
330
4A
102
}
330
4A
100
AcDbScale
 70
     0
300
3/8" = 1'-0"
140
0.375
141
12.0
290
     0
  0
SCALE
  5
45B
102
{ACAD_REACTORS
330
4A
102
}
330
4A
100
AcDbScale
 70
     0
300
1/2" = 1'-0"
140
0.5
141
12.0
290
     0
  0
SCALE
  5
45C
102
{ACAD_REACTORS
330
4A
102
}
330
4A
100
AcDbScale
 70
     0
300
3/4" = 1'-0"
140
0.75
141
12.0
290
     0
  0
SCALE
  5
45D
102
{ACAD_REACTORS
330
4A
102
}
330
4A
100
AcDbScale
 70
     0
300
1" = 1'-0"
140
1.0
141
12.0
290
     0
  0
SCALE
  5
45E
102
{ACAD_REACTORS
330
4A
102
}
330
4A
100
AcDbScale
 70
     0
300
1-1/2" = 1'-0"
140
1.5
141
12.0
290
     0
  0
SCALE
  5
45F
102
{ACAD_REACTORS
330
4A
102
}
330
4A
100
AcDbScale
 70
     0
300
3" = 1'-0"
140
3.0
141
12.0
290
     0
  0
SCALE
  5
460
102
{ACAD_REACTORS
330
4A
102
}
330
4A
100
AcDbScale
 70
     0
300
6" = 1'-0"
140
6.0
141
12.0
290
     0
  0
SCALE
  5
461
102
{ACAD_REACTORS
330
4A
102
}
330
4A
100
AcDbScale
 70
     0
300
1'-0" = 1'-0"
140
12.0
141
12.0
290
     0
  0
ACDBSECTIONVIEWSTYLE
  5
44A
102
{ACAD_REACTORS
330
449
102
}
102
{ACAD_XDICTIONARY
360
4BA
102
}
330
449
100
AcDbModelDocViewStyle
 70
     0
  3
Imperial24
290
     0
300
Imperial24
 90
        0
100
AcDbSectionViewStyle
 70
     0
 71
     0
 90
       78
 71
     1
340
27
 62
   256
 40
0.24
340
0
340
0
 62
   256
 40
0.24
300
I, O, Q, S, X, Z
 40
0.48
 90
        3
 40
0.18
 90
        1
 71
     2
340
13
 90
       25
 62
   256
340
13
 90
       50
 62
   256
 40
0.24
 40
0.0
 40
0.24
 71
     3
340
27
 62
   256
 40
0.24
 90
        1
 40
0.75
 90
        1
300
%<\AcVar ViewType \f "%tc1">% %<\AcVar ViewSectionStartId>%-%<\AcVar ViewSectionEndId>%\PМАСШТАБ %<\AcVar ViewScale \f "%sn">%
 71
     4
 62
   256
 62
   257
300
ANSI31
 40
1.0
 90
        0
290
     0
290
     0
 90
        6
 40
0.0
 40
1.570796326794897
 40
0.2617993877991494
 40
1.308996938995747
 40
-0.2617993877991494
 40
1.832595714594046
  0
TABLESTYLE
  5
55
102
{ACAD_REACTORS
330
4B
102
}
102
{ACAD_XDICTIONARY
360
4BF
102
}
330
4B
100
AcDbTableStyle
  3
Standard
 70
     0
 71
     0
 40
0.06
 41
0.06
280
     0
281
     0
  7
Standard
140
0.18
170
     2
 62
     0
 63
   257
283
     0
 90
        4
 91
        0
  1

274
    -2
284
     1
 64
     0
275
    -2
285
     1
 65
     0
276
    -2
286
     1
 66
     0
277
    -2
287
     1
 67
     0
278
    -2
288
     1
 68
     0
279
    -2
289
     1
 69
     0
  7
Standard
140
0.25
170
     5
 62
     0
 63
   257
283
     0
 90
        4
 91
        0
  1

274
    -2
284
     1
 64
     0
275
    -2
285
     1
 65
     0
276
    -2
286
     1
 66
     0
277
    -2
287
     1
 67
     0
278
    -2
288
     1
 68
     0
279
    -2
289
     1
 69
     0
  7
Standard
140
0.18
170
     5
 62
     0
 63
   257
283
     0
 90
        4
 91
        0
  1

274
    -2
284
     1
 64
     0
275
    -2
285
     1
 65
     0
276
    -2
286
     1
 66
     0
277
    -2
287
     1
 67
     0
278
    -2
288
     1
 68
     0
279
    -2
289
     1
 69
     0
  0
VISUALSTYLE
  5
437
102
{ACAD_REACTORS
330
38
102
}
330
38
100
AcDbVisualStyle
  2
2dWireframe
 70
     4
177
     3
291
     0
 70
    58
 90
        0
176
     1
 90
        2
176
     1
 90
        0
176
     1
 90
        0
176
     1
 40
-0.6
176
     1
 40
-30.0
176
     1
 62
     7
420
 16777215
176
     1
 90
        1
176
     1
 90
        4
176
     1
 62
     7
176
     1
 62
   257
176
     1
 90
        1
176
     1
 90
        1
176
     1
 40
1.0
176
     1
 90
        0
176
     1
 62
   257
176
     1
 40
1.0
176
     1
 90
        1
176
     1
 90
        6
176
     1
 90
        2
176
     1
 62
     7
176
     1
 90
        5
176
     1
 90
        0
176
     1
 90
        0
176
     1
290
     0
176
     1
 90
        1
176
     1
 40
0.0
176
     1
 90
        0
176
     1
290
     1
176
     1
290
     1
176
     1
290
     0
176
     1
290
     0
176
     1
290
     0
176
     1
290
     0
176
     1
290
     0
176
     1
290
     0
176
     1
290
     0
176
     1
 90
       50
176
     1
 40
0.0
176
     1
 40
1.0
176
     1
 90
        0
176
     1
 62
    18
420
        0
176
     1
 90
       50
176
     1
 90
        3
176
     1
 62
     5
420
      255
176
     1
290
     0
176
     1
 90
       50
176
     1
 90
       50
176
     1
 90
       50
176
     1
290
     0
176
     1
 90
       50
176
     1
 62
   256
176
     0
 40
1.0
176
     0
 90
        2
176
     1
  1
strokes_ogs.tif
176
     1
290
     0
176
     1
 40
1.0
176
     1
 40
1.0
176
     1
  0
VISUALSTYLE
  5
436
102
{ACAD_REACTORS
330
38
102
}
330
38
100
AcDbVisualStyle
  2
Basic
 70
     7
177
     3
291
     1
 70
    58
 90
        1
176
     1
 90
        0
176
     1
 90
        1
176
     1
 90
        0
176
     1
 40
-0.6
176
     1
 40
-30.0
176
     1
 62
     7
420
 16777215
176
     1
 90
        0
176
     1
 90
        4
176
     1
 62
     7
176
     1
 62
   257
176
     1
 90
        1
176
     1
 90
        1
176
     1
 40
1.0
176
     1
 90
        8
176
     1
 62
     7
176
     1
 40
1.0
176
     1
 90
        1
176
     1
 90
        6
176
     1
 90
        2
176
     1
 62
     7
176
     1
 90
        5
176
     1
 90
        0
176
     1
 90
        0
176
     1
290
     0
176
     1
 90
        1
176
     1
 40
0.0
176
     1
 90
        0
176
     1
290
     0
176
     1
290
     1
176
     1
290
     1
176
     1
290
     0
176
     1
290
     0
176
     1
290
     0
176
     1
290
     0
176
     1
290
     0
176
     1
290
     0
176
     1
 90
       50
176
     1
 40
0.0
176
     1
 40
1.0
176
     1
 90
        0
176
     1
 62
    18
420
        0
176
     1
 90
       50
176
     1
 90
        3
176
     1
 62
     5
420
      255
176
     1
290
     0
176
     1
 90
       50
176
     1
 90
       50
176
     1
 90
       50
176
     1
290
     0
176
     1
 90
       50
176
     1
 62
   256
176
     0
 40
1.0
176
     0
 90
        2
176
     1
  1
strokes_ogs.tif
176
     1
290
     0
176
     1
 40
1.0
176
     1
 40
1.0
176
     1
  0
VISUALSTYLE
  5
43B
102
{ACAD_REACTORS
330
38
102
}
330
38
100
AcDbVisualStyle
  2
Brighten
 70
    12
177
     3
291
     1
 70
    58
 90
        2
176
     1
 90
        2
176
     1
 90
        0
176
     1
 90
        0
176
     1
 40
-0.6
176
     1
 40
-30.0
176
     1
 62
     7
420
 16777215
176
     1
 90
        1
176
     1
 90
        4
176
     1
 62
     7
176
     1
 62
   257
176
     1
 90
        1
176
     1
 90
        1
176
     1
 40
1.0
176
     1
 90
        8
176
     1
 62
     7
176
     1
 40
1.0
176
     1
 90
        1
176
     1
 90
        6
176
     1
 90
        2
176
     1
 62
     7
176
     1
 90
        5
176
     1
 90
        0
176
     1
 90
        0
176
     1
290
     0
176
     1
 90
        1
176
     1
 40
50.0
176
     1
 90
        0
176
     1
290
     0
176
     1
290
     1
176
     1
290
     1
176
     1
290
     0
176
     1
290
     0
176
     1
290
     0
176
     1
290
     0
176
     1
290
     0
176
     1
290
     0
176
     1
 90
       50
176
     1
 40
0.0
176
     1
 40
1.0
176
     1
 90
        0
176
     1
 62
    18
420
        0
176
     1
 90
       50
176
     1
 90
        3
176
     1
 62
     5
420
      255
176
     1
290
     0
176
     1
 90
       50
176
     1
 90
       50
176
     1
 90
       50
176
     1
290
     0
176
     1
 90
       50
176
     1
 62
   256
176
     0
 40
1.0
176
     0
 90
        2
176
     1
  1
strokes_ogs.tif
176
     1
290
     0
176
     1
 40
1.0
176
     1
 40
1.0
176
     1
  0
VISUALSTYLE
  5
43F
102
{ACAD_REACTORS
330
38
102
}
330
38
100
AcDbVisualStyle
  2
ColorChange
 70
    16
177
     3
291
     1
 70
    58
 90
        2
176
     1
 90
        2
176
     1
 90
        3
176
     1
 90
        0
176
     1
 40
-0.6
176
     1
 40
-30.0
176
     1
 62
     8
420
  8421504
176
     1
 90
        1
176
     1
 90
        4
176
     1
 62
     7
176
     1
 62
   257
176
     1
 90
        1
176
     1
 90
        1
176
     1
 40
1.0
176
     1
 90
        8
176
     1
 62
     8
420
  8421504
176
     1
 40
1.0
176
     1
 90
        1
176
     1
 90
        6
176
     1
 90
        2
176
     1
 62
     7
176
     1
 90
        5
176
     1
 90
        0
176
     1
 90
        0
176
     1
290
     0
176
     1
 90
        1
176
     1
 40
0.0
176
     1
 90
        0
176
     1
290
     0
176
     1
290
     1
176
     1
290
     1
176
     1
290
     0
176
     1
290
     0
176
     1
290
     0
176
     1
290
     0
176
     1
290
     0
176
     1
290
     0
176
     1
 90
       50
176
     1
 40
0.0
176
     1
 40
1.0
176
     1
 90
        0
176
     1
 62
    18
420
        0
176
     1
 90
       50
176
     1
 90
        3
176
     1
 62
     5
420
      255
176
     1
290
     0
176
     1
 90
       50
176
     1
 90
       50
176
     1
 90
       50
176
     1
290
     0
176
     1
 90
       50
176
     1
 62
   256
176
     0
 40
1.0
176
     0
 90
        2
176
     1
  1
strokes_ogs.tif
176
     1
290
     0
176
     1
 40
1.0
176
     1
 40
1.0
176
     1
  0
VISUALSTYLE
  5
439
102
{ACAD_REACTORS
330
38
102
}
330
38
100
AcDbVisualStyle
  2
Conceptual
 70
     9
177
     3
291
     0
 70
    58
 90
        3
176
     1
 90
        2
176
     1
 90
        0
176
     1
 90
        0
176
     1
 40
-0.6
176
     1
 40
-30.0
176
     1
 62
     7
420
 16777215
176
     1
 90
        2
176
     1
 90
        2
176
     1
 62
     7
176
     1
 62
   257
176
     1
 90
        1
176
     1
 90
        1
176
     1
 40
179.0
176
     1
 90
        8
176
     1
 62
     7
176
     1
 40
1.0
176
     1
 90
        1
176
     1
 90
        6
176
     1
 90
        2
176
     1
 62
     7
176
     1
 90
        3
176
     1
 90
        0
176
     1
 90
        0
176
     1
290
     0
176
     1
 90
        1
176
     1
 40
0.0
176
     1
 90
        0
176
     1
290
     0
176
     1
290
     1
176
     1
290
     1
176
     1
290
     0
176
     1
290
     0
176
     1
290
     0
176
     1
290
     0
176
     1
290
     0
176
     1
290
     0
176
     1
 90
       50
176
     1
 40
0.0
176
     1
 40
1.0
176
     1
 90
        0
176
     1
 62
    18
420
        0
176
     1
 90
       50
176
     1
 90
        3
176
     1
 62
     5
420
      255
176
     1
290
     0
176
     1
 90
       50
176
     1
 90
       50
176
     1
 90
       50
176
     1
290
     0
176
     1
 90
       50
176
     1
 62
   256
176
     0
 40
1.0
176
     0
 90
        2
176
     1
  1
strokes_ogs.tif
176
     1
290
     0
176
     1
 40
1.0
176
     1
 40
1.0
176
     1
  0
VISUALSTYLE
  5
43A
102
{ACAD_REACTORS
330
38
102
}
330
38
100
AcDbVisualStyle
  2
Dim
 70
    11
177
     3
291
     1
 70
    58
 90
        2
176
     1
 90
        2
176
     1
 90
        0
176
     1
 90
        0
176
     1
 40
-0.6
176
     1
 40
-30.0
176
     1
 62
     7
420
 16777215
176
     1
 90
        1
176
     1
 90
        4
176
     1
 62
     7
176
     1
 62
   257
176
     1
 90
        1
176
     1
 90
        1
176
     1
 40
1.0
176
     1
 90
        8
176
     1
 62
     7
176
     1
 40
1.0
176
     1
 90
        1
176
     1
 90
        6
176
     1
 90
        2
176
     1
 62
     7
176
     1
 90
        5
176
     1
 90
        0
176
     1
 90
        0
176
     1
290
     0
176
     1
 90
        1
176
     1
 40
-50.0
176
     1
 90
        0
176
     1
290
     0
176
     1
290
     1
176
     1
290
     1
176
     1
290
     0
176
     1
290
     0
176
     1
290
     0
176
     1
290
     0
176
     1
290
     0
176
     1
290
     0
176
     1
 90
       50
176
     1
 40
0.0
176
     1
 40
1.0
176
     1
 90
        0
176
     1
 62
    18
420
        0
176
     1
 90
       50
176
     1
 90
        3
176
     1
 62
     5
420
      255
176
     1
290
     0
176
     1
 90
       50
176
     1
 90
       50
176
     1
 90
       50
176
     1
290
     0
176
     1
 90
       50
176
     1
 62
   256
176
     0
 40
1.0
176
     0
 90
        2
176
     1
  1
strokes_ogs.tif
176
     1
290
     0
176
     1
 40
1.0
176
     1
 40
1.0
176
     1
  0
VISUALSTYLE
  5
447
102
{ACAD_REACTORS
330
38
102
}
330
38
100
AcDbVisualStyle
  2
EdgeColorOff
 70
    22
177
     3
291
     1
 70
    58
 90
        2
176
     0
 90
        2
176
     0
 90
        0
176
     0
 90
        0
176
     0
 40
-0.6
176
     0
 40
-30.0
176
     0
 62
     7
420
 16777215
176
     0
 90
        1
176
     0
 90
        4
176
     0
 62
     7
176
     0
 62
   257
176
     0
 90
        1
176
     0
 90
        1
176
     0
 40
1.0
176
     0
 90
        8
176
     2
 62
     7
176
     0
 40
1.0
176
     0
 90
        1
176
     0
 90
        6
176
     0
 90
        2
176
     0
 62
     7
176
     0
 90
        5
176
     0
 90
        0
176
     0
 90
        0
176
     0
290
     0
176
     0
 90
        1
176
     0
 40
0.0
176
     0
 90
        0
176
     0
290
     0
176
     0
290
     1
176
     0
290
     1
176
     0
290
     0
176
     0
290
     0
176
     0
290
     0
176
     0
290
     0
176
     0
290
     0
176
     0
290
     0
176
     0
 90
       50
176
     0
 40
0.0
176
     0
 40
1.0
176
     0
 90
        0
176
     0
 62
    18
420
        0
176
     0
 90
       50
176
     0
 90
        3
176
     0
 62
     5
420
      255
176
     0
290
     0
176
     0
 90
       50
176
     0
 90
       50
176
     0
 90
       50
176
     0
290
     0
176
     0
 90
       50
176
     0
 62
   256
176
     0
 40
1.0
176
     0
 90
        2
176
     0
  1
strokes_ogs.tif
176
     0
290
     0
176
     0
 40
1.0
176
     0
 40
1.0
176
     0
  0
VISUALSTYLE
  5
43E
102
{ACAD_REACTORS
330
38
102
}
330
38
100
AcDbVisualStyle
  2
Facepattern
 70
    15
177
     3
291
     1
 70
    58
 90
        2
176
     1
 90
        2
176
     1
 90
        0
176
     1
 90
        0
176
     1
 40
-0.6
176
     1
 40
-30.0
176
     1
 62
     7
420
 16777215
176
     1
 90
        1
176
     1
 90
        4
176
     1
 62
     7
176
     1
 62
   257
176
     1
 90
        1
176
     1
 90
        1
176
     1
 40
1.0
176
     1
 90
        8
176
     1
 62
     7
176
     1
 40
1.0
176
     1
 90
        1
176
     1
 90
        6
176
     1
 90
        2
176
     1
 62
     7
176
     1
 90
        5
176
     1
 90
        0
176
     1
 90
        0
176
     1
290
     0
176
     1
 90
        1
176
     1
 40
0.0
176
     1
 90
        0
176
     1
290
     0
176
     1
290
     1
176
     1
290
     1
176
     1
290
     0
176
     1
290
     0
176
     1
290
     0
176
     1
290
     0
176
     1
290
     0
176
     1
290
     0
176
     1
 90
       50
176
     1
 40
0.0
176
     1
 40
1.0
176
     1
 90
        0
176
     1
 62
    18
420
        0
176
     1
 90
       50
176
     1
 90
        3
176
     1
 62
     5
420
      255
176
     1
290
     0
176
     1
 90
       50
176
     1
 90
       50
176
     1
 90
       50
176
     1
290
     0
176
     1
 90
       50
176
     1
 62
   256
176
     0
 40
1.0
176
     0
 90
        2
176
     1
  1
strokes_ogs.tif
176
     1
290
     0
176
     1
 40
1.0
176
     1
 40
1.0
176
     1
  0
VISUALSTYLE
  5
432
102
{ACAD_REACTORS
330
38
102
}
330
38
100
AcDbVisualStyle
  2
Flat
 70
     0
177
     3
291
     1
 70
    58
 90
        2
176
     1
 90
        1
176
     1
 90
        1
176
     1
 90
        2
176
     1
 40
-0.6
176
     1
 40
30.0
176
     1
 62
     7
420
 16777215
176
     1
 90
        0
176
     1
 90
        0
176
     1
 62
     7
176
     1
 62
   257
176
     1
 90
        1
176
     1
 90
        1
176
     1
 40
1.0
176
     1
 90
        8
176
     1
 62
     7
176
     1
 40
1.0
176
     1
 90
        1
176
     1
 90
        6
176
     1
 90
        2
176
     1
 62
     7
176
     1
 90
        5
176
     1
 90
        0
176
     1
 90
        0
176
     1
290
     0
176
     1
 90
       13
176
     1
 40
0.0
176
     1
 90
        0
176
     1
290
     0
176
     1
290
     1
176
     1
290
     1
176
     1
290
     0
176
     1
290
     0
176
     1
290
     0
176
     1
290
     0
176
     1
290
     0
176
     1
290
     0
176
     1
 90
       50
176
     1
 40
0.0
176
     1
 40
1.0
176
     1
 90
        0
176
     1
 62
    18
420
        0
176
     1
 90
       50
176
     1
 90
        3
176
     1
 62
     5
420
      255
176
     1
290
     0
176
     1
 90
       50
176
     1
 90
       50
176
     1
 90
       50
176
     1
290
     0
176
     1
 90
       50
176
     1
 62
   256
176
     0
 40
1.0
176
     0
 90
        2
176
     1
  1
strokes_ogs.tif
176
     1
290
     0
176
     1
 40
1.0
176
     1
 40
1.0
176
     1
  0
VISUALSTYLE
  5
433
102
{ACAD_REACTORS
330
38
102
}
330
38
100
AcDbVisualStyle
  2
FlatWithEdges
 70
     1
177
     3
291
     1
 70
    58
 90
        2
176
     1
 90
        1
176
     1
 90
        1
176
     1
 90
        2
176
     1
 40
-0.6
176
     1
 40
30.0
176
     1
 62
     7
420
 16777215
176
     1
 90
        1
176
     1
 90
        0
176
     1
 62
     7
176
     1
 62
   257
176
     1
 90
        1
176
     1
 90
        1
176
     1
 40
1.0
176
     1
 90
        0
176
     1
 62
   257
176
     1
 40
1.0
176
     1
 90
        1
176
     1
 90
        6
176
     1
 90
        2
176
     1
 62
     7
176
     1
 90
        5
176
     1
 90
        0
176
     1
 90
        0
176
     1
290
     0
176
     1
 90
       13
176
     1
 40
0.0
176
     1
 90
        0
176
     1
290
     0
176
     1
290
     1
176
     1
290
     1
176
     1
290
     0
176
     1
290
     0
176
     1
290
     0
176
     1
290
     0
176
     1
290
     0
176
     1
290
     0
176
     1
 90
       50
176
     1
 40
0.0
176
     1
 40
1.0
176
     1
 90
        0
176
     1
 62
    18
420
        0
176
     1
 90
       50
176
     1
 90
        3
176
     1
 62
     5
420
      255
176
     1
290
     0
176
     1
 90
       50
176
     1
 90
       50
176
     1
 90
       50
176
     1
290
     0
176
     1
 90
       50
176
     1
 62
   256
176
     0
 40
1.0
176
     0
 90
        2
176
     1
  1
strokes_ogs.tif
176
     1
290
     0
176
     1
 40
1.0
176
     1
 40
1.0
176
     1
  0
VISUALSTYLE
  5
434
102
{ACAD_REACTORS
330
38
102
}
330
38
100
AcDbVisualStyle
  2
Gouraud
 70
     2
177
     3
291
     1
 70
    58
 90
        2
176
     1
 90
        2
176
     1
 90
        1
176
     1
 90
        2
176
     1
 40
-0.6
176
     1
 40
30.0
176
     1
 62
     7
420
 16777215
176
     1
 90
        0
176
     1
 90
        0
176
     1
 62
     7
176
     1
 62
   257
176
     1
 90
        1
176
     1
 90
        1
176
     1
 40
1.0
176
     1
 90
        0
176
     1
 62
     7
176
     1
 40
1.0
176
     1
 90
        1
176
     1
 90
        6
176
     1
 90
        2
176
     1
 62
     7
176
     1
 90
        5
176
     1
 90
        0
176
     1
 90
        0
176
     1
290
     0
176
     1
 90
       13
176
     1
 40
0.0
176
     1
 90
        0
176
     1
290
     0
176
     1
290
     1
176
     1
290
     1
176
     1
290
     0
176
     1
290
     0
176
     1
290
     0
176
     1
290
     0
176
     1
290
     0
176
     1
290
     0
176
     1
 90
       50
176
     1
 40
0.0
176
     1
 40
1.0
176
     1
 90
        0
176
     1
 62
    18
420
        0
176
     1
 90
       50
176
     1
 90
        3
176
     1
 62
     5
420
      255
176
     1
290
     0
176
     1
 90
       50
176
     1
 90
       50
176
     1
 90
       50
176
     1
290
     0
176
     1
 90
       50
176
     1
 62
   256
176
     0
 40
1.0
176
     0
 90
        2
176
     1
  1
strokes_ogs.tif
176
     1
290
     0
176
     1
 40
1.0
176
     1
 40
1.0
176
     1
  0
VISUALSTYLE
  5
435
102
{ACAD_REACTORS
330
38
102
}
330
38
100
AcDbVisualStyle
  2
GouraudWithEdges
 70
     3
177
     3
291
     1
 70
    58
 90
        2
176
     1
 90
        2
176
     1
 90
        1
176
     1
 90
        2
176
     1
 40
-0.6
176
     1
 40
30.0
176
     1
 62
     7
420
 16777215
176
     1
 90
        1
176
     1
 90
        0
176
     1
 62
     7
176
     1
 62
   257
176
     1
 90
        1
176
     1
 90
        1
176
     1
 40
1.0
176
     1
 90
        0
176
     1
 62
   257
176
     1
 40
1.0
176
     1
 90
        1
176
     1
 90
        6
176
     1
 90
        2
176
     1
 62
     7
176
     1
 90
        5
176
     1
 90
        0
176
     1
 90
        0
176
     1
290
     0
176
     1
 90
       13
176
     1
 40
0.0
176
     1
 90
        0
176
     1
290
     0
176
     1
290
     1
176
     1
290
     1
176
     1
290
     0
176
     1
290
     0
176
     1
290
     0
176
     1
290
     0
176
     1
290
     0
176
     1
290
     0
176
     1
 90
       50
176
     1
 40
0.0
176
     1
 40
1.0
176
     1
 90
        0
176
     1
 62
    18
420
        0
176
     1
 90
       50
176
     1
 90
        3
176
     1
 62
     5
420
      255
176
     1
290
     0
176
     1
 90
       50
176
     1
 90
       50
176
     1
 90
       50
176
     1
290
     0
176
     1
 90
       50
176
     1
 62
   256
176
     0
 40
1.0
176
     0
 90
        2
176
     1
  1
strokes_ogs.tif
176
     1
290
     0
176
     1
 40
1.0
176
     1
 40
1.0
176
     1
  0
VISUALSTYLE
  5
438
102
{ACAD_REACTORS
330
38
102
}
330
38
100
AcDbVisualStyle
  2
Hidden
 70
     6
177
     3
291
     0
 70
    58
 90
        1
176
     1
 90
        2
176
     1
 90
        2
176
     1
 90
        0
176
     1
 40
-0.6
176
     1
 40
-30.0
176
     1
 62
     7
420
 16777215
176
     1
 90
        2
176
     1
 90
        2
176
     1
 62
     7
176
     1
 62
   257
176
     1
 90
        2
176
     1
 90
        1
176
     1
 40
40.0
176
     1
 90
        0
176
     1
 62
   257
176
     1
 40
1.0
176
     1
 90
        1
176
     1
 90
        6
176
     1
 90
        2
176
     1
 62
     7
176
     1
 90
        3
176
     1
 90
        0
176
     1
 90
        0
176
     1
290
     0
176
     1
 90
        1
176
     1
 40
0.0
176
     1
 90
        0
176
     1
290
     0
176
     1
290
     1
176
     1
290
     1
176
     1
290
     0
176
     1
290
     0
176
     1
290
     0
176
     1
290
     0
176
     1
290
     0
176
     1
290
     0
176
     1
 90
       50
176
     1
 40
0.0
176
     1
 40
1.0
176
     1
 90
        0
176
     1
 62
    18
420
        0
176
     1
 90
       50
176
     1
 90
        3
176
     1
 62
     5
420
      255
176
     1
290
     0
176
     1
 90
       50
176
     1
 90
       50
176
     1
 90
       50
176
     1
290
     0
176
     1
 90
       50
176
     1
 62
   256
176
     0
 40
1.0
176
     0
 90
        2
176
     1
  1
strokes_ogs.tif
176
     1
290
     0
176
     1
 40
1.0
176
     1
 40
1.0
176
     1
  0
VISUALSTYLE
  5
445
102
{ACAD_REACTORS
330
38
102
}
330
38
100
AcDbVisualStyle
  2
JitterOff
 70
    20
177
     3
291
     1
 70
    58
 90
        2
176
     0
 90
        2
176
     0
 90
        0
176
     0
 90
        0
176
     0
 40
-0.6
176
     0
 40
-30.0
176
     0
 62
     7
420
 16777215
176
     0
 90
        1
176
     0
 90
        4
176
     0
 62
     7
176
     0
 62
   257
176
     0
 90
        1
176
     0
 90
        1
176
     0
 40
1.0
176
     0
 90
       10
176
     2
 62
     7
176
     0
 40
1.0
176
     0
 90
        1
176
     0
 90
        6
176
     0
 90
        2
176
     0
 62
     7
176
     0
 90
        5
176
     0
 90
        0
176
     0
 90
        0
176
     0
290
     0
176
     0
 90
        1
176
     0
 40
0.0
176
     0
 90
        0
176
     0
290
     0
176
     0
290
     1
176
     0
290
     1
176
     0
290
     0
176
     0
290
     0
176
     0
290
     0
176
     0
290
     0
176
     0
290
     0
176
     0
290
     0
176
     0
 90
       50
176
     0
 40
0.0
176
     0
 40
1.0
176
     0
 90
        0
176
     0
 62
    18
420
        0
176
     0
 90
       50
176
     0
 90
        3
176
     0
 62
     5
420
      255
176
     0
290
     0
176
     0
 90
       50
176
     0
 90
       50
176
     0
 90
       50
176
     0
290
     0
176
     0
 90
       50
176
     0
 62
   256
176
     0
 40
1.0
176
     0
 90
        2
176
     0
  1
strokes_ogs.tif
176
     0
290
     0
176
     0
 40
1.0
176
     0
 40
1.0
176
     0
  0
VISUALSTYLE
  5
43D
102
{ACAD_REACTORS
330
38
102
}
330
38
100
AcDbVisualStyle
  2
Linepattern
 70
    14
177
     3
291
     1
 70
    58
 90
        2
176
     1
 90
        2
176
     1
 90
        0
176
     1
 90
        0
176
     1
 40
-0.6
176
     1
 40
-30.0
176
     1
 62
     7
420
 16777215
176
     1
 90
        1
176
     1
 90
        4
176
     1
 62
     7
176
     1
 62
   257
176
     1
 90
        7
176
     1
 90
        7
176
     1
 40
1.0
176
     1
 90
        8
176
     1
 62
     7
176
     1
 40
1.0
176
     1
 90
        1
176
     1
 90
        6
176
     1
 90
        2
176
     1
 62
     7
176
     1
 90
        5
176
     1
 90
        0
176
     1
 90
        0
176
     1
290
     0
176
     1
 90
        1
176
     1
 40
0.0
176
     1
 90
        0
176
     1
290
     0
176
     1
290
     1
176
     1
290
     1
176
     1
290
     0
176
     1
290
     0
176
     1
290
     0
176
     1
290
     0
176
     1
290
     0
176
     1
290
     0
176
     1
 90
       50
176
     1
 40
0.0
176
     1
 40
1.0
176
     1
 90
        0
176
     1
 62
    18
420
        0
176
     1
 90
       50
176
     1
 90
        3
176
     1
 62
     5
420
      255
176
     1
290
     0
176
     1
 90
       50
176
     1
 90
       50
176
     1
 90
       50
176
     1
290
     0
176
     1
 90
       50
176
     1
 62
   256
176
     0
 40
1.0
176
     0
 90
        2
176
     1
  1
strokes_ogs.tif
176
     1
290
     0
176
     1
 40
1.0
176
     1
 40
1.0
176
     1
  0
VISUALSTYLE
  5
446
102
{ACAD_REACTORS
330
38
102
}
330
38
100
AcDbVisualStyle
  2
OverhangOff
 70
    21
177
     3
291
     1
 70
    58
 90
        2
176
     0
 90
        2
176
     0
 90
        0
176
     0
 90
        0
176
     0
 40
-0.6
176
     0
 40
-30.0
176
     0
 62
     7
420
 16777215
176
     0
 90
        1
176
     0
 90
        4
176
     0
 62
     7
176
     0
 62
   257
176
     0
 90
        1
176
     0
 90
        1
176
     0
 40
1.0
176
     0
 90
        9
176
     2
 62
     7
176
     0
 40
1.0
176
     0
 90
        1
176
     0
 90
        6
176
     0
 90
        2
176
     0
 62
     7
176
     0
 90
        5
176
     0
 90
        0
176
     0
 90
        0
176
     0
290
     0
176
     0
 90
        1
176
     0
 40
0.0
176
     0
 90
        0
176
     0
290
     0
176
     0
290
     1
176
     0
290
     1
176
     0
290
     0
176
     0
290
     0
176
     0
290
     0
176
     0
290
     0
176
     0
290
     0
176
     0
290
     0
176
     0
 90
       50
176
     0
 40
0.0
176
     0
 40
1.0
176
     0
 90
        0
176
     0
 62
    18
420
        0
176
     0
 90
       50
176
     0
 90
        3
176
     0
 62
     5
420
      255
176
     0
290
     0
176
     0
 90
       50
176
     0
 90
       50
176
     0
 90
       50
176
     0
290
     0
176
     0
 90
       50
176
     0
 62
   256
176
     0
 40
1.0
176
     0
 90
        2
176
     0
  1
strokes_ogs.tif
176
     0
290
     0
176
     0
 40
1.0
176
     0
 40
1.0
176
     0
  0
VISUALSTYLE
  5
57
102
{ACAD_REACTORS
330
38
102
}
330
38
100
AcDbVisualStyle
  2
Realistic
 70
     8
177
     3
291
     0
 70
    58
 90
        2
176
     1
 90
        2
176
     1
 90
        0
176
     1
 90
        0
176
     1
 40
-0.6
176
     1
 40
-30.0
176
     1
 62
     7
176
     1
 90
        1
176
     1
 90
        0
176
     1
 62
     7
176
     1
 62
   257
176
     1
 90
        1
176
     1
 90
        1
176
     1
 40
1.0
176
     1
 90
        8
176
     1
 62
     8
176
     1
 40
1.0
176
     1
 90
        1
176
     1
 90
        6
176
     1
 90
        2
176
     1
 62
     7
176
     1
 90
        5
176
     1
 90
        0
176
     1
 90
        0
176
     1
290
     0
176
     1
 90
       13
176
     1
 40
0.0
176
     1
 90
        0
176
     1
290
     0
176
     1
290
     1
176
     1
290
     1
176
     1
290
     0
176
     1
290
     0
176
     1
290
     0
176
     1
290
     0
176
     1
290
     0
176
     1
290
     0
176
     1
 90
       50
176
     1
 40
0.0
176
     1
 40
1.0
176
     1
 90
        0
176
     1
 62
    18
420
        0
176
     1
 90
       50
176
     1
 90
        3
176
     1
 62
     5
420
      255
176
     1
290
     0
176
     1
 90
       50
176
     1
 90
       50
176
     1
 90
       50
176
     1
290
     0
176
     1
 90
       50
176
     1
 62
   256
176
     0
 40
1.0
176
     0
 90
        2
176
     1
  1
strokes_ogs.tif
176
     1
290
     0
176
     1
 40
1.0
176
     1
 40
1.0
176
     1
  0
VISUALSTYLE
  5
444
102
{ACAD_REACTORS
330
38
102
}
330
38
100
AcDbVisualStyle
  2
Shaded
 70
    27
177
     3
291
     0
 70
    58
 90
        2
176
     1
 90
        2
176
     1
 90
        1
176
     1
 90
        2
176
     1
 40
-0.6
176
     1
 40
30.0
176
     1
 62
     7
420
 16777215
176
     1
 90
        0
176
     1
 90
        4
176
     1
 62
     7
176
     1
 62
   257
176
     1
 90
        1
176
     1
 90
        1
176
     1
 40
1.0
176
     1
 90
        8
176
     1
 62
   257
176
     1
 40
1.0
176
     1
 90
        1
176
     1
 90
        6
176
     1
 90
        2
176
     1
 62
     8
420
  7895160
176
     1
 90
        3
176
     1
 90
        0
176
     1
 90
        0
176
     1
290
     0
176
     1
 90
        5
176
     1
 40
0.0
176
     1
 90
        0
176
     1
290
     0
176
     1
290
     1
176
     1
290
     1
176
     1
290
     0
176
     1
290
     0
176
     1
290
     0
176
     1
290
     0
176
     1
290
     0
176
     1
290
     0
176
     1
 90
       50
176
     1
 40
0.0
176
     1
 40
1.0
176
     1
 90
        0
176
     1
 62
    18
420
        0
176
     1
 90
       50
176
     1
 90
        3
176
     1
 62
     5
420
      255
176
     1
290
     0
176
     1
 90
       50
176
     1
 90
       50
176
     1
 90
       50
176
     1
290
     0
176
     1
 90
       50
176
     1
 62
   256
176
     0
 40
1.0
176
     0
 90
        2
176
     1
  1
strokes_ogs.tif
176
     1
290
     0
176
     1
 40
1.0
176
     1
 40
1.0
176
     1
  0
VISUALSTYLE
  5
443
102
{ACAD_REACTORS
330
38
102
}
330
38
100
AcDbVisualStyle
  2
Shaded with edges
 70
    26
177
     3
291
     0
 70
    58
 90
        2
176
     1
 90
        2
176
     1
 90
        1
176
     1
 90
        2
176
     1
 40
-0.6
176
     1
 40
30.0
176
     1
 62
     7
420
 16777215
176
     1
 90
        1
176
     1
 90
        2
176
     1
 62
     7
176
     1
 62
   257
176
     1
 90
        2
176
     1
 90
        1
176
     1
 40
1.0
176
     1
 90
        8
176
     1
 62
   257
176
     1
 40
1.0
176
     1
 90
        1
176
     1
 90
        6
176
     1
 90
        2
176
     1
 62
     7
176
     1
 90
        3
176
     1
 90
        0
176
     1
 90
        0
176
     1
290
     0
176
     1
 90
        5
176
     1
 40
0.0
176
     1
 90
        0
176
     1
290
     0
176
     1
290
     1
176
     1
290
     1
176
     1
290
     0
176
     1
290
     0
176
     1
290
     0
176
     1
290
     0
176
     1
290
     0
176
     1
290
     0
176
     1
 90
       50
176
     1
 40
0.0
176
     1
 40
1.0
176
     1
 90
        0
176
     1
 62
    18
420
        0
176
     1
 90
       50
176
     1
 90
        3
176
     1
 62
     5
420
      255
176
     1
290
     0
176
     1
 90
       50
176
     1
 90
       50
176
     1
 90
       50
176
     1
290
     0
176
     1
 90
       50
176
     1
 62
   256
176
     0
 40
1.0
176
     0
 90
        2
176
     1
  1
strokes_ogs.tif
176
     1
290
     0
176
     1
 40
1.0
176
     1
 40
1.0
176
     1
  0
VISUALSTYLE
  5
440
102
{ACAD_REACTORS
330
38
102
}
330
38
100
AcDbVisualStyle
  2
Shades of Gray
 70
    23
177
     3
291
     0
 70
    58
 90
        2
176
     1
 90
        2
176
     1
 90
        3
176
     1
 90
        0
176
     1
 40
-0.6
176
     1
 40
-30.0
176
     1
 62
     7
420
 16777215
176
     1
 90
        2
176
     1
 90
        2
176
     1
 62
     7
176
     1
 62
     7
176
     1
 90
        1
176
     1
 90
        1
176
     1
 40
40.0
176
     1
 90
        8
176
     1
 62
     7
176
     1
 40
1.0
176
     1
 90
        1
176
     1
 90
        6
176
     1
 90
        2
176
     1
 62
     7
176
     1
 90
        3
176
     1
 90
        0
176
     1
 90
        0
176
     1
290
     0
176
     1
 90
        1
176
     1
 40
0.0
176
     1
 90
        0
176
     1
290
     0
176
     1
290
     1
176
     1
290
     1
176
     1
290
     0
176
     1
290
     0
176
     1
290
     0
176
     1
290
     0
176
     1
290
     0
176
     1
290
     0
176
     1
 90
       50
176
     1
 40
0.0
176
     1
 40
1.0
176
     1
 90
        0
176
     1
 62
    18
420
        0
176
     1
 90
       50
176
     1
 90
        3
176
     1
 62
     5
420
      255
176
     1
290
     0
176
     1
 90
       50
176
     1
 90
       50
176
     1
 90
       50
176
     1
290
     0
176
     1
 90
       50
176
     1
 62
   256
176
     0
 40
1.0
176
     0
 90
        2
176
     1
  1
strokes_ogs.tif
176
     1
290
     0
176
     1
 40
1.0
176
     1
 40
1.0
176
     1
  0
VISUALSTYLE
  5
441
102
{ACAD_REACTORS
330
38
102
}
330
38
100
AcDbVisualStyle
  2
Sketchy
 70
    24
177
     3
291
     0
 70
    58
 90
        1
176
     1
 90
        2
176
     1
 90
        2
176
     1
 90
        0
176
     1
 40
-0.6
176
     1
 40
-30.0
176
     1
 62
     7
420
 16777215
176
     1
 90
        2
176
     1
 90
        2
176
     1
 62
     7
176
     1
 62
     7
176
     1
 90
        1
176
     1
 90
        1
176
     1
 40
40.0
176
     1
 90
       11
176
     1
 62
     7
176
     1
 40
1.0
176
     1
 90
        1
176
     1
 90
        6
176
     1
 90
        2
176
     1
 62
     7
176
     1
 90
        6
176
     1
 90
        0
176
     1
 90
        0
176
     1
290
     0
176
     1
 90
        1
176
     1
 40
0.0
176
     1
 90
        0
176
     1
290
     0
176
     1
290
     1
176
     1
290
     1
176
     1
290
     0
176
     1
290
     0
176
     1
290
     0
176
     1
290
     0
176
     1
290
     0
176
     1
290
     0
176
     1
 90
       50
176
     1
 40
0.0
176
     1
 40
1.0
176
     1
 90
        0
176
     1
 62
    18
420
        0
176
     1
 90
       50
176
     1
 90
        3
176
     1
 62
     5
420
      255
176
     1
290
     0
176
     1
 90
       50
176
     1
 90
       50
176
     1
 90
       50
176
     1
290
     0
176
     1
 90
       50
176
     1
 62
   256
176
     0
 40
1.0
176
     0
 90
        2
176
     1
  1
strokes_ogs.tif
176
     1
290
     0
176
     1
 40
1.0
176
     1
 40
1.0
176
     1
  0
VISUALSTYLE
  5
43C
102
{ACAD_REACTORS
330
38
102
}
330
38
100
AcDbVisualStyle
  2
Thicken
 70
    13
177
     3
291
     1
 70
    58
 90
        2
176
     1
 90
        2
176
     1
 90
        0
176
     1
 90
        0
176
     1
 40
-0.6
176
     1
 40
-30.0
176
     1
 62
     7
420
 16777215
176
     1
 90
        1
176
     1
 90
        4
176
     1
 62
     7
176
     1
 62
   257
176
     1
 90
        1
176
     1
 90
        1
176
     1
 40
1.0
176
     1
 90
       12
176
     1
 62
     7
176
     1
 40
1.0
176
     1
 90
        1
176
     1
 90
        6
176
     1
 90
        2
176
     1
 62
     7
176
     1
 90
        5
176
     1
 90
        0
176
     1
 90
        0
176
     1
290
     0
176
     1
 90
        1
176
     1
 40
0.0
176
     1
 90
        0
176
     1
290
     0
176
     1
290
     1
176
     1
290
     1
176
     1
290
     0
176
     1
290
     0
176
     1
290
     0
176
     1
290
     0
176
     1
290
     0
176
     1
290
     0
176
     1
 90
       50
176
     1
 40
0.0
176
     1
 40
1.0
176
     1
 90
        0
176
     1
 62
    18
420
        0
176
     1
 90
       50
176
     1
 90
        3
176
     1
 62
     5
420
      255
176
     1
290
     0
176
     1
 90
       50
176
     1
 90
       50
176
     1
 90
       50
176
     1
290
     0
176
     1
 90
       50
176
     1
 62
   256
176
     0
 40
1.0
176
     0
 90
        2
176
     1
  1
strokes_ogs.tif
176
     1
290
     0
176
     1
 40
1.0
176
     1
 40
1.0
176
     1
  0
VISUALSTYLE
  5
58
102
{ACAD_REACTORS
330
38
102
}
330
38
100
AcDbVisualStyle
  2
Wireframe
 70
     5
177
     3
291
     0
 70
    58
 90
        0
176
     1
 90
        2
176
     1
 90
        0
176
     1
 90
        0
176
     1
 40
-0.6
176
     1
 40
-30.0
176
     1
 62
     7
176
     1
 90
        1
176
     1
 90
        4
176
     1
 62
     7
176
     1
 62
   257
176
     1
 90
        1
176
     1
 90
        1
176
     1
 40
1.0
176
     1
 90
        0
176
     1
 62
   257
176
     1
 40
1.0
176
     1
 90
        1
176
     1
 90
        6
176
     1
 90
        2
176
     1
 62
     7
176
     1
 90
        3
176
     1
 90
        0
176
     1
 90
        0
176
     1
290
     0
176
     1
 90
        1
176
     1
 40
0.0
176
     1
 90
        0
176
     1
290
     0
176
     1
290
     1
176
     1
290
     1
176
     1
290
     0
176
     1
290
     0
176
     1
290
     0
176
     1
290
     0
176
     1
290
     0
176
     1
290
     0
176
     1
 90
       50
176
     1
 40
0.0
176
     1
 40
1.0
176
     1
 90
        0
176
     1
 62
    18
420
        0
176
     1
 90
       50
176
     1
 90
        3
176
     1
 62
     5
420
      255
176
     1
290
     0
176
     1
 90
       50
176
     1
 90
       50
176
     1
 90
       50
176
     1
290
     0
176
     1
 90
       50
176
     1
 62
   256
176
     0
 40
1.0
176
     0
 90
        2
176
     1
  1
strokes_ogs.tif
176
     1
290
     0
176
     1
 40
1.0
176
     1
 40
1.0
176
     1
  0
VISUALSTYLE
  5
442
102
{ACAD_REACTORS
330
38
102
}
330
38
100
AcDbVisualStyle
  2
X-Ray
 70
    25
177
     3
291
     0
 70
    58
 90
        2
176
     1
 90
        2
176
     1
 90
        1
176
     1
 90
        1
176
     1
 40
0.5
176
     1
 40
-30.0
176
     1
 62
     7
420
 16777215
176
     1
 90
        1
176
     1
 90
        0
176
     1
 62
     7
176
     1
 62
   257
176
     1
 90
        1
176
     1
 90
        1
176
     1
 40
1.0
176
     1
 90
        8
176
     1
 62
     7
176
     1
 40
1.0
176
     1
 90
        1
176
     1
 90
        6
176
     1
 90
        2
176
     1
 62
     7
176
     1
 90
        3
176
     1
 90
        0
176
     1
 90
        0
176
     1
290
     0
176
     1
 90
       13
176
     1
 40
0.0
176
     1
 90
        0
176
     1
290
     0
176
     1
290
     1
176
     1
290
     1
176
     1
290
     0
176
     1
290
     0
176
     1
290
     0
176
     1
290
     0
176
     1
290
     0
176
     1
290
     0
176
     1
 90
       50
176
     1
 40
0.0
176
     1
 40
1.0
176
     1
 90
        0
176
     1
 62
    18
420
        0
176
     1
 90
       50
176
     1
 90
        3
176
     1
 62
     5
420
      255
176
     1
290
     0
176
     1
 90
       50
176
     1
 90
       50
176
     1
 90
       50
176
     1
290
     0
176
     1
 90
       50
176
     1
 62
   256
176
     0
 40
1.0
176
     0
 90
        2
176
     1
  1
strokes_ogs.tif
176
     1
290
     0
176
     1
 40
1.0
176
     1
 40
1.0
176
     1
  0
DICTIONARYVAR
  5
429
102
{ACAD_REACTORS
330
424
102
}
330
424
100
DictionaryVariables
280
     0
  1
1:1
  0
DICTIONARYVAR
  5
426
102
{ACAD_REACTORS
330
424
102
}
330
424
100
DictionaryVariables
280
     0
  1
Standard
  0
DICTIONARYVAR
  5
425
102
{ACAD_REACTORS
330
424
102
}
330
424
100
DictionaryVariables
280
     0
  1
Standard
  0
DICTIONARYVAR
  5
427
102
{ACAD_REACTORS
330
424
102
}
330
424
100
DictionaryVariables
280
     0
  1
Imperial24
  0
DICTIONARYVAR
  5
428
102
{ACAD_REACTORS
330
424
102
}
330
424
100
DictionaryVariables
280
     0
  1
Imperial24
  0
DICTIONARYVAR
  5
42F
102
{ACAD_REACTORS
330
424
102
}
330
424
100
DictionaryVariables
280
     0
  1
1
  0
DICTIONARYVAR
  5
42D
102
{ACAD_REACTORS
330
424
102
}
330
424
100
DictionaryVariables
280
     0
  1
1
  0
DICTIONARYVAR
  5
42C
102
{ACAD_REACTORS
330
424
102
}
330
424
100
DictionaryVariables
280
     0
  1
0
  0
DICTIONARYVAR
  5
476
102
{ACAD_REACTORS
330
424
102
}
330
424
100
DictionaryVariables
280
     0
  1
1
  0
DICTIONARYVAR
  5
477
102
{ACAD_REACTORS
330
424
102
}
330
424
100
DictionaryVariables
280
     0
  1
15
  0
DICTIONARYVAR
  5
42A
102
{ACAD_REACTORS
330
424
102
}
330
424
100
DictionaryVariables
280
     0
  1
2
  0
DICTIONARYVAR
  5
475
102
{ACAD_REACTORS
330
424
102
}
330
424
100
DictionaryVariables
280
     0
  1
0
  0
DICTIONARYVAR
  5
430
102
{ACAD_REACTORS
330
424
102
}
330
424
100
DictionaryVariables
280
     0
  1
1
  0
DICTIONARYVAR
  5
42B
102
{ACAD_REACTORS
330
424
102
}
330
424
100
DictionaryVariables
280
     0
  1
127
  0
DICTIONARYVAR
  5
4BE
102
{ACAD_REACTORS
330
424
102
}
330
424
100
DictionaryVariables
280
     0
  1
2
  0
DICTIONARY
  5
4BC
330
44C
100
AcDbDictionary
280
     1
281
     1
  0
DICTIONARY
  5
1E
330
1D
100
AcDbDictionary
280
     1
281
     1
  3
ADSK_XREC_LAYOUTTHUMBNAIL
360
486
  0
DICTIONARY
  5
18
330
16
100
AcDbDictionary
280
     1
281
     1
  3
ADSK_XREC_LAYOUTTHUMBNAIL
360
485
  0
DICTIONARY
  5
4BA
330
44A
100
AcDbDictionary
280
     1
281
     1
  0
DICTIONARY
  5
4BF
330
55
100
AcDbDictionary
280
     1
281
     1
  3
ACAD_ROUNDTRIP_2008_TABLESTYLE_CELLSTYLEMAP
360
4C0
  0
XRECORD
  5
486
102
{ACAD_REACTORS
330
1E
102
}
330
1E
100
AcDbXrecord
280
     1
310
2800000000010000C5000000010008000000000000C5000001000000010000000001000000000000FFFFFF0000000000FFFFFFFF000000FF000000FF000000FF000000FF000000FF000000FF000000FF000000FF330000FF660000FF990000FFCC0000FFFF0000FF003300FF333300FF663300FF993300FFCC3300FFFF3300
310
FF006600FF336600FF666600FF996600FFCC6600FFFF6600FF009900FF339900FF669900FF999900FFCC9900FFFF9900FF00CC00FF33CC00FF66CC00FF99CC00FFCCCC00FFFFCC00FF00FF00FF33FF00FF66FF00FF99FF00FFCCFF00FFFFFF00FF000033FF330033FF660033FF990033FFCC0033FFFF0033FF003333FF3333
310
33FF663333FF993333FFCC3333FFFF3333FF006633FF336633FF666633FF996633FFCC6633FFFF6633FF009933FF339933FF669933FF999933FFCC9933FFFF9933FF00CC33FF33CC33FF66CC33FF99CC33FFCCCC33FFFFCC33FF00FF33FF33FF33FF66FF33FF99FF33FFCCFF33FFFFFF33FF000066FF330066FF660066FF99
310
0066FFCC0066FFFF0066FF003366FF333366FF663366FF993366FFCC3366FFFF3366FF006666FF336666FF666666FF996666FFCC6666FFFF6666FF009966FF339966FF669966FF999966FFCC9966FFFF9966FF00CC66FF33CC66FF66CC66FF99CC66FFCCCC66FFFFCC66FF00FF66FF33FF66FF66FF66FF99FF66FFCCFF66FF
310
FFFF66FF000099FF330099FF660099FF990099FFCC0099FFFF0099FF003399FF333399FF663399FF993399FFCC3399FFFF3399FF006699FF336699FF666699FF996699FFCC6699FFFF6699FF009999FF339999FF669999FF999999FFCC9999FFFF9999FF00CC99FF33CC99FF66CC99FF99CC99FFCCCC99FFFFCC99FF00FF99
310
FF33FF99FF66FF99FF99FF99FFCCFF99FFFFFF99FF0000CCFF3300CCFF6600CCFF9900CCFFCC00CCFFFF00CCFF0033CCFF3333CCFF6633CCFF9933CCFFCC33CCFFFF33CCFF0066CCFF3366CCFF6666CCFF9966CCFFCC66CCFFFF66CCFF0099CCFF3399CCFF6699CCFF9999CCFFCC99CCFFFF99CCFF00CCCCFF33CCCCFF66CC
310
CCFF99CCCCFFCCCCCCFFFFCCCCFF00FFCCFF33FFCCFF66FFCCFF99FFCCFFCCFFCCFFFFFFCCFF0000FFFF3300FFFF6600FFFF9900FFFFCC00FFFFFF00FFFF0033FFFF3333FFFF6633FFFF9933FFFFCC33FFFFFF33FFFF0066FFFF3366FFFF6666FFFF9966FFFFCC66FFFFFF66FFFF0099FFFF3399FFFF6699FFFF9999FFFFCC
310
99FFFFFF99FFFF00CCFFFF33CCFFFF66CCFFFF99CCFFFFCCCCFFFFFFCCFFFF00FFFFFF33FFFFFF66FFFFFF99FFFFFFCCFFFFFFFFFFFFFF000000FF0D0D0DFF1A1A1AFF282828FF353535FF434343FF505050FF5D5D5DFF6B6B6BFF787878FF868686FF939393FFA1A1A1FFAEAEAEFFBBBBBBFFC9C9C9FFD6D6D6FFE4E4E4FF
310
F1F1F1FFFFFFFFFF000000FF000000FF000000FF000000FF000000FF000000FF000000FF000000FF000000FF000000FFEFEFEFE2E2E2E2E2E2E2E2E2E2E2E2E2E2E2E2E2E2E2E2E2E2E2E2E2E2E2E2E2E2E2E2E2E2E2E2E2E2E2E2E2E2E2E2E2E2E2E2E2E2E2E2E2E2E2E2E2E2E2E2E2E2E2E2E2E2E2E2E2E2E2E2E2E2E2E2
310
E2E2E2E2E2E2E2E2E2E2E2E2E2E2E2E2E2E2E2E2E2E2E2E2E2E2E2E2E2E2E2E2E2E2E2E2E2E2E2E2E2E2E2E2E2E2E2E2E2E2E2E2E2E2E2E2E2E2E2E2E2E2E2E2E2E2E2E2E2E2E2E2E2E2E2E2E2E2E2E2E2E2E2E2E2E2E2E2E2E2E2E2E2E2E2E2E2E2E2E2E2E2E2E2E2E2E2E2E2E2E2E2E2E2E2E2E2E2E2E2E2E2E2E2E2E2E2
310
E2E2E2E2E2E2E2E2E2E2E2E2E2E2E2E2E2E2E2E2E2E2E2E2E2E2E2E2E2E2E2E2E2E2E2E2E2E2E2E2E2E2E2E2E2E2E2E2E2E2E2E2E2E2E2E2E2E2E2E2E2E2E2E2E2E2E2E2E2E2E2E2E2E2E2E2E2E2E2E2E2E2E2E2E2E2E2E2E2E2E2E2E2E2E2E2E2E2E2E2E2E2E2E2E2E2E2E2E2E2E2E2E2E2E2E2E2E2E2E2E2E2E2E2E2E2E2
310
E2E2E2E2E2E2E2E2E2E2E2E2E2E2E2E2E2E2E2E2E2E2E2E2E2E2E2E2E2E2E2E2E2E2E2E2E2E2E2E2E2E2E2E2E2E2E2E2E2E2E2E2E2E2E2E2E2E2E2E2E2E2E2E2E2E2E2E2E2E2E2E2E2E2E2E2E2E2E2E2E2E2E2E2E2E2E2E2E2E2E2E2E2E2E2E2E2E2E2E2E2E2E2E2E2E2E2E2E2E2E2E2E2E2E2E2E2E2E2E2E2E2E2E2E2E2E2
310
E2E2E2E2E2E2E2E2E2E2E2E2E2E2E2E2E2E2E2E2E2E2E2E2E2E2E2E2E2E2E2E2E2E2E2E2E2E2E2E2E2E2E2E2E2E2E2E2E2E2E2E2E2F5F5F5F5F5F5F5F5F5F5F5F5F5F5F5F5F5F5F5F5F5F5F5F5F5F5F5F5F5F5F5F5F5F5F5F5F5F5F5F5F5F5F5F5F5F5F5F5F5F5F5F5F5F5F5F5F5F5F5F5F5F5F5F5F5F5F5F5F5F5F5F5F5F5
310
F5F5F5F5F5F5F5F5F5F5F5F5F5F5F5F5F5F5F5F5F5F5F5F5F5F5F5F5F5F5F5F5F5F5F5F5F5F5F5F5F5F5F5F5F5F5F5F5F5F5F5F5F5F5F5F5F5F5F5F5F5F5F5F5F5F5F5F5F5F5F5F5F5F5F5F5F5F5F5F5F5F5F5F5F5F5F5F5F5F5F5F5F5F5F5F5F5F5F5F5F5F5F5F5F5F5F5F5F5F5F5F5F5F5F5F5F5F5F5F5F5F5F5F5F5F5F5
310
F5F5F5F5F5F5F5F5F5F5F5F5F5F5F5F5F5F5F5F5F5F5F5F5F5F5F5F5F5F5F5F5F5F5F5F5F5F5F5F5F5F5F5F5F5F5F5F5F5F5F5E2E2E2E2F5F5F5F5F5F5F5F5F5F5F5F5F5F5F5F5F5F5F5F5F5F5F5F5F5F5F5F5F5F5F5F5F5F5F5F5F5F5F5F5F5F5F5F5F5F5F5F5F5F5F5F5F5F5F5F5F5F5F5F5F5F5F5F5F5F5F5F5F5F5F5F5
310
F5F5F5F5F5F5F5F5F5F5F5F5F5F5F5F5F5F5F5F5F5F5F5F5F5F5F5F5F5F5F5F5F5F5F5F5F5F5F5F5F5F5F5F5F5F5F5F5F5F5F5F5F5F5F5F5F5F5F5F5F5F5F5F5F5F5F5F5F5F5F5F5F5F5F5F5F5F5F5F5F5F5F5F5F5F5F5F5F5F5F5F5F5F5F5F5F5F5F5F5F5F5F5F5F5F5F5F5F5F5F5F5F5F5F5F5F5F5F5F5F5F5F5F5F5F5F5
310
F5F5F5F5F5F5F5F5F5F5F5F5F5F5F5F5F5F5F5F5F5F5F5F5F5F5F5F5F5F5F5F5F5F5F5F5F5F5F5F5F5F5F5F5F5F5F5F5F5F5F5F5F5E2E2E2E2F5F5F5F5F5F5F5F5F5F5F5F5F5F5F5F5F5F5F5F5F5F5F5F5F5F5F5F5F5F5F5F5F5F5F5F5F5F5F5F5F5F5F5F5F5F5F5F5F5F5F5F5F5F5F5F5F5F5F5F5F5F5F5F5F5F5F5F5F5F5
310
F5F5F5F5F5F5F5F5F5F5F5F5F5F5F5F5F5F5F5F5F5F5F5F5F5F5F5F5F5F5F5F5F5F5F5F5F5F5F5F5F5F5F5F5F5F5F5F5F5F5F5F5F5F5F5F5F5F5F5F5F5F5F5F5F5F5F5F5F5F5F5F5F5F5F5F5F5F5F5F5F5F5F5F5F5F5F5F5F5F5F5F5F5F5F5F5F5F5F5F5F5F5F5F5F5F5F5F5F5F5F5F5F5F5F5F5F5F5F5F5F5F5F5F5F5F5F5
310
F5F5F5F5F5F5F5F5F5F5F5F5F5F5F5F5F5F5F5F5F5F5F5F5F5F5F5F5F5F5F5F5F5F5F5F5F5F5F5F5F5F5F5F5F5F5F5F5F5F5F5F5F5F5F5E2E2E2E2F5F5F5F5F5F5F5F5F5F5F5F5F5F5F5F5F5F5F5F5F5F5F5F5F5F5F5F5F5F5F5F5F5F5F5F5F5F5F5F5F5F5F5F5F5F5F5F5F5F5F5F5F5F5F5F5F5F5F5F5F5F5F5F5F5F5F5F5
310
F5F5F5F5F5F5F5F5F5F5F5F5F5F5F5F5F5F5F5F5F5F5F5F5F5F5F5F5F5F5F5F5F5F5F5F5F5F5F5F5F5F5F5F5F5F5F5F5F5F5F5F5F5F5F5F5F5F5F5F5F5F5F5F5F5F5F5F5F5F5F5F5F5F5F5F5F5F5F5F5F5F5F5F5F5F5F5F5F5F5F5F5F5F5F5F5F5F5F5F5F5F5F5F5F5F5F5F5F5F5F5F5F5F5F5F5F5F5F5F5F5F5F5F5F5F5F5
310
F5F5F5F5F5F5F5F5F5F5F5F5F5F5F5F5F5F5F5F5F5F5F5F5F5F5F5F5F5F5F5F5F5F5F5F5F5F5F5F5F5F5F5F5F5F5F5F5F5F5F5F5F5F5F5F5F5E2E2E2E2F5F5F5F5F5F5F5F5F5F5F5F5F5F5F5F5F5F5F5F5F5F5F5F5F5F5F5F5F5F5F5F5F5F5F5F5F5F5F5F5F5F5F5F5F5F5F5F5F5F5F5F5F5F5F5F5F5F5F5F5F5F5F5F5F5F5
310
F5F5F5F5F5F5F5F5F5F5F5F5F5F5F5F5F5F5F5F5F5F5F5F5F5F5F5F5F5F5F5F5F5F5F5F5F5F5F5F5F5F5F5F5F5F5F5F5F5F5F5F5F5F5F5F5F5F5F5F5F5F5F5F5F5F5F5F5F5F5F5F5F5F5F5F5F5F5F5F5F5F5F5F5F5F5F5F5F5F5F5F5F5F5F5F5F5F5F5F5F5F5F5F5F5F5F5F5F5F5F5F5F5F5F5F5F5F5F5F5F5F5F5F5F5F5F5
310
F5F5F5F5F5F5F5F5F5F5F5F5F5F5F5F5F5F5F5F5F5F5F5F5F5F5F5F5F5F5F5F5F5F5F5F5F5F5F5F5F5F5F5F5F5F5F5F5F5F5F5F5F5F5F5F5F5F5F5E2E2E2E2F5F5F5F5F5E2E2E2E2E2E2E2E2F5F5F5F5F5F5F5F5F5E2E2E2E2E2E2E2E2E2E2E2E2E2E2E2F5F5F5F5F5F5F5F5F5E2E2E2E2E2E2E2E2E2E2E2E2E2E2E2F5F5F5
310
F5F5F5F5F5F5E2E2E2E2E2E2E2E2E2E2E2E2E2E2E2E2F5F5F5F5F5F5F5F5E2E2E2E2E2E2E2E2E2E2E2E2E2E2E2E2F5F5F5F5F5F5F5F5E2E2E2E2E2E2E2E2E2E2E2E2E2E2E2E2F5F5F5F5F5F5F5F5E2E2E2E2E2E2E2E2E2E2E2E2E2E2E2E2F5F5F5F5F5F5F5F5E2E2E2E2E2E2E2E2E2E2E2E2E2E2E2E2F5F5F5F5F5F5F5F5F5
310
E2E2E2E2E2E2E2E2E2E2E2E2E2E2E2F5F5F5F5F5F5F5F5F5E2E2E2E2E2E2E2E2E2E2E2E2E2E2E2F5F5F5F5F5F5F5F5F5E2E2E2E2E2E2E2E2F5F5F5F5F5E2E2E2E2F5F5F5F5F5E2F5F5F5F5F5F5F5F5F5F5F5F5F5F5F5F5F5F5F5F5F5F5F5F5F5F5F5F5F5F5F5F5F5F5F5F5F5F5F5F5F5F5F5F5F5F5F5F5F5F5F5F5F5F5F5F5
310
F5F5F5F5F5F5F5F5F5F5F5F5F5F5F5F5F5F5F5F5F5F5F5F5F5F5F5F5F5F5F5F5F5F5F5F5F5F5F5F5F5F5F5F5F5F5F5F5F5F5F5F5F5F5F5F5F5F5F5F5F5F5F5F5F5F5F5F5F5F5F5F5F5F5F5F5F5F5F5F5F5F5F5F5F5F5F5F5F5F5F5F5F5F5F5F5F5F5F5F5F5F5F5F5F5F5F5F5F5F5F5F5F5F5F5F5F5F5F5F5F5F5F5F5F5F5F5
310
F5F5F5F5F5F5F5F5F5F5F5F5F5F5F5F5F5F5F5F5F5F5F5F5F5F5F5F5F5F5F5F5F5F5F5F5F5F5F5F5F5F5F5F5F5F5F5F5F5F5F5F5F5F5F5F5F5E2F5F5F5F5F5E2E2E2E2F5F5F5F5F5E2F5F5F5F5F5F5F5F5F5F5F5F5F5F5F5F5F5F5F5F5F5F5F5F5F5F5F5F5F5F5F5F5F5F5F5F5F5F5F5F5F5F5F5F5F5F5F5F5F5F5F5F5F5F5
310
F5F5F5F5F5F5F5F5F5F5F5F5F5F5F5F5F5F5F5F5F5F5F5F5F5F5F5F5F5F5F5F5F5F5F5F5F5F5F5F5F5F5F5F5F5F5F5F5F5F5F5F5F5F5F5F5F5F5F5F5F5F5F5F5F5F5F5F5F5F5F5F5F5F5F5F5F5F5F5F5F5F5F5F5F5F5F5F5F5F5F5F5F5F5F5F5F5F5F5F5F5F5F5F5F5F5F5F5F5F5F5F5F5F5F5F5F5F5F5F5F5F5F5F5F5F5F5
310
F5F5F5F5F5F5F5F5F5F5F5F5F5F5F5F5F5F5F5F5F5F5F5F5F5F5F5F5F5F5F5F5F5F5F5F5F5F5F5F5F5F5F5F5F5F5F5F5F5F5F5F5F5F5F5F5F5F5F5E2F5F5F5F5F5E2E2E2E2F5F5F5F5F5E2F5F5F5F5F5F5F5F5F5F5F5F5F5F5F5F5F5F5F5F5F5F5F5F5F5F5F5F5F5F5F5F5F5F5F5F5F5F5F5F5F5F5F5F5F5F5F5F5F5F5F5F5
310
F5F5F5F5F5F5F5F5F5F5F5F5F5F5F5F5F5F5F5F5F5F5F5F5F5F5F5F5F5F5F5F5F5F5F5F5F5F5F5F5F5F5F5F5F5F5F5F5F5F5F5F5F5F5F5F5F5F5F5F5F5F5F5F5F5F5F5F5F5F5F5F5F5F5F5F5F5F5F5F5F5F5F5F5F5F5F5F5F5F5F5F5F5F5F5F5F5F5F5F5F5F5F5F5F5F5F5F5F5F5F5F5F5F5F5F5F5F5F5F5F5F5F5F5F5F5F5
310
F5F5F5F5F5F5F5F5F5F5F5F5F5F5F5F5F5F5F5F5F5F5F5F5F5F5F5F5F5F5F5F5F5F5F5F5F5F5F5F5F5F5F5F5F5F5F5F5F5F5F5F5F5F5F5F5F5F5F5F5F5E2F5F5F5F5F5E2E2E2E2F5F5F5F5F5E2F5F5F5F5F5F5F5F5F5F5F5F5F5F5F5F5F5F5F5F5F5F5F5F5F5F5F5F5F5F5F5F5F5F5F5F5F5F5F5F5F5F5F5F5F5F5F5F5F5F5
310
F5F5F5F5F5F5F5F5F5F5F5F5F5F5F5F5F5F5F5F5F5F5F5F5F5F5F5F5F5F5F5F5F5F5F5F5F5F5F5F5F5F5F5F5F5F5F5F5F5F5F5F5F5F5F5F5F5F5F5F5F5F5F5F5F5F5F5F5F5F5F5F5F5F5F5F5F5F5F5F5F5F5F5F5F5F5F5F5F5F5F5F5F5F5F5F5F5F5F5F5F5F5F5F5F5F5F5F5F5F5F5F5F5F5F5F5F5F5F5F5F5F5F5F5F5F5F5
310
F5F5F5F5F5F5F5F5F5F5F5F5F5F5F5F5F5F5F5F5F5F5F5F5F5F5F5F5F5F5F5F5F5F5F5F5F5F5F5F5F5F5F5F5F5F5F5F5F5F5F5F5F5F5F5F5F5F5F5F5F5F5F5E2F5F5F5F5F5E2E2E2E2F5F5F5F5F5E2F5F5F5F5F5F5F5F5F5F5F5F5F5F5F5F5F5F5F5F5F5F5F5F5F5F5F5F5F5F5F5F5F5F5F5F5F5F5F5F5F5F5F5F5F5F5F5F5
310
F5F5F5F5F5F5F5F5F5F5F5F5F5F5F5F5F5F5F5F5F5F5F5F5F5F5F5F5F5F5F5F5F5F5F5F5F5F5F5F5F5F5F5F5F5F5F5F5F5F5F5F5F5F5F5F5F5F5F5F5F5F5F5F5F5F5F5F5F5F5F5F5F5F5F5F5F5F5F5F5F5F5F5F5F5F5F5F5F5F5F5F5F5F5F5F5F5F5F5F5F5F5F5F5F5F5F5F5F5F5F5F5F5F5F5F5F5F5F5F5F5F5F5F5F5F5F5
310
F5F5F5F5F5F5F5F5F5F5F5F5F5F5F5F5F5F5F5F5F5F5F5F5F5F5F5F5F5F5F5F5F5F5F5F5F5F5F5F5F5F5F5F5F5F5F5F5F5F5F5F5F5F5F5F5F5F5F5F5F5F5F5F5F5E2F5F5F5F5F5E2E2E2E2F5F5F5F5F5E2F5F5F5F5F5F5F5F5F5F5F5F5F5F5F5F5F5F5F5F5F5F5F5F5F5F5F5F5F5F5F5F5F5F5F5F5F5F5F5F5F5F5F5F5F5F5
310
F5F5F5F5F5F5F5F5F5F5F5F5F5F5F5F5F5F5F5F5F5F5F5F5F5F5F5F5F5F5F5F5F5F5F5F5F5F5F5F5F5F5F5F5F5F5F5F5F5F5F5F5F5F5F5F5F5F5F5F5F5F5F5F5F5F5F5F5F5F5F5F5F5F5F5F5F5F5F5F5F5F5F5F5F5F5F5F5F5F5F5F5F5F5F5F5F5F5F5F5F5F5F5F5F5F5F5F5F5F5F5F5F5F5F5F5F5F5F5F5F5F5F5F5F5F5F5
310
F5F5F5F5F5F5F5F5F5F5F5F5F5F5F5F5F5F5F5F5F5F5F5F5F5F5F5F5F5F5F5F5F5F5F5F5F5F5F5F5F5F5F5F5F5F5F5F5F5F5F5F5F5F5F5F5F5F5F5F5F5F5F5F5F5F5F5E2F5F5F5F5F5E2E2E2E2F5F5F5F5F5E2F5F5F5F5F5F5F5F5F5F5F5F5F5F5F5F5F5F5F5F5F5F5F5F5F5F5F5F5F5F5F5F5F5F5F5F5F5F5F5F5F5F5F5F5
310
F5F5F5F5F5F5F5F5F5F5F5F5F5F5F5F5F5F5F5F5F5F5F5F5F5F5F5F5F5F5F5F5F5F5F5F5F5F5F5F5F5F5F5F5F5F5F5F5F5F5F5F5F5F5F5F5F5F5F5F5F5F5F5F5F5F5F5F5F5F5F5F5F5F5F5F5F5F5F5F5F5F5F5F5F5F5F5F5F5F5F5F5F5F5F5F5F5F5F5F5F5F5F5F5F5F5F5F5F5F5F5F5F5F5F5F5F5F5F5F5F5F5F5F5F5F5F5
310
F5F5F5F5F5F5F5F5F5F5F5F5F5F5F5F5F5F5F5F5F5F5F5F5F5F5F5F5F5F5F5F5F5F5F5F5F5F5F5F5F5F5F5F5F5F5F5F5F5F5F5F5F5F5F5F5F5F5F5F5F5F5F5F5F5F5F5F5F5E2F5F5F5F5F5E2E2E2E2F5F5F5F5F5E2F5F5F5F5F5F5F5F5F5F5F5F5F5F5F5F5F5F5F5F5F5F5F5F5F5F5F5F5F5F5F5F5F5F5F5F5F5F5F5F5F5F5
310
F5F5F5F5F5F5F5F5F5F5F5F5F5F5F5F5F5F5F5F5F5F5F5F5F5F5F5F5F5F5F5F5F5F5F5F5F5F5F5F5F5F5F5F5F5F5F5F5F5F5F5F5F5F5F5F5F5F5F5F5F5F5F5F5F5F5F5F5F5F5F5F5F5F5F5F5F5F5F5F5F5F5F5F5F5F5F5F5F5F5F5F5F5F5F5F5F5F5F5F5F5F5F5F5F5F5F5F5F5F5F5F5F5F5F5F5F5F5F5F5F5F5F5F5F5F5F5
310
F5F5F5F5F5F5F5F5F5F5F5F5F5F5F5F5F5F5F5F5F5F5F5F5F5F5F5F5F5F5F5F5F5F5F5F5F5F5F5F5F5F5F5F5F5F5F5F5F5F5F5F5F5F5F5F5F5F5F5F5F5F5F5F5F5F5F5F5F5F5F5E2F5F5F5F5F5E2E2E2E2F5F5F5F5F5F5F5F5F5F5F5F5F5F5F5F5F5F5F5F5F5F5F5F5F5F5F5F5F5F5F5F5F5F5F5F5F5F5F5F5F5F5F5F5F5F5
310
F5F5F5F5F5F5F5F5F5F5F5F5F5F5F5F5F5F5F5F5F5F5F5F5F5F5F5F5F5F5F5F5F5F5F5F5F5F5F5F5F5F5F5F5F5F5F5F5F5F5F5F5F5F5F5F5F5F5F5F5F5F5F5F5F5F5F5F5F5F5F5F5F5F5F5F5F5F5F5F5F5F5F5F5F5F5F5F5F5F5F5F5F5F5F5F5F5F5F5F5F5F5F5F5F5F5F5F5F5F5F5F5F5F5F5F5F5F5F5F5F5F5F5F5F5F5F5
310
F5F5F5F5F5F5F5F5F5F5F5F5F5F5F5F5F5F5F5F5F5F5F5F5F5F5F5F5F5F5F5F5F5F5F5F5F5F5F5F5F5F5F5F5F5F5F5F5F5F5F5F5F5F5F5F5F5F5F5F5F5F5F5F5F5F5F5F5F5F5F5F5F5F5F5F5F5F5F5E2E2E2E2F5F5F5F5F5F5F5F5F5F5F5F5F5F5F5F5F5F5F5F5F5F5F5F5F5F5F5F5F5F5F5F5F5F5F5F5F5F5F5F5F5F5F5F5
310
F5F5F5F5F5F5F5F5F5F5F5F5F5F5F5F5F5F5F5F5F5F5F5F5F5F5F5F5F5F5F5F5F5F5F5F5F5F5F5F5F5F5F5F5F5F5F5F5F5F5F5F5F5F5F5F5F5F5F5F5F5F5F5F5F5F5F5F5F5F5F5F5F5F5F5F5F5F5F5F5F5F5F5F5F5F5F5F5F5F5F5F5F5F5F5F5F5F5F5F5F5F5F5F5F5F5F5F5F5F5F5F5F5F5F5F5F5F5F5F5F5F5F5F5F5F5F5
310
F5F5F5F5F5F5F5F5F5F5F5F5F5F5F5F5F5F5F5F5F5F5F5F5F5F5F5F5F5F5F5F5F5F5F5F5F5F5F5F5F5F5F5F5F5F5F5F5F5F5F5F5F5F5F5F5F5F5F5F5F5F5F5F5F5F5F5F5F5F5F5F5F5F5F5F5F5F5F5F5F5E2E2E2E2F5F5F5F5F5F5F5F5F5F5F5F5F5F5F5F5F5F5F5F5F5F5F5F5F5F5F5F5F5F5F5F5F5F5F5F5F5F5F5F5F5F5
310
F5F5F5F5F5F5F5F5F5F5F5F5F5F5F5F5F5F5F5F5F5F5F5F5F5F5F5F5F5F5F5F5F5F5F5F5F5F5F5F5F5F5F5F5F5F5F5F5F5F5F5F5F5F5F5F5F5F5F5F5F5F5F5F5F5F5F5F5F5F5F5F5F5F5F5F5F5F5F5F5F5F5F5F5F5F5F5F5F5F5F5F5F5F5F5F5F5F5F5F5F5F5F5F5F5F5F5F5F5F5F5F5F5F5F5F5F5F5F5F5F5F5F5F5F5F5F5
310
F5F5F5F5F5F5F5F5F5F5F5F5F5F5F5F5F5F5F5F5F5F5F5F5F5F5F5F5F5F5F5F5F5F5F5F5F5F5F5F5F5F5F5F5F5F5F5F5F5F5F5F5F5F5F5F5F5F5F5F5F5F5F5F5F5F5F5F5F5F5F5F5F5F5F5F5F5F5F5F5F5F5F5E2E2E2E2F5F5F5F5F5F5F5F5F5F5F5F5F5F5F5F5F5F5F5F5F5F5F5F5F5F5F5F5F5F5F5F5F5F5F5F5F5F5F5F5
310
F5F5F5F5F5F5F5F5F5F5F5F5F5F5F5F5F5F5F5F5F5F5F5F5F5F5F5F5F5F5F5F5F5F5F5F5F5F5F5F5F5F5F5F5F5F5F5F5F5F5F5F5F5F5F5F5F5F5F5F5F5F5F5F5F5F5F5F5F5F5F5F5F5F5F5F5F5F5F5F5F5F5F5F5F5F5F5F5F5F5F5F5F5F5F5F5F5F5F5F5F5F5F5F5F5F5F5F5F5F5F5F5F5F5F5F5F5F5F5F5F5F5F5F5F5F5F5
310
F5F5F5F5F5F5F5F5F5F5F5F5F5F5F5F5F5F5F5F5F5F5F5F5F5F5F5F5F5F5F5F5F5F5F5F5F5F5F5F5F5F5F5F5F5F5F5F5F5F5F5F5F5F5F5F5F5F5F5F5F5F5F5F5F5F5F5F5F5F5F5F5F5F5F5F5F5F5F5F5F5F5F5F5F5E2E2E2E2F5F5F5F5F5F5F5F5F5F5F5F5F5F5F5F5F5F5F5F5F5F5F5F5F5F5F5F5F5F5F5F5F5F5F5F5F5F5
310
F5F5F5F5F5F5F5F5F5F5F5F5F5F5F5F5F5F5F5F5F5F5F5F5F5F5F5F5F5F5F5F5F5F5F5F5F5F5F5F5F5F5F5F5F5F5F5F5F5F5F5F5F5F5F5F5F5F5F5F5F5F5F5F5F5F5F5F5F5F5F5F5F5F5F5F5F5F5F5F5F5F5F5F5F5F5F5F5F5F5F5F5F5F5F5F5F5F5F5F5F5F5F5F5F5F5F5F5F5F5F5F5F5F5F5F5F5F5F5F5F5F5F5F5F5F5F5
310
F5F5F5F5F5F5F5F5F5F5F5F5F5F5F5F5F5F5F5F5F5F5F5F5F5F5F5F5F5F5F5F5F5F5F5F5F5F5F5F5F5F5F5F5F5F5F5F5F5F5F5F5F5F5F5F5F5F5F5F5F5F5F5F5F5F5F5F5F5F5F5F5F5F5F5F5F5F5F5F5F5F5F5F5F5F5F5E2E2E2E2F5F5F5F5F5F5F5F5F5F5F5F5F5F5F5F5F5F5F5F5F5F5F5F5F5F5F5F5F5F5F5F5F5F5F5F5
310
F5F5F5F5F5F5F5F5F5F5F5F5F5F5F5F5F5F5F5F5F5F5F5F5F5F5F5F5F5F5F5F5F5F5F5F5F5F5F5F5F5F5F5F5F5F5F5F5F5F5F5F5F5F5F5F5F5F5F5F5F5F5F5F5F5F5F5F5F5F5F5F5F5F5F5F5F5F5F5F5F5F5F5F5F5F5F5F5F5F5F5F5F5F5F5F5F5F5F5F5F5F5F5F5F5F5F5F5F5F5F5F5F5F5F5F5F5F5F5F5F5F5F5F5F5F5F5
310
F5F5F5F5F5F5F5F5F5F5F5F5F5F5F5F5F5F5F5F5F5F5F5F5F5F5F5F5F5F5F5F5F5F5F5F5F5F5F5F5F5F5F5F5F5F5F5F5F5F5F5F5F5F5F5F5F5F5F5F5F5F5F5F5F5F5F5F5F5F5F5F5F5F5F5F5F5F5F5F5F5F5F5F5F5F5F5F5F5E2E2E2E2F5F5F5F5F5F5F5F5F5F5F5F5F5F5F5F5F5F5F5F5F5F5F5F5F5F5F5F5F5F5F5F5F5F5
310
F5F5F5F5F5F5F5F5F5F5F5F5F5F5F5F5F5F5F5F5F5F5F5F5F5F5F5F5F5F5F5F5F5F5F5F5F5F5F5F5F5F5F5F5F5F5F5F5F5F5F5F5F5F5F5F5F5F5F5F5F5F5F5F5F5F5F5F5F5F5F5F5F5F5F5F5F5F5F5F5F5F5F5F5F5F5F5F5F5F5F5F5F5F5F5F5F5F5F5F5F5F5F5F5F5F5F5F5F5F5F5F5F5F5F5F5F5F5F5F5F5F5F5F5F5F5F5
310
F5F5F5F5F5F5F5F5F5F5F5F5F5F5F5F5F5F5F5F5F5F5F5F5F5F5F5F5F5F5F5F5F5F5F5F5F5F5F5F5F5F5F5F5F5F5F5F5F5F5F5F5F5F5F5F5F5F5F5F5F5F5F5F5F5F5F5F5F5F5F5F5F5F5F5F5F5F5F5F5F5F5F5F5F5F5F5F5F5F5F5E2E2E2E2F5F5F5F5F5F5F5F5F5F5F5F5F5F5F5F5F5F5F5F5F5F5F5F5F5F5F5F5F5F5F5F5
310
F5F5F5F5F5F5F5F5F5F5F5F5F5F5F5F5F5F5F5F5F5F5F5F5F5F5F5F5F5F5F5F5F5F5F5F5F5F5F5F5F5F5F5F5F5F5F5F5F5F5F5F5F5F5F5F5F5F5F5F5F5F5F5F5F5F5F5F5F5F5F5F5F5F5F5F5F5F5F5F5F5F5F5F5F5F5F5F5F5F5F5F5F5F5F5F5F5F5F5F5F5F5F5F5F5F5F5F5F5F5F5F5F5F5F5F5F5F5F5F5F5F5F5F5F5F5F5
310
F5F5F5F5F5F5F5F5F5F5F5F5F5F5F5F5F5F5F5F5F5F5F5F5F5F5F5F5F5F5F5F5F5F5F5F5F5F5F5F5F5F5F5F5F5F5F5F5F5F5F5F5F5F5F5F5F5F5F5F5F5F5F5F5F5F5F5F5F5F5F5F5F5F5F5F5F5F5F5F5F5F5F5F5F5F5F5F5F5F5F5F5F5E2E2E2E2F5F5F5F5F5F5F5F5F5F5F5F5F5F5F5F5F5F5F5F5F5F5F5F5F5F5F5F5F5F5
310
F5F5F5F5F5F5F5F5F5F5F5F5F5F5F5F5F5F5F5F5F5F5F5F5F5F5F5F5F5F5F5F5F5F5F5F5F5F5F5F5F5F5F5F5F5F5F5F5F5F5F5F5F5F5F5F5F5F5F5F5F5F5F5F5F5F5F5F5F5F5F5F5F5F5F5F5F5F5F5F5F5F5F5F5F5F5F5F5F5F5F5F5F5F5F5F5F5F5F5F5F5F5F5F5F5F5F5F5F5F5F5F5F5F5F5F5F5F5F5F5F5F5F5F5F5F5F5
310
F5F5F5F5F5F5F5F5F5F5F5F5F5F5F5F5F5F5F5F5F5F5F5F5F5F5F5F5F5F5F5F5F5F5F5F5F5F5F5F5F5F5F5F5F5F5F5F5F5F5F5F5F5F5F5F5F5F5F5F5F5F5F5F5F5F5F5F5F5F5F5F5F5F5F5F5F5F5F5F5F5F5F5F5F5F5F5F5F5F5F5F5F5F5F5E2E2E2E2F5F5F5F5F5E2F5F5F5F5F5F5F5F5F5F5F5F5F5F5F5F5F5F5F5F5F5F5
310
F5E2E2E2E2E2E2E2E2E2E2E2E2E2E2E2E2E2E2E2E2E2E2E2E2E2E2E2E2E2E2E2E2E2E2E2E2E2E2E2E2E2E2E2E2E2E2E2E2E2E2E2E2E2E2E2E2E2E2E2E2E2E2E2E2E2E2E2E2E2E2E2E2E2E2E2E2E2E2E2E2E2E2E2E2E2E2E2E2E2E2E2E2E2E2E2E2E2E2E2E2E2E2E2E2E2E2E2E2E2E2E2E2E2E2E2E2E2E2E2E2E2E2E2E2E2E2
310
E2E2E2E2E2E2E2E2E2E2E2E2E2E2E2E2E2E2E2E2E2E2E2E2E2E2E2E2E2E2E2E2E2E2E2E2E2E2E2E2E2E2E2E2E2E2E2E2E2E2E2E2E2E2E2E2E2E2E2E2E2E2E2E2E2E2E2E2F5F5F5F5F5F5F5F5F5F5F5F5F5F5F5F5F5F5F5F5F5F5F5E2F5F5F5F5F5E2E2E2E2F5F5F5F5F5E2F5F5F5F5F5F5F5F5F5F5F5F5F5F5F5F5F5F5F5F5
310
F5F5F5E2F5F5F5F5F5F5F5F5F5F5F5F5F5F5F5F5F5F5F5F5F5F5F5F5F5F5F5F5F5F5F5F5F5F5F5F5F5F5F5F5F5F5F5F5F5F5F5F5F5F5F5F5F5F5F5F5F5F5F5F5F5F5F5F5F5F5F5F5F5F5F5F5F5F5F5F5F5F5F5F5F5F5F5F5F5F5F5F5F5F5F5F5F5F5F5F5F5F5F5F5F5F5F5F5F5F5F5F5F5F5F5F5F5F5F5F5F5F5F5F5F5F5F5
310
F5F5F5F5F5F5F5F5F5F5F5F5F5F5F5F5F5F5F5F5F5F5F5F5F5F5F5F5F5F5F5F5F5F5F5F5F5F5F5F5F5F5F5F5F5F5F5F5F5F5F5F5F5F5F5F5F5F5F5F5F5F5F5F5F5F5F5F5F5E2F5F5F5F5F5F5F5F5F5F5F5F5F5F5F5F5F5F5F5F5F5F5F5E2F5F5F5F5F5E2E2E2E2F5F5F5F5F5E2F5F5F5F5F5F5F5F5F5F5F5F5F5F5F5F5F5F5
310
F5F5F5F5F5E2F5F5F5F5F5F5F5F5F5F5F5F5F5F5F5F5F5F5F5F5F5F5F5F5F5F5F5F5F5F5F5F5F5F5F5F5F5F5F5F5F5F5F5F5F5F5F5F5F5F5F5F5F5F5F5F5F5F5F5F5F5F5F5F5F5F5F5F5F5F5F5F5F5F5F5F5F5F5F5F5F5F5F5F5F5F5F5F5F5F5F5F5F5F5F5F5F5F5F5F5F5F5F5F5F5F5F5F5F5F5F5F5F5F5F5F5F5F5F5F5F5
310
F5F5F5F5F5F5F5F5F5F5F5F5F5F5F5F5F5F5F5F5F5F5F5F5F5F5F5F5F5F5F5F5F5F5F5F5F5F5F5F5F5F5F5F5F5F5F5F5F5F5F5F5F5F5F5F5F5F5F5F5F5F5F5F5F5F5F5F5F5F5F5E2F5F5F5F5F5F5F5F5F5F5F5F5F5F5F5F5F5F5F5F5F5F5F5E2F5F5F5F5F5E2E2E2E2F5F5F5F5F5E2F5F5F5F5F5F5F5F5F5F5F5F5F5F5F5F5
310
F5F5F5F5F5F5F5E2F5F5F5F5F5F5F5F5F5F5F5F5F5F5F5F5F5F5F5F5F5F5F5F5F5F5F5F5F5F5F5F5F5F5F5F5F5F5F5F5F5F5F5F5F5F5F5F5F5F5F5F5F5F5F5F5F5F5F5F5F5F5F5F5F5F5F5F5F5F5F5F5F5F5F5F5F5F5F5F5F5F5F5F5F5F5F5F5F5F5F5F5F5F5F5F5F5F5F5F5F5F5F5F5F5F5F5F5F5F5F5F5F5F5F5F5F5F5F5
310
F5F5F5F5F5F5F5F5F5F5F5F5F5F5F5F5F5F5F5F5F5F5F5F5F5F5F5F5F5F5F5F5F5F5F5F5F5F5F5F5F5F5F5F5F5F5F5F5F5F5F5F5F5F5F5F5F5F5F5F5F5F5F5F5F5F5F5F5F5F5F5F5F5E2F5F5F5F5F5F5F5F5F5F5F5F5F5F5F5F5F5F5F5F5F5F5F5E2F5F5F5F5F5E2E2E2E2F5F5F5F5F5E2F5F5F5F5F5F5F5F5F5F5F5F5F5F5
310
F5F5F5F5F5F5F5F5F5E2F5F5F5F5F5F5F5F5F5F5F5F5F5F5F5F5F5F5F5F5F5F5F5F5F5F5F5F5F5F5F5F5F5F5F5F5F5F5F5F5F5F5F5F5F5F5F5F5F5F5F5F5F5F5F5F5F5F5F5F5F5F5F5F5F5F5F5F5F5F5F5F5F5F5F5F5F5F5F5F5F5F5F5F5F5F5F5F5F5F5F5F5F5F5F5F5F5F5F5F5F5F5F5F5F5F5F5F5F5F5F5F5F5F5F5F5F5
310
F5F5F5F5F5F5F5F5F5F5F5F5F5F5F5F5F5F5F5F5F5F5F5F5F5F5F5F5F5F5F5F5F5F5F5F5F5F5F5F5F5F5F5F5F5F5F5F5F5F5F5F5F5F5F5F5F5F5F5F5F5F5F5F5F5F5F5F5F5F5F5F5F5F5F5E2F5F5F5F5F5F5F5F5F5F5F5F5F5F5F5F5F5F5F5F5F5F5F5E2F5F5F5F5F5E2E2E2E2F5F5F5F5F5E2F5F5F5F5F5F5F5F5F5F5F5F5
310
F5F5F5F5F5F5F5F5F5F5F5E2F5F5F5F5F5F5F5F5F5F5F5F5F5F5F5F5F5F5F5F5F5F5F5F5F5F5F5F5F5F5F5F5F5F5F5F5F5F5F5F5F5F5F5F5F5F5F5F5F5F5F5F5F5F5F5F5F5F5F5F5F5F5F5F5F5F5F5F5F5F5F5F5F5F5F5F5F5F5F5F5F5F5F5F5F5F5F5F5F5F5F5F5F5F5F5F5F5F5F5F5F5F5F5F5F5F5F5F5F5F5F5F5F5F5F5
310
F5F5F5F5F5F5F5F5F5F5F5F5F5F5F5F5F5F5F5F5F5F5F5F5F5F5F5F5F5F5F5F5F5F5F5F5F5F5F5F5F5F5F5F5F5F5F5F5F5F5F5F5F5F5F5F5F5F5F5F5F5F5F5F5F5F5F5F5F5F5F5F5F5F5F5F5F5E2F5F5F5F5F5F5F5F5F5F5F5F5F5F5F5F5F5F5F5F5F5F5F5E2F5F5F5F5F5E2E2E2E2F5F5F5F5F5E2F5F5F5F5F5F5F5F5F5F5
310
F5F5F5F5F5F5F5F5F5F5F5F5F5E2F5F5F5F5F5F5F5F5F5F5F5F5F5F5F5F5F5F5F5F5F5F5F5F5F5F5F5F5F5F5F5F5F5F5F5F5F5F5F5F5F5F5F5F5F5F5F5F5F5F5F5F5F5F5F5F5F5F5F5F5F5F5F5F5F5F5F5F5F5F5F5F5F5F5F5F5F5F5F5F5F5F5F5F5F5F5F5F5F5F5F5F5F5F5F5F5F5F5F5F5F5F5F5F5F5F5F5F5F5F5F5F5F5
310
F5F5F5F5F5F5F5F5F5F5F5F5F5F5F5F5F5F5F5F5F5F5F5F5F5F5F5F5F5F5F5F5F5F5F5F5F5F5F5F5F5F5F5F5F5F5F5F5F5F5F5F5F5F5F5F5F5F5F5F5F5F5F5F5F5F5F5F5F5F5F5F5F5F5F5F5F5F5F5E2F5F5F5F5F5F5F5F5F5F5F5F5F5F5F5F5F5F5F5F5F5F5F5E2F5F5F5F5F5E2E2E2E2F5F5F5F5F5E2F5F5F5F5F5F5F5F5
310
F5F5F5F5F5F5F5F5F5F5F5F5F5F5F5E2F5F5F5F5F5F5F5F5F5F5F5F5F5F5F5F5F5F5F5F5F5F5F5F5F5F5F5F5F5F5F5F5F5F5F5F5F5F5F5F5F5F5F5F5F5F5F5F5F5F5F5F5F5F5F5F5F5F5F5F5F5F5F5F5F5F5F5F5F5F5F5F5F5F5F5F5F5F5F5F5F5F5F5F5F5F5F5F5F5F5F5F5F5F5F5F5F5F5F5F5F5F5F5F5F5F5F5F5F5F5F5
310
F5F5F5F5F5F5F5F5F5F5F5F5F5F5F5F5F5F5F5F5F5F5F5F5F5F5F5F5F5F5F5F5F5F5F5F5F5F5F5F5F5F5F5F5F5F5F5F5F5F5F5F5F5F5F5F5F5F5F5F5F5F5F5F5F5F5F5F5F5F5F5F5F5F5F5F5F5F5F5F5F5E2F5F5F5F5F5F5F5F5F5F5F5F5F5F5F5F5F5F5F5F5F5F5F5E2F5F5F5F5F5E2E2E2E2F5F5F5F5F5E2F5F5F5F5F5F5
310
F5F5F5F5F5F5F5F5F5F5F5F5F5F5F5F5F5E2F5F5F5F5F5F5F5F5F5F5F5F5F5F5F5F5F5F5F5F5F5F5F5F5F5F5F5F5F5F5F5F5F5F5F5F5F5F5F5F5F5F5F5F5F5F5F5F5F5F5F5F5F5F5F5F5F5F5F5F5F5F5F5F5F5F5F5F5F5F5F5F5F5F5F5F5F5F5F5F5F5F5F5F5F5F5F5F5F5F5F5F5F5F5F5F5F5F5F5F5F5F5F5F5F5F5F5F5F5
310
F5F5F5F5F5F5F5F5F5F5F5F5F5F5F5F5F5F5F5F5F5F5F5F5F5F5F5F5F5F5F5F5F5F5F5F5F5F5F5F5F5F5F5F5F5F5F5F5F5F5F5F5F5F5F5F5F5F5F5F5F5F5F5F5F5F5F5F5F5F5F5F5F5F5F5F5F5F5F5F5F5F5F5E2F5F5F5F5F5F5F5F5F5F5F5F5F5F5F5F5F5F5F5F5F5F5F5E2F5F5F5F5F5E2E2E2E2F5F5F5F5F5E2F5F5F5F5
310
F5F5F5F5F5F5F5F5F5F5F5F5F5F5F5F5F5F5F5E2F5F5F5F5F5F5F5F5F5F5F5F5F5F5F5F5F5F5F5F5F5F5F5F5F5F5F5F5F5F5F5F5F5F5F5F5F5F5F5F5F5F5F5F5F5F5F5F5F5F5F5F5F5F5F5F5F5F5F5F5F5F5F5F5F5F5F5F5F5F5F5F5F5F5F5F5F5F5F5F5F5F5F5F5F5F5F5F5F5F5F5F5F5F5F5F5F5F5F5F5F5F5F5F5F5F5F5
310
F5F5F5F5F5F5F5F5F5F5F5F5F5F5F5F5F5F5F5F5F5F5F5F5F5F5F5F5F5F5F5F5F5F5F5F5F5F5F5F5F5F5F5F5F5F5F5F5F5F5F5F5F5F5F5F5F5F5F5F5F5F5F5F5F5F5F5F5F5F5F5F5F5F5F5F5F5F5F5F5F5F5F5F5F5E2F5F5F5F5F5F5F5F5F5F5F5F5F5F5F5F5F5F5F5F5F5F5F5E2F5F5F5F5F5E2E2E2E2F5F5F5F5F5E2F5F5
310
F5F5F5F5F5F5F5F5F5F5F5F5F5F5F5F5F5F5F5F5F5E2F5F5F5F5F5F5F5F5F5F5F5F5F5F5F5F5F5F5F5F5F5F5F5F5F5F5F5F5F5F5F5F5F5F5F5F5F5F5F5F5F5F5F5F5F5F5F5F5F5F5F5F5F5F5F5F5F5F5F5F5F5F5F5F5F5F5F5F5F5F5F5F5F5F5F5F5F5F5F5F5F5F5F5F5F5F5F5F5F5F5F5F5F5F5F5F5F5F5F5F5F5F5F5F5F5
310
F5F5F5F5F5F5F5F5F5F5F5F5F5F5F5F5F5F5F5F5F5F5F5F5F5F5F5F5F5F5F5F5F5F5F5F5F5F5F5F5F5F5F5F5F5F5F5F5F5F5F5F5F5F5F5F5F5F5F5F5F5F5F5F5F5F5F5F5F5F5F5F5F5F5F5F5F5F5F5F5F5F5F5F5F5F5F5E2F5F5F5F5F5F5F5F5F5F5F5F5F5F5F5F5F5F5F5F5F5F5F5E2F5F5F5F5F5E2E2E2E2F5F5F5F5F5E2
310
F5F5F5F5F5F5F5F5F5F5F5F5F5F5F5F5F5F5F5F5F5F5F5E2F5F5F5F5F5F5F5F5F5F5F5F5F5F5F5F5F5F5F5F5F5F5F5F5F5F5F5F5F5F5F5F5F5F5F5F5F5F5F5F5F5F5F5F5F5F5F5F5F5F5F5F5F5F5F5F5F5F5F5F5F5F5F5F5F5F5F5F5F5F5F5F5F5F5F5F5F5F5F5F5F5F5F5F5F5F5F5F5F5F5F5F5F5F5F5F5F5F5F5F5F5F5F5
310
F5F5F5F5F5F5F5F5F5F5F5F5F5F5F5F5F5F5F5F5F5F5F5F5F5F5F5F5F5F5F5F5F5F5F5F5F5F5F5F5F5F5F5F5F5F5F5F5F5F5F5F5F5F5F5F5F5F5F5F5F5F5F5F5F5F5F5F5F5F5F5F5F5F5F5F5F5F5F5F5F5F5F5F5F5F5F5F5F5E2F5F5F5F5F5F5F5F5F5F5F5F5F5F5F5F5F5F5F5F5F5F5F5E2F5F5F5F5F5E2E2E2E2F5F5F5F5
310
F5E2F5F5F5F5F5F5F5F5F5F5F5F5F5F5F5F5F5F5F5F5F5F5F5E2F5F5F5F5F5F5F5F5F5F5F5F5F5F5F5F5F5F5F5F5F5F5F5F5F5F5F5F5F5F5F5F5F5F5F5F5F5F5F5F5F5F5F5F5F5F5F5F5F5F5F5F5F5F5F5F5F5F5F5F5F5F5F5F5F5F5F5F5F5F5F5F5F5F5F5F5F5F5F5F5F5F5F5F5F5F5F5F5F5F5F5F5F5F5F5F5F5F5F5F5F5
310
F5F5F5F5F5F5F5F5F5F5F5F5F5F5F5F5F5F5F5F5F5F5F5F5F5F5F5F5F5F5F5F5F5F5F5F5F5F5F5F5F5F5F5F5F5F5F5F5F5F5F5F5F5F5F5F5F5F5F5F5F5F5F5F5F5F5F5F5F5F5F5F5F5F5F5F5F5F5F5F5F5F5F5F5F5F5F5F5F5F5F5E2F5F5F5F5F5F5F5F5F5F5F5F5F5F5F5F5F5F5F5F5F5F5F5E2F5F5F5F5F5E2E2E2E2F5F5
310
F5F5F5E2F5F5F5F5F5F5F5F5F5F5F5F5F5F5F5F5F5F5F5F5F5F5F5E2F5F5F5F5F5F5F5F5F5F5F5F5F5F5F5F5F5F5F5F5F5F5F5F5F5F5F5F5F5F5F5F5F5F5F5F5F5F5F5F5F5F5F5F5F5F5F5F5F5F5F5F5F5F5F5F5F5F5F5F5F5F5F5F5F5F5F5F5F5F5F5F5F5F5F5F5F5F5F5F5F5F5F5F5F5F5F5F5F5F5F5F5F5F5F5F5F5F5F5
310
F5F5F5F5F5F5F5F5F5F5F5F5F5F5F5F5F5F5F5F5F5F5F5F5F5F5F5F5F5F5F5F5F5F5F5F5F5F5F5F5F5F5F5F5F5F5F5F5F5F5F5F5F5F5F5F5F5F5F5F5F5F5F5F5F5F5F5F5F5F5F5F5F5F5F5F5F5F5F5F5F5F5F5F5F5F5F5F5F5F5F5F5F5E2F5F5F5F5F5F5F5F5F5F5F5F5F5F5F5F5F5F5F5F5F5F5F5E2F5F5F5F5F5E2E2E2E2
310
F5F5F5F5F5E2F5F5F5F5F5F5F5F5F5F5F5F5F5F5F5F5F5F5F5F5F5F5F5E2F5F5F5F5F5F5F5F5F5F5F5F5F5F5F5F5F5F5F5F5F5F5F5F5F5F5F5F5F5F5F5F5F5F5F5F5F5F5F5F5F5F5F5F5F5F5F5F5F5F5F5F5F5F5F5F5F5F5F5F5F5F5F5F5F5F5F5F5F5F5F5F5F5F5F5F5F5F5F5F5F5F5F5F5F5F5F5F5F5F5F5F5F5F5F5F5F5
310
F5F5F5F5F5F5F5F5F5F5F5F5F5F5F5F5F5F5F5F5F5F5F5F5F5F5F5F5F5F5F5F5F5F5F5F5F5F5F5F5F5F5F5F5F5F5F5F5F5F5F5F5F5F5F5F5F5F5F5F5F5F5F5F5F5F5F5F5F5F5F5F5F5F5F5F5F5F5F5F5F5F5F5F5F5F5F5F5F5F5F5F5F5F5F5E2F5F5F5F5F5F5F5F5F5F5F5F5F5F5F5F5F5F5F5F5F5F5F5E2F5F5F5F5F5E2E2
310
E2E2F5F5F5F5F5E2F5F5F5F5F5F5F5F5F5F5F5F5F5F5F5F5F5F5F5F5F5F5F5E2F5F5F5F5F5F5F5F5F5F5F5F5F5F5F5F5F5F5F5F5F5F5F5F5F5F5F5F5F5F5F5F5F5F5F5F5F5F5F5F5F5F5F5F5F5F5F5F5F5F5F5F5F5F5F5F5F5F5F5F5F5F5F5F5F5F5F5F5F5F5F5F5F5F5F5F5F5F5F5F5F5F5F5F5F5F5F5F5F5F5F5F5F5F5F5
310
F5F5F5F5F5F5F5F5F5F5F5F5F5F5F5F5F5F5F5F5F5F5F5F5F5F5F5F5F5F5F5F5F5F5F5F5F5F5F5F5F5F5F5F5F5F5F5F5F5F5F5F5F5F5F5F5F5F5F5F5F5F5F5F5F5F5F5F5F5F5F5F5F5F5F5F5F5F5F5F5F5F5F5F5F5F5F5F5F5F5F5F5F5F5F5F5F5E2F5F5F5F5F5F5F5F5F5F5F5F5F5F5F5F5F5F5F5F5F5F5F5E2F5F5F5F5F5
310
E2E2E2E2F5F5F5F5F5E2F5F5F5F5F5F5F5F5F5F5F5F5F5F5F5F5F5F5F5F5F5F5F5E2F5F5F5F5F5F5F5F5F5F5F5F5F5F5F5F5F5F5F5F5F5F5F5F5F5F5F5F5F5F5F5F5F5F5F5F5F5F5F5F5F5F5F5F5F5F5F5F5F5F5F5F5F5F5F5F5F5F5F5F5F5F5F5F5F5F5F5F5F5F5F5F5F5F5F5F5F5F5F5F5F5F5F5F5F5F5F5F5F5F5F5F5F5
310
F5F5F5F5F5F5F5F5F5F5F5F5F5F5F5F5F5F5F5F5F5F5F5F5F5F5F5F5F5F5F5F5F5F5F5F5F5F5F5F5F5F5F5F5F5F5F5F5F5F5F5F5F5F5F5F5F5F5F5F5F5F5F5F5F5F5F5F5F5F5F5F5F5F5F5F5F5F5F5F5F5F5F5F5F5F5F5F5F5F5F5F5F5F5F5F5F5F5F5E2F5F5F5F5F5F5F5F5F5F5F5F5F5F5F5F5F5F5F5F5F5F5F5E2F5F5F5
310
F5F5E2E2E2E2F5F5F5F5F5F5F5F5F5F5F5F5F5F5F5F5F5F5F5F5F5F5F5F5F5F5F5F5F5E2F5F5F5F5F5F5F5F5F5F5F5F5F5F5F5F5F5F5F5F5F5F5F5F5F5F5F5F5F5F5F5F5F5F5F5F5F5F5F5F5F5F5F5F5F5F5F5F5F5F5F5F5F5F5F5F5F5F5F5F5F5F5F5F5F5F5F5F5F5F5F5F5F5F5F5F5F5F5F5F5F5F5F5F5F5F5F5F5F5F5F5
310
F5F5F5F5F5F5F5F5F5F5F5F5F5F5F5F5F5F5F5F5F5F5F5F5F5F5F5F5F5F5F5F5F5F5F5F5F5F5F5F5F5F5F5F5F5F5F5F5F5F5F5F5F5F5F5F5F5F5F5F5F5F5F5F5F5F5F5F5F5F5F5F5F5F5F5F5F5F5F5F5F5F5F5F5F5F5F5F5F5F5F5F5F5F5F5F5F5F5F5F5F5E2F5F5F5F5F5F5F5F5F5F5F5F5F5F5F5F5F5F5F5F5F5F5F5F5F5
310
F5F5F5F5E2E2E2E2F5F5F5F5F5F5F5F5F5F5F5F5F5F5F5F5F5F5F5F5F5F5F5F5F5F5F5F5F5E2F5F5F5F5F5F5F5F5F5F5F5F5F5F5F5F5F5F5F5F5F5F5F5F5F5F5F5F5F5F5F5F5F5F5F5F5F5F5F5F5F5F5F5F5F5F5F5F5F5F5F5F5F5F5F5F5F5F5F5F5F5F5F5F5F5F5F5F5F5F5F5F5F5F5F5F5F5F5F5F5F5F5F5F5F5F5F5F5F5
310
F5F5F5F5F5F5F5F5F5F5F5F5F5F5F5F5F5F5F5F5F5F5F5F5F5F5F5F5F5F5F5F5F5F5F5F5F5F5F5F5F5F5F5F5F5F5F5F5F5F5F5F5F5F5F5F5F5F5F5F5F5F5F5F5F5F5F5F5F5F5F5F5F5F5F5F5F5F5F5F5F5F5F5F5F5F5F5F5F5F5F5F5F5F5F5F5F5F5F5F5F5F5F5E2F5F5F5F5F5F5F5F5F5F5F5F5F5F5F5F5F5F5F5F5F5F5F5
310
F5F5F5F5F5F5E2E2E2E2F5F5F5F5F5F5F5F5F5F5F5F5F5F5F5F5F5F5F5F5F5F5F5F5F5F5F5F5F5E2F5F5F5F5F5F5F5F5F5F5F5F5F5F5F5F5F5F5F5F5F5F5F5F5F5F5F5F5F5F5F5F5F5F5F5F5F5F5F5F5F5F5F5F5F5F5F5F5F5F5F5F5F5F5F5F5F5F5F5F5F5F5F5F5F5F5F5F5F5F5F5F5F5F5F5F5F5F5F5F5F5F5F5F5F5F5F5
310
F5F5F5F5F5F5F5F5F5F5F5F5F5F5F5F5F5F5F5F5F5F5F5F5F5F5F5F5F5F5F5F5F5F5F5F5F5F5F5F5F5F5F5F5F5F5F5F5F5F5F5F5F5F5F5F5F5F5F5F5F5F5F5F5F5F5F5F5F5F5F5F5F5F5F5F5F5F5F5F5F5F5F5F5F5F5F5F5F5F5F5F5F5F5F5F5F5F5F5F5F5F5F5F5F5E2F5F5F5F5F5F5F5F5F5F5F5F5F5F5F5F5F5F5F5F5F5
310
F5F5F5F5F5F5F5F5E2E2E2E2F5F5F5F5F5F5F5F5F5F5F5F5F5F5F5F5F5F5F5F5F5F5F5F5F5F5F5F5F5E2F5F5F5F5F5F5F5F5F5F5F5F5F5F5F5F5F5F5F5F5F5F5F5F5F5F5F5F5F5F5F5F5F5F5F5F5F5F5F5F5F5F5F5F5F5F5F5F5F5F5F5F5F5F5F5F5F5F5F5F5F5F5F5F5F5F5F5F5F5F5F5F5F5F5F5F5F5F5F5F5F5F5F5F5F5
310
F5F5F5F5F5F5F5F5F5F5F5F5F5F5F5F5F5F5F5F5F5F5F5F5F5F5F5F5F5F5F5F5F5F5F5F5F5F5F5F5F5F5F5F5F5F5F5F5F5F5F5F5F5F5F5F5F5F5F5F5F5F5F5F5F5F5F5F5F5F5F5F5F5F5F5F5F5F5F5F5F5F5F5F5F5F5F5F5F5F5F5F5F5F5F5F5F5F5F5F5F5F5F5F5F5F5F5E2F5F5F5F5F5F5F5F5F5F5F5F5F5F5F5F5F5F5F5
310
F5F5F5F5F5F5F5F5F5F5E2E2E2E2F5F5F5F5F5F5F5F5F5F5F5F5F5F5F5F5F5F5F5F5F5F5F5F5F5F5F5F5F5E2F5F5F5F5F5F5F5F5F5F5F5F5F5F5F5F5F5F5F5F5F5F5F5F5F5F5F5F5F5F5F5F5F5F5F5F5F5F5F5F5F5F5F5F5F5F5F5F5F5F5F5F5F5F5F5F5F5F5F5F5F5F5F5F5F5F5F5F5F5F5F5F5F5F5F5F5F5F5F5F5F5F5F5
310
F5F5F5F5F5F5F5F5F5F5F5F5F5F5F5F5F5F5F5F5F5F5F5F5F5F5F5F5F5F5F5F5F5F5F5F5F5F5F5F5F5F5F5F5F5F5F5F5F5F5F5F5F5F5F5F5F5F5F5F5F5F5F5F5F5F5F5F5F5F5F5F5F5F5F5F5F5F5F5F5F5F5F5F5F5F5F5F5F5F5F5F5F5F5F5F5F5F5F5F5F5F5F5F5F5F5F5F5F5E2F5F5F5F5F5F5F5F5F5F5F5F5F5F5F5F5F5
310
F5F5F5F5F5F5F5F5F5F5F5F5E2E2E2E2F5F5F5F5F5F5F5F5F5F5F5F5F5F5F5F5F5F5F5F5F5F5F5F5F5F5F5F5F5E2F5F5F5F5F5F5F5F5F5F5F5F5F5F5F5F5F5F5F5F5F5F5F5F5F5F5F5F5F5F5F5F5F5F5F5F5F5F5F5F5F5F5F5F5F5F5F5F5F5F5F5F5F5F5F5F5F5F5F5F5F5F5F5F5F5F5F5F5F5F5F5F5F5F5F5F5F5F5F5F5F5
310
F5F5F5F5F5F5F5F5F5F5F5F5F5F5F5F5F5F5F5F5F5F5F5F5F5F5F5F5F5F5F5F5F5F5F5F5F5F5F5F5F5F5F5F5F5F5F5F5F5F5F5F5F5F5F5F5F5F5F5F5F5F5F5F5F5F5F5F5F5F5F5F5F5F5F5F5F5F5F5F5F5F5F5F5F5F5F5F5F5F5F5F5F5F5F5F5F5F5F5F5F5F5F5F5F5F5F5F5F5F5F5E2F5F5F5F5F5F5F5F5F5F5F5F5F5F5F5
310
F5F5F5F5F5F5F5F5F5F5F5F5F5F5E2E2E2E2F5F5F5F5F5F5F5F5F5F5F5F5F5F5F5F5F5F5F5F5F5F5F5F5F5F5F5F5F5E2F5F5F5F5F5F5F5F5F5F5F5F5F5F5F5F5F5F5F5F5F5F5F5F5F5F5F5F5F5F5F5F5F5F5F5F5F5F5F5F5F5F5F5F5F5F5F5F5F5F5F5F5F5F5F5F5F5F5F5F5F5F5F5F5F5F5F5F5F5F5F5F5F5F5F5F5F5F5F5
310
F5F5F5F5F5F5F5F5F5F5F5F5F5F5F5F5F5F5F5F5F5F5F5F5F5F5F5F5F5F5F5F5F5F5F5F5F5F5F5F5F5F5F5F5F5F5F5F5F5F5F5F5F5F5F5F5F5F5F5F5F5F5F5F5F5F5F5F5F5F5F5F5F5F5F5F5F5F5F5F5F5F5F5F5F5F5F5F5F5F5F5F5F5F5F5F5F5F5F5F5F5F5F5F5F5F5F5F5F5F5F5F5F5E2F5F5F5F5F5F5F5F5F5F5F5F5F5
310
F5F5F5F5F5F5F5F5F5F5F5F5F5F5F5F5E2E2E2E2F5F5F5F5F5F5F5F5F5F5F5F5F5F5F5F5F5F5F5F5F5F5F5F5F5F5F5F5F5E2F5F5F5F5F5F5F5F5F5F5F5F5F5F5F5F5F5F5F5F5F5F5F5F5F5F5F5F5F5F5F5F5F5F5F5F5F5F5F5F5F5F5F5F5F5F5F5F5F5F5F5F5F5F5F5F5F5F5F5F5F5F5F5F5F5F5F5F5F5F5F5F5F5F5F5F5F5
310
F5F5F5F5F5F5F5F5F5F5F5F5F5F5F5F5F5F5F5F5F5F5F5F5F5F5F5F5F5F5F5F5F5F5F5F5F5F5F5F5F5F5F5F5F5F5F5F5F5F5F5F5F5F5F5F5F5F5F5F5F5F5F5F5F5F5F5F5F5F5F5F5F5F5F5F5F5F5F5F5F5F5F5F5F5F5F5F5F5F5F5F5F5F5F5F5F5F5F5F5F5F5F5F5F5F5F5F5F5F5F5F5F5F5F5E2F5F5F5F5F5F5F5F5F5F5F5
310
F5F5F5F5F5F5F5F5F5F5F5F5F5F5F5F5F5F5E2E2E2E2F5F5F5F5F5F5F5F5F5F5F5F5F5F5F5F5F5F5F5F5F5F5F5F5F5F5F5F5F5E2F5F5F5F5F5F5F5F5F5F5F5F5F5F5F5F5F5F5F5F5F5F5F5F5F5F5F5F5F5F5F5F5F5F5F5F5F5F5F5F5F5F5F5F5F5F5F5F5F5F5F5F5F5F5F5F5F5F5F5F5F5F5F5F5F5F5F5F5F5F5F5F5F5F5F5
310
F5F5F5F5F5F5F5F5F5F5F5F5F5F5F5F5F5F5F5F5F5F5F5F5F5F5F5F5F5F5F5F5F5F5F5F5F5F5F5F5F5F5F5F5F5F5F5F5F5F5F5F5F5F5F5F5F5F5F5F5F5F5F5F5F5F5F5F5F5F5F5F5F5F5F5F5F5F5F5F5F5F5F5F5F5F5F5F5F5F5F5F5F5F5F5F5F5F5F5F5F5F5F5F5F5F5F5F5F5F5F5F5F5F5F5F5F5E2F5F5F5F5F5F5F5F5F5
310
F5F5F5F5F5F5F5F5F5F5F5F5F5F5F5F5F5F5F5F5E2E2E2E2F5F5F5F5F5E2F5F5F5F5F5F5F5F5F5F5F5F5F5F5F5F5F5F5F5F5F5F5F5E2F5F5F5F5F5F5F5F5F5F5F5F5F5F5F5F5F5F5F5F5F5F5F5F5F5F5F5F5F5F5F5F5F5F5F5F5F5F5F5F5F5F5F5F5F5F5F5F5F5F5F5F5F5F5F5F5F5F5F5F5F5F5F5F5F5F5F5F5F5F5F5F5F5
310
F5F5F5F5F5F5F5F5F5F5F5F5F5F5F5F5F5F5F5F5F5F5F5F5F5F5F5F5F5F5F5F5F5F5F5F5F5F5F5F5F5F5F5F5F5F5F5F5F5F5F5F5F5F5F5F5F5F5F5F5F5F5F5F5F5F5F5F5F5F5F5F5F5F5F5F5F5F5F5F5F5F5F5F5F5F5F5F5F5F5F5F5F5F5F5F5F5F5F5F5F5F5F5F5F5F5F5F5F5F5F5F5F5F5F5F5F5F5F5E2F5F5F5F5F5F5F5
310
F5F5F5F5F5F5F5F5F5F5F5F5F5F5F5F5E2F5F5F5F5F5E2E2E2E2F5F5F5F5F5E2F5F5F5F5F5F5F5F5F5F5F5F5F5F5F5F5F5F5F5F5F5F5F5E2F5F5F5F5F5F5F5F5F5F5F5F5F5F5F5F5F5F5F5F5F5F5F5F5F5F5F5F5F5F5F5F5F5F5F5F5F5F5F5F5F5F5F5F5F5F5F5F5F5F5F5F5F5F5F5F5F5F5F5F5F5F5F5F5F5F5F5F5F5F5F5
310
F5F5F5F5F5F5F5F5F5F5F5F5F5F5F5F5F5F5F5F5F5F5F5F5F5F5F5F5F5F5F5F5F5F5F5F5F5F5F5F5F5F5F5F5F5F5F5F5F5F5F5F5F5F5F5F5F5F5F5F5F5F5F5F5F5F5F5F5F5F5F5F5F5F5F5F5F5F5F5F5F5F5F5F5F5F5F5F5F5F5F5F5F5F5F5F5F5F5F5F5F5F5F5F5F5F5F5F5F5F5F5F5F5F5F5F5F5F5F5F5F5E2F5F5F5F5F5
310
F5F5F5F5F5F5F5F5F5F5F5F5F5F5F5F5F5F5E2F5F5F5F5F5E2E2E2E2F5F5F5F5F5E2F5F5F5F5F5F5F5F5F5F5F5F5F5F5F5F5F5F5F5F5F5F5F5E2F5F5F5F5F5F5F5F5F5F5F5F5F5F5F5F5F5F5F5F5F5F5F5F5F5F5F5F5F5F5F5F5F5F5F5F5F5F5F5F5F5F5F5F5F5F5F5F5F5F5F5F5F5F5F5F5F5F5F5F5F5F5F5F5F5F5F5F5F5
310
F5F5F5F5F5F5F5F5F5F5F5F5F5F5F5F5F5F5F5F5F5F5F5F5F5F5F5F5F5F5F5F5F5F5F5F5F5F5F5F5F5F5F5F5F5F5F5F5F5F5F5F5F5F5F5F5F5F5F5F5F5F5F5F5F5F5F5F5F5F5F5F5F5F5F5F5F5F5F5F5F5F5F5F5F5F5F5F5F5F5F5F5F5F5F5F5F5F5F5F5F5F5F5F5F5F5F5F5F5F5F5F5F5F5F5F5F5F5F5F5F5F5F5E2F5F5F5
310
F5F5F5F5F5F5F5F5F5F5F5F5F5F5F5F5F5F5F5F5E2F5F5F5F5F5E2E2E2E2F5F5F5F5F5E2F5F5F5F5F5F5F5F5F5F5F5F5F5F5F5F5F5F5F5F5F5F5F5E2F5F5F5F5F5F5F5F5F5F5F5F5F5F5F5F5F5F5F5F5F5F5F5F5F5F5F5F5F5F5F5F5F5F5F5F5F5F5F5F5F5F5F5F5F5F5F5F5F5F5F5F5F5F5F5F5F5F5F5F5F5F5F5F5F5F5F5
310
F5F5F5F5F5F5F5F5F5F5F5F5F5F5F5F5F5F5F5F5F5F5F5F5F5F5F5F5F5F5F5F5F5F5F5F5F5F5F5F5F5F5F5F5F5F5F5F5F5F5F5F5F5F5F5F5F5F5F5F5F5F5F5F5F5F5F5F5F5F5F5F5F5F5F5F5F5F5F5F5F5F5F5F5F5F5F5F5F5F5F5F5F5F5F5F5F5F5F5F5F5F5F5F5F5F5F5F5F5F5F5F5F5F5F5F5F5F5F5F5F5F5F5F5F5E2F5
310
F5F5F5F5F5F5F5F5F5F5F5F5F5F5F5F5F5F5F5F5F5F5E2F5F5F5F5F5E2E2E2E2F5F5F5F5F5E2F5F5F5F5F5F5F5F5F5F5F5F5F5F5F5F5F5F5F5F5F5F5F5E2F5F5F5F5F5F5F5F5F5F5F5F5F5F5F5F5F5F5F5F5F5F5F5F5F5F5F5F5F5F5F5F5F5F5F5F5F5F5F5F5F5F5F5F5F5F5F5F5F5F5F5F5F5F5F5F5F5F5F5F5F5F5F5F5F5
310
F5F5F5F5F5F5F5F5F5F5F5F5F5F5F5F5F5F5F5F5F5F5F5F5F5F5F5F5F5F5F5F5F5F5F5F5F5F5F5F5F5F5F5F5F5F5F5F5F5F5F5F5F5F5F5F5F5F5F5F5F5F5F5F5F5F5F5F5F5F5F5F5F5F5F5F5F5F5F5F5F5F5F5F5F5F5F5F5F5F5F5F5F5F5F5F5F5F5F5F5F5F5F5F5F5F5F5F5F5F5F5F5F5F5F5F5F5F5F5F5F5F5F5F5F5F5F5
310
E2F5F5F5F5F5F5F5F5F5F5F5F5F5F5F5F5F5F5F5F5F5F5F5E2F5F5F5F5F5E2E2E2E2F5F5F5F5F5E2F5F5F5F5F5F5F5F5F5F5F5F5F5F5F5F5F5F5F5F5F5F5F5E2F5F5F5F5F5F5F5F5F5F5F5F5F5F5F5F5F5F5F5F5F5F5F5F5F5F5F5F5F5F5F5F5F5F5F5F5F5F5F5F5F5F5F5F5F5F5F5F5F5F5F5F5F5F5F5F5F5F5F5F5F5F5F5
310
F5F5F5F5F5F5F5F5F5F5F5F5F5F5F5F5F5F5F5F5F5F5F5F5F5F5F5F5F5F5F5F5F5F5F5F5F5F5F5F5F5F5F5F5F5F5F5F5F5F5F5F5F5F5F5F5F5F5F5F5F5F5F5F5F5F5F5F5F5F5F5F5F5F5F5F5F5F5F5F5F5F5F5F5F5F5F5F5F5F5F5F5F5F5F5F5F5F5F5F5F5F5F5F5F5F5F5F5F5F5F5F5F5F5F5F5F5F5F5F5F5F5F5F5F5F5F5
310
F5F5E2F5F5F5F5F5F5F5F5F5F5F5F5F5F5F5F5F5F5F5F5F5F5F5E2F5F5F5F5F5E2E2E2E2F5F5F5F5F5E2F5F5F5F5F5F5F5F5F5F5F5F5F5F5F5F5F5F5F5F5F5F5F5E2F5F5F5F5F5F5F5F5F5F5F5F5F5F5F5F5F5F5F5F5F5F5F5F5F5F5F5F5F5F5F5F5F5F5F5F5F5F5F5F5F5F5F5F5F5F5F5F5F5F5F5F5F5F5F5F5F5F5F5F5F5
310
F5F5F5F5F5F5F5F5F5F5F5F5F5F5F5F5F5F5F5F5F5F5F5F5F5F5F5F5F5F5F5F5F5F5F5F5F5F5F5F5F5F5F5F5F5F5F5F5F5F5F5F5F5F5F5F5F5F5F5F5F5F5F5F5F5F5F5F5F5F5F5F5F5F5F5F5F5F5F5F5F5F5F5F5F5F5F5F5F5F5F5F5F5F5F5F5F5F5F5F5F5F5F5F5F5F5F5F5F5F5F5F5F5F5F5F5F5F5F5F5F5F5F5F5F5F5F5
310
F5F5F5F5E2F5F5F5F5F5F5F5F5F5F5F5F5F5F5F5F5F5F5F5F5F5F5F5E2F5F5F5F5F5E2E2E2E2F5F5F5F5F5E2F5F5F5F5F5F5F5F5F5F5F5F5F5F5F5F5F5F5F5F5F5F5F5E2F5F5F5F5F5F5F5F5F5F5F5F5F5F5F5F5F5F5F5F5F5F5F5F5F5F5F5F5F5F5F5F5F5F5F5F5F5F5F5F5F5F5F5F5F5F5F5F5F5F5F5F5F5F5F5F5F5F5F5
310
F5F5F5F5F5F5F5F5F5F5F5F5F5F5F5F5F5F5F5F5F5F5F5F5F5F5F5F5F5F5F5F5F5F5F5F5F5F5F5F5F5F5F5F5F5F5F5F5F5F5F5F5F5F5F5F5F5F5F5F5F5F5F5F5F5F5F5F5F5F5F5F5F5F5F5F5F5F5F5F5F5F5F5F5F5F5F5F5F5F5F5F5F5F5F5F5F5F5F5F5F5F5F5F5F5F5F5F5F5F5F5F5F5F5F5F5F5F5F5F5F5F5F5F5F5F5F5
310
F5F5F5F5F5F5E2F5F5F5F5F5F5F5F5F5F5F5F5F5F5F5F5F5F5F5F5F5F5F5E2F5F5F5F5F5E2E2E2E2F5F5F5F5F5E2F5F5F5F5F5F5F5F5F5F5F5F5F5F5F5F5F5F5F5F5F5F5F5E2F5F5F5F5F5F5F5F5F5F5F5F5F5F5F5F5F5F5F5F5F5F5F5F5F5F5F5F5F5F5F5F5F5F5F5F5F5F5F5F5F5F5F5F5F5F5F5F5F5F5F5F5F5F5F5F5F5
310
F5F5F5F5F5F5F5F5F5F5F5F5F5F5F5F5F5F5F5F5F5F5F5F5F5F5F5F5F5F5F5F5F5F5F5F5F5F5F5F5F5F5F5F5F5F5F5F5F5F5F5F5F5F5F5F5F5F5F5F5F5F5F5F5F5F5F5F5F5F5F5F5F5F5F5F5F5F5F5F5F5F5F5F5F5F5F5F5F5F5F5F5F5F5F5F5F5F5F5F5F5F5F5F5F5F5F5F5F5F5F5F5F5F5F5F5F5F5F5F5F5F5F5F5F5F5F5
310
F5F5F5F5F5F5F5F5E2F5F5F5F5F5F5F5F5F5F5F5F5F5F5F5F5F5F5F5F5F5F5F5E2F5F5F5F5F5E2E2E2E2F5F5F5F5F5E2F5F5F5F5F5F5F5F5F5F5F5F5F5F5F5F5F5F5F5F5F5F5F5E2F5F5F5F5F5F5F5F5F5F5F5F5F5F5F5F5F5F5F5F5F5F5F5F5F5F5F5F5F5F5F5F5F5F5F5F5F5F5F5F5F5F5F5F5F5F5F5F5F5F5F5F5F5F5F5
310
F5F5F5F5F5F5F5F5F5F5F5F5F5F5F5F5F5F5F5F5F5F5F5F5F5F5F5F5F5F5F5F5F5F5F5F5F5F5F5F5F5F5F5F5F5F5F5F5F5F5F5F5F5F5F5F5F5F5F5F5F5F5F5F5F5F5F5F5F5F5F5F5F5F5F5F5F5F5F5F5F5F5F5F5F5F5F5F5F5F5F5F5F5F5F5F5F5F5F5F5F5F5F5F5F5F5F5F5F5F5F5F5F5F5F5F5F5F5F5F5F5F5F5F5F5F5F5
310
F5F5F5F5F5F5F5F5F5F5E2F5F5F5F5F5F5F5F5F5F5F5F5F5F5F5F5F5F5F5F5F5F5F5E2F5F5F5F5F5E2E2E2E2F5F5F5F5F5E2F5F5F5F5F5F5F5F5F5F5F5F5F5F5F5F5F5F5F5F5F5F5F5E2F5F5F5F5F5F5F5F5F5F5F5F5F5F5F5F5F5F5F5F5F5F5F5F5F5F5F5F5F5F5F5F5F5F5F5F5F5F5F5F5F5F5F5F5F5F5F5F5F5F5F5F5F5
310
F5F5F5F5F5F5F5F5F5F5F5F5F5F5F5F5F5F5F5F5F5F5F5F5F5F5F5F5F5F5F5F5F5F5F5F5F5F5F5F5F5F5F5F5F5F5F5F5F5F5F5F5F5F5F5F5F5F5F5F5F5F5F5F5F5F5F5F5F5F5F5F5F5F5F5F5F5F5F5F5F5F5F5F5F5F5F5F5F5F5F5F5F5F5F5F5F5F5F5F5F5F5F5F5F5F5F5F5F5F5F5F5F5F5F5F5F5F5F5F5F5F5F5F5F5F5F5
310
F5F5F5F5F5F5F5F5F5F5F5F5E2F5F5F5F5F5F5F5F5F5F5F5F5F5F5F5F5F5F5F5F5F5F5F5E2F5F5F5F5F5E2E2E2E2F5F5F5F5F5E2F5F5F5F5F5F5F5F5F5F5F5F5F5F5F5F5F5F5F5F5F5F5F5E2F5F5F5F5F5F5F5F5F5F5F5F5F5F5F5F5F5F5F5F5F5F5F5F5F5F5F5F5F5F5F5F5F5F5F5F5F5F5F5F5F5F5F5F5F5F5F5F5F5F5F5
310
F5F5F5F5F5F5F5F5F5F5F5F5F5F5F5F5F5F5F5F5F5F5F5F5F5F5F5F5F5F5F5F5F5F5F5F5F5F5F5F5F5F5F5F5F5F5F5F5F5F5F5F5F5F5F5F5F5F5F5F5F5F5F5F5F5F5F5F5F5F5F5F5F5F5F5F5F5F5F5F5F5F5F5F5F5F5F5F5F5F5F5F5F5F5F5F5F5F5F5F5F5F5F5F5F5F5F5F5F5F5F5F5F5F5F5F5F5F5F5F5F5F5F5F5F5F5F5
310
F5F5F5F5F5F5F5F5F5F5F5F5F5F5E2F5F5F5F5F5F5F5F5F5F5F5F5F5F5F5F5F5F5F5F5F5F5F5E2F5F5F5F5F5E2E2E2E2F5F5F5F5F5E2F5F5F5F5F5F5F5F5F5F5F5F5F5F5F5F5F5F5F5F5F5F5F5E2F5F5F5F5F5F5F5F5F5F5F5F5F5F5F5F5F5F5F5F5F5F5F5F5F5F5F5F5F5F5F5F5F5F5F5F5F5F5F5F5F5F5F5F5F5F5F5F5F5
310
F5F5F5F5F5F5F5F5F5F5F5F5F5F5F5F5F5F5F5F5F5F5F5F5F5F5F5F5F5F5F5F5F5F5F5F5F5F5F5F5F5F5F5F5F5F5F5F5F5F5F5F5F5F5F5F5F5F5F5F5F5F5F5F5F5F5F5F5F5F5F5F5F5F5F5F5F5F5F5F5F5F5F5F5F5F5F5F5F5F5F5F5F5F5F5F5F5F5F5F5F5F5F5F5F5F5F5F5F5F5F5F5F5F5F5F5F5F5F5F5F5F5F5F5F5F5F5
310
F5F5F5F5F5F5F5F5F5F5F5F5F5F5F5F5E2F5F5F5F5F5F5F5F5F5F5F5F5F5F5F5F5F5F5F5F5F5F5F5E2F5F5F5F5F5E2E2E2E2F5F5F5F5F5E2F5F5F5F5F5F5F5F5F5F5F5F5F5F5F5F5F5F5F5F5F5F5F5E2F5F5F5F5F5F5F5F5F5F5F5F5F5F5F5F5F5F5F5F5F5F5F5F5F5F5F5F5F5F5F5F5F5F5F5F5F5F5F5F5F5F5F5F5F5F5F5
310
F5F5F5F5F5F5F5F5F5F5F5F5F5F5F5F5F5F5F5F5F5F5F5F5F5F5F5F5F5F5F5F5F5F5F5F5F5F5F5F5F5F5F5F5F5F5F5F5F5F5F5F5F5F5F5F5F5F5F5F5F5F5F5F5F5F5F5F5F5F5F5F5F5F5F5F5F5F5F5F5F5F5F5F5F5F5F5F5F5F5F5F5F5F5F5F5F5F5F5F5F5F5F5F5F5F5F5F5F5F5F5F5F5F5F5F5F5F5F5F5F5F5F5F5F5F5F5
310
F5F5F5F5F5F5F5F5F5F5F5F5F5F5F5F5F5F5E2F5F5F5F5F5F5F5F5F5F5F5F5F5F5F5F5F5F5F5F5F5F5F5E2F5F5F5F5F5E2E2E2E2F5F5F5F5F5E2F5F5F5F5F5F5F5F5F5F5F5F5F5F5F5F5F5F5F5F5F5F5F5E2F5F5F5F5F5F5F5F5F5F5F5F5F5F5F5F5F5F5F5F5F5F5F5F5F5F5F5F5F5F5F5F5F5F5F5F5F5F5F5F5F5F5F5F5F5
310
F5F5F5F5F5F5F5F5F5F5F5F5F5F5F5F5F5F5F5F5F5F5F5F5F5F5F5F5F5F5F5F5F5F5F5F5F5F5F5F5F5F5F5F5F5F5F5F5F5F5F5F5F5F5F5F5F5F5F5F5F5F5F5F5F5F5F5F5F5F5F5F5F5F5F5F5F5F5F5F5F5F5F5F5F5F5F5F5F5F5F5F5F5F5F5F5F5F5F5F5F5F5F5F5F5F5F5F5F5F5F5F5F5F5F5F5F5F5F5F5F5F5F5F5F5F5F5
310
F5F5F5F5F5F5F5F5F5F5F5F5F5F5F5F5F5F5F5F5E2F5F5F5F5F5F5F5F5F5F5F5F5F5F5F5F5F5F5F5F5F5F5F5E2F5F5F5F5F5E2E2E2E2F5F5F5F5F5E2F5F5F5F5F5F5F5F5F5F5F5F5F5F5F5F5F5F5F5F5F5F5F5E2F5F5F5F5F5F5F5F5F5F5F5F5F5F5F5F5F5F5F5F5F5F5F5F5F5F5F5F5F5F5F5F5F5F5F5F5F5F5F5F5F5F5F5
310
F5F5F5F5F5F5F5F5F5F5F5F5F5F5F5F5F5F5F5F5F5F5F5F5F5F5F5F5F5F5F5F5F5F5F5F5F5F5F5F5F5F5F5F5F5F5F5F5F5F5F5F5F5F5F5F5F5F5F5F5F5F5F5F5F5F5F5F5F5F5F5F5F5F5F5F5F5F5F5F5F5F5F5F5F5F5F5F5F5F5F5F5F5F5F5F5F5F5F5F5F5F5F5F5F5F5F5F5F5F5F5F5F5F5F5F5F5F5F5F5F5F5F5F5F5F5F5
310
F5F5F5F5F5F5F5F5F5F5F5F5F5F5F5F5F5F5F5F5F5F5E2F5F5F5F5F5F5F5F5F5F5F5F5F5F5F5F5F5F5F5F5F5F5F5E2F5F5F5F5F5E2E2E2E2F5F5F5F5F5E2F5F5F5F5F5F5F5F5F5F5F5F5F5F5F5F5F5F5F5F5F5F5F5E2F5F5F5F5F5F5F5F5F5F5F5F5F5F5F5F5F5F5F5F5F5F5F5F5F5F5F5F5F5F5F5F5F5F5F5F5F5F5F5F5F5
310
F5F5F5F5F5F5F5F5F5F5F5F5F5F5F5F5F5F5F5F5F5F5F5F5F5F5F5F5F5F5F5F5F5F5F5F5F5F5F5F5F5F5F5F5F5F5F5F5F5F5F5F5F5F5F5F5F5F5F5F5F5F5F5F5F5F5F5F5F5F5F5F5F5F5F5F5F5F5F5F5F5F5F5F5F5F5F5F5F5F5F5F5F5F5F5F5F5F5F5F5F5F5F5F5F5F5F5F5F5F5F5F5F5F5F5F5F5F5F5F5F5F5F5F5F5F5F5
310
F5F5F5F5F5F5F5F5F5F5F5F5F5F5F5F5F5F5F5F5F5F5F5F5E2F5F5F5F5F5F5F5F5F5F5F5F5F5F5F5F5F5F5F5F5F5F5F5E2F5F5F5F5F5E2E2E2E2F5F5F5F5F5F5F5F5F5F5F5F5F5F5F5F5F5F5F5F5F5F5F5F5F5F5F5F5F5E2F5F5F5F5F5F5F5F5F5F5F5F5F5F5F5F5F5F5F5F5F5F5F5F5F5F5F5F5F5F5F5F5F5F5F5F5F5F5F5
310
F5F5F5F5F5F5F5F5F5F5F5F5F5F5F5F5F5F5F5F5F5F5F5F5F5F5F5F5F5F5F5F5F5F5F5F5F5F5F5F5F5F5F5F5F5F5F5F5F5F5F5F5F5F5F5F5F5F5F5F5F5F5F5F5F5F5F5F5F5F5F5F5F5F5F5F5F5F5F5F5F5F5F5F5F5F5F5F5F5F5F5F5F5F5F5F5F5F5F5F5F5F5F5F5F5F5F5F5F5F5F5F5F5F5F5F5F5F5F5F5F5F5F5F5F5F5F5
310
F5F5F5F5F5F5F5F5F5F5F5F5F5F5F5F5F5F5F5F5F5F5F5F5F5F5E2F5F5F5F5F5F5F5F5F5F5F5F5F5F5F5F5F5F5F5F5F5F5F5F5F5F5F5F5F5E2E2E2E2F5F5F5F5F5F5F5F5F5F5F5F5F5F5F5F5F5F5F5F5F5F5F5F5F5F5F5F5F5E2F5F5F5F5F5F5F5F5F5F5F5F5F5F5F5F5F5F5F5F5F5F5F5F5F5F5F5F5F5F5F5F5F5F5F5F5F5
310
F5F5F5F5F5F5F5F5F5F5F5F5F5F5F5F5F5F5F5F5F5F5F5F5F5F5F5F5F5F5F5F5F5F5F5F5F5F5F5F5F5F5F5F5F5F5F5F5F5F5F5F5F5F5F5F5F5F5F5F5F5F5F5F5F5F5F5F5F5F5F5F5F5F5F5F5F5F5F5F5F5F5F5F5F5F5F5F5F5F5F5F5F5F5F5F5F5F5F5F5F5F5F5F5F5F5F5F5F5F5F5F5F5F5F5F5F5F5F5F5F5F5F5F5F5F5F5
310
F5F5F5F5F5F5F5F5F5F5F5F5F5F5F5F5F5F5F5F5F5F5F5F5F5F5F5F5E2F5F5F5F5F5F5F5F5F5F5F5F5F5F5F5F5F5F5F5F5F5F5F5F5F5F5F5F5F5E2E2E2E2F5F5F5F5F5F5F5F5F5F5F5F5F5F5F5F5F5F5F5F5F5F5F5F5F5F5F5F5F5E2F5F5F5F5F5F5F5F5F5F5F5F5F5F5F5F5F5F5F5F5F5F5F5F5F5F5F5F5F5F5F5F5F5F5F5
310
F5F5F5F5F5F5F5F5F5F5F5F5F5F5F5F5F5F5F5F5F5F5F5F5F5F5F5F5F5F5F5F5F5F5F5F5F5F5F5F5F5F5F5F5F5F5F5F5F5F5F5F5F5F5F5F5F5F5F5F5F5F5F5F5F5F5F5F5F5F5F5F5F5F5F5F5F5F5F5F5F5F5F5F5F5F5F5F5F5F5F5F5F5F5F5F5F5F5F5F5F5F5F5F5F5F5F5F5F5F5F5F5F5F5F5F5F5F5F5F5F5F5F5F5F5F5F5
310
F5F5F5F5F5F5F5F5F5F5F5F5F5F5F5F5F5F5F5F5F5F5F5F5F5F5F5F5F5F5E2F5F5F5F5F5F5F5F5F5F5F5F5F5F5F5F5F5F5F5F5F5F5F5F5F5F5F5F5F5E2E2E2E2F5F5F5F5F5F5F5F5F5F5F5F5F5F5F5F5F5F5F5F5F5F5F5F5F5F5F5F5F5E2F5F5F5F5F5F5F5F5F5F5F5F5F5F5F5F5F5F5F5F5F5F5F5F5F5F5F5F5F5F5F5F5F5
310
F5F5F5F5F5F5F5F5F5F5F5F5F5F5F5F5F5F5F5F5F5F5F5F5F5F5F5F5F5F5F5F5F5F5F5F5F5F5F5F5F5F5F5F5F5F5F5F5F5F5F5F5F5F5F5F5F5F5F5F5F5F5F5F5F5F5F5F5F5F5F5F5F5F5F5F5F5F5F5F5F5F5F5F5F5F5F5F5F5F5F5F5F5F5F5F5F5F5F5F5F5F5F5F5F5F5F5F5F5F5F5F5F5F5F5F5F5F5F5F5F5F5F5F5F5F5F5
310
F5F5F5F5F5F5F5F5F5F5F5F5F5F5F5F5F5F5F5F5F5F5F5F5F5F5F5F5F5F5F5F5E2F5F5F5F5F5F5F5F5F5F5F5F5F5F5F5F5F5F5F5F5F5F5F5F5F5F5F5F5F5E2E2E2E2F5F5F5F5F5F5F5F5F5F5F5F5F5F5F5F5F5F5F5F5F5F5F5F5F5F5F5F5F5E2F5F5F5F5F5F5F5F5F5F5F5F5F5F5F5F5F5F5F5F5F5F5F5F5F5F5F5F5F5F5F5
310
F5F5F5F5F5F5F5F5F5F5F5F5F5F5F5F5F5F5F5F5F5F5F5F5F5F5F5F5F5F5F5F5F5F5F5F5F5F5F5F5F5F5F5F5F5F5F5F5F5F5F5F5F5F5F5F5F5F5F5F5F5F5F5F5F5F5F5F5F5F5F5F5F5F5F5F5F5F5F5F5F5F5F5F5F5F5F5F5F5F5F5F5F5F5F5F5F5F5F5F5F5F5F5F5F5F5F5F5F5F5F5F5F5F5F5F5F5F5F5F5F5F5F5F5F5F5F5
310
F5F5F5F5F5F5F5F5F5F5F5F5F5F5F5F5F5F5F5F5F5F5F5F5F5F5F5F5F5F5F5F5F5F5E2F5F5F5F5F5F5F5F5F5F5F5F5F5F5F5F5F5F5F5F5F5F5F5F5F5F5F5F5F5E2E2E2E2F5F5F5F5F5F5F5F5F5F5F5F5F5F5F5F5F5F5F5F5F5F5F5F5F5F5F5F5F5E2F5F5F5F5F5F5F5F5F5F5F5F5F5F5F5F5F5F5F5F5F5F5F5F5F5F5F5F5F5
310
F5F5F5F5F5F5F5F5F5F5F5F5F5F5F5F5F5F5F5F5F5F5F5F5F5F5F5F5F5F5F5F5F5F5F5F5F5F5F5F5F5F5F5F5F5F5F5F5F5F5F5F5F5F5F5F5F5F5F5F5F5F5F5F5F5F5F5F5F5F5F5F5F5F5F5F5F5F5F5F5F5F5F5F5F5F5F5F5F5F5F5F5F5F5F5F5F5F5F5F5F5F5F5F5F5F5F5F5F5F5F5F5F5F5F5F5F5F5F5F5F5F5F5F5F5F5F5
310
F5F5F5F5F5F5F5F5F5F5F5F5F5F5F5F5F5F5F5F5F5F5F5F5F5F5F5F5F5F5F5F5F5F5F5F5E2F5F5F5F5F5F5F5F5F5F5F5F5F5F5F5F5F5F5F5F5F5F5F5F5F5F5F5F5F5E2E2E2E2F5F5F5F5F5F5F5F5F5F5F5F5F5F5F5F5F5F5F5F5F5F5F5F5F5F5F5F5F5E2F5F5F5F5F5F5F5F5F5F5F5F5F5F5F5F5F5F5F5F5F5F5F5F5F5F5F5
310
F5F5F5F5F5F5F5F5F5F5F5F5F5F5F5F5F5F5F5F5F5F5F5F5F5F5F5F5F5F5F5F5F5F5F5F5F5F5F5F5F5F5F5F5F5F5F5F5F5F5F5F5F5F5F5F5F5F5F5F5F5F5F5F5F5F5F5F5F5F5F5F5F5F5F5F5F5F5F5F5F5F5F5F5F5F5F5F5F5F5F5F5F5F5F5F5F5F5F5F5F5F5F5F5F5F5F5F5F5F5F5F5F5F5F5F5F5F5F5F5F5F5F5F5F5F5F5
310
F5F5F5F5F5F5F5F5F5F5F5F5F5F5F5F5F5F5F5F5F5F5F5F5F5F5F5F5F5F5F5F5F5F5F5F5F5F5E2F5F5F5F5F5F5F5F5F5F5F5F5F5F5F5F5F5F5F5F5F5F5F5F5F5F5F5F5F5E2E2E2E2F5F5F5F5F5F5F5F5F5F5F5F5F5F5F5F5F5F5F5F5F5F5F5F5F5F5F5F5F5E2F5F5F5F5F5F5F5F5F5F5F5F5F5F5F5F5F5F5F5F5F5F5F5F5F5
310
F5F5F5F5F5F5F5F5F5F5F5F5F5F5F5F5F5F5F5F5F5F5F5F5F5F5F5F5F5F5F5F5F5F5F5F5F5F5F5F5F5F5F5F5F5F5F5F5F5F5F5F5F5F5F5F5F5F5F5F5F5F5F5F5F5F5F5F5F5F5F5F5F5F5F5F5F5F5F5F5F5F5F5F5F5F5F5F5F5F5F5F5F5F5F5F5F5F5F5F5F5F5F5F5F5F5F5F5F5F5F5F5F5F5F5F5F5F5F5F5F5F5F5F5F5F5F5
310
F5F5F5F5F5F5F5F5F5F5F5F5F5F5F5F5F5F5F5F5F5F5F5F5F5F5F5F5F5F5F5F5F5F5F5F5F5F5F5F5E2F5F5F5F5F5F5F5F5F5F5F5F5F5F5F5F5F5F5F5F5F5F5F5F5F5F5F5F5F5E2E2E2E2F5F5F5F5F5F5F5F5F5F5F5F5F5F5F5F5F5F5F5F5F5F5F5F5F5F5F5F5F5E2F5F5F5F5F5F5F5F5F5F5F5F5F5F5F5F5F5F5F5F5F5F5F5
310
F5F5F5F5F5F5F5F5F5F5F5F5F5F5F5F5F5F5F5F5F5F5F5F5F5F5F5F5F5F5F5F5F5F5F5F5F5F5F5F5F5F5F5F5F5F5F5F5F5F5F5F5F5F5F5F5F5F5F5F5F5F5F5F5F5F5F5F5F5F5F5F5F5F5F5F5F5F5F5F5F5F5F5F5F5F5F5F5F5F5F5F5F5F5F5F5F5F5F5F5F5F5F5F5F5F5F5F5F5F5F5F5F5F5F5F5F5F5F5F5F5F5F5F5F5F5F5
310
F5F5F5F5F5F5F5F5F5F5F5F5F5F5F5F5F5F5F5F5F5F5F5F5F5F5F5F5F5F5F5F5F5F5F5F5F5F5F5F5F5F5E2F5F5F5F5F5F5F5F5F5F5F5F5F5F5F5F5F5F5F5F5F5F5F5F5F5F5F5F5F5E2E2E2E2F5F5F5F5F5F5F5F5F5F5F5F5F5F5F5F5F5F5F5F5F5F5F5F5F5F5F5F5F5E2F5F5F5F5F5F5F5F5F5F5F5F5F5F5F5F5F5F5F5F5F5
310
F5F5F5F5F5F5F5F5F5F5F5F5F5F5F5F5F5F5F5F5F5F5F5F5F5F5F5F5F5F5F5F5F5F5F5F5F5F5F5F5F5F5F5F5F5F5F5F5F5F5F5F5F5F5F5F5F5F5F5F5F5F5F5F5F5F5F5F5F5F5F5F5F5F5F5F5F5F5F5F5F5F5F5F5F5F5F5F5F5F5F5F5F5F5F5F5F5F5F5F5F5F5F5F5F5F5F5F5F5F5F5F5F5F5F5F5F5F5F5F5F5F5F5F5F5F5F5
310
F5F5F5F5F5F5F5F5F5F5F5F5F5F5F5F5F5F5F5F5F5F5F5F5F5F5F5F5F5F5F5F5F5F5F5F5F5F5F5F5F5F5F5F5E2F5F5F5F5F5F5F5F5F5F5F5F5F5F5F5F5F5F5F5F5F5F5F5F5F5F5F5F5F5E2E2E2E2F5F5F5F5F5E2F5F5F5F5F5F5F5F5F5F5F5F5F5F5F5F5F5F5F5F5F5F5F5E2F5F5F5F5F5F5F5F5F5F5F5F5F5F5F5F5F5F5F5
310
F5F5F5F5F5F5F5F5F5F5F5F5F5F5F5F5F5F5F5F5F5F5F5F5F5F5F5F5F5F5F5F5F5F5F5F5F5F5F5F5F5F5F5F5F5F5F5F5F5F5F5F5F5F5F5F5F5F5F5F5F5F5F5F5F5F5F5F5F5F5F5F5F5F5F5F5F5F5F5F5F5F5F5F5F5F5F5F5F5F5F5F5F5F5F5F5F5F5F5F5F5F5F5F5F5F5F5F5F5F5F5F5F5F5F5F5F5F5F5F5F5F5F5F5F5F5F5
310
F5F5F5F5F5F5F5F5F5F5F5F5F5F5F5F5F5F5F5F5F5F5F5F5F5F5F5F5F5F5F5F5F5F5F5F5F5F5F5F5F5F5F5F5F5F5E2F5F5F5F5F5F5F5F5F5F5F5F5F5F5F5F5F5F5F5F5F5F5F5E2F5F5F5F5F5E2E2E2E2F5F5F5F5F5E2F5F5F5F5F5F5F5F5F5F5F5F5F5F5F5F5F5F5F5F5F5F5F5E2F5F5F5F5F5F5F5F5F5F5F5F5F5F5F5F5F5
310
F5F5F5F5F5F5F5F5F5F5F5F5F5F5F5F5F5F5F5F5F5F5F5F5F5F5F5F5F5F5F5F5F5F5F5F5F5F5F5F5F5F5F5F5F5F5F5F5F5F5F5F5F5F5F5F5F5F5F5F5F5F5F5F5F5F5F5F5F5F5F5F5F5F5F5F5F5F5F5F5F5F5F5F5F5F5F5F5F5F5F5F5F5F5F5F5F5F5F5F5F5F5F5F5F5F5F5F5F5F5F5F5F5F5F5F5F5F5F5F5F5F5F5F5F5F5F5
310
F5F5F5F5F5F5F5F5F5F5F5F5F5F5F5F5F5F5F5F5F5F5F5F5F5F5F5F5F5F5F5F5F5F5F5F5F5F5F5F5F5F5F5F5F5F5F5F5E2F5F5F5F5F5F5F5F5F5F5F5F5F5F5F5F5F5F5F5F5F5F5F5E2F5F5F5F5F5E2E2E2E2F5F5F5F5F5E2F5F5F5F5F5F5F5F5F5F5F5F5F5F5F5F5F5F5F5F5F5F5F5E2F5F5F5F5F5F5F5F5F5F5F5F5F5F5F5
310
F5F5F5F5F5F5F5F5F5F5F5F5F5F5F5F5F5F5F5F5F5F5F5F5F5F5F5F5F5F5F5F5F5F5F5F5F5F5F5F5F5F5F5F5F5F5F5F5F5F5F5F5F5F5F5F5F5F5F5F5F5F5F5F5F5F5F5F5F5F5F5F5F5F5F5F5F5F5F5F5F5F5F5F5F5F5F5F5F5F5F5F5F5F5F5F5F5F5F5F5F5F5F5F5F5F5F5F5F5F5F5F5F5F5F5F5F5F5F5F5F5F5F5F5F5F5F5
310
F5F5F5F5F5F5F5F5F5F5F5F5F5F5F5F5F5F5F5F5F5F5F5F5F5F5F5F5F5F5F5F5F5F5F5F5F5F5F5F5F5F5F5F5F5F5F5F5F5F5E2F5F5F5F5F5F5F5F5F5F5F5F5F5F5F5F5F5F5F5F5F5F5F5E2F5F5F5F5F5E2E2E2E2F5F5F5F5F5E2F5F5F5F5F5F5F5F5F5F5F5F5F5F5F5F5F5F5F5F5F5F5F5E2F5F5F5F5F5F5F5F5F5F5F5F5F5
310
F5F5F5F5F5F5F5F5F5F5F5F5F5F5F5F5F5F5F5F5F5F5F5F5F5F5F5F5F5F5F5F5F5F5F5F5F5F5F5F5F5F5F5F5F5F5F5F5F5F5F5F5F5F5F5F5F5F5F5F5F5F5F5F5F5F5F5F5F5F5F5F5F5F5F5F5F5F5F5F5F5F5F5F5F5F5F5F5F5F5F5F5F5F5F5F5F5F5F5F5F5F5F5F5F5F5F5F5F5F5F5F5F5F5F5F5F5F5F5F5F5F5F5F5F5F5F5
310
F5F5F5F5F5F5F5F5F5F5F5F5F5F5F5F5F5F5F5F5F5F5F5F5F5F5F5F5F5F5F5F5F5F5F5F5F5F5F5F5F5F5F5F5F5F5F5F5F5F5F5F5E2F5F5F5F5F5F5F5F5F5F5F5F5F5F5F5F5F5F5F5F5F5F5F5E2F5F5F5F5F5E2E2E2E2F5F5F5F5F5E2F5F5F5F5F5F5F5F5F5F5F5F5F5F5F5F5F5F5F5F5F5F5F5E2F5F5F5F5F5F5F5F5F5F5F5
310
F5F5F5F5F5F5F5F5F5F5F5F5F5F5F5F5F5F5F5F5F5F5F5F5F5F5F5F5F5F5F5F5F5F5F5F5F5F5F5F5F5F5F5F5F5F5F5F5F5F5F5F5F5F5F5F5F5F5F5F5F5F5F5F5F5F5F5F5F5F5F5F5F5F5F5F5F5F5F5F5F5F5F5F5F5F5F5F5F5F5F5F5F5F5F5F5F5F5F5F5F5F5F5F5F5F5F5F5F5F5F5F5F5F5F5F5F5F5F5F5F5F5F5F5F5F5F5
310
F5F5F5F5F5F5F5F5F5F5F5F5F5F5F5F5F5F5F5F5F5F5F5F5F5F5F5F5F5F5F5F5F5F5F5F5F5F5F5F5F5F5F5F5F5F5F5F5F5F5F5F5F5F5E2F5F5F5F5F5F5F5F5F5F5F5F5F5F5F5F5F5F5F5F5F5F5F5E2F5F5F5F5F5E2E2E2E2F5F5F5F5F5E2F5F5F5F5F5F5F5F5F5F5F5F5F5F5F5F5F5F5F5F5F5F5F5E2F5F5F5F5F5F5F5F5F5
310
F5F5F5F5F5F5F5F5F5F5F5F5F5F5F5F5F5F5F5F5F5F5F5F5F5F5F5F5F5F5F5F5F5F5F5F5F5F5F5F5F5F5F5F5F5F5F5F5F5F5F5F5F5F5F5F5F5F5F5F5F5F5F5F5F5F5F5F5F5F5F5F5F5F5F5F5F5F5F5F5F5F5F5F5F5F5F5F5F5F5F5F5F5F5F5F5F5F5F5F5F5F5F5F5F5F5F5F5F5F5F5F5F5F5F5F5F5F5F5F5F5F5F5F5F5F5F5
310
F5F5F5F5F5F5F5F5F5F5F5F5F5F5F5F5F5F5F5F5F5F5F5F5F5F5F5F5F5F5F5F5F5F5F5F5F5F5F5F5F5F5F5F5F5F5F5F5F5F5F5F5F5F5F5F5E2F5F5F5F5F5F5F5F5F5F5F5F5F5F5F5F5F5F5F5F5F5F5F5E2F5F5F5F5F5E2E2E2E2F5F5F5F5F5E2F5F5F5F5F5F5F5F5F5F5F5F5F5F5F5F5F5F5F5F5F5F5F5E2F5F5F5F5F5F5F5
310
F5F5F5F5F5F5F5F5F5F5F5F5F5F5F5F5F5F5F5F5F5F5F5F5F5F5F5F5F5F5F5F5F5F5F5F5F5F5F5F5F5F5F5F5F5F5F5F5F5F5F5F5F5F5F5F5F5F5F5F5F5F5F5F5F5F5F5F5F5F5F5F5F5F5F5F5F5F5F5F5F5F5F5F5F5F5F5F5F5F5F5F5F5F5F5F5F5F5F5F5F5F5F5F5F5F5F5F5F5F5F5F5F5F5F5F5F5F5F5F5F5F5F5F5F5F5F5
310
F5F5F5F5F5F5F5F5F5F5F5F5F5F5F5F5F5F5F5F5F5F5F5F5F5F5F5F5F5F5F5F5F5F5F5F5F5F5F5F5F5F5F5F5F5F5F5F5F5F5F5F5F5F5F5F5F5F5E2F5F5F5F5F5F5F5F5F5F5F5F5F5F5F5F5F5F5F5F5F5F5F5E2F5F5F5F5F5E2E2E2E2F5F5F5F5F5E2F5F5F5F5F5F5F5F5F5F5F5F5F5F5F5F5F5F5F5F5F5F5F5E2F5F5F5F5F5
310
F5F5F5F5F5F5F5F5F5F5F5F5F5F5F5F5F5F5F5F5F5F5F5F5F5F5F5F5F5F5F5F5F5F5F5F5F5F5F5F5F5F5F5F5F5F5F5F5F5F5F5F5F5F5F5F5F5F5F5F5F5F5F5F5F5F5F5F5F5F5F5F5F5F5F5F5F5F5F5F5F5F5F5F5F5F5F5F5F5F5F5F5F5F5F5F5F5F5F5F5F5F5F5F5F5F5F5F5F5F5F5F5F5F5F5F5F5F5F5F5F5F5F5F5F5F5F5
310
F5F5F5F5F5F5F5F5F5F5F5F5F5F5F5F5F5F5F5F5F5F5F5F5F5F5F5F5F5F5F5F5F5F5F5F5F5F5F5F5F5F5F5F5F5F5F5F5F5F5F5F5F5F5F5F5F5F5F5F5E2F5F5F5F5F5F5F5F5F5F5F5F5F5F5F5F5F5F5F5F5F5F5F5E2F5F5F5F5F5E2E2E2E2F5F5F5F5F5E2F5F5F5F5F5F5F5F5F5F5F5F5F5F5F5F5F5F5F5F5F5F5F5E2F5F5F5
310
F5F5F5F5F5F5F5F5F5F5F5F5F5F5F5F5F5F5F5F5F5F5F5F5F5F5F5F5F5F5F5F5F5F5F5F5F5F5F5F5F5F5F5F5F5F5F5F5F5F5F5F5F5F5F5F5F5F5F5F5F5F5F5F5F5F5F5F5F5F5F5F5F5F5F5F5F5F5F5F5F5F5F5F5F5F5F5F5F5F5F5F5F5F5F5F5F5F5F5F5F5F5F5F5F5F5F5F5F5F5F5F5F5F5F5F5F5F5F5F5F5F5F5F5F5F5F5
310
F5F5F5F5F5F5F5F5F5F5F5F5F5F5F5F5F5F5F5F5F5F5F5F5F5F5F5F5F5F5F5F5F5F5F5F5F5F5F5F5F5F5F5F5F5F5F5F5F5F5F5F5F5F5F5F5F5F5F5F5F5F5E2F5F5F5F5F5F5F5F5F5F5F5F5F5F5F5F5F5F5F5F5F5F5F5E2F5F5F5F5F5E2E2E2E2F5F5F5F5F5E2F5F5F5F5F5F5F5F5F5F5F5F5F5F5F5F5F5F5F5F5F5F5F5E2F5
310
F5F5F5F5F5F5F5F5F5F5F5F5F5F5F5F5F5F5F5F5F5F5F5F5F5F5F5F5F5F5F5F5F5F5F5F5F5F5F5F5F5F5F5F5F5F5F5F5F5F5F5F5F5F5F5F5F5F5F5F5F5F5F5F5F5F5F5F5F5F5F5F5F5F5F5F5F5F5F5F5F5F5F5F5F5F5F5F5F5F5F5F5F5F5F5F5F5F5F5F5F5F5F5F5F5F5F5F5F5F5F5F5F5F5F5F5F5F5F5F5F5F5F5F5F5F5F5
310
F5F5F5F5F5F5F5F5F5F5F5F5F5F5F5F5F5F5F5F5F5F5F5F5F5F5F5F5F5F5F5F5F5F5F5F5F5F5F5F5F5F5F5F5F5F5F5F5F5F5F5F5F5F5F5F5F5F5F5F5F5F5F5F5E2F5F5F5F5F5F5F5F5F5F5F5F5F5F5F5F5F5F5F5F5F5F5F5E2F5F5F5F5F5E2E2E2E2F5F5F5F5F5E2F5F5F5F5F5F5F5F5F5F5F5F5F5F5F5F5F5F5F5F5F5F5F5
310
E2F5F5F5F5F5F5F5F5F5F5F5F5F5F5F5F5F5F5F5F5F5F5F5F5F5F5F5F5F5F5F5F5F5F5F5F5F5F5F5F5F5F5F5F5F5F5F5F5F5F5F5F5F5F5F5F5F5F5F5F5F5F5F5F5F5F5F5F5F5F5F5F5F5F5F5F5F5F5F5F5F5F5F5F5F5F5F5F5F5F5F5F5F5F5F5F5F5F5F5F5F5F5F5F5F5F5F5F5F5F5F5F5F5F5F5F5F5F5F5F5F5F5F5F5F5F5
310
F5F5F5F5F5F5F5F5F5F5F5F5F5F5F5F5F5F5F5F5F5F5F5F5F5F5F5F5F5F5F5F5F5F5F5F5F5F5F5F5F5F5F5F5F5F5F5F5F5F5F5F5F5F5F5F5F5F5F5F5F5F5F5F5F5F5E2F5F5F5F5F5F5F5F5F5F5F5F5F5F5F5F5F5F5F5F5F5F5F5E2F5F5F5F5F5E2E2E2E2F5F5F5F5F5E2F5F5F5F5F5F5F5F5F5F5F5F5F5F5F5F5F5F5F5F5F5
310
F5F5E2F5F5F5F5F5F5F5F5F5F5F5F5F5F5F5F5F5F5F5F5F5F5F5F5F5F5F5F5F5F5F5F5F5F5F5F5F5F5F5F5F5F5F5F5F5F5F5F5F5F5F5F5F5F5F5F5F5F5F5F5F5F5F5F5F5F5F5F5F5F5F5F5F5F5F5F5F5F5F5F5F5F5F5F5F5F5F5F5F5F5F5F5F5F5F5F5F5F5F5F5F5F5F5F5F5F5F5F5F5F5F5F5F5F5F5F5F5F5F5F5F5F5F5F5
310
F5F5F5F5F5F5F5F5F5F5F5F5F5F5F5F5F5F5F5F5F5F5F5F5F5F5F5F5F5F5F5F5F5F5F5F5F5F5F5F5F5F5F5F5F5F5F5F5F5F5F5F5F5F5F5F5F5F5F5F5F5F5F5F5F5F5F5F5E2F5F5F5F5F5F5F5F5F5F5F5F5F5F5F5F5F5F5F5F5F5F5F5E2F5F5F5F5F5E2E2E2E2F5F5F5F5F5E2F5F5F5F5F5F5F5F5F5F5F5F5F5F5F5F5F5F5F5
310
F5F5F5F5E2F5F5F5F5F5F5F5F5F5F5F5F5F5F5F5F5F5F5F5F5F5F5F5F5F5F5F5F5F5F5F5F5F5F5F5F5F5F5F5F5F5F5F5F5F5F5F5F5F5F5F5F5F5F5F5F5F5F5F5F5F5F5F5F5F5F5F5F5F5F5F5F5F5F5F5F5F5F5F5F5F5F5F5F5F5F5F5F5F5F5F5F5F5F5F5F5F5F5F5F5F5F5F5F5F5F5F5F5F5F5F5F5F5F5F5F5F5F5F5F5F5F5
310
F5F5F5F5F5F5F5F5F5F5F5F5F5F5F5F5F5F5F5F5F5F5F5F5F5F5F5F5F5F5F5F5F5F5F5F5F5F5F5F5F5F5F5F5F5F5F5F5F5F5F5F5F5F5F5F5F5F5F5F5F5F5F5F5F5F5F5F5F5F5E2F5F5F5F5F5F5F5F5F5F5F5F5F5F5F5F5F5F5F5F5F5F5F5E2F5F5F5F5F5E2E2E2E2F5F5F5F5F5E2F5F5F5F5F5F5F5F5F5F5F5F5F5F5F5F5F5
310
F5F5F5F5F5F5E2F5F5F5F5F5F5F5F5F5F5F5F5F5F5F5F5F5F5F5F5F5F5F5F5F5F5F5F5F5F5F5F5F5F5F5F5F5F5F5F5F5F5F5F5F5F5F5F5F5F5F5F5F5F5F5F5F5F5F5F5F5F5F5F5F5F5F5F5F5F5F5F5F5F5F5F5F5F5F5F5F5F5F5F5F5F5F5F5F5F5F5F5F5F5F5F5F5F5F5F5F5F5F5F5F5F5F5F5F5F5F5F5F5F5F5F5F5F5F5F5
310
F5F5F5F5F5F5F5F5F5F5F5F5F5F5F5F5F5F5F5F5F5F5F5F5F5F5F5F5F5F5F5F5F5F5F5F5F5F5F5F5F5F5F5F5F5F5F5F5F5F5F5F5F5F5F5F5F5F5F5F5F5F5F5F5F5F5F5F5F5F5F5F5E2F5F5F5F5F5F5F5F5F5F5F5F5F5F5F5F5F5F5F5F5F5F5F5E2F5F5F5F5F5E2E2E2E2F5F5F5F5F5E2F5F5F5F5F5F5F5F5F5F5F5F5F5F5F5
310
F5F5F5F5F5F5F5F5E2F5F5F5F5F5F5F5F5F5F5F5F5F5F5F5F5F5F5F5F5F5F5F5F5F5F5F5F5F5F5F5F5F5F5F5F5F5F5F5F5F5F5F5F5F5F5F5F5F5F5F5F5F5F5F5F5F5F5F5F5F5F5F5F5F5F5F5F5F5F5F5F5F5F5F5F5F5F5F5F5F5F5F5F5F5F5F5F5F5F5F5F5F5F5F5F5F5F5F5F5F5F5F5F5F5F5F5F5F5F5F5F5F5F5F5F5F5F5
310
F5F5F5F5F5F5F5F5F5F5F5F5F5F5F5F5F5F5F5F5F5F5F5F5F5F5F5F5F5F5F5F5F5F5F5F5F5F5F5F5F5F5F5F5F5F5F5F5F5F5F5F5F5F5F5F5F5F5F5F5F5F5F5F5F5F5F5F5F5F5F5F5F5F5E2F5F5F5F5F5F5F5F5F5F5F5F5F5F5F5F5F5F5F5F5F5F5F5E2F5F5F5F5F5E2E2E2E2F5F5F5F5F5E2F5F5F5F5F5F5F5F5F5F5F5F5F5
310
F5F5F5F5F5F5F5F5F5F5E2F5F5F5F5F5F5F5F5F5F5F5F5F5F5F5F5F5F5F5F5F5F5F5F5F5F5F5F5F5F5F5F5F5F5F5F5F5F5F5F5F5F5F5F5F5F5F5F5F5F5F5F5F5F5F5F5F5F5F5F5F5F5F5F5F5F5F5F5F5F5F5F5F5F5F5F5F5F5F5F5F5F5F5F5F5F5F5F5F5F5F5F5F5F5F5F5F5F5F5F5F5F5F5F5F5F5F5F5F5F5F5F5F5F5F5F5
310
F5F5F5F5F5F5F5F5F5F5F5F5F5F5F5F5F5F5F5F5F5F5F5F5F5F5F5F5F5F5F5F5F5F5F5F5F5F5F5F5F5F5F5F5F5F5F5F5F5F5F5F5F5F5F5F5F5F5F5F5F5F5F5F5F5F5F5F5F5F5F5F5F5F5F5F5E2F5F5F5F5F5F5F5F5F5F5F5F5F5F5F5F5F5F5F5F5F5F5F5E2F5F5F5F5F5E2E2E2E2F5F5F5F5F5F5F5F5F5F5F5F5F5F5F5F5F5
310
F5F5F5F5F5F5F5F5F5F5F5F5E2F5F5F5F5F5F5F5F5F5F5F5F5F5F5F5F5F5F5F5F5F5F5F5F5F5F5F5F5F5F5F5F5F5F5F5F5F5F5F5F5F5F5F5F5F5F5F5F5F5F5F5F5F5F5F5F5F5F5F5F5F5F5F5F5F5F5F5F5F5F5F5F5F5F5F5F5F5F5F5F5F5F5F5F5F5F5F5F5F5F5F5F5F5F5F5F5F5F5F5F5F5F5F5F5F5F5F5F5F5F5F5F5F5F5
310
F5F5F5F5F5F5F5F5F5F5F5F5F5F5F5F5F5F5F5F5F5F5F5F5F5F5F5F5F5F5F5F5F5F5F5F5F5F5F5F5F5F5F5F5F5F5F5F5F5F5F5F5F5F5F5F5F5F5F5F5F5F5F5F5F5F5F5F5F5F5F5F5F5F5F5F5F5F5E2F5F5F5F5F5F5F5F5F5F5F5F5F5F5F5F5F5F5F5F5F5F5F5F5F5F5F5F5F5E2E2E2E2F5F5F5F5F5F5F5F5F5F5F5F5F5F5F5
310
F5F5F5F5F5F5F5F5F5F5F5F5F5F5E2F5F5F5F5F5F5F5F5F5F5F5F5F5F5F5F5F5F5F5F5F5F5F5F5F5F5F5F5F5F5F5F5F5F5F5F5F5F5F5F5F5F5F5F5F5F5F5F5F5F5F5F5F5F5F5F5F5F5F5F5F5F5F5F5F5F5F5F5F5F5F5F5F5F5F5F5F5F5F5F5F5F5F5F5F5F5F5F5F5F5F5F5F5F5F5F5F5F5F5F5F5F5F5F5F5F5F5F5F5F5F5F5
310
F5F5F5F5F5F5F5F5F5F5F5F5F5F5F5F5F5F5F5F5F5F5F5F5F5F5F5F5F5F5F5F5F5F5F5F5F5F5F5F5F5F5F5F5F5F5F5F5F5F5F5F5F5F5F5F5F5F5F5F5F5F5F5F5F5F5F5F5F5F5F5F5F5F5F5F5F5F5F5F5E2F5F5F5F5F5F5F5F5F5F5F5F5F5F5F5F5F5F5F5F5F5F5F5F5F5F5F5F5F5E2E2E2E2F5F5F5F5F5F5F5F5F5F5F5F5F5
310
F5F5F5F5F5F5F5F5F5F5F5F5F5F5F5F5E2F5F5F5F5F5F5F5F5F5F5F5F5F5F5F5F5F5F5F5F5F5F5F5F5F5F5F5F5F5F5F5F5F5F5F5F5F5F5F5F5F5F5F5F5F5F5F5F5F5F5F5F5F5F5F5F5F5F5F5F5F5F5F5F5F5F5F5F5F5F5F5F5F5F5F5F5F5F5F5F5F5F5F5F5F5F5F5F5F5F5F5F5F5F5F5F5F5F5F5F5F5F5F5F5F5F5F5F5F5F5
310
F5F5F5F5F5F5F5F5F5F5F5F5F5F5F5F5F5F5F5F5F5F5F5F5F5F5F5F5F5F5F5F5F5F5F5F5F5F5F5F5F5F5F5F5F5F5F5F5F5F5F5F5F5F5F5F5F5F5F5F5F5F5F5F5F5F5F5F5F5F5F5F5F5F5F5F5F5F5F5F5F5F5E2F5F5F5F5F5F5F5F5F5F5F5F5F5F5F5F5F5F5F5F5F5F5F5F5F5F5F5F5F5E2E2E2E2F5F5F5F5F5F5F5F5F5F5F5
310
F5F5F5F5F5F5F5F5F5F5F5F5F5F5F5F5F5F5E2F5F5F5F5F5F5F5F5F5F5F5F5F5F5F5F5F5F5F5F5F5F5F5F5F5F5F5F5F5F5F5F5F5F5F5F5F5F5F5F5F5F5F5F5F5F5F5F5F5F5F5F5F5F5F5F5F5F5F5F5F5F5F5F5F5F5F5F5F5F5F5F5F5F5F5F5F5F5F5F5F5F5F5F5F5F5F5F5F5F5F5F5F5F5F5F5F5F5F5F5F5F5F5F5F5F5F5F5
310
F5F5F5F5F5F5F5F5F5F5F5F5F5F5F5F5F5F5F5F5F5F5F5F5F5F5F5F5F5F5F5F5F5F5F5F5F5F5F5F5F5F5F5F5F5F5F5F5F5F5F5F5F5F5F5F5F5F5F5F5F5F5F5F5F5F5F5F5F5F5F5F5F5F5F5F5F5F5F5F5F5F5F5F5E2F5F5F5F5F5F5F5F5F5F5F5F5F5F5F5F5F5F5F5F5F5F5F5F5F5F5F5F5F5E2E2E2E2F5F5F5F5F5F5F5F5F5
310
F5F5F5F5F5F5F5F5F5F5F5F5F5F5F5F5F5F5F5F5E2F5F5F5F5F5F5F5F5F5F5F5F5F5F5F5F5F5F5F5F5F5F5F5F5F5F5F5F5F5F5F5F5F5F5F5F5F5F5F5F5F5F5F5F5F5F5F5F5F5F5F5F5F5F5F5F5F5F5F5F5F5F5F5F5F5F5F5F5F5F5F5F5F5F5F5F5F5F5F5F5F5F5F5F5F5F5F5F5F5F5F5F5F5F5F5F5F5F5F5F5F5F5F5F5F5F5
310
F5F5F5F5F5F5F5F5F5F5F5F5F5F5F5F5F5F5F5F5F5F5F5F5F5F5F5F5F5F5F5F5F5F5F5F5F5F5F5F5F5F5F5F5F5F5F5F5F5F5F5F5F5F5F5F5F5F5F5F5F5F5F5F5F5F5F5F5F5F5F5F5F5F5F5F5F5F5F5F5F5F5F5F5F5F5E2F5F5F5F5F5F5F5F5F5F5F5F5F5F5F5F5F5F5F5F5F5F5F5F5F5F5F5F5F5E2E2E2E2F5F5F5F5F5F5F5
310
F5F5F5F5F5F5F5F5F5F5F5F5F5F5F5F5F5F5F5F5F5F5E2F5F5F5F5F5F5F5F5F5F5F5F5F5F5F5F5F5F5F5F5F5F5F5F5F5F5F5F5F5F5F5F5F5F5F5F5F5F5F5F5F5F5F5F5F5F5F5F5F5F5F5F5F5F5F5F5F5F5F5F5F5F5F5F5F5F5F5F5F5F5F5F5F5F5F5F5F5F5F5F5F5F5F5F5F5F5F5F5F5F5F5F5F5F5F5F5F5F5F5F5F5F5F5F5
310
F5F5F5F5F5F5F5F5F5F5F5F5F5F5F5F5F5F5F5F5F5F5F5F5F5F5F5F5F5F5F5F5F5F5F5F5F5F5F5F5F5F5F5F5F5F5F5F5F5F5F5F5F5F5F5F5F5F5F5F5F5F5F5F5F5F5F5F5F5F5F5F5F5F5F5F5F5F5F5F5F5F5F5F5F5F5F5F5E2F5F5F5F5F5F5F5F5F5F5F5F5F5F5F5F5F5F5F5F5F5F5F5F5F5F5F5F5F5E2E2E2E2F5F5F5F5F5
310
F5F5F5F5F5F5F5F5F5F5F5F5F5F5F5F5F5F5F5F5F5F5F5F5E2F5F5F5F5F5F5F5F5F5F5F5F5F5F5F5F5F5F5F5F5F5F5F5F5F5F5F5F5F5F5F5F5F5F5F5F5F5F5F5F5F5F5F5F5F5F5F5F5F5F5F5F5F5F5F5F5F5F5F5F5F5F5F5F5F5F5F5F5F5F5F5F5F5F5F5F5F5F5F5F5F5F5F5F5F5F5F5F5F5F5F5F5F5F5F5F5F5F5F5F5F5F5
310
F5F5F5F5F5F5F5F5F5F5F5F5F5F5F5F5F5F5F5F5F5F5F5F5F5F5F5F5F5F5F5F5F5F5F5F5F5F5F5F5F5F5F5F5F5F5F5F5F5F5F5F5F5F5F5F5F5F5F5F5F5F5F5F5F5F5F5F5F5F5F5F5F5F5F5F5F5F5F5F5F5F5F5F5F5F5F5F5F5F5E2F5F5F5F5F5F5F5F5F5F5F5F5F5F5F5F5F5F5F5F5F5F5F5F5F5F5F5F5F5E2E2E2E2F5F5F5
310
F5F5F5F5F5F5F5F5F5F5F5F5F5F5F5F5F5F5F5F5F5F5F5F5F5F5E2F5F5F5F5F5F5F5F5F5F5F5F5F5F5F5F5F5F5F5F5F5F5F5F5F5F5F5F5F5F5F5F5F5F5F5F5F5F5F5F5F5F5F5F5F5F5F5F5F5F5F5F5F5F5F5F5F5F5F5F5F5F5F5F5F5F5F5F5F5F5F5F5F5F5F5F5F5F5F5F5F5F5F5F5F5F5F5F5F5F5F5F5F5F5F5F5F5F5F5F5
310
F5F5F5F5F5F5F5F5F5F5F5F5F5F5F5F5F5F5F5F5F5F5F5F5F5F5F5F5F5F5F5F5F5F5F5F5F5F5F5F5F5F5F5F5F5F5F5F5F5F5F5F5F5F5F5F5F5F5F5F5F5F5F5F5F5F5F5F5F5F5F5F5F5F5F5F5F5F5F5F5F5F5F5F5F5F5F5F5F5F5F5F5E2F5F5F5F5F5F5F5F5F5F5F5F5F5F5F5F5F5F5F5F5F5F5F5F5F5F5F5F5F5E2E2E2E2F5
310
F5F5F5F5F5F5F5F5F5F5F5F5F5F5F5F5F5F5F5F5F5F5F5F5F5F5F5F5E2F5F5F5F5F5F5F5F5F5F5F5F5F5F5F5F5F5F5F5F5F5F5F5F5F5F5F5F5F5F5F5F5F5F5F5F5F5F5F5F5F5F5F5F5F5F5F5F5F5F5F5F5F5F5F5F5F5F5F5F5F5F5F5F5F5F5F5F5F5F5F5F5F5F5F5F5F5F5F5F5F5F5F5F5F5F5F5F5F5F5F5F5F5F5F5F5F5F5
310
F5F5F5F5F5F5F5F5F5F5F5F5F5F5F5F5F5F5F5F5F5F5F5F5F5F5F5F5F5F5F5F5F5F5F5F5F5F5F5F5F5F5F5F5F5F5F5F5F5F5F5F5F5F5F5F5F5F5F5F5F5F5F5F5F5F5F5F5F5F5F5F5F5F5F5F5F5F5F5F5F5F5F5F5F5F5F5F5F5F5F5F5F5F5E2F5F5F5F5F5F5F5F5F5F5F5F5F5F5F5F5F5F5F5F5F5F5F5F5F5F5F5F5F5E2E2E2
310
E2F5F5F5F5F5F5F5F5F5F5F5F5F5F5F5F5F5F5F5F5F5F5F5F5F5F5F5F5F5E2F5F5F5F5F5F5F5F5F5F5F5F5F5F5F5F5F5F5F5F5F5F5F5F5F5F5F5F5F5F5F5F5F5F5F5F5F5F5F5F5F5F5F5F5F5F5F5F5F5F5F5F5F5F5F5F5F5F5F5F5F5F5F5F5F5F5F5F5F5F5F5F5F5F5F5F5F5F5F5F5F5F5F5F5F5F5F5F5F5F5F5F5F5F5F5F5
310
F5F5F5F5F5F5F5F5F5F5F5F5F5F5F5F5F5F5F5F5F5F5F5F5F5F5F5F5F5F5F5F5F5F5F5F5F5F5F5F5F5F5F5F5F5F5F5F5F5F5F5F5F5F5F5F5F5F5F5F5F5F5F5F5F5F5F5F5F5F5F5F5F5F5F5F5F5F5F5F5F5F5F5F5F5F5F5F5F5F5F5F5F5F5F5F5E2F5F5F5F5F5F5F5F5F5F5F5F5F5F5F5F5F5F5F5F5F5F5F5F5F5F5F5F5F5E2
310
E2E2E2F5F5F5F5F5E2F5F5F5F5F5F5F5F5F5F5F5F5F5F5F5F5F5F5F5F5F5F5F5E2F5F5F5F5F5F5F5F5F5F5F5F5F5F5F5F5F5F5F5F5F5F5F5F5F5F5F5F5F5F5F5F5F5F5F5F5F5F5F5F5F5F5F5F5F5F5F5F5F5F5F5F5F5F5F5F5F5F5F5F5F5F5F5F5F5F5F5F5F5F5F5F5F5F5F5F5F5F5F5F5F5F5F5F5F5F5F5F5F5F5F5F5F5F5
310
F5F5F5F5F5F5F5F5F5F5F5F5F5F5F5F5F5F5F5F5F5F5F5F5F5F5F5F5F5F5F5F5F5F5F5F5F5F5F5F5F5F5F5F5F5F5F5F5F5F5F5F5F5F5F5F5F5F5F5F5F5F5F5F5F5F5F5F5F5F5F5F5F5F5F5F5F5F5F5F5F5F5F5F5F5F5F5F5F5F5F5F5F5F5F5F5F5F5E2F5F5F5F5F5F5F5F5F5F5F5F5F5F5F5F5F5F5F5F5F5F5F5E2F5F5F5F5
310
F5E2E2E2E2F5F5F5F5F5E2F5F5F5F5F5F5F5F5F5F5F5F5F5F5F5F5F5F5F5F5F5F5F5E2F5F5F5F5F5F5F5F5F5F5F5F5F5F5F5F5F5F5F5F5F5F5F5F5F5F5F5F5F5F5F5F5F5F5F5F5F5F5F5F5F5F5F5F5F5F5F5F5F5F5F5F5F5F5F5F5F5F5F5F5F5F5F5F5F5F5F5F5F5F5F5F5F5F5F5F5F5F5F5F5F5F5F5F5F5F5F5F5F5F5F5F5
310
F5F5F5F5F5F5F5F5F5F5F5F5F5F5F5F5F5F5F5F5F5F5F5F5F5F5F5F5F5F5F5F5F5F5F5F5F5F5F5F5F5F5F5F5F5F5F5F5F5F5F5F5F5F5F5F5F5F5F5F5F5F5F5F5F5F5F5F5F5F5F5F5F5F5F5F5F5F5F5F5F5F5F5F5F5F5F5F5F5F5F5F5F5F5F5F5F5F5F5F5E2F5F5F5F5F5F5F5F5F5F5F5F5F5F5F5F5F5F5F5F5F5F5F5E2F5F5
310
F5F5F5E2E2E2E2F5F5F5F5F5E2F5F5F5F5F5F5F5F5F5F5F5F5F5F5F5F5F5F5F5F5F5F5F5E2F5F5F5F5F5F5F5F5F5F5F5F5F5F5F5F5F5F5F5F5F5F5F5F5F5F5F5F5F5F5F5F5F5F5F5F5F5F5F5F5F5F5F5F5F5F5F5F5F5F5F5F5F5F5F5F5F5F5F5F5F5F5F5F5F5F5F5F5F5F5F5F5F5F5F5F5F5F5F5F5F5F5F5F5F5F5F5F5F5F5
310
F5F5F5F5F5F5F5F5F5F5F5F5F5F5F5F5F5F5F5F5F5F5F5F5F5F5F5F5F5F5F5F5F5F5F5F5F5F5F5F5F5F5F5F5F5F5F5F5F5F5F5F5F5F5F5F5F5F5F5F5F5F5F5F5F5F5F5F5F5F5F5F5F5F5F5F5F5F5F5F5F5F5F5F5F5F5F5F5F5F5F5F5F5F5F5F5F5F5F5F5F5F5E2F5F5F5F5F5F5F5F5F5F5F5F5F5F5F5F5F5F5F5F5F5F5F5E2
310
F5F5F5F5F5E2E2E2E2F5F5F5F5F5E2F5F5F5F5F5F5F5F5F5F5F5F5F5F5F5F5F5F5F5F5F5F5F5E2F5F5F5F5F5F5F5F5F5F5F5F5F5F5F5F5F5F5F5F5F5F5F5F5F5F5F5F5F5F5F5F5F5F5F5F5F5F5F5F5F5F5F5F5F5F5F5F5F5F5F5F5F5F5F5F5F5F5F5F5F5F5F5F5F5F5F5F5F5F5F5F5F5F5F5F5F5F5F5F5F5F5F5F5F5F5F5F5
310
F5F5F5F5F5F5F5F5F5F5F5F5F5F5F5F5F5F5F5F5F5F5F5F5F5F5F5F5F5F5F5F5F5F5F5F5F5F5F5F5F5F5F5F5F5F5F5F5F5F5F5F5F5F5F5F5F5F5F5F5F5F5F5F5F5F5F5F5F5F5F5F5F5F5F5F5F5F5F5F5F5F5F5F5F5F5F5F5F5F5F5F5F5F5F5F5F5F5F5F5F5F5F5F5E2F5F5F5F5F5F5F5F5F5F5F5F5F5F5F5F5F5F5F5F5F5F5
310
F5E2F5F5F5F5F5E2E2E2E2F5F5F5F5F5E2F5F5F5F5F5F5F5F5F5F5F5F5F5F5F5F5F5F5F5F5F5F5F5E2F5F5F5F5F5F5F5F5F5F5F5F5F5F5F5F5F5F5F5F5F5F5F5F5F5F5F5F5F5F5F5F5F5F5F5F5F5F5F5F5F5F5F5F5F5F5F5F5F5F5F5F5F5F5F5F5F5F5F5F5F5F5F5F5F5F5F5F5F5F5F5F5F5F5F5F5F5F5F5F5F5F5F5F5F5F5
310
F5F5F5F5F5F5F5F5F5F5F5F5F5F5F5F5F5F5F5F5F5F5F5F5F5F5F5F5F5F5F5F5F5F5F5F5F5F5F5F5F5F5F5F5F5F5F5F5F5F5F5F5F5F5F5F5F5F5F5F5F5F5F5F5F5F5F5F5F5F5F5F5F5F5F5F5F5F5F5F5F5F5F5F5F5F5F5F5F5F5F5F5F5F5F5F5F5F5F5F5F5F5F5F5F5F5E2F5F5F5F5F5F5F5F5F5F5F5F5F5F5F5F5F5F5F5F5
310
F5F5F5E2F5F5F5F5F5E2E2E2E2F5F5F5F5F5E2F5F5F5F5F5F5F5F5F5F5F5F5F5F5F5F5F5F5F5F5F5F5F5E2F5F5F5F5F5F5F5F5F5F5F5F5F5F5F5F5F5F5F5F5F5F5F5F5F5F5F5F5F5F5F5F5F5F5F5F5F5F5F5F5F5F5F5F5F5F5F5F5F5F5F5F5F5F5F5F5F5F5F5F5F5F5F5F5F5F5F5F5F5F5F5F5F5F5F5F5F5F5F5F5F5F5F5F5
310
F5F5F5F5F5F5F5F5F5F5F5F5F5F5F5F5F5F5F5F5F5F5F5F5F5F5F5F5F5F5F5F5F5F5F5F5F5F5F5F5F5F5F5F5F5F5F5F5F5F5F5F5F5F5F5F5F5F5F5F5F5F5F5F5F5F5F5F5F5F5F5F5F5F5F5F5F5F5F5F5F5F5F5F5F5F5F5F5F5F5F5F5F5F5F5F5F5F5F5F5F5F5F5F5F5F5F5F5E2F5F5F5F5F5F5F5F5F5F5F5F5F5F5F5F5F5F5
310
F5F5F5F5F5E2F5F5F5F5F5E2E2E2E2F5F5F5F5F5E2F5F5F5F5F5F5F5F5F5F5F5F5F5F5F5F5F5F5F5F5F5F5F5E2F5F5F5F5F5F5F5F5F5F5F5F5F5F5F5F5F5F5F5F5F5F5F5F5F5F5F5F5F5F5F5F5F5F5F5F5F5F5F5F5F5F5F5F5F5F5F5F5F5F5F5F5F5F5F5F5F5F5F5F5F5F5F5F5F5F5F5F5F5F5F5F5F5F5F5F5F5F5F5F5F5F5
310
F5F5F5F5F5F5F5F5F5F5F5F5F5F5F5F5F5F5F5F5F5F5F5F5F5F5F5F5F5F5F5F5F5F5F5F5F5F5F5F5F5F5F5F5F5F5F5F5F5F5F5F5F5F5F5F5F5F5F5F5F5F5F5F5F5F5F5F5F5F5F5F5F5F5F5F5F5F5F5F5F5F5F5F5F5F5F5F5F5F5F5F5F5F5F5F5F5F5F5F5F5F5F5F5F5F5F5F5F5F5E2F5F5F5F5F5F5F5F5F5F5F5F5F5F5F5F5
310
F5F5F5F5F5F5F5E2F5F5F5F5F5E2E2E2E2F5F5F5F5F5E2F5F5F5F5F5F5F5F5F5F5F5F5F5F5F5F5F5F5F5F5F5F5F5E2F5F5F5F5F5F5F5F5F5F5F5F5F5F5F5F5F5F5F5F5F5F5F5F5F5F5F5F5F5F5F5F5F5F5F5F5F5F5F5F5F5F5F5F5F5F5F5F5F5F5F5F5F5F5F5F5F5F5F5F5F5F5F5F5F5F5F5F5F5F5F5F5F5F5F5F5F5F5F5F5
310
F5F5F5F5F5F5F5F5F5F5F5F5F5F5F5F5F5F5F5F5F5F5F5F5F5F5F5F5F5F5F5F5F5F5F5F5F5F5F5F5F5F5F5F5F5F5F5F5F5F5F5F5F5F5F5F5F5F5F5F5F5F5F5F5F5F5F5F5F5F5F5F5F5F5F5F5F5F5F5F5F5F5F5F5F5F5F5F5F5F5F5F5F5F5F5F5F5F5F5F5F5F5F5F5F5F5F5F5F5F5F5F5E2F5F5F5F5F5F5F5F5F5F5F5F5F5F5
310
F5F5F5F5F5F5F5F5F5E2F5F5F5F5F5E2E2E2E2F5F5F5F5F5E2F5F5F5F5F5F5F5F5F5F5F5F5F5F5F5F5F5F5F5F5F5F5F5E2F5F5F5F5F5F5F5F5F5F5F5F5F5F5F5F5F5F5F5F5F5F5F5F5F5F5F5F5F5F5F5F5F5F5F5F5F5F5F5F5F5F5F5F5F5F5F5F5F5F5F5F5F5F5F5F5F5F5F5F5F5F5F5F5F5F5F5F5F5F5F5F5F5F5F5F5F5F5
310
F5F5F5F5F5F5F5F5F5F5F5F5F5F5F5F5F5F5F5F5F5F5F5F5F5F5F5F5F5F5F5F5F5F5F5F5F5F5F5F5F5F5F5F5F5F5F5F5F5F5F5F5F5F5F5F5F5F5F5F5F5F5F5F5F5F5F5F5F5F5F5F5F5F5F5F5F5F5F5F5F5F5F5F5F5F5F5F5F5F5F5F5F5F5F5F5F5F5F5F5F5F5F5F5F5F5F5F5F5F5F5F5F5F5E2F5F5F5F5F5F5F5F5F5F5F5F5
310
F5F5F5F5F5F5F5F5F5F5F5E2F5F5F5F5F5E2E2E2E2F5F5F5F5F5E2F5F5F5F5F5F5F5F5F5F5F5F5F5F5F5F5F5F5F5F5F5F5F5E2F5F5F5F5F5F5F5F5F5F5F5F5F5F5F5F5F5F5F5F5F5F5F5F5F5F5F5F5F5F5F5F5F5F5F5F5F5F5F5F5F5F5F5F5F5F5F5F5F5F5F5F5F5F5F5F5F5F5F5F5F5F5F5F5F5F5F5F5F5F5F5F5F5F5F5F5
310
F5F5F5F5F5F5F5F5F5F5F5F5F5F5F5F5F5F5F5F5F5F5F5F5F5F5F5F5F5F5F5F5F5F5F5F5F5F5F5F5F5F5F5F5F5F5F5F5F5F5F5F5F5F5F5F5F5F5F5F5F5F5F5F5F5F5F5F5F5F5F5F5F5F5F5F5F5F5F5F5F5F5F5F5F5F5F5F5F5F5F5F5F5F5F5F5F5F5F5F5F5F5F5F5F5F5F5F5F5F5F5F5F5F5F5F5E2F5F5F5F5F5F5F5F5F5F5
310
F5F5F5F5F5F5F5F5F5F5F5F5F5E2F5F5F5F5F5E2E2E2E2F5F5F5F5F5E2F5F5F5F5F5F5F5F5F5F5F5F5F5F5F5F5F5F5F5F5F5F5F5E2F5F5F5F5F5F5F5F5F5F5F5F5F5F5F5F5F5F5F5F5F5F5F5F5F5F5F5F5F5F5F5F5F5F5F5F5F5F5F5F5F5F5F5F5F5F5F5F5F5F5F5F5F5F5F5F5F5F5F5F5F5F5F5F5F5F5F5F5F5F5F5F5F5F5
310
F5F5F5F5F5F5F5F5F5F5F5F5F5F5F5F5F5F5F5F5F5F5F5F5F5F5F5F5F5F5F5F5F5F5F5F5F5F5F5F5F5F5F5F5F5F5F5F5F5F5F5F5F5F5F5F5F5F5F5F5F5F5F5F5F5F5F5F5F5F5F5F5F5F5F5F5F5F5F5F5F5F5F5F5F5F5F5F5F5F5F5F5F5F5F5F5F5F5F5F5F5F5F5F5F5F5F5F5F5F5F5F5F5F5F5F5F5F5E2F5F5F5F5F5F5F5F5
310
F5F5F5F5F5F5F5F5F5F5F5F5F5F5F5E2F5F5F5F5F5E2E2E2E2F5F5F5F5F5E2F5F5F5F5F5F5F5F5F5F5F5F5F5F5F5F5F5F5F5F5F5F5F5E2F5F5F5F5F5F5F5F5F5F5F5F5F5F5F5F5F5F5F5F5F5F5F5F5F5F5F5F5F5F5F5F5F5F5F5F5F5F5F5F5F5F5F5F5F5F5F5F5F5F5F5F5F5F5F5F5F5F5F5F5F5F5F5F5F5F5F5F5F5F5F5F5
310
F5F5F5F5F5F5F5F5F5F5F5F5F5F5F5F5F5F5F5F5F5F5F5F5F5F5F5F5F5F5F5F5F5F5F5F5F5F5F5F5F5F5F5F5F5F5F5F5F5F5F5F5F5F5F5F5F5F5F5F5F5F5F5F5F5F5F5F5F5F5F5F5F5F5F5F5F5F5F5F5F5F5F5F5F5F5F5F5F5F5F5F5F5F5F5F5F5F5F5F5F5F5F5F5F5F5F5F5F5F5F5F5F5F5F5F5F5F5F5F5E2F5F5F5F5F5F5
310
F5F5F5F5F5F5F5F5F5F5F5F5F5F5F5F5F5E2F5F5F5F5F5E2E2E2E2F5F5F5F5F5E2F5F5F5F5F5F5F5F5F5F5F5F5F5F5F5F5F5F5F5F5F5F5F5E2F5F5F5F5F5F5F5F5F5F5F5F5F5F5F5F5F5F5F5F5F5F5F5F5F5F5F5F5F5F5F5F5F5F5F5F5F5F5F5F5F5F5F5F5F5F5F5F5F5F5F5F5F5F5F5F5F5F5F5F5F5F5F5F5F5F5F5F5F5F5
310
F5F5F5F5F5F5F5F5F5F5F5F5F5F5F5F5F5F5F5F5F5F5F5F5F5F5F5F5F5F5F5F5F5F5F5F5F5F5F5F5F5F5F5F5F5F5F5F5F5F5F5F5F5F5F5F5F5F5F5F5F5F5F5F5F5F5F5F5F5F5F5F5F5F5F5F5F5F5F5F5F5F5F5F5F5F5F5F5F5F5F5F5F5F5F5F5F5F5F5F5F5F5F5F5F5F5F5F5F5F5F5F5F5F5F5F5F5F5F5F5F5F5E2F5F5F5F5
310
F5F5F5F5F5F5F5F5F5F5F5F5F5F5F5F5F5F5F5E2F5F5F5F5F5E2E2E2E2F5F5F5F5F5E2F5F5F5F5F5F5F5F5F5F5F5F5F5F5F5F5F5F5F5F5F5F5F5E2F5F5F5F5F5F5F5F5F5F5F5F5F5F5F5F5F5F5F5F5F5F5F5F5F5F5F5F5F5F5F5F5F5F5F5F5F5F5F5F5F5F5F5F5F5F5F5F5F5F5F5F5F5F5F5F5F5F5F5F5F5F5F5F5F5F5F5F5
310
F5F5F5F5F5F5F5F5F5F5F5F5F5F5F5F5F5F5F5F5F5F5F5F5F5F5F5F5F5F5F5F5F5F5F5F5F5F5F5F5F5F5F5F5F5F5F5F5F5F5F5F5F5F5F5F5F5F5F5F5F5F5F5F5F5F5F5F5F5F5F5F5F5F5F5F5F5F5F5F5F5F5F5F5F5F5F5F5F5F5F5F5F5F5F5F5F5F5F5F5F5F5F5F5F5F5F5F5F5F5F5F5F5F5F5F5F5F5F5F5F5F5F5F5E2F5F5
310
F5F5F5F5F5F5F5F5F5F5F5F5F5F5F5F5F5F5F5F5F5E2F5F5F5F5F5E2E2E2E2F5F5F5F5F5E2F5F5F5F5F5F5F5F5F5F5F5F5F5F5F5F5F5F5F5F5F5F5F5E2F5F5F5F5F5F5F5F5F5F5F5F5F5F5F5F5F5F5F5F5F5F5F5F5F5F5F5F5F5F5F5F5F5F5F5F5F5F5F5F5F5F5F5F5F5F5F5F5F5F5F5F5F5F5F5F5F5F5F5F5F5F5F5F5F5F5
310
F5F5F5F5F5F5F5F5F5F5F5F5F5F5F5F5F5F5F5F5F5F5F5F5F5F5F5F5F5F5F5F5F5F5F5F5F5F5F5F5F5F5F5F5F5F5F5F5F5F5F5F5F5F5F5F5F5F5F5F5F5F5F5F5F5F5F5F5F5F5F5F5F5F5F5F5F5F5F5F5F5F5F5F5F5F5F5F5F5F5F5F5F5F5F5F5F5F5F5F5F5F5F5F5F5F5F5F5F5F5F5F5F5F5F5F5F5F5F5F5F5F5F5F5F5F5E2
310
F5F5F5F5F5F5F5F5F5F5F5F5F5F5F5F5F5F5F5F5F5F5F5E2F5F5F5F5F5E2E2E2E2F5F5F5F5F5E2F5F5F5F5F5F5F5F5F5F5F5F5F5F5F5F5F5F5F5F5F5F5F5E2F5F5F5F5F5F5F5F5F5F5F5F5F5F5F5F5F5F5F5F5F5F5F5F5F5F5F5F5F5F5F5F5F5F5F5F5F5F5F5F5F5F5F5F5F5F5F5F5F5F5F5F5F5F5F5F5F5F5F5F5F5F5F5F5
310
F5F5F5F5F5F5F5F5F5F5F5F5F5F5F5F5F5F5F5F5F5F5F5F5F5F5F5F5F5F5F5F5F5F5F5F5F5F5F5F5F5F5F5F5F5F5F5F5F5F5F5F5F5F5F5F5F5F5F5F5F5F5F5F5F5F5F5F5F5F5F5F5F5F5F5F5F5F5F5F5F5F5F5F5F5F5F5F5F5F5F5F5F5F5F5F5F5F5F5F5F5F5F5F5F5F5F5F5F5F5F5F5F5F5F5F5F5F5F5F5F5F5F5F5F5F5F5
310
F5E2F5F5F5F5F5F5F5F5F5F5F5F5F5F5F5F5F5F5F5F5F5F5F5E2F5F5F5F5F5E2E2E2E2F5F5F5F5F5F5F5F5F5F5F5F5F5F5F5F5F5F5F5F5F5F5F5F5F5F5F5F5F5E2F5F5F5F5F5F5F5F5F5F5F5F5F5F5F5F5F5F5F5F5F5F5F5F5F5F5F5F5F5F5F5F5F5F5F5F5F5F5F5F5F5F5F5F5F5F5F5F5F5F5F5F5F5F5F5F5F5F5F5F5F5F5
310
F5F5F5F5F5F5F5F5F5F5F5F5F5F5F5F5F5F5F5F5F5F5F5F5F5F5F5F5F5F5F5F5F5F5F5F5F5F5F5F5F5F5F5F5F5F5F5F5F5F5F5F5F5F5F5F5F5F5F5F5F5F5F5F5F5F5F5F5F5F5F5F5F5F5F5F5F5F5F5F5F5F5F5F5F5F5F5F5F5F5F5F5F5F5F5F5F5F5F5F5F5F5F5F5F5F5F5F5F5F5F5F5F5F5F5F5F5F5F5F5F5F5F5F5F5F5F5
310
F5F5F5E2F5F5F5F5F5F5F5F5F5F5F5F5F5F5F5F5F5F5F5F5F5F5F5F5F5F5F5F5F5E2E2E2E2F5F5F5F5F5F5F5F5F5F5F5F5F5F5F5F5F5F5F5F5F5F5F5F5F5F5F5F5F5E2F5F5F5F5F5F5F5F5F5F5F5F5F5F5F5F5F5F5F5F5F5F5F5F5F5F5F5F5F5F5F5F5F5F5F5F5F5F5F5F5F5F5F5F5F5F5F5F5F5F5F5F5F5F5F5F5F5F5F5F5
310
F5F5F5F5F5F5F5F5F5F5F5F5F5F5F5F5F5F5F5F5F5F5F5F5F5F5F5F5F5F5F5F5F5F5F5F5F5F5F5F5F5F5F5F5F5F5F5F5F5F5F5F5F5F5F5F5F5F5F5F5F5F5F5F5F5F5F5F5F5F5F5F5F5F5F5F5F5F5F5F5F5F5F5F5F5F5F5F5F5F5F5F5F5F5F5F5F5F5F5F5F5F5F5F5F5F5F5F5F5F5F5F5F5F5F5F5F5F5F5F5F5F5F5F5F5F5F5
310
F5F5F5F5F5E2F5F5F5F5F5F5F5F5F5F5F5F5F5F5F5F5F5F5F5F5F5F5F5F5F5F5F5F5F5E2E2E2E2F5F5F5F5F5F5F5F5F5F5F5F5F5F5F5F5F5F5F5F5F5F5F5F5F5F5F5F5F5E2F5F5F5F5F5F5F5F5F5F5F5F5F5F5F5F5F5F5F5F5F5F5F5F5F5F5F5F5F5F5F5F5F5F5F5F5F5F5F5F5F5F5F5F5F5F5F5F5F5F5F5F5F5F5F5F5F5F5
310
F5F5F5F5F5F5F5F5F5F5F5F5F5F5F5F5F5F5F5F5F5F5F5F5F5F5F5F5F5F5F5F5F5F5F5F5F5F5F5F5F5F5F5F5F5F5F5F5F5F5F5F5F5F5F5F5F5F5F5F5F5F5F5F5F5F5F5F5F5F5F5F5F5F5F5F5F5F5F5F5F5F5F5F5F5F5F5F5F5F5F5F5F5F5F5F5F5F5F5F5F5F5F5F5F5F5F5F5F5F5F5F5F5F5F5F5F5F5F5F5F5F5F5F5F5F5F5
310
F5F5F5F5F5F5F5E2F5F5F5F5F5F5F5F5F5F5F5F5F5F5F5F5F5F5F5F5F5F5F5F5F5F5F5F5F5E2E2E2E2F5F5F5F5F5F5F5F5F5F5F5F5F5F5F5F5F5F5F5F5F5F5F5F5F5F5F5F5F5E2F5F5F5F5F5F5F5F5F5F5F5F5F5F5F5F5F5F5F5F5F5F5F5F5F5F5F5F5F5F5F5F5F5F5F5F5F5F5F5F5F5F5F5F5F5F5F5F5F5F5F5F5F5F5F5F5
310
F5F5F5F5F5F5F5F5F5F5F5F5F5F5F5F5F5F5F5F5F5F5F5F5F5F5F5F5F5F5F5F5F5F5F5F5F5F5F5F5F5F5F5F5F5F5F5F5F5F5F5F5F5F5F5F5F5F5F5F5F5F5F5F5F5F5F5F5F5F5F5F5F5F5F5F5F5F5F5F5F5F5F5F5F5F5F5F5F5F5F5F5F5F5F5F5F5F5F5F5F5F5F5F5F5F5F5F5F5F5F5F5F5F5F5F5F5F5F5F5F5F5F5F5F5F5F5
310
F5F5F5F5F5F5F5F5F5E2F5F5F5F5F5F5F5F5F5F5F5F5F5F5F5F5F5F5F5F5F5F5F5F5F5F5F5F5F5E2E2E2E2F5F5F5F5F5F5F5F5F5F5F5F5F5F5F5F5F5F5F5F5F5F5F5F5F5F5F5F5F5E2F5F5F5F5F5F5F5F5F5F5F5F5F5F5F5F5F5F5F5F5F5F5F5F5F5F5F5F5F5F5F5F5F5F5F5F5F5F5F5F5F5F5F5F5F5F5F5F5F5F5F5F5F5F5
310
F5F5F5F5F5F5F5F5F5F5F5F5F5F5F5F5F5F5F5F5F5F5F5F5F5F5F5F5F5F5F5F5F5F5F5F5F5F5F5F5F5F5F5F5F5F5F5F5F5F5F5F5F5F5F5F5F5F5F5F5F5F5F5F5F5F5F5F5F5F5F5F5F5F5F5F5F5F5F5F5F5F5F5F5F5F5F5F5F5F5F5F5F5F5F5F5F5F5F5F5F5F5F5F5F5F5F5F5F5F5F5F5F5F5F5F5F5F5F5F5F5F5F5F5F5F5F5
310
F5F5F5F5F5F5F5F5F5F5F5E2F5F5F5F5F5F5F5F5F5F5F5F5F5F5F5F5F5F5F5F5F5F5F5F5F5F5F5F5F5E2E2E2E2F5F5F5F5F5F5F5F5F5F5F5F5F5F5F5F5F5F5F5F5F5F5F5F5F5F5F5F5F5E2F5F5F5F5F5F5F5F5F5F5F5F5F5F5F5F5F5F5F5F5F5F5F5F5F5F5F5F5F5F5F5F5F5F5F5F5F5F5F5F5F5F5F5F5F5F5F5F5F5F5F5F5
310
F5F5F5F5F5F5F5F5F5F5F5F5F5F5F5F5F5F5F5F5F5F5F5F5F5F5F5F5F5F5F5F5F5F5F5F5F5F5F5F5F5F5F5F5F5F5F5F5F5F5F5F5F5F5F5F5F5F5F5F5F5F5F5F5F5F5F5F5F5F5F5F5F5F5F5F5F5F5F5F5F5F5F5F5F5F5F5F5F5F5F5F5F5F5F5F5F5F5F5F5F5F5F5F5F5F5F5F5F5F5F5F5F5F5F5F5F5F5F5F5F5F5F5F5F5F5F5
310
F5F5F5F5F5F5F5F5F5F5F5F5F5E2F5F5F5F5F5F5F5F5F5F5F5F5F5F5F5F5F5F5F5F5F5F5F5F5F5F5F5F5F5E2E2E2E2F5F5F5F5F5F5F5F5F5F5F5F5F5F5F5F5F5F5F5F5F5F5F5F5F5F5F5F5F5E2F5F5F5F5F5F5F5F5F5F5F5F5F5F5F5F5F5F5F5F5F5F5F5F5F5F5F5F5F5F5F5F5F5F5F5F5F5F5F5F5F5F5F5F5F5F5F5F5F5F5
310
F5F5F5F5F5F5F5F5F5F5F5F5F5F5F5F5F5F5F5F5F5F5F5F5F5F5F5F5F5F5F5F5F5F5F5F5F5F5F5F5F5F5F5F5F5F5F5F5F5F5F5F5F5F5F5F5F5F5F5F5F5F5F5F5F5F5F5F5F5F5F5F5F5F5F5F5F5F5F5F5F5F5F5F5F5F5F5F5F5F5F5F5F5F5F5F5F5F5F5F5F5F5F5F5F5F5F5F5F5F5F5F5F5F5F5F5F5F5F5F5F5F5F5F5F5F5F5
310
F5F5F5F5F5F5F5F5F5F5F5F5F5F5F5E2F5F5F5F5F5F5F5F5F5F5F5F5F5F5F5F5F5F5F5F5F5F5F5F5F5F5F5F5F5E2E2E2E2F5F5F5F5F5F5F5F5F5F5F5F5F5F5F5F5F5F5F5F5F5F5F5F5F5F5F5F5F5E2F5F5F5F5F5F5F5F5F5F5F5F5F5F5F5F5F5F5F5F5F5F5F5F5F5F5F5F5F5F5F5F5F5F5F5F5F5F5F5F5F5F5F5F5F5F5F5F5
310
F5F5F5F5F5F5F5F5F5F5F5F5F5F5F5F5F5F5F5F5F5F5F5F5F5F5F5F5F5F5F5F5F5F5F5F5F5F5F5F5F5F5F5F5F5F5F5F5F5F5F5F5F5F5F5F5F5F5F5F5F5F5F5F5F5F5F5F5F5F5F5F5F5F5F5F5F5F5F5F5F5F5F5F5F5F5F5F5F5F5F5F5F5F5F5F5F5F5F5F5F5F5F5F5F5F5F5F5F5F5F5F5F5F5F5F5F5F5F5F5F5F5F5F5F5F5F5
310
F5F5F5F5F5F5F5F5F5F5F5F5F5F5F5F5F5E2F5F5F5F5F5F5F5F5F5F5F5F5F5F5F5F5F5F5F5F5F5F5F5F5F5F5F5F5F5E2E2E2E2F5F5F5F5F5F5F5F5F5F5F5F5F5F5F5F5F5F5F5F5F5F5F5F5F5F5F5F5F5E2F5F5F5F5F5F5F5F5F5F5F5F5F5F5F5F5F5F5F5F5F5F5F5F5F5F5F5F5F5F5F5F5F5F5F5F5F5F5F5F5F5F5F5F5F5F5
310
F5F5F5F5F5F5F5F5F5F5F5F5F5F5F5F5F5F5F5F5F5F5F5F5F5F5F5F5F5F5F5F5F5F5F5F5F5F5F5F5F5F5F5F5F5F5F5F5F5F5F5F5F5F5F5F5F5F5F5F5F5F5F5F5F5F5F5F5F5F5F5F5F5F5F5F5F5F5F5F5F5F5F5F5F5F5F5F5F5F5F5F5F5F5F5F5F5F5F5F5F5F5F5F5F5F5F5F5F5F5F5F5F5F5F5F5F5F5F5F5F5F5F5F5F5F5F5
310
F5F5F5F5F5F5F5F5F5F5F5F5F5F5F5F5F5F5F5E2F5F5F5F5F5F5F5F5F5F5F5F5F5F5F5F5F5F5F5F5F5F5F5F5F5F5F5F5F5E2E2E2E2F5F5F5F5F5F5F5F5F5F5F5F5F5F5F5F5F5F5F5F5F5F5F5F5F5F5F5F5F5E2F5F5F5F5F5F5F5F5F5F5F5F5F5F5F5F5F5F5F5F5F5F5F5F5F5F5F5F5F5F5F5F5F5F5F5F5F5F5F5F5F5F5F5F5
310
F5F5F5F5F5F5F5F5F5F5F5F5F5F5F5F5F5F5F5F5F5F5F5F5F5F5F5F5F5F5F5F5F5F5F5F5F5F5F5F5F5F5F5F5F5F5F5F5F5F5F5F5F5F5F5F5F5F5F5F5F5F5F5F5F5F5F5F5F5F5F5F5F5F5F5F5F5F5F5F5F5F5F5F5F5F5F5F5F5F5F5F5F5F5F5F5F5F5F5F5F5F5F5F5F5F5F5F5F5F5F5F5F5F5F5F5F5F5F5F5F5F5F5F5F5F5F5
310
F5F5F5F5F5F5F5F5F5F5F5F5F5F5F5F5F5F5F5F5F5E2F5F5F5F5F5F5F5F5F5F5F5F5F5F5F5F5F5F5F5F5F5F5F5F5F5F5F5F5F5E2E2E2E2F5F5F5F5F5E2F5F5F5F5F5F5F5F5F5F5F5F5F5F5F5F5F5F5F5F5F5F5F5E2F5F5F5F5F5F5F5F5F5F5F5F5F5F5F5F5F5F5F5F5F5F5F5F5F5F5F5F5F5F5F5F5F5F5F5F5F5F5F5F5F5F5
310
F5F5F5F5F5F5F5F5F5F5F5F5F5F5F5F5F5F5F5F5F5F5F5F5F5F5F5F5F5F5F5F5F5F5F5F5F5F5F5F5F5F5F5F5F5F5F5F5F5F5F5F5F5F5F5F5F5F5F5F5F5F5F5F5F5F5F5F5F5F5F5F5F5F5F5F5F5F5F5F5F5F5F5F5F5F5F5F5F5F5F5F5F5F5F5F5F5F5F5F5F5F5F5F5F5F5F5F5F5F5F5F5F5F5F5F5F5F5F5F5F5F5F5F5F5F5F5
310
F5F5F5F5F5F5F5F5F5F5F5F5F5F5F5F5F5F5F5F5F5F5F5E2F5F5F5F5F5F5F5F5F5F5F5F5F5F5F5F5F5F5F5F5F5F5F5E2F5F5F5F5F5E2E2E2E2F5F5F5F5F5E2F5F5F5F5F5F5F5F5F5F5F5F5F5F5F5F5F5F5F5F5F5F5F5E2F5F5F5F5F5F5F5F5F5F5F5F5F5F5F5F5F5F5F5F5F5F5F5F5F5F5F5F5F5F5F5F5F5F5F5F5F5F5F5F5
310
F5F5F5F5F5F5F5F5F5F5F5F5F5F5F5F5F5F5F5F5F5F5F5F5F5F5F5F5F5F5F5F5F5F5F5F5F5F5F5F5F5F5F5F5F5F5F5F5F5F5F5F5F5F5F5F5F5F5F5F5F5F5F5F5F5F5F5F5F5F5F5F5F5F5F5F5F5F5F5F5F5F5F5F5F5F5F5F5F5F5F5F5F5F5F5F5F5F5F5F5F5F5F5F5F5F5F5F5F5F5F5F5F5F5F5F5F5F5F5F5F5F5F5F5F5F5F5
310
F5F5F5F5F5F5F5F5F5F5F5F5F5F5F5F5F5F5F5F5F5F5F5F5F5E2F5F5F5F5F5F5F5F5F5F5F5F5F5F5F5F5F5F5F5F5F5F5F5E2F5F5F5F5F5E2E2E2E2F5F5F5F5F5E2F5F5F5F5F5F5F5F5F5F5F5F5F5F5F5F5F5F5F5F5F5F5F5E2F5F5F5F5F5F5F5F5F5F5F5F5F5F5F5F5F5F5F5F5F5F5F5F5F5F5F5F5F5F5F5F5F5F5F5F5F5F5
310
F5F5F5F5F5F5F5F5F5F5F5F5F5F5F5F5F5F5F5F5F5F5F5F5F5F5F5F5F5F5F5F5F5F5F5F5F5F5F5F5F5F5F5F5F5F5F5F5F5F5F5F5F5F5F5F5F5F5F5F5F5F5F5F5F5F5F5F5F5F5F5F5F5F5F5F5F5F5F5F5F5F5F5F5F5F5F5F5F5F5F5F5F5F5F5F5F5F5F5F5F5F5F5F5F5F5F5F5F5F5F5F5F5F5F5F5F5F5F5F5F5F5F5F5F5F5F5
310
F5F5F5F5F5F5F5F5F5F5F5F5F5F5F5F5F5F5F5F5F5F5F5F5F5F5F5E2F5F5F5F5F5F5F5F5F5F5F5F5F5F5F5F5F5F5F5F5F5F5F5E2F5F5F5F5F5E2E2E2E2F5F5F5F5F5E2F5F5F5F5F5F5F5F5F5F5F5F5F5F5F5F5F5F5F5F5F5F5F5E2F5F5F5F5F5F5F5F5F5F5F5F5F5F5F5F5F5F5F5F5F5F5F5F5F5F5F5F5F5F5F5F5F5F5F5F5
310
F5F5F5F5F5F5F5F5F5F5F5F5F5F5F5F5F5F5F5F5F5F5F5F5F5F5F5F5F5F5F5F5F5F5F5F5F5F5F5F5F5F5F5F5F5F5F5F5F5F5F5F5F5F5F5F5F5F5F5F5F5F5F5F5F5F5F5F5F5F5F5F5F5F5F5F5F5F5F5F5F5F5F5F5F5F5F5F5F5F5F5F5F5F5F5F5F5F5F5F5F5F5F5F5F5F5F5F5F5F5F5F5F5F5F5F5F5F5F5F5F5F5F5F5F5F5F5
310
F5F5F5F5F5F5F5F5F5F5F5F5F5F5F5F5F5F5F5F5F5F5F5F5F5F5F5F5F5E2F5F5F5F5F5F5F5F5F5F5F5F5F5F5F5F5F5F5F5F5F5F5F5E2F5F5F5F5F5E2E2E2E2F5F5F5F5F5E2F5F5F5F5F5F5F5F5F5F5F5F5F5F5F5F5F5F5F5F5F5F5F5E2F5F5F5F5F5F5F5F5F5F5F5F5F5F5F5F5F5F5F5F5F5F5F5F5F5F5F5F5F5F5F5F5F5F5
310
F5F5F5F5F5F5F5F5F5F5F5F5F5F5F5F5F5F5F5F5F5F5F5F5F5F5F5F5F5F5F5F5F5F5F5F5F5F5F5F5F5F5F5F5F5F5F5F5F5F5F5F5F5F5F5F5F5F5F5F5F5F5F5F5F5F5F5F5F5F5F5F5F5F5F5F5F5F5F5F5F5F5F5F5F5F5F5F5F5F5F5F5F5F5F5F5F5F5F5F5F5F5F5F5F5F5F5F5F5F5F5F5F5F5F5F5F5F5F5F5F5F5F5F5F5F5F5
310
F5F5F5F5F5F5F5F5F5F5F5F5F5F5F5F5F5F5F5F5F5F5F5F5F5F5F5F5F5F5F5E2F5F5F5F5F5F5F5F5F5F5F5F5F5F5F5F5F5F5F5F5F5F5F5E2F5F5F5F5F5E2E2E2E2F5F5F5F5F5E2F5F5F5F5F5F5F5F5F5F5F5F5F5F5F5F5F5F5F5F5F5F5F5E2F5F5F5F5F5F5F5F5F5F5F5F5F5F5F5F5F5F5F5F5F5F5F5F5F5F5F5F5F5F5F5F5
310
F5F5F5F5F5F5F5F5F5F5F5F5F5F5F5F5F5F5F5F5F5F5F5F5F5F5F5F5F5F5F5F5F5F5F5F5F5F5F5F5F5F5F5F5F5F5F5F5F5F5F5F5F5F5F5F5F5F5F5F5F5F5F5F5F5F5F5F5F5F5F5F5F5F5F5F5F5F5F5F5F5F5F5F5F5F5F5F5F5F5F5F5F5F5F5F5F5F5F5F5F5F5F5F5F5F5F5F5F5F5F5F5F5F5F5F5F5F5F5F5F5F5F5F5F5F5F5
310
F5F5F5F5F5F5F5F5F5F5F5F5F5F5F5F5F5F5F5F5F5F5F5F5F5F5F5F5F5F5F5F5F5E2F5F5F5F5F5F5F5F5F5F5F5F5F5F5F5F5F5F5F5F5F5F5F5E2F5F5F5F5F5E2E2E2E2F5F5F5F5F5E2F5F5F5F5F5F5F5F5F5F5F5F5F5F5F5F5F5F5F5F5F5F5F5E2F5F5F5F5F5F5F5F5F5F5F5F5F5F5F5F5F5F5F5F5F5F5F5F5F5F5F5F5F5F5
310
F5F5F5F5F5F5F5F5F5F5F5F5F5F5F5F5F5F5F5F5F5F5F5F5F5F5F5F5F5F5F5F5F5F5F5F5F5F5F5F5F5F5F5F5F5F5F5F5F5F5F5F5F5F5F5F5F5F5F5F5F5F5F5F5F5F5F5F5F5F5F5F5F5F5F5F5F5F5F5F5F5F5F5F5F5F5F5F5F5F5F5F5F5F5F5F5F5F5F5F5F5F5F5F5F5F5F5F5F5F5F5F5F5F5F5F5F5F5F5F5F5F5F5F5F5F5F5
310
F5F5F5F5F5F5F5F5F5F5F5F5F5F5F5F5F5F5F5F5F5F5F5F5F5F5F5F5F5F5F5F5F5F5F5E2F5F5F5F5F5F5F5F5F5F5F5F5F5F5F5F5F5F5F5F5F5F5F5E2F5F5F5F5F5E2E2E2E2F5F5F5F5F5E2F5F5F5F5F5F5F5F5F5F5F5F5F5F5F5F5F5F5F5F5F5F5F5E2F5F5F5F5F5F5F5F5F5F5F5F5F5F5F5F5F5F5F5F5F5F5F5F5F5F5F5F5
310
F5F5F5F5F5F5F5F5F5F5F5F5F5F5F5F5F5F5F5F5F5F5F5F5F5F5F5F5F5F5F5F5F5F5F5F5F5F5F5F5F5F5F5F5F5F5F5F5F5F5F5F5F5F5F5F5F5F5F5F5F5F5F5F5F5F5F5F5F5F5F5F5F5F5F5F5F5F5F5F5F5F5F5F5F5F5F5F5F5F5F5F5F5F5F5F5F5F5F5F5F5F5F5F5F5F5F5F5F5F5F5F5F5F5F5F5F5F5F5F5F5F5F5F5F5F5F5
310
F5F5F5F5F5F5F5F5F5F5F5F5F5F5F5F5F5F5F5F5F5F5F5F5F5F5F5F5F5F5F5F5F5F5F5F5F5E2F5F5F5F5F5F5F5F5F5F5F5F5F5F5F5F5F5F5F5F5F5F5F5E2F5F5F5F5F5E2E2E2E2F5F5F5F5F5E2F5F5F5F5F5F5F5F5F5F5F5F5F5F5F5F5F5F5F5F5F5F5F5E2F5F5F5F5F5F5F5F5F5F5F5F5F5F5F5F5F5F5F5F5F5F5F5F5F5F5
310
F5F5F5F5F5F5F5F5F5F5F5F5F5F5F5F5F5F5F5F5F5F5F5F5F5F5F5F5F5F5F5F5F5F5F5F5F5F5F5F5F5F5F5F5F5F5F5F5F5F5F5F5F5F5F5F5F5F5F5F5F5F5F5F5F5F5F5F5F5F5F5F5F5F5F5F5F5F5F5F5F5F5F5F5F5F5F5F5F5F5F5F5F5F5F5F5F5F5F5F5F5F5F5F5F5F5F5F5F5F5F5F5F5F5F5F5F5F5F5F5F5F5F5F5F5F5F5
310
F5F5F5F5F5F5F5F5F5F5F5F5F5F5F5F5F5F5F5F5F5F5F5F5F5F5F5F5F5F5F5F5F5F5F5F5F5F5F5E2F5F5F5F5F5F5F5F5F5F5F5F5F5F5F5F5F5F5F5F5F5F5F5E2F5F5F5F5F5E2E2E2E2F5F5F5F5F5E2F5F5F5F5F5F5F5F5F5F5F5F5F5F5F5F5F5F5F5F5F5F5F5E2F5F5F5F5F5F5F5F5F5F5F5F5F5F5F5F5F5F5F5F5F5F5F5F5
310
F5F5F5F5F5F5F5F5F5F5F5F5F5F5F5F5F5F5F5F5F5F5F5F5F5F5F5F5F5F5F5F5F5F5F5F5F5F5F5F5F5F5F5F5F5F5F5F5F5F5F5F5F5F5F5F5F5F5F5F5F5F5F5F5F5F5F5F5F5F5F5F5F5F5F5F5F5F5F5F5F5F5F5F5F5F5F5F5F5F5F5F5F5F5F5F5F5F5F5F5F5F5F5F5F5F5F5F5F5F5F5F5F5F5F5F5F5F5F5F5F5F5F5F5F5F5F5
310
F5F5F5F5F5F5F5F5F5F5F5F5F5F5F5F5F5F5F5F5F5F5F5F5F5F5F5F5F5F5F5F5F5F5F5F5F5F5F5F5F5E2F5F5F5F5F5F5F5F5F5F5F5F5F5F5F5F5F5F5F5F5F5F5F5E2F5F5F5F5F5E2E2E2E2F5F5F5F5F5E2F5F5F5F5F5F5F5F5F5F5F5F5F5F5F5F5F5F5F5F5F5F5F5E2F5F5F5F5F5F5F5F5F5F5F5F5F5F5F5F5F5F5F5F5F5F5
310
F5F5F5F5F5F5F5F5F5F5F5F5F5F5F5F5F5F5F5F5F5F5F5F5F5F5F5F5F5F5F5F5F5F5F5F5F5F5F5F5F5F5F5F5F5F5F5F5F5F5F5F5F5F5F5F5F5F5F5F5F5F5F5F5F5F5F5F5F5F5F5F5F5F5F5F5F5F5F5F5F5F5F5F5F5F5F5F5F5F5F5F5F5F5F5F5F5F5F5F5F5F5F5F5F5F5F5F5F5F5F5F5F5F5F5F5F5F5F5F5F5F5F5F5F5F5F5
310
F5F5F5F5F5F5F5F5F5F5F5F5F5F5F5F5F5F5F5F5F5F5F5F5F5F5F5F5F5F5F5F5F5F5F5F5F5F5F5F5F5F5F5E2F5F5F5F5F5F5F5F5F5F5F5F5F5F5F5F5F5F5F5F5F5F5F5E2F5F5F5F5F5E2E2E2E2F5F5F5F5F5E2F5F5F5F5F5F5F5F5F5F5F5F5F5F5F5F5F5F5F5F5F5F5F5E2F5F5F5F5F5F5F5F5F5F5F5F5F5F5F5F5F5F5F5F5
310
F5F5F5F5F5F5F5F5F5F5F5F5F5F5F5F5F5F5F5F5F5F5F5F5F5F5F5F5F5F5F5F5F5F5F5F5F5F5F5F5F5F5F5F5F5F5F5F5F5F5F5F5F5F5F5F5F5F5F5F5F5F5F5F5F5F5F5F5F5F5F5F5F5F5F5F5F5F5F5F5F5F5F5F5F5F5F5F5F5F5F5F5F5F5F5F5F5F5F5F5F5F5F5F5F5F5F5F5F5F5F5F5F5F5F5F5F5F5F5F5F5F5F5F5F5F5F5
310
F5F5F5F5F5F5F5F5F5F5F5F5F5F5F5F5F5F5F5F5F5F5F5F5F5F5F5F5F5F5F5F5F5F5F5F5F5F5F5F5F5F5F5F5F5E2F5F5F5F5F5F5F5F5F5F5F5F5F5F5F5F5F5F5F5F5F5F5F5E2F5F5F5F5F5E2E2E2E2F5F5F5F5F5E2F5F5F5F5F5F5F5F5F5F5F5F5F5F5F5F5F5F5F5F5F5F5F5E2F5F5F5F5F5F5F5F5F5F5F5F5F5F5F5F5F5F5
310
F5F5F5F5F5F5F5F5F5F5F5F5F5F5F5F5F5F5F5F5F5F5F5F5F5F5F5F5F5F5F5F5F5F5F5F5F5F5F5F5F5F5F5F5F5F5F5F5F5F5F5F5F5F5F5F5F5F5F5F5F5F5F5F5F5F5F5F5F5F5F5F5F5F5F5F5F5F5F5F5F5F5F5F5F5F5F5F5F5F5F5F5F5F5F5F5F5F5F5F5F5F5F5F5F5F5F5F5F5F5F5F5F5F5F5F5F5F5F5F5F5F5F5F5F5F5F5
310
F5F5F5F5F5F5F5F5F5F5F5F5F5F5F5F5F5F5F5F5F5F5F5F5F5F5F5F5F5F5F5F5F5F5F5F5F5F5F5F5F5F5F5F5F5F5F5E2F5F5F5F5F5F5F5F5F5F5F5F5F5F5F5F5F5F5F5F5F5F5F5E2F5F5F5F5F5E2E2E2E2F5F5F5F5F5E2F5F5F5F5F5F5F5F5F5F5F5F5F5F5F5F5F5F5F5F5F5F5F5E2F5F5F5F5F5F5F5F5F5F5F5F5F5F5F5F5
310
F5F5F5F5F5F5F5F5F5F5F5F5F5F5F5F5F5F5F5F5F5F5F5F5F5F5F5F5F5F5F5F5F5F5F5F5F5F5F5F5F5F5F5F5F5F5F5F5F5F5F5F5F5F5F5F5F5F5F5F5F5F5F5F5F5F5F5F5F5F5F5F5F5F5F5F5F5F5F5F5F5F5F5F5F5F5F5F5F5F5F5F5F5F5F5F5F5F5F5F5F5F5F5F5F5F5F5F5F5F5F5F5F5F5F5F5F5F5F5F5F5F5F5F5F5F5F5
310
F5F5F5F5F5F5F5F5F5F5F5F5F5F5F5F5F5F5F5F5F5F5F5F5F5F5F5F5F5F5F5F5F5F5F5F5F5F5F5F5F5F5F5F5F5F5F5F5F5E2F5F5F5F5F5F5F5F5F5F5F5F5F5F5F5F5F5F5F5F5F5F5F5E2F5F5F5F5F5E2E2E2E2F5F5F5F5F5E2F5F5F5F5F5F5F5F5F5F5F5F5F5F5F5F5F5F5F5F5F5F5F5E2F5F5F5F5F5F5F5F5F5F5F5F5F5F5
310
F5F5F5F5F5F5F5F5F5F5F5F5F5F5F5F5F5F5F5F5F5F5F5F5F5F5F5F5F5F5F5F5F5F5F5F5F5F5F5F5F5F5F5F5F5F5F5F5F5F5F5F5F5F5F5F5F5F5F5F5F5F5F5F5F5F5F5F5F5F5F5F5F5F5F5F5F5F5F5F5F5F5F5F5F5F5F5F5F5F5F5F5F5F5F5F5F5F5F5F5F5F5F5F5F5F5F5F5F5F5F5F5F5F5F5F5F5F5F5F5F5F5F5F5F5F5F5
310
F5F5F5F5F5F5F5F5F5F5F5F5F5F5F5F5F5F5F5F5F5F5F5F5F5F5F5F5F5F5F5F5F5F5F5F5F5F5F5F5F5F5F5F5F5F5F5F5F5F5F5E2F5F5F5F5F5F5F5F5F5F5F5F5F5F5F5F5F5F5F5F5F5F5F5E2F5F5F5F5F5E2E2E2E2F5F5F5F5F5E2F5F5F5F5F5F5F5F5F5F5F5F5F5F5F5F5F5F5F5F5F5F5F5E2F5F5F5F5F5F5F5F5F5F5F5F5
310
F5F5F5F5F5F5F5F5F5F5F5F5F5F5F5F5F5F5F5F5F5F5F5F5F5F5F5F5F5F5F5F5F5F5F5F5F5F5F5F5F5F5F5F5F5F5F5F5F5F5F5F5F5F5F5F5F5F5F5F5F5F5F5F5F5F5F5F5F5F5F5F5F5F5F5F5F5F5F5F5F5F5F5F5F5F5F5F5F5F5F5F5F5F5F5F5F5F5F5F5F5F5F5F5F5F5F5F5F5F5F5F5F5F5F5F5F5F5F5F5F5F5F5F5F5F5F5
310
F5F5F5F5F5F5F5F5F5F5F5F5F5F5F5F5F5F5F5F5F5F5F5F5F5F5F5F5F5F5F5F5F5F5F5F5F5F5F5F5F5F5F5F5F5F5F5F5F5F5F5F5F5E2F5F5F5F5F5F5F5F5F5F5F5F5F5F5F5F5F5F5F5F5F5F5F5E2F5F5F5F5F5E2E2E2E2F5F5F5F5F5E2F5F5F5F5F5F5F5F5F5F5F5F5F5F5F5F5F5F5F5F5F5F5F5E2F5F5F5F5F5F5F5F5F5F5
310
F5F5F5F5F5F5F5F5F5F5F5F5F5F5F5F5F5F5F5F5F5F5F5F5F5F5F5F5F5F5F5F5F5F5F5F5F5F5F5F5F5F5F5F5F5F5F5F5F5F5F5F5F5F5F5F5F5F5F5F5F5F5F5F5F5F5F5F5F5F5F5F5F5F5F5F5F5F5F5F5F5F5F5F5F5F5F5F5F5F5F5F5F5F5F5F5F5F5F5F5F5F5F5F5F5F5F5F5F5F5F5F5F5F5F5F5F5F5F5F5F5F5F5F5F5F5F5
310
F5F5F5F5F5F5F5F5F5F5F5F5F5F5F5F5F5F5F5F5F5F5F5F5F5F5F5F5F5F5F5F5F5F5F5F5F5F5F5F5F5F5F5F5F5F5F5F5F5F5F5F5F5F5F5E2F5F5F5F5F5F5F5F5F5F5F5F5F5F5F5F5F5F5F5F5F5F5F5E2F5F5F5F5F5E2E2E2E2F5F5F5F5F5F5F5F5F5F5F5F5F5F5F5F5F5F5F5F5F5F5F5F5F5F5F5F5F5E2F5F5F5F5F5F5F5F5
310
F5F5F5F5F5F5F5F5F5F5F5F5F5F5F5F5F5F5F5F5F5F5F5F5F5F5F5F5F5F5F5F5F5F5F5F5F5F5F5F5F5F5F5F5F5F5F5F5F5F5F5F5F5F5F5F5F5F5F5F5F5F5F5F5F5F5F5F5F5F5F5F5F5F5F5F5F5F5F5F5F5F5F5F5F5F5F5F5F5F5F5F5F5F5F5F5F5F5F5F5F5F5F5F5F5F5F5F5F5F5F5F5F5F5F5F5F5F5F5F5F5F5F5F5F5F5F5
310
F5F5F5F5F5F5F5F5F5F5F5F5F5F5F5F5F5F5F5F5F5F5F5F5F5F5F5F5F5F5F5F5F5F5F5F5F5F5F5F5F5F5F5F5F5F5F5F5F5F5F5F5F5F5F5F5F5E2F5F5F5F5F5F5F5F5F5F5F5F5F5F5F5F5F5F5F5F5F5F5F5F5F5F5F5F5F5E2E2E2E2F5F5F5F5F5F5F5F5F5F5F5F5F5F5F5F5F5F5F5F5F5F5F5F5F5F5F5F5F5E2F5F5F5F5F5F5
310
F5F5F5F5F5F5F5F5F5F5F5F5F5F5F5F5F5F5F5F5F5F5F5F5F5F5F5F5F5F5F5F5F5F5F5F5F5F5F5F5F5F5F5F5F5F5F5F5F5F5F5F5F5F5F5F5F5F5F5F5F5F5F5F5F5F5F5F5F5F5F5F5F5F5F5F5F5F5F5F5F5F5F5F5F5F5F5F5F5F5F5F5F5F5F5F5F5F5F5F5F5F5F5F5F5F5F5F5F5F5F5F5F5F5F5F5F5F5F5F5F5F5F5F5F5F5F5
310
F5F5F5F5F5F5F5F5F5F5F5F5F5F5F5F5F5F5F5F5F5F5F5F5F5F5F5F5F5F5F5F5F5F5F5F5F5F5F5F5F5F5F5F5F5F5F5F5F5F5F5F5F5F5F5F5F5F5F5E2F5F5F5F5F5F5F5F5F5F5F5F5F5F5F5F5F5F5F5F5F5F5F5F5F5F5F5F5F5E2E2E2E2F5F5F5F5F5F5F5F5F5F5F5F5F5F5F5F5F5F5F5F5F5F5F5F5F5F5F5F5F5E2F5F5F5F5
310
F5F5F5F5F5F5F5F5F5F5F5F5F5F5F5F5F5F5F5F5F5F5F5F5F5F5F5F5F5F5F5F5F5F5F5F5F5F5F5F5F5F5F5F5F5F5F5F5F5F5F5F5F5F5F5F5F5F5F5F5F5F5F5F5F5F5F5F5F5F5F5F5F5F5F5F5F5F5F5F5F5F5F5F5F5F5F5F5F5F5F5F5F5F5F5F5F5F5F5F5F5F5F5F5F5F5F5F5F5F5F5F5F5F5F5F5F5F5F5F5F5F5F5F5F5F5F5
310
F5F5F5F5F5F5F5F5F5F5F5F5F5F5F5F5F5F5F5F5F5F5F5F5F5F5F5F5F5F5F5F5F5F5F5F5F5F5F5F5F5F5F5F5F5F5F5F5F5F5F5F5F5F5F5F5F5F5F5F5F5E2F5F5F5F5F5F5F5F5F5F5F5F5F5F5F5F5F5F5F5F5F5F5F5F5F5F5F5F5F5E2E2E2E2F5F5F5F5F5F5F5F5F5F5F5F5F5F5F5F5F5F5F5F5F5F5F5F5F5F5F5F5F5E2F5F5
310
F5F5F5F5F5F5F5F5F5F5F5F5F5F5F5F5F5F5F5F5F5F5F5F5F5F5F5F5F5F5F5F5F5F5F5F5F5F5F5F5F5F5F5F5F5F5F5F5F5F5F5F5F5F5F5F5F5F5F5F5F5F5F5F5F5F5F5F5F5F5F5F5F5F5F5F5F5F5F5F5F5F5F5F5F5F5F5F5F5F5F5F5F5F5F5F5F5F5F5F5F5F5F5F5F5F5F5F5F5F5F5F5F5F5F5F5F5F5F5F5F5F5F5F5F5F5F5
310
F5F5F5F5F5F5F5F5F5F5F5F5F5F5F5F5F5F5F5F5F5F5F5F5F5F5F5F5F5F5F5F5F5F5F5F5F5F5F5F5F5F5F5F5F5F5F5F5F5F5F5F5F5F5F5F5F5F5F5F5F5F5F5E2F5F5F5F5F5F5F5F5F5F5F5F5F5F5F5F5F5F5F5F5F5F5F5F5F5F5F5F5F5E2E2E2E2F5F5F5F5F5F5F5F5F5F5F5F5F5F5F5F5F5F5F5F5F5F5F5F5F5F5F5F5F5E2
310
F5F5F5F5F5F5F5F5F5F5F5F5F5F5F5F5F5F5F5F5F5F5F5F5F5F5F5F5F5F5F5F5F5F5F5F5F5F5F5F5F5F5F5F5F5F5F5F5F5F5F5F5F5F5F5F5F5F5F5F5F5F5F5F5F5F5F5F5F5F5F5F5F5F5F5F5F5F5F5F5F5F5F5F5F5F5F5F5F5F5F5F5F5F5F5F5F5F5F5F5F5F5F5F5F5F5F5F5F5F5F5F5F5F5F5F5F5F5F5F5F5F5F5F5F5F5F5
310
F5F5F5F5F5F5F5F5F5F5F5F5F5F5F5F5F5F5F5F5F5F5F5F5F5F5F5F5F5F5F5F5F5F5F5F5F5F5F5F5F5F5F5F5F5F5F5F5F5F5F5F5F5F5F5F5F5F5F5F5F5F5F5F5F5E2F5F5F5F5F5F5F5F5F5F5F5F5F5F5F5F5F5F5F5F5F5F5F5F5F5F5F5F5F5E2E2E2E2F5F5F5F5F5F5F5F5F5F5F5F5F5F5F5F5F5F5F5F5F5F5F5F5F5F5F5F5
310
F5E2F5F5F5F5F5F5F5F5F5F5F5F5F5F5F5F5F5F5F5F5F5F5F5F5F5F5F5F5F5F5F5F5F5F5F5F5F5F5F5F5F5F5F5F5F5F5F5F5F5F5F5F5F5F5F5F5F5F5F5F5F5F5F5F5F5F5F5F5F5F5F5F5F5F5F5F5F5F5F5F5F5F5F5F5F5F5F5F5F5F5F5F5F5F5F5F5F5F5F5F5F5F5F5F5F5F5F5F5F5F5F5F5F5F5F5F5F5F5F5F5F5F5F5F5F5
310
F5F5F5F5F5F5F5F5F5F5F5F5F5F5F5F5F5F5F5F5F5F5F5F5F5F5F5F5F5F5F5F5F5F5F5F5F5F5F5F5F5F5F5F5F5F5F5F5F5F5F5F5F5F5F5F5F5F5F5F5F5F5F5F5F5F5F5E2F5F5F5F5F5F5F5F5F5F5F5F5F5F5F5F5F5F5F5F5F5F5F5F5F5F5F5F5F5E2E2E2E2F5F5F5F5F5F5F5F5F5F5F5F5F5F5F5F5F5F5F5F5F5F5F5F5F5F5
310
F5F5F5E2F5F5F5F5F5F5F5F5F5F5F5F5F5F5F5F5F5F5F5F5F5F5F5F5F5F5F5F5F5F5F5F5F5F5F5F5F5F5F5F5F5F5F5F5F5F5F5F5F5F5F5F5F5F5F5F5F5F5F5F5F5F5F5F5F5F5F5F5F5F5F5F5F5F5F5F5F5F5F5F5F5F5F5F5F5F5F5F5F5F5F5F5F5F5F5F5F5F5F5F5F5F5F5F5F5F5F5F5F5F5F5F5F5F5F5F5F5F5F5F5F5F5F5
310
F5F5F5F5F5F5F5F5F5F5F5F5F5F5F5F5F5F5F5F5F5F5F5F5F5F5F5F5F5F5F5F5F5F5F5F5F5F5F5F5F5F5F5F5F5F5F5F5F5F5F5F5F5F5F5F5F5F5F5F5F5F5F5F5F5F5F5F5F5E2F5F5F5F5F5F5F5F5F5F5F5F5F5F5F5F5F5F5F5F5F5F5F5F5F5F5F5F5F5E2E2E2E2F5F5F5F5F5F5F5F5F5F5F5F5F5F5F5F5F5F5F5F5F5F5F5F5
310
F5F5F5F5F5E2F5F5F5F5F5F5F5F5F5F5F5F5F5F5F5F5F5F5F5F5F5F5F5F5F5F5F5F5F5F5F5F5F5F5F5F5F5F5F5F5F5F5F5F5F5F5F5F5F5F5F5F5F5F5F5F5F5F5F5F5F5F5F5F5F5F5F5F5F5F5F5F5F5F5F5F5F5F5F5F5F5F5F5F5F5F5F5F5F5F5F5F5F5F5F5F5F5F5F5F5F5F5F5F5F5F5F5F5F5F5F5F5F5F5F5F5F5F5F5F5F5
310
F5F5F5F5F5F5F5F5F5F5F5F5F5F5F5F5F5F5F5F5F5F5F5F5F5F5F5F5F5F5F5F5F5F5F5F5F5F5F5F5F5F5F5F5F5F5F5F5F5F5F5F5F5F5F5F5F5F5F5F5F5F5F5F5F5F5F5F5F5F5F5E2F5F5F5F5F5F5F5F5F5F5F5F5F5F5F5F5F5F5F5F5F5F5F5F5F5F5F5F5F5E2E2E2E2F5F5F5F5F5F5F5F5F5F5F5F5F5F5F5F5F5F5F5F5F5F5
310
F5F5F5F5F5F5F5E2F5F5F5F5F5F5F5F5F5F5F5F5F5F5F5F5F5F5F5F5F5F5F5F5F5F5F5F5F5F5F5F5F5F5F5F5F5F5F5F5F5F5F5F5F5F5F5F5F5F5F5F5F5F5F5F5F5F5F5F5F5F5F5F5F5F5F5F5F5F5F5F5F5F5F5F5F5F5F5F5F5F5F5F5F5F5F5F5F5F5F5F5F5F5F5F5F5F5F5F5F5F5F5F5F5F5F5F5F5F5F5F5F5F5F5F5F5F5F5
310
F5F5F5F5F5F5F5F5F5F5F5F5F5F5F5F5F5F5F5F5F5F5F5F5F5F5F5F5F5F5F5F5F5F5F5F5F5F5F5F5F5F5F5F5F5F5F5F5F5F5F5F5F5F5F5F5F5F5F5F5F5F5F5F5F5F5F5F5F5F5F5F5F5E2F5F5F5F5F5F5F5F5F5F5F5F5F5F5F5F5F5F5F5F5F5F5F5F5F5F5F5F5F5E2E2E2E2F5F5F5F5F5E2F5F5F5F5F5F5F5F5F5F5F5F5F5F5
310
F5F5F5F5F5F5F5F5F5E2F5F5F5F5F5F5F5F5F5F5F5F5F5F5F5F5F5F5F5F5F5F5F5F5F5F5F5F5F5F5F5F5F5F5F5F5F5F5F5F5F5F5F5F5F5F5F5F5F5F5F5F5F5F5F5F5F5F5F5F5F5F5F5F5F5F5F5F5F5F5F5F5F5F5F5F5F5F5F5F5F5F5F5F5F5F5F5F5F5F5F5F5F5F5F5F5F5F5F5F5F5F5F5F5F5F5F5F5F5F5F5F5F5F5F5F5F5
310
F5F5F5F5F5F5F5F5F5F5F5F5F5F5F5F5F5F5F5F5F5F5F5F5F5F5F5F5F5F5F5F5F5F5F5F5F5F5F5F5F5F5F5F5F5F5F5F5F5F5F5F5F5F5F5F5F5F5F5F5F5F5F5F5F5F5F5F5F5F5F5F5F5F5F5E2F5F5F5F5F5F5F5F5F5F5F5F5F5F5F5F5F5F5F5F5F5F5F5E2F5F5F5F5F5E2E2E2E2F5F5F5F5F5E2F5F5F5F5F5F5F5F5F5F5F5F5
310
F5F5F5F5F5F5F5F5F5F5F5E2F5F5F5F5F5F5F5F5F5F5F5F5F5F5F5F5F5F5F5F5F5F5F5F5F5F5F5F5F5F5F5F5F5F5F5F5F5F5F5F5F5F5F5F5F5F5F5F5F5F5F5F5F5F5F5F5F5F5F5F5F5F5F5F5F5F5F5F5F5F5F5F5F5F5F5F5F5F5F5F5F5F5F5F5F5F5F5F5F5F5F5F5F5F5F5F5F5F5F5F5F5F5F5F5F5F5F5F5F5F5F5F5F5F5F5
310
F5F5F5F5F5F5F5F5F5F5F5F5F5F5F5F5F5F5F5F5F5F5F5F5F5F5F5F5F5F5F5F5F5F5F5F5F5F5F5F5F5F5F5F5F5F5F5F5F5F5F5F5F5F5F5F5F5F5F5F5F5F5F5F5F5F5F5F5F5F5F5F5F5F5F5F5F5E2F5F5F5F5F5F5F5F5F5F5F5F5F5F5F5F5F5F5F5F5F5F5F5E2F5F5F5F5F5E2E2E2E2F5F5F5F5F5E2F5F5F5F5F5F5F5F5F5F5
310
F5F5F5F5F5F5F5F5F5F5F5F5F5E2F5F5F5F5F5F5F5F5F5F5F5F5F5F5F5F5F5F5F5F5F5F5F5F5F5F5F5F5F5F5F5F5F5F5F5F5F5F5F5F5F5F5F5F5F5F5F5F5F5F5F5F5F5F5F5F5F5F5F5F5F5F5F5F5F5F5F5F5F5F5F5F5F5F5F5F5F5F5F5F5F5F5F5F5F5F5F5F5F5F5F5F5F5F5F5F5F5F5F5F5F5F5F5F5F5F5F5F5F5F5F5F5F5
310
F5F5F5F5F5F5F5F5F5F5F5F5F5F5F5F5F5F5F5F5F5F5F5F5F5F5F5F5F5F5F5F5F5F5F5F5F5F5F5F5F5F5F5F5F5F5F5F5F5F5F5F5F5F5F5F5F5F5F5F5F5F5F5F5F5F5F5F5F5F5F5F5F5F5F5F5F5F5F5E2F5F5F5F5F5F5F5F5F5F5F5F5F5F5F5F5F5F5F5F5F5F5F5E2F5F5F5F5F5E2E2E2E2F5F5F5F5F5E2F5F5F5F5F5F5F5F5
310
F5F5F5F5F5F5F5F5F5F5F5F5F5F5F5E2F5F5F5F5F5F5F5F5F5F5F5F5F5F5F5F5F5F5F5F5F5F5F5F5F5F5F5F5F5F5F5F5F5F5F5F5F5F5F5F5F5F5F5F5F5F5F5F5F5F5F5F5F5F5F5F5F5F5F5F5F5F5F5F5F5F5F5F5F5F5F5F5F5F5F5F5F5F5F5F5F5F5F5F5F5F5F5F5F5F5F5F5F5F5F5F5F5F5F5F5F5F5F5F5F5F5F5F5F5F5F5
310
F5F5F5F5F5F5F5F5F5F5F5F5F5F5F5F5F5F5F5F5F5F5F5F5F5F5F5F5F5F5F5F5F5F5F5F5F5F5F5F5F5F5F5F5F5F5F5F5F5F5F5F5F5F5F5F5F5F5F5F5F5F5F5F5F5F5F5F5F5F5F5F5F5F5F5F5F5F5F5F5F5E2F5F5F5F5F5F5F5F5F5F5F5F5F5F5F5F5F5F5F5F5F5F5F5E2F5F5F5F5F5E2E2E2E2F5F5F5F5F5E2F5F5F5F5F5F5
310
F5F5F5F5F5F5F5F5F5F5F5F5F5F5F5F5F5E2F5F5F5F5F5F5F5F5F5F5F5F5F5F5F5F5F5F5F5F5F5F5F5F5F5F5F5F5F5F5F5F5F5F5F5F5F5F5F5F5F5F5F5F5F5F5F5F5F5F5F5F5F5F5F5F5F5F5F5F5F5F5F5F5F5F5F5F5F5F5F5F5F5F5F5F5F5F5F5F5F5F5F5F5F5F5F5F5F5F5F5F5F5F5F5F5F5F5F5F5F5F5F5F5F5F5F5F5F5
310
F5F5F5F5F5F5F5F5F5F5F5F5F5F5F5F5F5F5F5F5F5F5F5F5F5F5F5F5F5F5F5F5F5F5F5F5F5F5F5F5F5F5F5F5F5F5F5F5F5F5F5F5F5F5F5F5F5F5F5F5F5F5F5F5F5F5F5F5F5F5F5F5F5F5F5F5F5F5F5F5F5F5F5E2F5F5F5F5F5F5F5F5F5F5F5F5F5F5F5F5F5F5F5F5F5F5F5E2F5F5F5F5F5E2E2E2E2F5F5F5F5F5E2F5F5F5F5
310
F5F5F5F5F5F5F5F5F5F5F5F5F5F5F5F5F5F5F5E2F5F5F5F5F5F5F5F5F5F5F5F5F5F5F5F5F5F5F5F5F5F5F5F5F5F5F5F5F5F5F5F5F5F5F5F5F5F5F5F5F5F5F5F5F5F5F5F5F5F5F5F5F5F5F5F5F5F5F5F5F5F5F5F5F5F5F5F5F5F5F5F5F5F5F5F5F5F5F5F5F5F5F5F5F5F5F5F5F5F5F5F5F5F5F5F5F5F5F5F5F5F5F5F5F5F5F5
310
F5F5F5F5F5F5F5F5F5F5F5F5F5F5F5F5F5F5F5F5F5F5F5F5F5F5F5F5F5F5F5F5F5F5F5F5F5F5F5F5F5F5F5F5F5F5F5F5F5F5F5F5F5F5F5F5F5F5F5F5F5F5F5F5F5F5F5F5F5F5F5F5F5F5F5F5F5F5F5F5F5F5F5F5F5E2F5F5F5F5F5F5F5F5F5F5F5F5F5F5F5F5F5F5F5F5F5F5F5E2F5F5F5F5F5E2E2E2E2F5F5F5F5F5E2F5F5
310
F5F5F5F5F5F5F5F5F5F5F5F5F5F5F5F5F5F5F5F5F5E2F5F5F5F5F5F5F5F5F5F5F5F5F5F5F5F5F5F5F5F5F5F5F5F5F5F5F5F5F5F5F5F5F5F5F5F5F5F5F5F5F5F5F5F5F5F5F5F5F5F5F5F5F5F5F5F5F5F5F5F5F5F5F5F5F5F5F5F5F5F5F5F5F5F5F5F5F5F5F5F5F5F5F5F5F5F5F5F5F5F5F5F5F5F5F5F5F5F5F5F5F5F5F5F5F5
310
F5F5F5F5F5F5F5F5F5F5F5F5F5F5F5F5F5F5F5F5F5F5F5F5F5F5F5F5F5F5F5F5F5F5F5F5F5F5F5F5F5F5F5F5F5F5F5F5F5F5F5F5F5F5F5F5F5F5F5F5F5F5F5F5F5F5F5F5F5F5F5F5F5F5F5F5F5F5F5F5F5F5F5F5F5F5F5E2F5F5F5F5F5F5F5F5F5F5F5F5F5F5F5F5F5F5F5F5F5F5F5E2F5F5F5F5F5E2E2E2E2F5F5F5F5F5E2
310
F5F5F5F5F5F5F5F5F5F5F5F5F5F5F5F5F5F5F5F5F5F5F5E2F5F5F5F5F5F5F5F5F5F5F5F5F5F5F5F5F5F5F5F5F5F5F5F5F5F5F5F5F5F5F5F5F5F5F5F5F5F5F5F5F5F5F5F5F5F5F5F5F5F5F5F5F5F5F5F5F5F5F5F5F5F5F5F5F5F5F5F5F5F5F5F5F5F5F5F5F5F5F5F5F5F5F5F5F5F5F5F5F5F5F5F5F5F5F5F5F5F5F5F5F5F5F5
310
F5F5F5F5F5F5F5F5F5F5F5F5F5F5F5F5F5F5F5F5F5F5F5F5F5F5F5F5F5F5F5F5F5F5F5F5F5F5F5F5F5F5F5F5F5F5F5F5F5F5F5F5F5F5F5F5F5F5F5F5F5F5F5F5F5F5F5F5F5F5F5F5F5F5F5F5F5F5F5F5F5F5F5F5F5F5F5F5F5E2F5F5F5F5F5F5F5F5F5F5F5F5F5F5F5F5F5F5F5F5F5F5F5E2F5F5F5F5F5E2E2E2E2F5F5F5F5
310
F5E2F5F5F5F5F5F5F5F5F5F5F5F5F5F5F5F5F5F5F5F5F5F5F5E2F5F5F5F5F5F5F5F5F5F5F5F5F5F5F5F5F5F5F5F5F5F5F5F5F5F5F5F5F5F5F5F5F5F5F5F5F5F5F5F5F5F5F5F5F5F5F5F5F5F5F5F5F5F5F5F5F5F5F5F5F5F5F5F5F5F5F5F5F5F5F5F5F5F5F5F5F5F5F5F5F5F5F5F5F5F5F5F5F5F5F5F5F5F5F5F5F5F5F5F5F5
310
F5F5F5F5F5F5F5F5F5F5F5F5F5F5F5F5F5F5F5F5F5F5F5F5F5F5F5F5F5F5F5F5F5F5F5F5F5F5F5F5F5F5F5F5F5F5F5F5F5F5F5F5F5F5F5F5F5F5F5F5F5F5F5F5F5F5F5F5F5F5F5F5F5F5F5F5F5F5F5F5F5F5F5F5F5F5F5F5F5F5F5E2F5F5F5F5F5F5F5F5F5F5F5F5F5F5F5F5F5F5F5F5F5F5F5E2F5F5F5F5F5E2E2E2E2F5F5
310
F5F5F5E2F5F5F5F5F5F5F5F5F5F5F5F5F5F5F5F5F5F5F5F5F5F5F5E2F5F5F5F5F5F5F5F5F5F5F5F5F5F5F5F5F5F5F5F5F5F5F5F5F5F5F5F5F5F5F5F5F5F5F5F5F5F5F5F5F5F5F5F5F5F5F5F5F5F5F5F5F5F5F5F5F5F5F5F5F5F5F5F5F5F5F5F5F5F5F5F5F5F5F5F5F5F5F5F5F5F5F5F5F5F5F5F5F5F5F5F5F5F5F5F5F5F5F5
310
F5F5F5F5F5F5F5F5F5F5F5F5F5F5F5F5F5F5F5F5F5F5F5F5F5F5F5F5F5F5F5F5F5F5F5F5F5F5F5F5F5F5F5F5F5F5F5F5F5F5F5F5F5F5F5F5F5F5F5F5F5F5F5F5F5F5F5F5F5F5F5F5F5F5F5F5F5F5F5F5F5F5F5F5F5F5F5F5F5F5F5F5F5E2F5F5F5F5F5F5F5F5F5F5F5F5F5F5F5F5F5F5F5F5F5F5F5E2F5F5F5F5F5E2E2E2E2
310
F5F5F5F5F5E2F5F5F5F5F5F5F5F5F5F5F5F5F5F5F5F5F5F5F5F5F5F5F5E2F5F5F5F5F5F5F5F5F5F5F5F5F5F5F5F5F5F5F5F5F5F5F5F5F5F5F5F5F5F5F5F5F5F5F5F5F5F5F5F5F5F5F5F5F5F5F5F5F5F5F5F5F5F5F5F5F5F5F5F5F5F5F5F5F5F5F5F5F5F5F5F5F5F5F5F5F5F5F5F5F5F5F5F5F5F5F5F5F5F5F5F5F5F5F5F5F5
310
F5F5F5F5F5F5F5F5F5F5F5F5F5F5F5F5F5F5F5F5F5F5F5F5F5F5F5F5F5F5F5F5F5F5F5F5F5F5F5F5F5F5F5F5F5F5F5F5F5F5F5F5F5F5F5F5F5F5F5F5F5F5F5F5F5F5F5F5F5F5F5F5F5F5F5F5F5F5F5F5F5F5F5F5F5F5F5F5F5F5F5F5F5F5F5E2F5F5F5F5F5F5F5F5F5F5F5F5F5F5F5F5F5F5F5F5F5F5F5E2F5F5F5F5F5E2E2
310
E2E2F5F5F5F5F5E2F5F5F5F5F5F5F5F5F5F5F5F5F5F5F5F5F5F5F5F5F5F5F5E2F5F5F5F5F5F5F5F5F5F5F5F5F5F5F5F5F5F5F5F5F5F5F5F5F5F5F5F5F5F5F5F5F5F5F5F5F5F5F5F5F5F5F5F5F5F5F5F5F5F5F5F5F5F5F5F5F5F5F5F5F5F5F5F5F5F5F5F5F5F5F5F5F5F5F5F5F5F5F5F5F5F5F5F5F5F5F5F5F5F5F5F5F5F5F5
310
F5F5F5F5F5F5F5F5F5F5F5F5F5F5F5F5F5F5F5F5F5F5F5F5F5F5F5F5F5F5F5F5F5F5F5F5F5F5F5F5F5F5F5F5F5F5F5F5F5F5F5F5F5F5F5F5F5F5F5F5F5F5F5F5F5F5F5F5F5F5F5F5F5F5F5F5F5F5F5F5F5F5F5F5F5F5F5F5F5F5F5F5F5F5F5F5F5E2F5F5F5F5F5F5F5F5F5F5F5F5F5F5F5F5F5F5F5F5F5F5F5E2F5F5F5F5F5
310
E2E2E2E2F5F5F5F5F5E2F5F5F5F5F5F5F5F5F5F5F5F5F5F5F5F5F5F5F5F5F5F5F5E2F5F5F5F5F5F5F5F5F5F5F5F5F5F5F5F5F5F5F5F5F5F5F5F5F5F5F5F5F5F5F5F5F5F5F5F5F5F5F5F5F5F5F5F5F5F5F5F5F5F5F5F5F5F5F5F5F5F5F5F5F5F5F5F5F5F5F5F5F5F5F5F5F5F5F5F5F5F5F5F5F5F5F5F5F5F5F5F5F5F5F5F5F5
310
F5F5F5F5F5F5F5F5F5F5F5F5F5F5F5F5F5F5F5F5F5F5F5F5F5F5F5F5F5F5F5F5F5F5F5F5F5F5F5F5F5F5F5F5F5F5F5F5F5F5F5F5F5F5F5F5F5F5F5F5F5F5F5F5F5F5F5F5F5F5F5F5F5F5F5F5F5F5F5F5F5F5F5F5F5F5F5F5F5F5F5F5F5F5F5F5F5F5F5E2F5F5F5F5F5F5F5F5F5F5F5F5F5F5F5F5F5F5F5F5F5F5F5E2F5F5F5
310
F5F5E2E2E2E2F5F5F5F5F5E2F5F5F5F5F5F5F5F5F5F5F5F5F5F5F5F5F5F5F5F5F5F5F5E2F5F5F5F5F5F5F5F5F5F5F5F5F5F5F5F5F5F5F5F5F5F5F5F5F5F5F5F5F5F5F5F5F5F5F5F5F5F5F5F5F5F5F5F5F5F5F5F5F5F5F5F5F5F5F5F5F5F5F5F5F5F5F5F5F5F5F5F5F5F5F5F5F5F5F5F5F5F5F5F5F5F5F5F5F5F5F5F5F5F5F5
310
F5F5F5F5F5F5F5F5F5F5F5F5F5F5F5F5F5F5F5F5F5F5F5F5F5F5F5F5F5F5F5F5F5F5F5F5F5F5F5F5F5F5F5F5F5F5F5F5F5F5F5F5F5F5F5F5F5F5F5F5F5F5F5F5F5F5F5F5F5F5F5F5F5F5F5F5F5F5F5F5F5F5F5F5F5F5F5F5F5F5F5F5F5F5F5F5F5F5F5F5F5E2F5F5F5F5F5F5F5F5F5F5F5F5F5F5F5F5F5F5F5F5F5F5F5E2F5
310
F5F5F5F5E2E2E2E2F5F5F5F5F5E2F5F5F5F5F5F5F5F5F5F5F5F5F5F5F5F5F5F5F5F5F5F5F5E2F5F5F5F5F5F5F5F5F5F5F5F5F5F5F5F5F5F5F5F5F5F5F5F5F5F5F5F5F5F5F5F5F5F5F5F5F5F5F5F5F5F5F5F5F5F5F5F5F5F5F5F5F5F5F5F5F5F5F5F5F5F5F5F5F5F5F5F5F5F5F5F5F5F5F5F5F5F5F5F5F5F5F5F5F5F5F5F5F5
310
F5F5F5F5F5F5F5F5F5F5F5F5F5F5F5F5F5F5F5F5F5F5F5F5F5F5F5F5F5F5F5F5F5F5F5F5F5F5F5F5F5F5F5F5F5F5F5F5F5F5F5F5F5F5F5F5F5F5F5F5F5F5F5F5F5F5F5F5F5F5F5F5F5F5F5F5F5F5F5F5F5F5F5F5F5F5F5F5F5F5F5F5F5F5F5F5F5F5F5F5F5F5F5E2F5F5F5F5F5F5F5F5F5F5F5F5F5F5F5F5F5F5F5F5F5F5F5
310
E2F5F5F5F5F5E2E2E2E2F5F5F5F5F5E2F5F5F5F5F5F5F5F5F5F5F5F5F5F5F5F5F5F5F5F5F5F5F5E2F5F5F5F5F5F5F5F5F5F5F5F5F5F5F5F5F5F5F5F5F5F5F5F5F5F5F5F5F5F5F5F5F5F5F5F5F5F5F5F5F5F5F5F5F5F5F5F5F5F5F5F5F5F5F5F5F5F5F5F5F5F5F5F5F5F5F5F5F5F5F5F5F5F5F5F5F5F5F5F5F5F5F5F5F5F5F5
310
F5F5F5F5F5F5F5F5F5F5F5F5F5F5F5F5F5F5F5F5F5F5F5F5F5F5F5F5F5F5F5F5F5F5F5F5F5F5F5F5F5F5F5F5F5F5F5F5F5F5F5F5F5F5F5F5F5F5F5F5F5F5F5F5F5F5F5F5F5F5F5F5F5F5F5F5F5F5F5F5F5F5F5F5F5F5F5F5F5F5F5F5F5F5F5F5F5F5F5F5F5F5F5F5F5E2F5F5F5F5F5F5F5F5F5F5F5F5F5F5F5F5F5F5F5F5F5
310
F5F5E2F5F5F5F5F5E2E2E2E2F5F5F5F5F5E2F5F5F5F5F5F5F5F5F5F5F5F5F5F5F5F5F5F5F5F5F5F5F5E2E2E2E2E2E2E2E2E2E2E2E2E2E2E2E2E2E2E2E2E2E2E2E2E2E2E2E2E2E2E2E2E2E2E2E2E2E2E2E2E2E2E2E2E2E2E2E2E2E2E2E2E2E2E2E2E2E2E2E2E2E2E2E2E2E2E2E2E2E2E2E2E2E2E2E2E2E2E2E2E2E2E2E2E2E2
310
E2E2E2E2E2E2E2E2E2E2E2E2E2E2E2E2E2E2E2E2E2E2E2E2E2E2E2E2E2E2E2E2E2E2E2E2E2E2E2E2E2E2E2E2E2E2E2E2E2E2E2E2E2E2E2E2E2E2E2E2E2E2E2E2E2E2E2E2E2E2E2E2E2E2E2E2E2E2E2E2E2E2E2E2E2E2E2E2E2E2E2E2E2E2E2E2E2E2E2E2E2E2E2E2E2E2E2E2F5F5F5F5F5F5F5F5F5F5F5F5F5F5F5F5F5F5F5
310
F5F5F5F5E2F5F5F5F5F5E2E2E2E2F5F5F5F5F5F5F5F5F5F5F5F5F5F5F5F5F5F5F5F5F5F5F5F5F5F5F5F5F5F5F5F5F5F5F5F5F5F5F5F5F5F5F5F5F5F5F5F5F5F5F5F5F5F5F5F5F5F5F5F5F5F5F5F5F5F5F5F5F5F5F5F5F5F5F5F5F5F5F5F5F5F5F5F5F5F5F5F5F5F5F5F5F5F5F5F5F5F5F5F5F5F5F5F5F5F5F5F5F5F5F5F5F5
310
F5F5F5F5F5F5F5F5F5F5F5F5F5F5F5F5F5F5F5F5F5F5F5F5F5F5F5F5F5F5F5F5F5F5F5F5F5F5F5F5F5F5F5F5F5F5F5F5F5F5F5F5F5F5F5F5F5F5F5F5F5F5F5F5F5F5F5F5F5F5F5F5F5F5F5F5F5F5F5F5F5F5F5F5F5F5F5F5F5F5F5F5F5F5F5F5F5F5F5F5F5F5F5F5F5F5F5F5F5F5F5F5F5F5F5F5F5F5F5F5F5F5F5F5F5F5F5
310
F5F5F5F5F5F5F5F5F5F5F5F5E2E2E2E2F5F5F5F5F5F5F5F5F5F5F5F5F5F5F5F5F5F5F5F5F5F5F5F5F5F5F5F5F5F5F5F5F5F5F5F5F5F5F5F5F5F5F5F5F5F5F5F5F5F5F5F5F5F5F5F5F5F5F5F5F5F5F5F5F5F5F5F5F5F5F5F5F5F5F5F5F5F5F5F5F5F5F5F5F5F5F5F5F5F5F5F5F5F5F5F5F5F5F5F5F5F5F5F5F5F5F5F5F5F5F5
310
F5F5F5F5F5F5F5F5F5F5F5F5F5F5F5F5F5F5F5F5F5F5F5F5F5F5F5F5F5F5F5F5F5F5F5F5F5F5F5F5F5F5F5F5F5F5F5F5F5F5F5F5F5F5F5F5F5F5F5F5F5F5F5F5F5F5F5F5F5F5F5F5F5F5F5F5F5F5F5F5F5F5F5F5F5F5F5F5F5F5F5F5F5F5F5F5F5F5F5F5F5F5F5F5F5F5F5F5F5F5F5F5F5F5F5F5F5F5F5F5F5F5F5F5F5F5F5
310
F5F5F5F5F5F5F5F5F5F5F5F5F5F5E2E2E2E2F5F5F5F5F5F5F5F5F5F5F5F5F5F5F5F5F5F5F5F5F5F5F5F5F5F5F5F5F5F5F5F5F5F5F5F5F5F5F5F5F5F5F5F5F5F5F5F5F5F5F5F5F5F5F5F5F5F5F5F5F5F5F5F5F5F5F5F5F5F5F5F5F5F5F5F5F5F5F5F5F5F5F5F5F5F5F5F5F5F5F5F5F5F5F5F5F5F5F5F5F5F5F5F5F5F5F5F5F5
310
F5F5F5F5F5F5F5F5F5F5F5F5F5F5F5F5F5F5F5F5F5F5F5F5F5F5F5F5F5F5F5F5F5F5F5F5F5F5F5F5F5F5F5F5F5F5F5F5F5F5F5F5F5F5F5F5F5F5F5F5F5F5F5F5F5F5F5F5F5F5F5F5F5F5F5F5F5F5F5F5F5F5F5F5F5F5F5F5F5F5F5F5F5F5F5F5F5F5F5F5F5F5F5F5F5F5F5F5F5F5F5F5F5F5F5F5F5F5F5F5F5F5F5F5F5F5F5
310
F5F5F5F5F5F5F5F5F5F5F5F5F5F5F5F5E2E2E2E2F5F5F5F5F5F5F5F5F5F5F5F5F5F5F5F5F5F5F5F5F5F5F5F5F5F5F5F5F5F5F5F5F5F5F5F5F5F5F5F5F5F5F5F5F5F5F5F5F5F5F5F5F5F5F5F5F5F5F5F5F5F5F5F5F5F5F5F5F5F5F5F5F5F5F5F5F5F5F5F5F5F5F5F5F5F5F5F5F5F5F5F5F5F5F5F5F5F5F5F5F5F5F5F5F5F5F5
310
F5F5F5F5F5F5F5F5F5F5F5F5F5F5F5F5F5F5F5F5F5F5F5F5F5F5F5F5F5F5F5F5F5F5F5F5F5F5F5F5F5F5F5F5F5F5F5F5F5F5F5F5F5F5F5F5F5F5F5F5F5F5F5F5F5F5F5F5F5F5F5F5F5F5F5F5F5F5F5F5F5F5F5F5F5F5F5F5F5F5F5F5F5F5F5F5F5F5F5F5F5F5F5F5F5F5F5F5F5F5F5F5F5F5F5F5F5F5F5F5F5F5F5F5F5F5F5
310
F5F5F5F5F5F5F5F5F5F5F5F5F5F5F5F5F5F5E2E2E2E2F5F5F5F5F5F5F5F5F5F5F5F5F5F5F5F5F5F5F5F5F5F5F5F5F5F5F5F5F5F5F5F5F5F5F5F5F5F5F5F5F5F5F5F5F5F5F5F5F5F5F5F5F5F5F5F5F5F5F5F5F5F5F5F5F5F5F5F5F5F5F5F5F5F5F5F5F5F5F5F5F5F5F5F5F5F5F5F5F5F5F5F5F5F5F5F5F5F5F5F5F5F5F5F5F5
310
F5F5F5F5F5F5F5F5F5F5F5F5F5F5F5F5F5F5F5F5F5F5F5F5F5F5F5F5F5F5F5F5F5F5F5F5F5F5F5F5F5F5F5F5F5F5F5F5F5F5F5F5F5F5F5F5F5F5F5F5F5F5F5F5F5F5F5F5F5F5F5F5F5F5F5F5F5F5F5F5F5F5F5F5F5F5F5F5F5F5F5F5F5F5F5F5F5F5F5F5F5F5F5F5F5F5F5F5F5F5F5F5F5F5F5F5F5F5F5F5F5F5F5F5F5F5F5
310
F5F5F5F5F5F5F5F5F5F5F5F5F5F5F5F5F5F5F5F5E2E2E2E2F5F5F5F5F5F5F5F5F5F5F5F5F5F5F5F5F5F5F5F5F5F5F5F5F5F5F5F5F5F5F5F5F5F5F5F5F5F5F5F5F5F5F5F5F5F5F5F5F5F5F5F5F5F5F5F5F5F5F5F5F5F5F5F5F5F5F5F5F5F5F5F5F5F5F5F5F5F5F5F5F5F5F5F5F5F5F5F5F5F5F5F5F5F5F5F5F5F5F5F5F5F5F5
310
F5F5F5F5F5F5F5F5F5F5F5F5F5F5F5F5F5F5F5F5F5F5F5F5F5F5F5F5F5F5F5F5F5F5F5F5F5F5F5F5F5F5F5F5F5F5F5F5F5F5F5F5F5F5F5F5F5F5F5F5F5F5F5F5F5F5F5F5F5F5F5F5F5F5F5F5F5F5F5F5F5F5F5F5F5F5F5F5F5F5F5F5F5F5F5F5F5F5F5F5F5F5F5F5F5F5F5F5F5F5F5F5F5F5F5F5F5F5F5F5F5F5F5F5F5F5F5
310
F5F5F5F5F5F5F5F5F5F5F5F5F5F5F5F5F5F5F5F5F5F5E2E2E2E2F5F5F5F5F5F5F5F5F5F5F5F5F5F5F5F5F5F5F5F5F5F5F5F5F5F5F5F5F5F5F5F5F5F5F5F5F5F5F5F5F5F5F5F5F5F5F5F5F5F5F5F5F5F5F5F5F5F5F5F5F5F5F5F5F5F5F5F5F5F5F5F5F5F5F5F5F5F5F5F5F5F5F5F5F5F5F5F5F5F5F5F5F5F5F5F5F5F5F5F5F5
310
F5F5F5F5F5F5F5F5F5F5F5F5F5F5F5F5F5F5F5F5F5F5F5F5F5F5F5F5F5F5F5F5F5F5F5F5F5F5F5F5F5F5F5F5F5F5F5F5F5F5F5F5F5F5F5F5F5F5F5F5F5F5F5F5F5F5F5F5F5F5F5F5F5F5F5F5F5F5F5F5F5F5F5F5F5F5F5F5F5F5F5F5F5F5F5F5F5F5F5F5F5F5F5F5F5F5F5F5F5F5F5F5F5F5F5F5F5F5F5F5F5F5F5F5F5F5F5
310
F5F5F5F5F5F5F5F5F5F5F5F5F5F5F5F5F5F5F5F5F5F5F5F5E2E2E2E2F5F5F5F5F5F5F5F5F5F5F5F5F5F5F5F5F5F5F5F5F5F5F5F5F5F5F5F5F5F5F5F5F5F5F5F5F5F5F5F5F5F5F5F5F5F5F5F5F5F5F5F5F5F5F5F5F5F5F5F5F5F5F5F5F5F5F5F5F5F5F5F5F5F5F5F5F5F5F5F5F5F5F5F5F5F5F5F5F5F5F5F5F5F5F5F5F5F5F5
310
F5F5F5F5F5F5F5F5F5F5F5F5F5F5F5F5F5F5F5F5F5F5F5F5F5F5F5F5F5F5F5F5F5F5F5F5F5F5F5F5F5F5F5F5F5F5F5F5F5F5F5F5F5F5F5F5F5F5F5F5F5F5F5F5F5F5F5F5F5F5F5F5F5F5F5F5F5F5F5F5F5F5F5F5F5F5F5F5F5F5F5F5F5F5F5F5F5F5F5F5F5F5F5F5F5F5F5F5F5F5F5F5F5F5F5F5F5F5F5F5F5F5F5F5F5F5F5
310
F5F5F5F5F5F5F5F5F5F5F5F5F5F5F5F5F5F5F5F5F5F5F5F5F5F5E2E2E2E2F5F5F5F5F5F5F5F5F5F5F5F5F5F5F5F5F5F5F5F5F5F5F5F5F5F5F5F5F5F5F5F5F5F5F5F5F5F5F5F5F5F5F5F5F5F5F5F5F5F5F5F5F5F5F5F5F5F5F5F5F5F5F5F5F5F5F5F5F5F5F5F5F5F5F5F5F5F5F5F5F5F5F5F5F5F5F5F5F5F5F5F5F5F5F5F5F5
310
F5F5F5F5F5F5F5F5F5F5F5F5F5F5F5F5F5F5F5F5F5F5F5F5F5F5F5F5F5F5F5F5F5F5F5F5F5F5F5F5F5F5F5F5F5F5F5F5F5F5F5F5F5F5F5F5F5F5F5F5F5F5F5F5F5F5F5F5F5F5F5F5F5F5F5F5F5F5F5F5F5F5F5F5F5F5F5F5F5F5F5F5F5F5F5F5F5F5F5F5F5F5F5F5F5F5F5F5F5F5F5F5F5F5F5F5F5F5F5F5F5F5F5F5F5F5F5
310
F5F5F5F5F5F5F5F5F5F5F5F5F5F5F5F5F5F5F5F5F5F5F5F5F5F5F5F5E2E2E2E2F5F5F5F5F5E2F5F5F5F5F5F5F5F5F5F5F5F5F5F5F5F5F5F5F5F5F5F5F5F5F5F5F5F5F5F5F5F5F5F5F5F5F5F5F5F5F5F5F5F5F5F5F5F5F5F5F5F5F5F5F5F5F5F5F5F5F5F5F5F5F5F5F5F5F5F5F5F5F5F5F5F5F5F5F5F5F5F5F5F5F5F5F5F5F5
310
F5F5F5F5F5F5F5F5F5F5F5F5F5F5F5F5F5F5F5F5F5F5F5F5F5F5F5F5F5F5F5F5F5F5F5F5F5F5F5F5F5F5F5F5F5F5F5F5F5F5F5F5F5F5F5F5F5F5F5F5F5F5F5F5F5F5F5F5F5F5F5F5F5F5F5F5F5F5F5F5F5F5F5F5F5F5F5F5F5F5F5F5F5F5F5F5F5F5F5F5F5F5F5F5F5F5F5F5F5F5F5F5F5F5F5F5F5F5F5F5F5F5F5F5F5F5F5
310
F5F5F5F5F5F5F5F5F5F5F5F5F5F5F5F5F5F5F5F5F5F5F5F5E2F5F5F5F5F5E2E2E2E2F5F5F5F5F5E2F5F5F5F5F5F5F5F5F5F5F5F5F5F5F5F5F5F5F5F5F5F5F5F5F5F5F5F5F5F5F5F5F5F5F5F5F5F5F5F5F5F5F5F5F5F5F5F5F5F5F5F5F5F5F5F5F5F5F5F5F5F5F5F5F5F5F5F5F5F5F5F5F5F5F5F5F5F5F5F5F5F5F5F5F5F5F5
310
F5F5F5F5F5F5F5F5F5F5F5F5F5F5F5F5F5F5F5F5F5F5F5F5F5F5F5F5F5F5F5F5F5F5F5F5F5F5F5F5F5F5F5F5F5F5F5F5F5F5F5F5F5F5F5F5F5F5F5F5F5F5F5F5F5F5F5F5F5F5F5F5F5F5F5F5F5F5F5F5F5F5F5F5F5F5F5F5F5F5F5F5F5F5F5F5F5F5F5F5F5F5F5F5F5F5F5F5F5F5F5F5F5F5F5F5F5F5F5F5F5F5F5F5F5F5F5
310
F5F5F5F5F5F5F5F5F5F5F5F5F5F5F5F5F5F5F5F5F5F5F5F5F5F5E2F5F5F5F5F5E2E2E2E2F5F5F5F5F5E2F5F5F5F5F5F5F5F5F5F5F5F5F5F5F5F5F5F5F5F5F5F5F5F5F5F5F5F5F5F5F5F5F5F5F5F5F5F5F5F5F5F5F5F5F5F5F5F5F5F5F5F5F5F5F5F5F5F5F5F5F5F5F5F5F5F5F5F5F5F5F5F5F5F5F5F5F5F5F5F5F5F5F5F5F5
310
F5F5F5F5F5F5F5F5F5F5F5F5F5F5F5F5F5F5F5F5F5F5F5F5F5F5F5F5F5F5F5F5F5F5F5F5F5F5F5F5F5F5F5F5F5F5F5F5F5F5F5F5F5F5F5F5F5F5F5F5F5F5F5F5F5F5F5F5F5F5F5F5F5F5F5F5F5F5F5F5F5F5F5F5F5F5F5F5F5F5F5F5F5F5F5F5F5F5F5F5F5F5F5F5F5F5F5F5F5F5F5F5F5F5F5F5F5F5F5F5F5F5F5F5F5F5F5
310
F5F5F5F5F5F5F5F5F5F5F5F5F5F5F5F5F5F5F5F5F5F5F5F5F5F5F5F5E2F5F5F5F5F5E2E2E2E2F5F5F5F5F5E2F5F5F5F5F5F5F5F5F5F5F5F5F5F5F5F5F5F5F5F5F5F5F5F5F5F5F5F5F5F5F5F5F5F5F5F5F5F5F5F5F5F5F5F5F5F5F5F5F5F5F5F5F5F5F5F5F5F5F5F5F5F5F5F5F5F5F5F5F5F5F5F5F5F5F5F5F5F5F5F5F5F5F5
310
F5F5F5F5F5F5F5F5F5F5F5F5F5F5F5F5F5F5F5F5F5F5F5F5F5F5F5F5F5F5F5F5F5F5F5F5F5F5F5F5F5F5F5F5F5F5F5F5F5F5F5F5F5F5F5F5F5F5F5F5F5F5F5F5F5F5F5F5F5F5F5F5F5F5F5F5F5F5F5F5F5F5F5F5F5F5F5F5F5F5F5F5F5F5F5F5F5F5F5F5F5F5F5F5F5F5F5F5F5F5F5F5F5F5F5F5F5F5F5F5F5F5F5F5F5F5F5
310
F5F5F5F5F5F5F5F5F5F5F5F5F5F5F5F5F5F5F5F5F5F5F5F5F5F5F5F5F5F5E2F5F5F5F5F5E2E2E2E2F5F5F5F5F5E2F5F5F5F5F5F5F5F5F5F5F5F5F5F5F5F5F5F5F5F5F5F5F5F5F5F5F5F5F5F5F5F5F5F5F5F5F5F5F5F5F5F5F5F5F5F5F5F5F5F5F5F5F5F5F5F5F5F5F5F5F5F5F5F5F5F5F5F5F5F5F5F5F5F5F5F5F5F5F5F5F5
310
F5F5F5F5F5F5F5F5F5F5F5F5F5F5F5F5F5F5F5F5F5F5F5F5F5F5F5F5F5F5F5F5F5F5F5F5F5F5F5F5F5F5F5F5F5F5F5F5F5F5F5F5F5F5F5F5F5F5F5F5F5F5F5F5F5F5F5F5F5F5F5F5F5F5F5F5F5F5F5F5F5F5F5F5F5F5F5F5F5F5F5F5F5F5F5F5F5F5F5F5F5F5F5F5F5F5F5F5F5F5F5F5F5F5F5F5F5F5F5F5F5F5F5F5F5F5F5
310
F5F5F5F5F5F5F5F5F5F5F5F5F5F5F5F5F5F5F5F5F5F5F5F5F5F5F5F5F5F5F5F5E2F5F5F5F5F5E2E2E2E2F5F5F5F5F5E2F5F5F5F5F5F5F5F5F5F5F5F5F5F5F5F5F5F5F5F5F5F5F5F5F5F5F5F5F5F5F5F5F5F5F5F5F5F5F5F5F5F5F5F5F5F5F5F5F5F5F5F5F5F5F5F5F5F5F5F5F5F5F5F5F5F5F5F5F5F5F5F5F5F5F5F5F5F5F5
310
F5F5F5F5F5F5F5F5F5F5F5F5F5F5F5F5F5F5F5F5F5F5F5F5F5F5F5F5F5F5F5F5F5F5F5F5F5F5F5F5F5F5F5F5F5F5F5F5F5F5F5F5F5F5F5F5F5F5F5F5F5F5F5F5F5F5F5F5F5F5F5F5F5F5F5F5F5F5F5F5F5F5F5F5F5F5F5F5F5F5F5F5F5F5F5F5F5F5F5F5F5F5F5F5F5F5F5F5F5F5F5F5F5F5F5F5F5F5F5F5F5F5F5F5F5F5F5
310
F5F5F5F5F5F5F5F5F5F5F5F5F5F5F5F5F5F5F5F5F5F5F5F5F5F5F5F5F5F5F5F5F5F5E2F5F5F5F5F5E2E2E2E2F5F5F5F5F5E2F5F5F5F5F5F5F5F5F5F5F5F5F5F5F5F5F5F5F5F5F5F5F5F5F5F5F5F5F5F5F5F5F5F5F5F5F5F5F5F5F5F5F5F5F5F5F5F5F5F5F5F5F5F5F5F5F5F5F5F5F5F5F5F5F5F5F5F5F5F5F5F5F5F5F5F5F5
310
F5F5F5F5F5F5F5F5F5F5F5F5F5F5F5F5F5F5F5F5F5F5F5F5F5F5F5F5F5F5F5F5F5F5F5F5F5F5F5F5F5F5F5F5F5F5F5F5F5F5F5F5F5F5F5F5F5F5F5F5F5F5F5F5F5F5F5F5F5F5F5F5F5F5F5F5F5F5F5F5F5F5F5F5F5F5F5F5F5F5F5F5F5F5F5F5F5F5F5F5F5F5F5F5F5F5F5F5F5F5F5F5F5F5F5F5F5F5F5F5F5F5F5F5F5F5F5
310
F5F5F5F5F5F5F5F5F5F5F5F5F5F5F5F5F5F5F5F5F5F5F5F5F5F5F5F5F5F5F5F5F5F5F5F5E2F5F5F5F5F5E2E2E2E2F5F5F5F5F5E2F5F5F5F5F5F5F5F5F5F5F5F5F5F5F5F5F5F5F5F5F5F5F5F5F5F5F5F5F5F5F5F5F5F5F5F5F5F5F5F5F5F5F5F5F5F5F5F5F5F5F5F5F5F5F5F5F5F5F5F5F5F5F5F5F5F5F5F5F5F5F5F5F5F5F5
310
F5F5F5F5F5F5F5F5F5F5F5F5F5F5F5F5F5F5F5F5F5F5F5F5F5F5F5F5F5F5F5F5F5F5F5F5F5F5F5F5F5F5F5F5F5F5F5F5F5F5F5F5F5F5F5F5F5F5F5F5F5F5F5F5F5F5F5F5F5F5F5F5F5F5F5F5F5F5F5F5F5F5F5F5F5F5F5F5F5F5F5F5F5F5F5F5F5F5F5F5F5F5F5F5F5F5F5F5F5F5F5F5F5F5F5F5F5F5F5F5F5F5F5F5F5F5F5
310
F5F5F5F5F5F5F5F5F5F5F5F5F5F5F5F5F5F5F5F5F5F5F5F5F5F5F5F5F5F5F5F5F5F5F5F5F5F5E2F5F5F5F5F5E2E2E2E2F5F5F5F5F5E2E2E2E2E2E2E2E2F5F5F5F5F5F5F5F5F5E2E2E2E2E2E2E2E2E2E2E2E2E2E2E2F5F5F5F5F5F5F5F5F5E2E2E2E2E2E2E2E2E2E2E2E2E2E2E2F5F5F5F5F5F5F5F5F5E2E2E2E2E2E2E2E2E2
310
E2E2E2E2E2E2E2F5F5F5F5F5F5F5F5E2E2E2E2E2E2E2E2E2E2E2E2E2E2E2E2F5F5F5F5F5F5F5F5E2E2E2E2E2E2E2E2E2E2E2E2E2E2E2E2F5F5F5F5F5F5F5F5E2E2E2E2E2E2E2E2E2E2E2E2E2E2E2E2F5F5F5F5F5F5F5F5E2E2E2E2E2E2E2E2E2E2E2E2E2E2E2E2F5F5F5F5F5F5F5F5F5E2E2E2E2E2E2E2E2E2E2E2E2E2E2E2
310
F5F5F5F5F5F5F5F5F5E2E2E2E2E2E2E2E2E2E2E2E2E2E2E2F5F5F5F5F5F5F5F5F5E2E2E2E2E2E2E2E2F5F5F5F5F5E2E2E2E2F5F5F5F5F5F5F5F5F5F5F5F5F5F5F5F5F5F5F5F5F5F5F5F5F5F5F5F5F5F5F5F5F5F5F5F5F5F5F5F5F5F5F5F5F5F5F5F5F5F5F5F5F5F5F5F5F5F5F5F5F5F5F5F5F5F5F5F5F5F5F5F5F5F5F5F5F5
310
F5F5F5F5F5F5F5F5F5F5F5F5F5F5F5F5F5F5F5F5F5F5F5F5F5F5F5F5F5F5F5F5F5F5F5F5F5F5F5F5F5F5F5F5F5F5F5F5F5F5F5F5F5F5F5F5F5F5F5F5F5F5F5F5F5F5F5F5F5F5F5F5F5F5F5F5F5F5F5F5F5F5F5F5F5F5F5F5F5F5F5F5F5F5F5F5F5F5F5F5F5F5F5F5F5F5F5F5F5F5F5F5F5F5F5F5F5F5F5F5F5F5F5F5F5F5F5
310
F5F5F5F5F5F5F5F5F5F5F5F5F5F5F5F5F5F5F5F5F5F5F5F5F5F5F5F5F5F5F5F5F5F5F5F5F5F5F5F5F5F5F5F5F5F5F5F5E2E2E2E2F5F5F5F5F5F5F5F5F5F5F5F5F5F5F5F5F5F5F5F5F5F5F5F5F5F5F5F5F5F5F5F5F5F5F5F5F5F5F5F5F5F5F5F5F5F5F5F5F5F5F5F5F5F5F5F5F5F5F5F5F5F5F5F5F5F5F5F5F5F5F5F5F5F5F5
310
F5F5F5F5F5F5F5F5F5F5F5F5F5F5F5F5F5F5F5F5F5F5F5F5F5F5F5F5F5F5F5F5F5F5F5F5F5F5F5F5F5F5F5F5F5F5F5F5F5F5F5F5F5F5F5F5F5F5F5F5F5F5F5F5F5F5F5F5F5F5F5F5F5F5F5F5F5F5F5F5F5F5F5F5F5F5F5F5F5F5F5F5F5F5F5F5F5F5F5F5F5F5F5F5F5F5F5F5F5F5F5F5F5F5F5F5F5F5F5F5F5F5F5F5F5F5F5
310
F5F5F5F5F5F5F5F5F5F5F5F5F5F5F5F5F5F5F5F5F5F5F5F5F5F5F5F5F5F5F5F5F5F5F5F5F5F5F5F5F5F5F5F5F5F5F5F5F5F5E2E2E2E2F5F5F5F5F5F5F5F5F5F5F5F5F5F5F5F5F5F5F5F5F5F5F5F5F5F5F5F5F5F5F5F5F5F5F5F5F5F5F5F5F5F5F5F5F5F5F5F5F5F5F5F5F5F5F5F5F5F5F5F5F5F5F5F5F5F5F5F5F5F5F5F5F5
310
F5F5F5F5F5F5F5F5F5F5F5F5F5F5F5F5F5F5F5F5F5F5F5F5F5F5F5F5F5F5F5F5F5F5F5F5F5F5F5F5F5F5F5F5F5F5F5F5F5F5F5F5F5F5F5F5F5F5F5F5F5F5F5F5F5F5F5F5F5F5F5F5F5F5F5F5F5F5F5F5F5F5F5F5F5F5F5F5F5F5F5F5F5F5F5F5F5F5F5F5F5F5F5F5F5F5F5F5F5F5F5F5F5F5F5F5F5F5F5F5F5F5F5F5F5F5F5
310
F5F5F5F5F5F5F5F5F5F5F5F5F5F5F5F5F5F5F5F5F5F5F5F5F5F5F5F5F5F5F5F5F5F5F5F5F5F5F5F5F5F5F5F5F5F5F5F5F5F5F5F5E2E2E2E2F5F5F5F5F5F5F5F5F5F5F5F5F5F5F5F5F5F5F5F5F5F5F5F5F5F5F5F5F5F5F5F5F5F5F5F5F5F5F5F5F5F5F5F5F5F5F5F5F5F5F5F5F5F5F5F5F5F5F5F5F5F5F5F5F5F5F5F5F5F5F5
310
F5F5F5F5F5F5F5F5F5F5F5F5F5F5F5F5F5F5F5F5F5F5F5F5F5F5F5F5F5F5F5F5F5F5F5F5F5F5F5F5F5F5F5F5F5F5F5F5F5F5F5F5F5F5F5F5F5F5F5F5F5F5F5F5F5F5F5F5F5F5F5F5F5F5F5F5F5F5F5F5F5F5F5F5F5F5F5F5F5F5F5F5F5F5F5F5F5F5F5F5F5F5F5F5F5F5F5F5F5F5F5F5F5F5F5F5F5F5F5F5F5F5F5F5F5F5F5
310
F5F5F5F5F5F5F5F5F5F5F5F5F5F5F5F5F5F5F5F5F5F5F5F5F5F5F5F5F5F5F5F5F5F5F5F5F5F5F5F5F5F5F5F5F5F5F5F5F5F5F5F5F5F5E2EFEFE2F5F5F5F5F5F5F5F5F5F5F5F5F5F5F5F5F5F5F5F5F5F5F5F5F5F5F5F5F5F5F5F5F5F5F5F5F5F5F5F5F5F5F5F5F5F5F5F5F5F5F5F5F5F5F5F5F5F5F5F5F5F5F5F5F5F5F5F5F5
310
F5F5F5F5F5F5F5F5F5F5F5F5F5F5F5F5F5F5F5F5F5F5F5F5F5F5F5F5F5F5F5F5F5F5F5F5F5F5F5F5F5F5F5F5F5F5F5F5F5F5F5F5F5F5F5F5F5F5F5F5F5F5F5F5F5F5F5F5F5F5F5F5F5F5F5F5F5F5F5F5F5F5F5F5F5F5F5F5F5F5F5F5F5F5F5F5F5F5F5F5F5F5F5F5F5F5F5F5F5F5F5F5F5F5F5F5F5F5F5F5F5F5F5F5F5F5F5
310
F5F5F5F5F5F5F5F5F5F5F5F5F5F5F5F5F5F5F5F5F5F5F5F5F5F5F5F5F5F5F5F5F5F5F5F5F5F5F5F5F5F5F5F5F5F5F5F5F5F5F5F5F5F5F5F5E2EFEFE2E2E2E2E2E2E2E2E2E2E2E2E2E2E2E2E2E2E2E2E2E2E2E2E2E2E2E2E2E2E2E2E2E2E2E2E2E2E2E2E2E2E2E2E2E2E2E2E2E2E2E2E2E2E2E2E2E2E2E2E2E2E2E2E2E2E2E2
310
E2E2E2E2E2E2E2E2E2E2E2E2E2E2E2E2E2E2E2E2E2E2E2E2E2E2E2E2E2E2E2E2E2E2E2E2E2E2E2E2E2E2E2E2E2E2E2E2E2E2E2E2E2E2E2E2E2E2E2E2E2E2E2E2E2E2E2E2E2E2E2E2E2E2E2E2E2E2E2E2E2E2E2E2E2E2E2E2E2E2E2E2E2E2E2E2E2E2E2E2E2E2E2E2E2E2E2E2E2E2E2E2E2E2E2E2E2E2E2E2E2E2E2E2E2E2E2
310
E2E2E2E2E2E2E2E2E2E2E2E2E2E2E2E2E2E2E2E2E2E2E2E2E2E2E2E2E2E2E2E2E2E2E2E2E2E2E2E2E2E2E2E2E2E2E2E2E2E2E2E2E2E2E2E2E2E2E2EFEF
  0
XRECORD
  5
485
102
{ACAD_REACTORS
330
18
102
}
330
18
100
AcDbXrecord
280
     1
310
2800000000010000910000000100080000000000009100000100000001000000000100000000000030282100FFFFFF52302821060000000000000000000000320000000000000000000000FF0000004F00000011330000006600006699000052CC000056FF00005000330073333300326633003199330050CC33006FFF3300
310
3200660018336600006666000099660000CC660000FF66000000990000339900006699000099990000CC990000FF99000000CC000033CC000066CC000099CC0000CCCC0000FFCC000000FF000033FF000066FF000099FF0000CCFF0000FFFF00010000331433003354660033539900336FCC003374FF003330003333303333
310
33726633337099333370CC333330FF3333010066331233663354666633539966336FCC663374FF66333000993330339933726699337099993331CC993300FF99330000CC330033CC330066CC330099CC3300CCCC3300FFCC330000FF330033FF330066FF330099FF3300CCFF3300FFFF330000006600330066006600660099
310
006600CC006600FF00660000336600333366006633660099336666CC336652FF33665600666650336666736666663299666631CC666650FF66666F0099664F339966336699664699996666CC996652FF99665600CC665033CC667366CC663299CC6631CCCC6650FFCC666F00FF663333FF661866FF660099FF6600CCFF6600
310
FFFF660000009900330099006600990099009900CC009900FF00990000339900333399006633990099339900CC339900FF33990000669900336699006666990099669900CC669900FF66990000999901339999146699995499999953CC99996FFF99997400CC993033CC993066CC997299CC9970CCCC9970FFCC993400FF99
310
0133FF991266FF995499FF9953CCFF996FFFFF99740000CC303300CC306600CC729900CC70CC00CC35FF00CC000033CC003333CC006633CC009933CC00CC33CC00FF33CC000066CC003366CC006666CC009966CC00CC66CC00FF66CC000099CC003399CC006699CC009999CC00CC99CC00FF99CC0000CCCC0033CCCC0066CC
310
CC0099CCCC00CCCCCC66FFCCCC5200FFCC5633FFCC5066FFCC7399FFCC32CCFFCC31FFFFCC500000FF6F3300FF4F6600FF339900FF46CC00FF66FF00FF520033FF563333FF506633FF739933FF32CC33FF31FF33FF500066FF6F3366FF336666FF5A9966FF00CC66FF14FF66FF540099FF533399FF6F6699FF749999FF30CC
310
99FF30FF99FF7200CCFF7033CCFF7066CCFF3799CCFF01CCCCFF12FFCCFF5400FFFF5333FFFF6F66FFFF7499FFFF30CCFFFF30FFFFFF72000000700D0D0D381A1A1A00282828003535356643434352505050565D5D5D506B6B6B73787878328686863193939350A1A1A16FAEAEAE4FBBBBBB33C9C9C946D6D6D666E4E4E452
310
F1F1F156FFFFFF50000000730000003200000031000000500000006F000000330000008C00000000000000F00000000000000000000000000000000000000000000000000000000000000000000000000000000000000000000000000000000000000000000000000000000000000000000000000000000000000000000000
310
00000000000000000000000000000000000000000000000000000000000000000000000000000000000000000000000000000000000000000000000000000000000000000000000000000000000000000000000000000000000000000000000000000000000000000000000000000000000000000000000000000000000000
310
00000000000000000000000000000000000000000000000000000000000000000000000000000000000000000000000000000000000000000000000000000000000000000000000000000000000000000000000000000000000000000000000000000000000000000000000000000000000000000000000000000000000000
310
00000000000000000000000000000000000000000000000000000000000000000000000000000000000000000000000000000000000000000000000000000000000000000000000000000000000000000000000000000000000000000000000000000000000000000000000000000000000000000000000000000000000000
310
000000000000000000000000000000000000000000000000000000000000000000000000000000000000000000000000000000000000000000000000000000000000000000000000000000000000000000000000000000000000000000000000F5000000000000000000F500000000000000000000F5000000000000000000
310
00F5000000000000000000F500000000000000000000F5000000000000000000F500000000000000000000F5000000000000000000F500000000000000000000F5000000000000000000F500000000000000000000000000000000000000000000000000000000000000000000000000000000000000000000000000000000
310
00000000000000000000000000000000000000000000000000000000000000000000000000000000000000000000000000000000000000000000000000000000000000000000000000000000000000000000000000000000000000000000000000F5F5DCDCDCDCDCDCDCDCDCF5F5DCDCDCDCDCDCDCDCF5F5DCDCDCDCDCDCDC
310
DCDCF5F5DCDCDCDCDCDCDCDCDCF5F5DCDCDCDCDCDCDCDCF5DCDCDCDCDCDCDCDCDCDCF5F5DCDCDCDCDCDCDCDCF5F5DCDCDCDCDCDCDCDCDCF5F5DCDCDCDCDCDCDCDCF5F5DCDCDCDCDCDCDCDCDCF5F500000000000000000000000000000000000000000000000000000000000000000000000000000000000000000000000000
310
00000000000000000000000000000000000000000000000000000000000000000000000000000000000000000000000000000000000000000000000000000000000000000000000000000000000000000000000000000000000000000000000000000000DC0000000000000000000000000000000000000000000000000000
310
0000000000000000000000000000000000000000000000000000DC000000000000000000000000000000000000000000000000000000000000000000000000000000000000000000000000000000DC000000000000000000000000000000000000000000000000000000000000000000000000000000000000000000000000
310
000000000000000000000000000000000000000000000000000000000000000000000000000000000000000000000000000000000000000000000000000000000000000000000000000000000000000000000000000000000000000000000000000000000000DC000000000000000000000000000000000000000000000000
310
00000000000000000000000000000000000000000000000000000000DC000000000000000000000000000000000000000000000000000000000000000000000000000000000000000000000000000000DC00000000000000000000000000000000000000000000000000000000000000000000000000000000000000000000
310
0000000000000000000000000000000000000000000000000000000000000000000000000000000000000000000000000000000000000000000000000000000000000000000000000000000000000000000000000000000000000000000000000000000000000000DC00000000000000000000000000000000000000000000
310
000000000000000000000000000000000000000000000000000000000000DC000000000000000000000000000000000000000000000000000000000000000000000000000000000000000000000000000000DC0000000000000000000000000000000000000000000000000000000000000000000000000000000000000000
310
00000000000000000000000000000000000000000000000000000000000000000000000000000000000000000000000000000000000000000000000000000000000000000000000000000000000000000000000000000000000000000000000000000000000000000000DC0000000000000000000000000000000000000000
310
0000000000000000000000000000000000000000000000000000000000000000DC000000000000000000000000000000000000000000000000000000000000000000000000000000000000000000000000000000DC000000000000000000000000000000000000000000000000000000000000000000000000000000000000
310
000000000000000000000000000000000000000000000000000000000000000000000000000000000000000000000000000000000000000000000000000000000000000000000000000000000000000000000000000000000000000000000000000000000000000000000000DC000000000000000000000000000000000000
310
00000000000000000000000000000000000000000000000000000000000000000000DC000000000000000000000000000000000000000000000000000000000000000000000000000000000000000000000000000000DC00000000000000000000000000000000000000000000000000000000000000000000000000000000
310
0000000000000000000000000000000000000000000000000000000000000000000000000000000000000000000000000000000000000000000000000000000000000000000000000000000000000000000000000000000000000000000000000000000000000000000000000000DC00000000000000000000000000000000
310
000000000000000000000000000000000000000000000000000000000000000000000000DC000000000000000000000000000000000000000000000000000000000000000000000000000000000000000000000000000000DC0000000000000000000000000000000000000000000000000000000000000000000000000000
310
00000000000000000000000000000000000000000000000000000000000000000000000000000000000000000000000000000000000000000000000000000000000000000000000000000000000000000000000000000000000000000000000000000000000000000000000000000000DC0000000000000000000000000000
310
0000000000000000000000000000000000000000000000000000000000000000000000000000DC000000000000000000000000000000000000000000000000000000000000000000000000000000000000000000000000000000DC000000000000000000000000000000000000000000000000000000000000000000000000
310
000000000000000000000000000000000000000000000000000000000000000000000000000000000000000000000000000000000000000000000000000000000000000000000000000000000000000000000000000000000000000000000000000000000000000000000000000000000000DC000000000000000000000000
310
00000000000000000000000000000000000000000000000000000000000000000000000000000000DC000000000000000000000000000000000000000000000000000000000000000000000000000000000000000000000000000000DC00000000000000000000000000000000000000000000000000000000000000000000
310
0000000000000000000000000000000000000000000000000000000000000000000000000000000000000000000000000000000000000000000000000000000000000000000000000000000000000000000000000000000000000000000000000000000000000000000000000000000000000000DC00000000000000000000
310
000000000000000000000000000000000000000000000000000000000000000000000000000000000000DC000000000000000000000000000000000000000000000000000000000000000000000000000000000000000000000000000000DC0000000000000000000000000000000000000000000000000000000000000000
310
000000000000000000000000000000000000000000000000000000000000000000000000000000000000000000000000000000000000000000000000000000000000000000000000000000000000000000000000000000000000000000000000000000000000000000000000000000000000000000F5F50000000000000000
310
00F5F50000000000000000F5F5000000000000000000F5F5000000000000000000F5F50000000000000000F5DC000000000000000000F5F50000000000000000F5F5000000000000000000F5F50000000000000000F5F5000000000000000000F5F50000000000000000000000000000000000000000000000000000000000
310
000000000000000000000000000000000000000000000000000000000000000000000000000000000000000000000000000000000000000000000000000000000000000000000000000000000000000000000000000000000000000000000000000000000000000000000000000000000000000000000000F5000000000000
310
000000F500000000000000000000F500000000000000000000F5000000000000000000F500000000000000000000DC000000000000000000F500000000000000000000F5000000000000000000F500000000000000000000F5000000000000000000F500000000000000000000000000000000000000000000000000000000
310
0000000000000000000000000000000000000000000000000000000000000000000000000000000000000000000000000000000000000000000000000000000000000000000000000000000000000000000000000000000000000000000000000000000000000000000000000000000000000000000000000000DC00000000
310
000000000000000000000000000000000000000000000000000000000000000000000000000000000000000000000000DC000000000000000000000000000000000000000000000000000000000000000000000000000000000000000000000000000000DC0000000000000000000000000000000000000000000000000000
310
00000000000000000000000000000000000000000000000000000000000000000000000000000000000000000000000000000000000000000000000000000000000000000000000000000000000000000000000000000000000000000000000000000000000000000000000000000000000000000000000000000000DC0000
310
0000000000000000000000000000000000000000000000000000000000000000000000000000000000000000000000000000DC000000000000000000000000000000000000000000000000000000000000000000000000000000000000000000000000000000DC000000000000000000000000000000000000000000000000
310
000000000000000000000000000000000000000000000000000000000000000000000000000000000000000000000000000000000000000000000000000000000000000000000000000000000000000000000000000000000000000000000000000000000000000000000000000000000000000000000000000000000000DC
310
00000000000000000000000000000000000000000000000000000000000000000000000000000000000000000000000000000000DC000000000000000000000000000000000000000000000000000000000000000000000000000000000000000000000000000000DC00000000000000000000000000000000000000000000
310
00000000000000000000000000000000000000000000000000000000000000000000000000000000000000000000000000000000000000000000000000000000000000000000000000000000000000000000000000000000000000000000000000000000000000000000000000000000000000000000000000000000000000
310
00DC00000000000000000000000000000000000000000000000000000000000000000000000000000000000000000000000000000000DC000000000000000000000000000000000000000000000000000000000000000000000000000000000000000000000000000000DC0000000000000000000000000000000000000000
310
00000000000000000000000000000000000000000000000000000000000000000000000000000000000000000000000000000000000000000000000000000000000000000000000000000000000000000000000000000000000000000000000000000000000000000000000000000000000000000000000000000000000000
310
000000DC00000000000000000000000000000000000000000000000000000000000000000000000000000000BE0000000000000000000000DC000000000000000000000000000000000000000000000000000000000000000000000000000000000000000000000000000000DC000000000000000000000000000000000000
310
00000000000000000000000000000000000000000000000000000000000000000000000000000000000000000000000000000000000000000000000000000000000000000000000000000000000000000000000000000000000000000000000000000000000000000000000000000000000000000000000000000000000000
310
0000000000DC00000000000000000000000000000000000000000000000000000000000000000000000000000000BEBEBE000000000000000000DC000000000000000000000000000000000000000000000000000000000000000000000000000000000000000000000000000000DC00000000000000000000000000000000
310
00000000000000000000000000000000000000000000000000000000000000000000000000000000000000000000000000000000000000000000000000000000000000000000000000000000000000000000000000000000000000000000000000000000000000000000000000000000000000000000000000000000000000
310
00000000000000DC000000000000000000000000000000000000000000000000000000000000000000000000000000BE000000BE0000000000000000DC000000000000000000000000000000000000000000000000000000000000000000000000000000000000000000000000000000DC0000000000000000000000000000
310
00000000000000000000000000000000000000000000000000000000000000000000000000000000000000000000000000000000000000000000000000000000000000000000000000000000000000000000000000000000000000000000000000000000000000000000000000000000000000000000000000000000000000
310
000000000000000000DC000000000000000000000000000000000000000000000000000000000000000000000000000000BE00000000BEBE000000000000DC000000000000000000000000000000000000000000000000000000000000000000000000000000000000000000000000000000DC000000000000000000000000
310
00000000000000000000000000000000000000000000000000000000000000000000000000000000000000000000000000000000000000000000000000000000000000000000000000000000000000000000000000000000000000000000000000000000000000000000000000000000000000000000000000000000000000
310
0000000000000000000000F5000000000000000000F500000000000000000000F500000000000000000000F5000000000000BE0000F500000000BEBE00000000DC000000000000000000F500000000000000000000F5000000000000000000F500000000000000000000F5000000000000000000F500000000000000000000
310
00000000000000000000000000000000000000000000000000000000000000000000000000000000000000000000000000000000000000000000000000000000000000000000000000000000000000000000000000000000000000000000000000000000000000000000000000000000000000000000000000000000000000
310
000000000000000000000000F5F5000000000000000000F5F50000000000000000F5F5000000000000000000F5F5000000000000BE0000F5F50000000000BE0000F5DC000000000000000000F5F50000000000000000F5F5000000000000000000F5F50000000000000000F5F5000000000000000000F5F500000000000000
310
00000000000000000000000000000000000000000000000000000000000000000000000000000000000000000000000000000000000000000000000000000000000000000000000000000000000000000000000000000000000000000000000000000000000000000000000000000000000000000000000000000000000000
310
000000000000000000000000000000DC0000000000000000000000000000000000000000000000000000000000000000000000000000BE00000000000000000000BE0000DC000000000000000000000000000000000000000000000000000000000000000000000000000000000000000000000000000000DC000000000000
310
00000000000000000000000000000000000000000000000000000000000000000000000000000000000000000000000000000000000000000000000000000000000000000000000000000000000000000000000000000000000000000000000000000000000000000000000000000000000000000000000000000000000000
310
0000000000000000000000000000000000DC00000000000000000000000000000000000000000000000000000000000000000000000000BE000000000000000000000000BEBEDC000000000000000000000000000000000000000000000000000000000000000000000000000000000000000000000000000000DC00000000
310
00000000000000000000000000000000000000000000000000000000000000000000000000000000000000000000000000000000000000000000000000000000000000000000000000000000000000000000000000000000000000000000000000000000000000000000000000000000000000000000000000000000000000
310
00000000000000000000000000000000000000DC00000000000000000000000000000000000000000000000000000000000000000000000000BE0000000000000000000000000000BE000000000000000000000000000000000000000000000000000000000000000000000000000000000000000000000000000000DC0000
310
00000000000000000000000000000000000000000000000000000000000000000000000000000000000000000000000000000000000000000000000000000000000000000000000000000000000000000000000000000000000000000000000000000000000000000000000000000000000000000000000000000000000000
310
000000000000000000000000000000000000000000DC00000000000000000000000000000000000000000000000000000000000000000000000000BE0000000000000000000000000000DCBE0000000000000000000000000000000000000000000000000000000000000000000000000000000000000000000000000000DC
310
00000000000000000000000000000000000000000000000000000000000000000000000000000000000000000000000000000000000000000000000000000000000000000000000000000000000000000000000000000000000000000000000000000000000000000000000000000000000000000000000000000000000000
310
0000000000000000000000000000000000000000000000DC000000000000000000000000000000000000000000000000000000000000000000000000BE000000000000000000000000000000DC00BEBE0000000000000000000000000000000000000000000000000000000000000000000000000000000000000000000000
310
00DC0000000000000000000000000000000000000000000000000000000000000000000000000000000000000000000000000000000000000000000000000000000000000000000000000000000000000000000000000000000000000000000000000000000000000000000000000000000000000000000000000000000000
310
00000000000000000000000000000000000000000000000000DC000000000000000000000000000000000000000000000000000000000000000000000000BE000000000000000000000000000000DC000000BE0000000000000000000000000000000000000000000000000000000000000000000000000000000000000000
310
000000DC000000000000000000000000000000000000000000000000000000000000000000000000000000000000000000000000000000000000000000000000000000000000000000000000000000000000000000000000000000000000000000000000000000000000000000000000000000000000000000000000000000
310
000000000000000000000000000000000000000000000000000000DC0000000000000000000000000000000000000000000000000000000000000000000000BE00000000000000000000000000000000DC00000000BE0000000000000000000000000000000000000000000000000000000000000000000000000000000000
310
0000000000DC00000000000000000000000000000000000000000000000000000000000000000000000000000000000000000000000000000000000000000000000000000000000000000000000000000000000000000000000000000000000000000000000000000000000000000000000000000000000000000000000000
310
0000000000000000000000000000000000000000000000000000000000DC0000000000000000000000000000000000000000000000000000000000000000000000BE00000000000000000000000000000000DC0000000000BE0000000000000000000000000000000000000000000000000000000000000000000000000000
310
00000000000000DC0000000000000000000000000000000000000000000000000000000000000000000000000000000000000000000000000000000000000000000000000000000000000000000000000000000000000000000000000000000000000000000000000000000000000000000000000000000000000000000000
310
00000000000000000000000000000000000000000000000000000000000000DC000000000000000000000000000000000000000000000000000000000000000000000000BE000000000000000000000000000000DC000000000000BEBE00000000000000000000000000000000000000000000000000000000000000000000
310
000000000000000000DC000000000000000000000000000000000000000000000000000000000000000000000000000000000000000000000000000000000000000000000000000000000000000000000000000000000000000000000000000000000000000000000000000000000000000000000000000000000000000000
310
0000000000000000000000000000000000000000000000000000000000000000F5F5000000000000000000F5F50000000000000000F5F5000000000000000000F5F50000000000BEBE0000F5F50000000000000000F5DC0000000000000000BEF5F50000000000000000F5F5000000000000000000F5F50000000000000000
310
F5F5000000000000000000F5F5000000000000000000000000000000000000000000000000000000000000000000000000000000000000000000000000000000000000000000000000000000000000000000000000000000000000000000000000000000000000000000000000000000000000000000000000000000000000
310
0000000000000000000000000000000000000000000000000000000000000000000000F5000000000000000000F500000000000000000000F500000000000000000000F500000000000000BE00F500000000000000000000DC000000000000000000BE00000000000000000000F5000000000000000000F500000000000000
310
000000F5000000000000000000F50000000000000000000000000000000000000000000000000000000000000000000000000000000000000000000000000000000000000000000000000000000000000000000000000000000000000000000000000000000000000000000000000000000000000000000000000000000000
310
00000000000000000000000000000000000000000000000000000000000000000000000000DC00000000000000000000000000000000000000000000000000000000000000000000000000000000BE0000000000000000000000DC00000000000000000000BEBE000000000000000000000000000000000000000000000000
310
000000000000000000000000000000DC000000000000000000000000000000000000000000000000000000000000000000000000000000000000000000000000000000000000000000000000000000000000000000000000000000000000000000000000000000000000000000000000000000000000000000000000000000
310
000000000000000000000000000000000000000000000000000000000000000000000000000000DC0000000000000000000000000000000000000000000000000000000000000000000000000000000000BEBE000000000000000000DC000000000000000000000000BE000000000000000000000000000000000000000000
310
0000000000000000000000000000000000DC00000000000000000000000000000000000000000000000000000000000000000000000000000000000000000000000000000000000000000000000000000000000000000000000000000000000000000000000000000000000000000000000000000000000000000000000000
310
0000000000000000000000000000000000000000000000000000000000000000000000000000000000DC00000000000000000000000000000000000000000000000000000000000000000000000000000000000000BE0000000000000000DC00000000000000000000000000BE000000000000000000000000000000000000
310
00000000000000000000000000000000000000DC0000000000000000000000000000000000000000000000000000000000000000000000000000000000000000000000000000000000000000000000000000000000000000000000000000000000000000000000000000000000000000000000000000000000000000000000
310
00000000000000000000000000000000000000000000000000000000000000000000000000000000000000DC0000000000000000000000000000000000000000000000000000000000000000000000000000000000000000BE00000000000000DC0000000000000000000000000000BE000000000000000000000000000000
310
000000000000000000000000000000000000000000DC000000000000000000000000000000000000000000000000000000000000000000000000000000000000000000000000000000000000000000000000000000000000000000000000000000000000000000000000000000000000000000000000000000000000000000
310
000000000000000000000000000000000000000000000000000000000000000000000000000000000000000000DC000000000000000000000000000000000000000000000000000000000000000000000000000000000000000000BE000000000000DC000000000000000000000000000000BEBE0000000000000000000000
310
0000000000000000000000000000000000000000000000DC00000000000000000000000000000000000000000000000000000000000000000000000000000000000000000000000000000000000000000000000000000000000000000000000000000000000000000000000000000000000000000000000000000000000000
310
0000000000000000000000000000000000000000000000000000000000000000000000000000000000000000000000DC00000000000000000000000000000000000000000000000000000000000000000000000000000000000000000000BEBE00000000DC0000000000000000000000000000000000BE0000000000000000
310
00000000000000000000000000000000000000000000000000DC0000000000000000000000000000000000000000000000000000000000000000000000000000000000000000000000000000000000000000000000000000000000000000000000000000000000000000000000000000000000000000000000000000000000
310
00000000000000000000000000000000000000000000000000000000000000000000000000000000000000000000000000DC000000000000000000000000000000000000000000000000000000000000000000000000000000000000000000000000BE000000DC000000000000000000000000000000000000BE0000000000
310
000000000000000000000000000000000000000000000000000000DC000000000000000000000000000000000000000000000000000000000000000000000000000000000000000000000000000000000000000000000000000000000000000000000000000000000000000000000000000000000000000000000000000000
310
000000000000000000000000000000000000000000000000000000000000000000000000000000000000000000000000000000DC00000000000000000000000000000000000000000000000000000000000000000000000000000000000000000000000000BE0000DC00000000000000000000000000000000000000BEBE00
310
0000000000000000000000000000000000000000000000000000000000DC00000000000000000000000000000000000000000000000000000000000000000000000000000000000000000000000000000000000000000000000000000000000000000000000000000000000000000000000000000000000000000000000000
310
0000000000000000000000000000000000000000000000000000000000000000000000000000000000000000000000000000000000F5000000000000000000F500000000000000000000F500000000000000000000F5000000000000000000F50000000000000000BEBEDC000000000000000000F500000000000000000000
310
F5BE0000000000000000F500000000000000000000F5000000000000000000F50000000000000000000000000000000000000000000000000000000000000000000000000000000000000000000000000000000000000000000000000000000000000000000000000000000000000000000000000000000000000000000000
310
000000000000000000000000000000000000000000000000000000000000000000000000000000000000000000000000000000000000F5F5000000000000000000F5F50000000000000000F5F5000000000000000000F5F5000000000000000000F5F50000000000000000F5BE000000000000000000F5F500000000000000
310
00F5F500BEBEBEBEBEBEBEBEF5F50000000000000000F5F5000000000000000000F5F50000000000000000000000000000000000000000000000000000000000000000000000000000000000000000000000000000000000000000000000000000000000000000000000000000000000000000000000000000000000000000
310
000000000000000000000000000000000000000000000000000000000000000000000000000000000000000000000000000000000000000000DC0000000000000000000000000000000000000000000000000000000000BE00000000000000000000000000000000000000000000DCBE000000000000000000000000000000
310
0000000000000000000000000000BEBEBEBE0000000000000000000000000000000000DC00000000000000000000000000000000000000000000000000000000000000000000000000000000000000000000000000000000000000000000000000000000000000000000000000000000000000000000000000000000000000
310
0000000000000000000000000000000000000000000000000000000000000000000000000000000000000000000000000000000000000000000000DC0000000000000000000000000000000000000000000000000000000000BEBEBE0000000000000000000000000000000000000000DC00BE000000000000000000000000
310
0000000000000000000000000000000000000000BEBEBEBE00000000000000000000000000DC0000000000000000000000000000000000000000000000000000000000000000000000000000000000000000000000000000000000000000000000000000000000000000000000000000000000000000000000000000000000
310
00000000000000000000000000000000000000000000000000000000000000000000000000000000000000000000000000000000000000000000000000DC00000000000000000000000000000000000000000000000000000000BE000000BEBE000000000000000000000000000000000000DC0000BEBE0000000000000000
310
0000000000000000000000000000000000000000000000000000BEBEBE00000000000000000000DC000000000000000000000000000000000000000000000000000000000000000000000000000000000000000000000000000000000000000000000000000000000000000000000000000000000000000000000000000000
310
000000000000000000000000000000000000000000000000000000000000000000000000000000000000000000000000000000000000000000000000000000DC00000000000000000000000000000000000000000000000000000000BE0000000000BEBE00000000000000000000000000000000DC00000000BE0000000000
310
000000000000000000000000000000000000000000000000000000000000BE00000000000000000000DC00000000000000000000000000000000000000000000000000000000000000000000000000000000000000000000000000000000000000000000000000000000000000000000000000000000000000000000000000
310
0000000000000000000000000000000000000000000000000000000000000000000000000000000000000000000000000000000000000000000000000000000000DC00000000000000000000000000000000000000000000000000000000BE00000000000000BE000000000000000000000000000000DC0000000000BE0000
310
000000000000000000000000000000000000000000000000000000000000000000BE000000000000000000DC0000000000000000000000000000000000000000000000000000000000000000000000000000000000000000000000000000000000000000000000000000000000000000000000000000000000000000000000
310
00000000000000000000000000000000000000000000000000000000000000000000000000000000000000000000000000000000000000000000000000000000000000DC000000000000000000000000000000000000000000000000000000BE000000000000000000BEBE00000000000000000000000000DC000000000000
310
BEBE000000000000000000000000000000000000000000000000000000000000000000BE000000000000000000DC000000000000000000000000000000000000000000000000000000000000000000000000000000000000000000000000000000000000000000000000000000000000000000000000000000000000000000
310
000000000000000000000000000000000000000000000000000000000000000000000000000000000000000000000000000000000000000000000000000000000000000000DC000F0F000000000000000000000000000000000000000000000000BE0000000000000000000000BEBE0000000000000000000000DC000F0F00
310
00000000BE000000000000000000000000000000000000000000000000000000000000000000BE0000000000000000DC00000000000000000000000000000000000000000000000000000000000000000000000000000000000000000000000000000000000000000000000000000000000000000000000000000000000000
310
0000000000000000000000000000000000000000000000000000000000000000000000000000000000000000000000000000000000000000000000000000000000000000000000DC00000F000000000000000000000000000000000000000000000000BE00000000000000000000000000BEBE000000000000000000DC000F
310
0F000000000000BE0000000000000000000000000000000000000000000000000000000000000000BE0000000000000000DC0000000000000000000000000000000000000000000000000000000000000000000000000000000000000000000000000000000000000000000000000000000000000000000000000000000000
310
00000000000000000000000000000000000000000000000000000000000000000000000000000000000000000000000000000000000000000000000000000000000000000000000000DC0000000000000000000000000000000000000000000000000000BE00000000000000000000000000000000BEBE00000000000000DC
310
00000000000000000000BE0000000000000000000000000000000000000000000000000000000000000000BE00000000000000DC000000000000000000000000000000000000000000000000000000000000000000000000000000000000000000000000000000000000000000000000000000000000000000000000000000
310
0000000000000000000000000000000000000000000000000000000000000000000000000000000000000000000000000000000000000000000000000000000000000000000000000000F5DCDCDCDCDCDCDCDCDCDCDCDCDCDCDCDCDCDCDCDCDCDCDCDCDCDCDCBEDCDCDCDCDCDCDCDCDCDCDCDCDCDCDCDCDCDCBEDCDCDCDCDC
310
DCDCDCDCDCDCDCDCDCDCDCDCDCBEBEDCDCDCDCDCDCDCDCDCDCDCDCDCDCDCDCDCDCDCDCDCDCDCDCDCDCDCDCDCDCBEDCDCDCDCDCDCDCDCDCDCDCDCDCDCDCDCDCF5F5DCDCDCDCDCDCDCDCDCF5F5DCDCDCDCDCDCDCDCDCF5F5DCDCDCDCDCDCDCDCF5F5DCDCDCDCDCDCDCDCDCF5F500000000000000000000000000000000000000
310
0000000000000000000000000000000000000000000000000000000000000000000000000000000000000000000000000000000000000000000000000000000000000000000000000000000000F5000000000000000000F500000000000000000000F5000000000000BEBE0000F5000000000000000000F500000000BEBE00
310
000000DC000000000000000000F5000000BE000000000000F5000000000000000000F500000000000000000000F500BE00000000000000DC00000000000000000000F500000000000000000000F5000000000000000000F500000000000000000000F5000000000000000000F5000000000000000000000000000000000000
310
00000000000000000000000000000000000000000000000000000000000000000000000000000000000000000000000000000000000000000000000000000000000000000000000000000000000000DC0000000000000000000000000000000000000000000000000000000000BEBE00000000000000000000000000000000
310
00BEBE0000DC0000000000000000000000000000BE0000000000000000000000000000000000000000000000000000000000BE000000000000DC00000000000000000000000000000000000000000000000000000000000000000000000000000000000000000000000000000000DC00000000000000000000000000000000
310
000000000000000000000000000000000000000000000000000000000000000000000000000000000000000000000000000000000000000000000000000000000000000000000000000000000000000000DC00000000000000000000000000000000000000000000000000000000000000BEBE000000000000000000000000
310
0000000000BEBEDC000000000000000000000000000000BEBE000000000000000000000000000000000000000000000000000000BE000000000000DC00000000000000000000000000000000000000000000000000000000000000000000000000000000000000000000000000000000DC0000000000000000000000000000
310
0000000000000000000000000000000000000000000000000000000000000000000000000000000000000000000000000000000000000000000000000000000000000000000000000000000000000000000000DC000000000000000000000000000000000000000000000000000000000000000000BEBE0000000000000000
310
000000000000000000BE0000000000000000000000000000000000BE000000000000000000000000000000000000000000000000000000BE0000000000DC00000000000000000000000000000000000000000000000000000000000000000000000000000000000000000000000000000000DC000000000000000000000000
310
00000000000000000000000000000000000000000000000000000000000000000000000000000000000000000000000000000000000000000000000000000000000000000000000000000000000000000000000000DC0000000000000000000000000000000000000000000000000000000000000000000000BE0000000000
310
0000000000000000000000DCBEBE00000000000000000000000000000000BE0000000000000000000000000000000000000000000000000000BE0000000000DC00000000000000000000000000000000000000000000000000000000000000000000000000000000000000000000000000000000DC00000000000000000000
310
000000000000000000000000000000000000000000000000000000000000000000000000000000000000000000000000000000000000000000000000000000000000000000000000000000000000000000000000000000DC000000000000000000000000000000000000000000000000000000000000000000000000BEBE00
310
00000000000000000000000000DC0000BEBE0000000000000000000000000000BE000000000000000000000000000000000000000000000000000000BE00000000DC00000000000000000000000000000000000000000000000000000000000000000000000000000000000000000000000000000000DC0000000000000000
310
0000000000000000000000000000000000000000000000000000000000000000000000000000000000000000000000000000000000000000000000000000000000000000000000000000000000000000000000000000000000DC00000000000000000000000000000000000000000000000000000000000000000000000000
310
00BEBE000000000000000000000000DC00000000BEBE0000000000000000000000BE00000000000000000000000000000000000000000000000000000000BE00000000DC00000000000000000000000000000000000000000000000000000000000000000000000000000000000000000000000000000000DC000000000000
310
00000000000000000000000000000000000000000000000000000000000000000000000000000000000000000000000000000000000000000000000000000000000000000000000000000000000000000000000000000000000000DC0000000000000000000000000000000000000000000000000000000000000000000000
310
0000000000BEBE00000000000000000000DC000000000000BEBE000000000000000000BE00000000000000000000000000000000000000000000000000000000BE00000000DC00000000000000000000000000000000000000000000000000000000000000000000000000000000000000000000000000000000DC00000000
310
000000000000000000000000000000000000000000000000000000000000000000000000000000000000000000000000000000000000000000000000000000000000000000000000000000000000000000000000000000000000000000DC000000000000000000000000000000000000000000000000000000000000000000
310
000000000000000000BE000000000000000000DC0000000000000000BE0000000000000000BE0000000000000000000000000000000000000000000000000000000000BE000000DC00000000000000000000000000000000000000000000000000000000000000000000000000000000000000000000000000000000DC0000
310
0000000000000000000000000000000000000000000000000000000000000000000000000000000000000000000000000000000000000000000000000000000000000000000000000000000000000000000000000000000000000000000000F5000000000000000000F500000000000000000000F500000000000000000000
310
F5000000000000000000F5BE000000000000000000DC000000000000000000BEBE0000000000BE000000F5000000000000BE0000F500000000000000000000F50000000000BE000000DC00000000000000000000F500000000000000000000F5000000000000000000F500000000000000000000F5000000000000000000F5
310
000000000000000000000000000000000000000000000000000000000000000000000000000000000000000000000000000000000000000000000000000000000000000000000000000000000000000000000000000000000000000000000000F5F5000000000000000000F5F50000000000000000F5F50000000000000000
310
00F5F5000000000000000000BEF50000000000000000F5DC000000000000000000F5F5BEBE000000BE0000F5F5000000000000BEBEBEF5F50000000000000000F5F5000000000000BE0000DCF50000000000000000F5F5000000000000000000F5F5000000000000000000F5F50000000000000000F5F50000000000000000
310
00F5F5000000000000000000000000000000000000000000000000000000000000000000000000000000000000000000000000000000000000000000000000000000000000000000000000000000000000000000000000000000000000000000000000DC000000000000000000000000000000000000000000000000000000
310
0000000000000000000000000000BE00000000000000000000DC00000000000000000000000000BEBEBE00000000000000000000BE000000BE0000000000000000000000000000000000BE0000DC00000000000000000000000000000000000000000000000000000000000000000000000000000000000000000000000000
310
000000DC00000000000000000000000000000000000000000000000000000000000000000000000000000000000000000000000000000000000000000000000000000000000000000000000000000000000000000000000000000000000000000000000000DC00000000000000000000000000000000000000000000000000
310
000000000000000000000000000000BE0000000000000000000000DC000000000000000000000000000000BE00000000000000000000BE00000000BE0000000000000000000000000000000000BE00DC0000000000000000000000000000000000000000000000000000000000000000000000000000000000000000000000
310
0000000000DC00000000000000000000000000000000000000000000000000000000000000000000000000000000000000000000000000000000000000000000000000000000000000000000000000000000000000000000000000000000000000000000000000DC0000000000000000000000000000000000000000000000
310
0000000000000000000000000000000000BE0000000000000000000000DC0000000000000000000000000000000000000000000000000000BE0000000000BEBE000000000000000000000000000000BE00DC000000000000000000000000000000000000000000000000000000000000000000000000000000000000000000
310
00000000000000DC00000000000000000000000000000000000000000000000000000000000000000000000000000000000000000000000000000000000000000000000000000000000000000000000000000000000000000000000000000000000000000000000000DC000000000000000000000000000000000000000000
310
000000000000000000000000000000000000BE000000000000000000000000DC00000000000000000000000000000000000000000000000000BE0000000000000000BE000000000000000000000000000000BEDC00000000000000000000000000000000000000000000000000000000000000000000000000000000000000
310
000000000000000000DC00000000000000000000000000000000000000000000000000000000000000000000000000000000000000000000000000000000000000000000000000000000000000000000000000000000000000000000000000000000000000000000000000DC00000000000000000000000000000000000000
310
0000000000000000000000000000000000000000BE000000000000000000000000DC00000000000000000000000000000000000000000000000000BE000000000000000000BE000000000000000000000000000000BEBE00000000000000000000000000000000000000000000000000000000000000000000000000000000
310
0000000000000000000000DC00000000000000000000000000000000000000000000000000000000000000000000000000000000000000000000000000000000000000000000000000000000000000000000000000000000000000000000000000000000000000000000000000DC0000000000000000000000000000000000
310
000000000000000000000000000000000000000000BE00000000000000000000000000DC00000000BE00000000000000000000000000000000000000BE0000000000000000000000BEBE00000000000000000000000000DC00BE00000000000000000000000000000000000000000000000000000000000000000000000000
310
00000000000000000000000000DC00000000000000000000000000000000000000000000000000000000000000000000000000000000000000000000000000000000000000000000000000000000000000000000000000000000000000000000000000000000000000000000000000DC000000000000000000000000000000
310
0000000000000000000000000000000000000000000000BE00000000000000000000000000DC00000000BEBEBE0000000000000000000000000000000000BE00000000000000000000000000BE000000000000000000000000DC0000BE00000000000000000000000000000000000000000000000000000000000000000000
310
000000000000000000000000000000DC00000000000000000000000000000000000000000000000000000000000000000000000000000000000000000000000000000000000000000000000000000000000000000000000000000000000000000000000000000000000000000000000000DC00000000000000000000000000
310
000000000000000000000000000000000000000000000000BE0000000000000000000000000000DC000000BE000000BEBE000000000000000000000000000000BE0000000000000000000000000000BE0000000000000000000000DC000000BE00000000000000000000000000000000000000000000000000000000000000
310
0000000000000000000000000000000000DC00000000000000000000000000000000000000000000000000000000000000000000000000000000000000000000000000000000000000000000000000000000000000000000000000000000000000000000000000000000000000000000000000DC0000000000000000000000
310
000000000000000000000000000000000000000000000000000000BEBE000000000000000000000000DC000000BE0000000000BEBE000000000000000000000000BE00000000000000000000000000000000BEBE000000000000000000DC00000000BEBE000000000000000000000000000000000000000000000000000000
310
00000000000000000000000000000000000000DC000000000000000000000000000000000000000000000000000000000000000000000000000000000000000000000000000000000000000000000000000000000000000000000000000000000000000000000000000000000000000000000000F5F5000000000000000000
310
F5F50000000000000000F5F5000000000000000000F5F50000000000000000BEBEF50000000000000000F5DC0000BE000000000000F5F5BEBE000000000000F5F50000BE000000000000F5F50000000000000000F5F5BE0000000000000000DCF50000000000BE0000F5F5000000000000000000F5F5000000000000000000
310
F5F50000000000000000F5F5000000000000000000F5F5000000000000000000000000000000000000000000000000000000000000000000000000000000000000000000000000000000000000000000000000000000000000000000000000000000000000000000000000000000000000000000000000F500000000000000
310
0000F500000000000000000000F500000000000000000000F5000000000000000000F5BEBE0000000000000000DC0000BE000000000000F5000000BEBE0000000000F50000BE000000000000F500000000000000000000F500BE00000000000000DC00000000000000BE0000F500000000000000000000F500000000000000
310
0000F500000000000000000000F5000000000000000000F500000000000000000000000000000000000000000000000000000000000000000000000000000000000000000000000000000000000000000000000000000000000000000000000000000000000000000000000000000000000000000000000000DC0000000000
310
000000000000000000000000000000000000000000000000000000000000000000000000000000BEBE000000000000DC00BE00000000000000000000000000BEBE0000000000BE000000000000000000000000000000000000000000BEBE0000000000DC0000000000000000BE000000000000000000000000000000000000
310
00000000000000000000000000000000000000000000000000DC00000000000000000000000000000000000000000000000000000000000000000000000000000000000000000000000000000000000000000000000000000000000000000000000000000000000000000000000000000000000000000000000000DC000000
310
00000000000000000000000000000000000000000000000000000000000000000000000000000000000000BEBE00000000DC00BE000000000000000000000000000000BEBE000000BE0000000000000000000000000000000000000000000000BE00000000DC000000000000000000BEBE0000000000000000000000000000
310
000000000000000000000000000000000000000000000000000000DC00000000000000000000000000000000000000000000000000000000000000000000000000000000000000000000000000000000000000000000000000000000000000000000000000000000000000000000000000000000000000000000000000DC00
310
0000000000000000000000000000000000000000000000000000000000000000000000000000000000000000000000BEBE0000DCBE000000000000000000000000000000000000BEBEBE00000000000000000000000000000000000000000000000000BE000000DC0000000000000000000000BE0000000000000000000000
310
0000000000000000000000000000000000000000000000000000000000DC00000000000000000000000000000000000000000000000000000000000000000000000000000000000000000000000000000000000000000000000000000000000000000000000000000000000000000000000000000000000000000000000000
310
DC0000000000000000000000000000000000000000000000000000000000000000000000000000000000000000000000000000BEBEDCBE0000000000000000000000000000000000000000BE0000000000000000000000000000000000000000000000000000BEBE00DC000000000000000000000000BE0000000000000000
310
00000000000000000000000000000000000000000000000000000000000000DC0000000000000000000000000000000000000000000000000000000000000000000000000000000000000000000000000000000000000000000000000000000000000000000000000000000000000000000000000000000000000000000000
310
0000DC00000000000000000000000000000000000000000000000000000000000000000000000000000000000000000000000000000000BE0000000000000000000000000000000000000000000000000000000000000000000000000000000000000000000000000000BEDC00000000000000000000000000BE0000000000
310
000000000000000000000000000000000000000000000000000000000000000000DC000000000000000000000000000000000000000000000000000000000000000000000000000000000000000000000000000000000000000000000000000000000000000000000000000000000000000000000000000000000000000000
310
00000000DC00000000000000000000000000000000000000000000000000000000000000000000000000000000000000000000000000000000DC000000000000000000000000000000000000000000000000000000000000000000000000000000000000000000000000000000BE0000000000000000000000000000BEBE00
310
0000000000000000000000000000000000000000000000000000000000000000000000DC00000000000000000000000000000000000000000000000000000000000000000000000000000000000000000000000000000000000000000000000000000000000000000000000000000000000000000000000000000000000000
310
000000000000DC00000000000000000000000000000000000000000000000000000000000000000000000000000000000000000000000000000000DC000000000000000000000000000000000000000000000000000000000000000000000000000000000000000000000000000000DCBEBE00000000000000000000000000
310
00BE0000000000000000000000000000000000000000000000000000000000000000000000DC0000000000000000000000000000000000000000000000000000000000000000000000000000000000000000000000000000000000000000000000000000000000000000000000000000000000000000000000000000000000
310
0000000000000000DC00000000000000000000000000000000000000000000000000000000000000000000000000000000000000000000000000000000DC000000000000000000000000000000000000000000000000000000000000000000000000000000000000000000000000000000DC0000BE00000000000000000000
310
00000000BE00000000000000000000000000000000000000000000000000000000000000000000DC000000000000000000000000000000000000000000000000000000000000000000000000000000000000000000000000000000000000000000000000000000000000000000000000000000000000000000000000000000
310
00000000000000000000F5000000000000000000F500000000000000000000F500000000000000000000F5000000000000000000F500000000000000000000DC000000000000000000F500000000000000000000F5000000000000000000F500000000000000000000F5000000000000000000DC000000BE000000000000F5
310
00000000000000BEBE00F5000000000000000000F500000000000000000000F5000000000000000000F500000000000000000000000000000000000000000000000000000000000000000000000000000000000000000000000000000000000000000000000000000000000000000000000000000000000000000000000000
310
0000000000000000000000F5F5000000000000000000F5F50000000000000000F5F5000000000000000000F5F5000000000000000000F5F50000000000000000F5DC000000000000000000F5F50000000000000000F5F5000000000000000000F5F50000000000000000F5F5000000000000000000DCF5000000BEBE000000
310
F5F5000000000000000000BEF5000000000000000000F5F50000000000000000F5F5000000000000000000F5F500000000000000000000000000000000000000000000000000000000000000000000000000000000000000000000000000000000000000000000000000000000000000000000000000000000000000000000
310
0000000000000000000000000000F5000000000000000000F500000000000000000000F500000000000000000000F5000000000000000000F500000000000000000000DC000000000000000000F500000000000000000000F5000000000000000000F500000000000000000000F5000000000000000000DC000000000000BE
310
000000F500000000000000000000BE000000000000000000F500000000000000000000F5000000000000000000F5000000000000000000000000000000000000000000000000000000000000000000000000000000000000000000000000000000000000000000000000000000000000000000000000000000000000000000
310
00000000000000000000000000000000DC00000000000000000000000000000000000000000000000000000000000000000000000000000000000000000000000000000000DC000000000000000000000000000000000000000000000000000000000000000000000000000000000000000000000000000000DC0000000000
310
0000BE000000000000000000000000BE00000000000000000000000000000000000000000000000000000000000000DC00000000000000000000000000000000000000000000000000000000000000000000000000000000000000000000000000000000000000000000000000000000000000000000000000000000000000
310
000000000000000000000000000000000000DC00000000000000000000000000000000000000000000000000000000000000000000000000000000000000000000000000000000DC000000000000000000000000000000000000000000000000000000000000000000000000000000000000000000000000000000DC000000
310
0000000000BE0000000000000000000000BE00000000000000000000000000000000000000000000000000000000000000DC0000000000000000000000000000000000000000000000000000000000000000000000000000000000000000000000000000000000000000000000000000000000000000000000000000000000
310
0000000000000000000000000000000000000000DC00000000000000000000000000000000000000000000000000000000000000000000000000000000000000000000000000000000DC000000000000000000000000000000000000000000000000000000000000000000000000000000000000000000000000000000DC00
310
0000000000000000BE000000000000000000BE0000000000000000000000000000000000000000000000000000000000000000DC000000000000000000000000000000000000000000000000000000000000000000000000000000000000000000000000000000000000000000000000000000000000000000000000000000
310
00000000000000000000000000000000000000000000DC00000000000000000000000000000000000000000000000000000000000000000000000000000000000000000000000000000000DC000000000000000000000000000000000000000000000000000000000000000000000000000000000000000000000000000000
310
DC00000000000000000000BEBE000000000000BE000000000000000000000000000000000000000000000000000000000000000000DC00000000000000000000000000000000000000000000000000000000000000000000000000000000000000000000000000000000000000000000000000000000000000000000000000
310
000000000000000000000000000000000000000000000000DC00000000000000000000000000000000000000000000000000000000000000000000000000000000000000000000000000000000DC00000000000000000000000000000000000000000000000000000000000000000000000000000000000000000000000000
310
0000DC000000000000000000000000BE00000000BE00000000000000000000000000000000000000000000000000000000000000000000DC0000000000000000000000000000000000000000000000000000000000000000000000000000000000000000000000000000000000000000000000000000000000000000000000
310
0000000000000000000000000000000000000000000000000000DC00000000000000000000000000000000000000000000000000000000000000000000000000000000000000000000000000000000DC0000000000000000000000000000000000000000000000000000000000000000000000000000000000000000000000
310
00000000DC00000000000000000000000000BE000000BE00000000000000000000000000000000000000000000000000000000000000000000DC000000000000000000000000000000000000000000000000000000000000000000000000000000000000000000000000000000000000000000000000000000000000000000
310
00000000000000000000000000000000000000000000000000000000DC00000000000000000000000000000000000000000000000000000000000000000000000000000000000000000000000000000000DC000000000000000000000000000000000000000000000000000000000000000000000000000000000000000000
310
000000000000DC0000000000000000000000000000BE00BE0000000000000000000000000000000000000000000000000000000000000000000000DC00000000000000000000000000000000000000000000000000000000000000000000000000000000000000000000000000000000000000000000000000000000000000
310
000000000000000000000000000000000000000000000000000000000000DC00000000000000000000000000000000000000000000000000000000000000000000000000000000000000000000000000000000DC00000000000000000000000000000000000000000000000000000000000000000000000000000000000000
310
0000000000000000DC000000000000000000000000000000BE000000000000000000000000000000000000000000000000000000000000000000000000DC0000000000000000000000000000000000000000000000000000000000000000000000000000000000000000000000000000000000000000000000000000000000
310
0000000000000000000000000000000000000000000000000000000000000000F5000000000000000000F500000000000000000000F500000000000000000000F5000000000000000000F500000000000000000000DC000000000000000000F500000000000000000000F5000000000000000000F500000000000000000000
310
F5000000000000000000DC00000000000000000000F500000000000000000000F5000000000000000000F500000000000000000000F5000000000000000000F5000000000000000000000000000000000000000000000000000000000000000000000000000000000000000000000000000000000000000000000000000000
310
000000000000000000000000000000000000000000000000000000000000000000F5F5000000000000000000F5F50000000000000000F5F5000000000000000000F5F5000000000000000000F5F50000000000000000F5DC000000000000000000F5F50000000000000000F5F5000000000000000000F5F500000000000000
310
00F5F5000000000000000000DCF50000000000000000F5F5000000000000000000F5F5000000000000000000F5F50000000000000000F5F5000000000000000000F5F5000000000000000000000000000000000000000000000000000000000000000000000000000000000000000000000000000000000000000000000000
310
000000000000000000000000000000000000000000000000000000000000000000000000DC00000000000000000000000000000000000000000000000000000000000000000000000000000000000000000000000000000000DC00000000000000000000000000000000000000000000000000000000000000000000000000
310
0000000000000000000000000000DC00000000000000000000000000000000000000000000000000000000000000000000000000000000000000000000000000000000DC0000000000000000000000000000000000000000000000000000000000000000000000000000000000000000000000000000000000000000000000
310
0000000000000000000000000000000000000000000000000000000000000000000000000000DC00000000000000000000000000000000000000000000000000000000000000000000000000000000000000000000000000000000DC0000000000000000000000000000000000000000000000000000000000000000000000
310
00000000000000000000000000000000DC00000000000000000000000000000000000000000000000000000000000000000000000000000000000000000000000000000000DC000000000000000000000000000000000000000000000000000000000000000000000000000000000000000000000000000000000000000000
310
00000000000000000000000000000000000000000000000000000000000000000000000000000000DC00000000000000000000000000000000000000000000000000000000000000000000000000000000000000000000000000000000DC000000000000000000000000000000000000000000000000000000000000000000
310
000000000000000000000000000000000000DC00000000000000000000000000000000000000000000000000000000000000000000000000000000000000000000000000000000DC00000000000000000000000000000000000000000000000000000000000000000000000000000000000000000000000000000000000000
310
000000000000000000000000000000000000000000000000000000000000000000000000000000000000DC00000000000000000000000000000000000000000000000000000000000000000000000000000000000000000000000000000000DC00000000000000000000000000000000000000000000000000000000000000
310
0000000000000000000000000000000000000000DC00000000000000000000000000000000000000000000000000000000000000000000000000000000000000000000000000000000DC0000000000000000000000000000000000000000000000000000000000000000000000000000000000000000000000000000000000
310
0000000000000000000000000000000000000000000000000000000000000000000000000000000000000000DC00000000000000000000000000000000000000000000000000000000000000000000000000000000000000000000000000000000DC0000000000000000000000000000000000000000000000000000000000
310
00000000000000000000000000000000000000000000DC00000000000000000000000000000000000000000000000000000000000000000000000000000000000000000000000000000000DC000000000000000000000000000000000000000000000000000000000000000000000000000000000000000000000000000000
310
00000000000000000000000000000000000000000000000000000000000000000000000000000000000000000000DC000F0000000000000000000000000000000000000000000000000000000000000000000000000000000000000000000000000000DC000F0F000000000000000000000000000000000000000000000000
310
000000000000000000000000000000000000000000000000DC00000F0F000000000000000000000000000000000000000000000000000000000000000000000000000000000000000000000000DC00000000000000000000000000000000000000000000000000000000000000000000000000000000000000000000000000
310
000000000000000000000000000000000000000000000000000000000000000000000000000000000000000000000000DC000F0000000000000000000000000000000000000000000000000000000000000000000000000000000000000000000000000000DC00000F00000000000000000000000000000000000000000000
310
0000000000000000000000000000000000000000000000000000DC00000F0F000000000000000000000000000000000000000000000000000000000000000000000000000000000000000000000000DC0000000000000000000000000000000000000000000000000000000000000000000000000000000000000000000000
310
0000000000000000000000000000000000000000000000000000000000000000000000000000000000000000000000000000DC000F0000000000000000000000000000000000000000000000000000000000000000000000000000000000000000000000000000DC000F0F0000000000000000000000000000000000000000
310
00000000000000000000000000000000000000000000000000000000DC00000F0F000000000000000000000000000000000000000000000000000000000000000000000000000000000000000000000000DC000000000000000000000000000000000000000000000000000000000000000000000000000000000000000000
310
00000000000000000000000000000000000000000000000000000000000000000000000000000000000000000000000000000000DC00000000000000000000000000000000000000000000000000000000000000000000000000000000000000000000000000000000DC000000000000000000000000000000000000000000
310
000000000000000000000000000000000000000000000000000000000000DC00000000000000000000000000000000000000000000000000000000000000000000000000000000000000000000000000000000DC00000000000000000000000000000000000000000000000000000000000000000000000000000000000000
310
0000000000000000000000000000000000000000000000000000000000000000000000000000000000000000000000000000000000F5F5DCDCDCDCDCDCDCDCDCF5F5DCDCDCDCDCDCDCDCF5F5DCDCDCDCDCDCDCDCDCF5F5DCDCDCDCDCDCDCDCDCF5F5DCDCDCDCDCDCDCDCF5DCDCDCDCDCDCDCDCDCDCF5F5DCDCDCDCDCDCDCDC
310
F5F5DCDCDCDCDCDCDCDCDCF5F5DCDCDCDCDCDCDCDCF5F5DCDCDCDCDCDCDCDCDCDCDCDCDCDCDCDCDCDCDCF5F5DCDCDCDCDCDCDCDCDCF5F5DCDCDCDCDCDCDCDCDCF5F5DCDCDCDCDCDCDCDCF5F5DCDCDCDCDCDCDCDCDCF5F500000000000000000000000000000000000000000000000000000000000000000000000000000000
310
0000000000000000000000000000000000000000000000000000000000000000000000000000000000000000000000000000000000000000F5000000000000000000F500000000000000000000F500000000000000000000F5000000000000000000F500000000000000000000F5000000000000000000F500000000000000
310
000000F5000000000000000000F500000000000000000000F5000000000000000000F500000000000000000000F500000000000000000000F5000000000000000000F500000000000000000000F5000000000000000000F5000000000000000000000000000000000000000000000000000000000000000000000000000000
310
00000000000000000000000000000000000000000000000000000000000000000000000000000000000000000000000000000000000000000000000000000000000000000000000000000000000000000000000000000000000000000000000000000000000000000000000000000000000000000000000000000000000000
310
00000000000000000000000000000000000000000000000000000000000000000000000000000000000000000000000000000000000000000000000000000000000000000000000000000000000000000000000000000000000000000000000000000000000000000000000000000000000000000000000000000000000000
310
00000000000000000000000000000000000000000000000000000000000000000000000000000000000000000000000000000000000000000000000000000000000000000000000000000000000000000000000000000000000000000000000000000000000000000000000000000000000000000000000000000000000000
310
00000000000000000000000000000000000000000000000000000000000000000000000000000000000000000000000000000000000000000000000000000000000000000000000000000000000000000000000000000000000000000000000000000000000000000000000000000000000000000000000000000000000000
310
00000000000000000000000000000000000000000000000000000000000000000000000000000000000000000000000000000000000000000000000000000000000000000000000000000000000000000000000000000000000000000000000000000000000000000000000000000000000000000000000000000000000000
310
00000000000000000000000000000000000000000000000000000000000000000000000000000000000000000000000000000000000000000000000000000000000000000000000000000000000000000000000000000000000000000000000000000000000000000000000000000000000000000000000000000000000000
310
00000000000000000000000000000000000000000000000000000000000000000000000000000000000000000000000000000000000000000000000000000000000000000000000000000000000000000000000000000000000000000000000000000000000000000000000000000000000000000000000000000000000000
310
00000000000000000000000000000000000000000000000000000000000000000000000000000000000000000000000000000000000000000000000000000000000000000000000000000000000000000000000000000000000000000000000000000000000000000000000000000000000000000000000000000000000000
310
00000000000000000000000000000000000000000000000000000000000000000000000000000000000000000000000000000000000000000000000000000000000000000000000000000000000000000000000000000000000000000000000000000000000000000000000000000000000000000000000000000000000000
310
00000000000000000000000000000000000000000000000000000000000000000000000000000000000000000000000000000000000000000000000000000000000000000000000000000000000000000000000000000000000000000000000000000000000000000000000000000000000000000000000000000000000000
310
00000000000000000000000000000000000000000000000000000000000000000000000000000000000000000000000000000000000000000000000000000000000000000000000000000000000000000000000000000000000000000000000000000000000000000000000000000000000000000000000000000000000000
310
00000000000000000000000000000000000000000000000000000000000000000000000000000000000000000000000000000000000000000000000000000000000000000000000000000000000000000000000000000000000000000000000000000000000000000000000000000000000000000000000000000000000000
310
00000000000000000000000000000000000000000000000000000000000000000000000000000000000000000000000000000000000000000000000000000000000000000000000000000000000000000000000000000000000000000000000000000000000000000000000000000000000000000000000000000000000000
310
00000000000000000000000000000000000000000000000000000000000000000000000000000000000000000000000000000000000000000000000000000000000000000000000000000000000000000000000000000000000000000000000000000000000000000000000000000000000000000000000000000000000000
310
00000000000000000000000000000000000000000000000000000000000000000000000000000000000000000000000000000000000000000000000000000000000000000000000000000000000000000000000000000000000000000000000000000000000000000000000000000000000000000000000000000000000000
310
00000000000000000000000000000000000000000000000000000000000000000000000000000000000000000000000000000000000000000000000000000000000000000000000000000000000000000000000000000000000000000000000000000000000000000000000000000000000000000000000000000000000000
310
00000000000000000000000000000000000000000000000000000000000000000000000000000000000000000000000000000000000000000000000000000000000000000000000000000000000000000000000000000000000000000000000000000000000000000000000000000000000000000000000000000000000000
310
00000000000000000000000000000000000000000000000000000000000000000000000000000000000000000000000000000000000000000000000000000000000000000000000000000000000000000000000000000000000000000000000000000000000000000000000000000000000000000000000000000000000000
310
00000000000000000000000000000000000000000000000000000000000000000000000000000000000000000000000000000000000000000000000000000000000000000000000000000000000000000000000000000000000000000000000000000000000000000000000000000000000000000000000000000000000000
310
00000000000000000000000000000000000000000000000000000000000000000000000000000000000000000000000000000000000000000000000000000000000000000000000000000000000000000000000000000000000000000000000000000000000000000000000000000000000000000000000000000000000000
310
00000000000000000000000000000000000000000000000000000000000000000000000000000000000000000000000000000000000000000000000000000000000000000000000000000000000000000000000000000000000000000000000000000000000000000000000000000000000000000000000000000000000000
310
00000000000000000000000000000000000000000000000000000000000000000000000000000000000000000000000000000000000000000000000000000000000000000000000000000000000000000000000000000000000000000000000000000000000000000000000000000000000000000000000000000000000000
310
00000000000000000000000000000000000000000000000000000000000000000000000000000000000000000000000000000000000000000000000000000000000000000000000000000000000000000000000000000000000000000000000000000000000000000000000000000000000000000000000000000000000000
310
00000000000000000000000000000000000000000000000000000000000000000000000000000000000000000000000000000000000000000000000000000000000000000000000000000000000000000000000000000000000000000000000000000000000000000000000000000000000000000000000000000000000000
310
00000000000000000000000000000000000000000000000000000000000000000000000000000000000000000000000000000000000000000000000000000000000000000000000000000000000000000000000000000000000000000000000000000000000000000000000000000000000000000000000000000000000000
310
00000000000000000000000000000000000000000000000000000000000000000000000000000000000000000000000000000000000000000000000000000000000000000000000000000000000000000000000000000000000000000000000000000000000000000000000000000000000000000000000000000000000000
310
00000000000000000000000000000000000000000000000000000000000000000000000000000000000000000000000000000000000000000000000000000000000000000000000000000000000000000000000000000000000000000000000000000000000000000000000000000000000000000000000000000000000000
310
00000000000000000000000000000000000000000000000000000000000000000000000000000000000000000000000000000000000000000000000000000000000000000000000000000000000000000000000000000000000000000000000000000000000000000000000000000000000000000000000000000000000000
310
00000000000000000000000000000000000000000000000000000000000000000000000000000000000000000000000000000000000000000000000000000000000000000000000000000000000000000000000000000000000000000000000000000000000000000000000000000000000000000000000000000000000000
310
00000000000000000000000000000000000000000000000000000000000000000000000000000000000000000000000000000000000000000000000000000000000000000000000000000000000000000000000000000000000000000000000000000000000000000000000000000000000000000000000000000000000000
310
00000000000000000000000000000000000000000000000000000000000000000000000000000000000000000000000000000000000000000000000000000000000000000000000000000000000000000000000000000000000000000000000000000000000000000000000000000000000000000000000000000000000000
310
00000000000000000000000000000000000000000000000000000000000000000000000000000000000000000000000000000000000000000000000000000000000000000000000000000000000000000000000000000000000000000000000000000000000000000000000000000000000000000000000000000000000000
310
00000000000000000000000000000000000000000000000000000000000000000000000000000000000000000000000000000000000000000000000000000000000000000000000000000000000000000000000000000000000000000000000000000000000000000000000000000000000000000000000000000000000000
310
00000000000000000000000000000000000000000000000000000000000000000000000000000000000000000000000000000000000000000000000000000000000000000000000000000000000000000000000000000000000000000000000000000000000000000000000000000000000000000000000000000000000000
310
00000000000000000000000000000000000000000000000000000000000000000000000000000000000000000000000000000000000000000000000000000000000000000000000000000000000000000000000000000000000000000000000000000000000000000000000000000000000000000000000000000000000000
310
00000000000000000000000000000000000000000000000000000000000000000000000000000000000000000000000000000000000000000000000000000000000000000000000000000000000000000000000000000000000000000000000000000000000000000000000000000000000000000000000000000000000000
310
00000000000000000000000000000000000000000000000000000000000000000000000000000000000000000000000000000000000000000000000000000000000000000000000000000000000000000000000000000000000000000000000000000000000000000000000000000000000000000000000000000000000000
310
00000000000000000000000000000000000000000000000000000000000000000000000000000000000000000000000000000000000000000000000000000000000000000000000000000000000000000000000000000000000000000000000000000000000000000000000000000000000000000000000000000000000000
310
00000000000000000000000000000000000000000000000000000000000000000000000000000000000000000000000000000000000000000000000000000000000000000000000000000000000000000000000000000000000000000000000000000000000000000000000000000000000000000000000000000000000000
310
00000000000000000000000000000000000000000000000000000000000000000000000000000000000000000000000000000000000000000000000000000000000000000000000000000000000000000000000000000000000000000000000000000000000000000000000000000000000000000000000000000000000000
310
00000000000000000000000000000000000000000000000000000000000000000000000000000000000000000000000000000000000000000000000000000000000000000000000000000000000000000000000000000000000000000000000000000000000000000000000000000000000000000000000000000000000000
310
00000000000000000000000000000000000000000000000000000000000000000000000000000000000000000000000000000000000000000000000000000000000000000000000000000000000000000000000000000000000000000000000000000000000000000000000000000000000000000000000000000000000000
310
00000000000000000000000000000000000000000000000000000000000000000000000000000000000000000000000000000000000000000000000000000000000000000000000000000000000000000000000000000000000000000000000000000000000000000000000000000000000000000000000000000000000000
310
00000000000000000000000000000000000000000000000000000000000000000000000000000000000000000000000000000000000000000000000000000000000000000000000000000000000000000000000000000000000000000000000000000000000000000000000000000000000000000000000000000000000000
310
00000000000000000000000000000000000000000000000000000000000000000000000000000000000000000000000000000000000000000000000000000000000000000000000000000000000000000000000000000000000000000000000000000000000000000000000000000000000000000000000000000000000000
310
00000000000000000000000000000000000000000000000000000000000000000000000000000000000000000000000000000000000000000000000000000000000000000000000000000000000000000000000000000000000000000000000000000000000000000000000000000000000000000000000000000000000000
310
00000000000000000000000000000000000000000000000000000000000000000000000000000000000000000000000000000000000000000000000000000000000000000000000000000000000000000000000000000000000000000000000000000000000000000000000000000000000000000000000000000000000000
310
00000000000000000000000000000000000000000000000000000000000000000000000000000000000000000000000000000000000000000000000000000000000000000000000000000000000000000000000000000000000000000000000000000000000000000000000000000000000000000000000000000000000000
310
00000000000000000000000000000000000000000000000000000000000000000000000000000000000000000000000000000000000000000000000000000000000000000000000000000000000000000000000000000000000000000000000000000000000000000000000000000000000000000000000000000000000000
310
00000000000000000000000000000000000000000000000000000000000000000000000000000000000000000000000000000000000000000000000000000000000000000000000000000000000000000000000000000000000000000000000000000000000000000000000000000000000000000000000000000000000000
310
00000000000000000000000000000000000000000000000000000000000000000000000000000000000000000000000000000000000000000000000000000000000000000000000000000000000000000000000000000000000000000000000000000000000000000000000000000000000000000000000000000000000000
310
00000000000000000000000000000000000000000000000000000000000000000000000000000000000000000000000000000000000000000000000000000000000000000000000000000000000000000000000000000000000000000000000000000000000000000000000000000000000000000000000000000000000000
310
00000000000000000000000000000000000000000000000000000000000000000000000000000000000000000000000000000000000000000000000000000000000000000000000000000000000000000000000000000000000000000000000000000000000000000000000000000000000000000000000000000000000000
310
00000000000000000000000000000000000000000000000000000000000000000000000000000000000000000000000000000000000000000000000000000000000000000000000000000000000000000000000000000000000000000000000000000000000000000000000000000000000000000000000000000000000000
310
00000000000000000000000000000000000000000000000000000000000000000000000000000000000000000000000000000000000000000000000000000000000000000000000000000000000000000000000000000000000000000000000000000000000000000000000000000000000000000000000000000000000000
310
00000000000000000000000000000000000000000000000000000000000000000000000000000000000000000000000000000000000000000000000000000000000000000000000000000000000000000000000000000000000000000000000000000000000000000000000000000000000000000000000000000000000000
310
00000000000000000000000000000000000000000000000000000000000000000000000000000000000000000000000000000000000000000000000000000000000000000000000000000000000000000000000000000000000000000000000000000000000000000000000000000000000000000000000000000000000000
310
00000000000000000000000000000000000000000000000000000000000000000000000000000000000000000000000000000000000000000000000000000000000000000000000000000000000000000000000000000000000000000000000000000000000000000000000000000000000000000000000000000000000000
310
00000000000000000000000000000000000000000000000000000000000000000000000000000000000000000000000000000000000000000000000000000000000000000000000000000000000000000000000000000000000000000000000000000000000000000000000000000000000000000000000000000000000000
310
00000000000000000000000000000000000000000000000000000000000000000000000000000000000000000000000000000000000000000000000000000000000000000000000000000000000000000000000000000000000000000000000000000000000000000000000000000000000000000000000000000000000000
310
00000000000000000000000000000000000000000000000000000000000000000000000000000000000000000000000000000000000000000000000000000000000000000000000000000000000000000000000000000000000000000000000000000000000000000000000000000000000000000000000000000000000000
310
00000000000000000000000000000000000000000000000000000000000000000000000000000000000000000000000000000000000000000000000000000000000000000000000000000000000000000000000000000000000000000000000000000000000000000000000000000000000000000000000000000000000000
310
00000000000000000000000000000000000000000000000000000000000000000000000000000000000000000000000000000000000000000000000000000000000000000000000000000000000000000000000000000000000000000000000000000000000000000000000000000000000000000000000000000000000000
310
00000000000000000000000000000000000000000000000000000000000000000000000000000000000000000000000000000000000000000000000000000000000000000000000000000000000000000000000000000000000000000000000000000000000000000000000000000000000000000000000000000000000000
310
00000000000000000000000000000000000000000000000000000000000000000000000000000000000000000000000000000000000000000000000000000000000000000000000000000000000000000000000000000000000000000000000000000000000000000000000000000000000000000000000000000000000000
310
00000000000000000000000000000000000000000000000000000000000000000000000000000000000000000000000000000000000000000000000000000000000000000000000000000000000000000000000000000000000000000000000000000000000000000000000000000000000000000000000000000000000000
310
00000000000000000000000000000000000000000000000000000000000000000000000000000000000000000000000000000000000000000000000000000000000000000000000000000000000000000000000000000000000000000000000000000000000000000000000000000000000000000000000000000000000000
310
00000000000000000000000000000000000000000000000000000000000000000000000000000000000000000000000000000000000000000000000000000000000000000000000000000000000000000000000000000000000000000000000000000000000000000000000000000000000000000000000000000000000000
310
00000000000000000000000000000000000000000000000000000000000000000000000000000000000000000000000000000000000000000000000000000000000000000000000000000000000000000000000000000000000000000000000000000000000000000000000000000000000000000000000000000000000000
310
00000000000000000000000000000000000000000000000000000000000000000000000000000000000000000000000000000000000000000000000000000000000000000000000000000000000000000000000000000000000000000000000000000000000000000000000000000000000000000000000000000000000000
310
000000000000000000000000000000000000000000000000000000000000000000000000000000000000000000000000000000000000000000000000000000000000000000000000000000000000000000000000
  0
CELLSTYLEMAP
  5
4C0
102
{ACAD_REACTORS
330
4BF
102
}
330
4BF
100
AcDbCellStyleMap
 90
        3
300
CELLSTYLE
  1
TABLEFORMAT_BEGIN
 90
        5
170
     1
 91
        0
 92
    32768
 62
   257
 93
        1
300
CONTENTFORMAT
  1
CONTENTFORMAT_BEGIN
 90
        0
 91
        0
 92
        4
 93
        0
300

 40
0.0
140
1.0
 94
        5
 62
     0
340
27
144
0.25
309
CONTENTFORMAT_END
171
     0
 94
        6
 95
        1
302
GRIDFORMAT
  1
GRIDFORMAT_BEGIN
 90
        0
 91
        1
 62
     0
 92
       -2
340
0
 93
        0
 40
0.045
309
GRIDFORMAT_END
 95
        2
302
GRIDFORMAT
  1
GRIDFORMAT_BEGIN
 90
        0
 91
        1
 62
     0
 92
       -2
340
0
 93
        0
 40
0.045
309
GRIDFORMAT_END
 95
        4
302
GRIDFORMAT
  1
GRIDFORMAT_BEGIN
 90
        0
 91
        1
 62
     0
 92
       -2
340
0
 93
        0
 40
0.045
309
GRIDFORMAT_END
 95
        8
302
GRIDFORMAT
  1
GRIDFORMAT_BEGIN
 90
        0
 91
        1
 62
     0
 92
       -2
340
0
 93
        0
 40
0.045
309
GRIDFORMAT_END
 95
       16
302
GRIDFORMAT
  1
GRIDFORMAT_BEGIN
 90
        0
 91
        1
 62
     0
 92
       -2
340
0
 93
        0
 40
0.045
309
GRIDFORMAT_END
 95
       32
302
GRIDFORMAT
  1
GRIDFORMAT_BEGIN
 90
        0
 91
        1
 62
     0
 92
       -2
340
0
 93
        0
 40
0.045
309
GRIDFORMAT_END
309
TABLEFORMAT_END
  1
CELLSTYLE_BEGIN
 90
        1
 91
        1
300
_TITLE
309
CELLSTYLE_END
300
CELLSTYLE
  1
TABLEFORMAT_BEGIN
 90
        5
170
     1
 91
        0
 92
        0
 62
   257
 93
        1
300
CONTENTFORMAT
  1
CONTENTFORMAT_BEGIN
 90
        0
 91
        0
 92
        4
 93
        0
300

 40
0.0
140
1.0
 94
        5
 62
     0
340
27
144
0.18
309
CONTENTFORMAT_END
171
     0
 94
        6
 95
        1
302
GRIDFORMAT
  1
GRIDFORMAT_BEGIN
 90
        0
 91
        1
 62
     0
 92
       -2
340
0
 93
        0
 40
0.045
309
GRIDFORMAT_END
 95
        2
302
GRIDFORMAT
  1
GRIDFORMAT_BEGIN
 90
        0
 91
        1
 62
     0
 92
       -2
340
0
 93
        0
 40
0.045
309
GRIDFORMAT_END
 95
        4
302
GRIDFORMAT
  1
GRIDFORMAT_BEGIN
 90
        0
 91
        1
 62
     0
 92
       -2
340
0
 93
        0
 40
0.045
309
GRIDFORMAT_END
 95
        8
302
GRIDFORMAT
  1
GRIDFORMAT_BEGIN
 90
        0
 91
        1
 62
     0
 92
       -2
340
0
 93
        0
 40
0.045
309
GRIDFORMAT_END
 95
       16
302
GRIDFORMAT
  1
GRIDFORMAT_BEGIN
 90
        0
 91
        1
 62
     0
 92
       -2
340
0
 93
        0
 40
0.045
309
GRIDFORMAT_END
 95
       32
302
GRIDFORMAT
  1
GRIDFORMAT_BEGIN
 90
        0
 91
        1
 62
     0
 92
       -2
340
0
 93
        0
 40
0.045
309
GRIDFORMAT_END
309
TABLEFORMAT_END
  1
CELLSTYLE_BEGIN
 90
        2
 91
        1
300
_HEADER
309
CELLSTYLE_END
300
CELLSTYLE
  1
TABLEFORMAT_BEGIN
 90
        5
170
     1
 91
        0
 92
        0
 62
   257
 93
        1
300
CONTENTFORMAT
  1
CONTENTFORMAT_BEGIN
 90
        0
 91
        0
 92
        4
 93
        0
300

 40
0.0
140
1.0
 94
        2
 62
     0
340
27
144
0.18
309
CONTENTFORMAT_END
171
     0
 94
        6
 95
        1
302
GRIDFORMAT
  1
GRIDFORMAT_BEGIN
 90
        0
 91
        1
 62
     0
 92
       -2
340
0
 93
        0
 40
0.045
309
GRIDFORMAT_END
 95
        2
302
GRIDFORMAT
  1
GRIDFORMAT_BEGIN
 90
        0
 91
        1
 62
     0
 92
       -2
340
0
 93
        0
 40
0.045
309
GRIDFORMAT_END
 95
        4
302
GRIDFORMAT
  1
GRIDFORMAT_BEGIN
 90
        0
 91
        1
 62
     0
 92
       -2
340
0
 93
        0
 40
0.045
309
GRIDFORMAT_END
 95
        8
302
GRIDFORMAT
  1
GRIDFORMAT_BEGIN
 90
        0
 91
        1
 62
     0
 92
       -2
340
0
 93
        0
 40
0.045
309
GRIDFORMAT_END
 95
       16
302
GRIDFORMAT
  1
GRIDFORMAT_BEGIN
 90
        0
 91
        1
 62
     0
 92
       -2
340
0
 93
        0
 40
0.045
309
GRIDFORMAT_END
 95
       32
302
GRIDFORMAT
  1
GRIDFORMAT_BEGIN
 90
        0
 91
        1
 62
     0
 92
       -2
340
0
 93
        0
 40
0.045
309
GRIDFORMAT_END
309
TABLEFORMAT_END
  1
CELLSTYLE_BEGIN
 90
        3
 91
        2
300
_DATA
309
CELLSTYLE_END
  0
ENDSEC
  0
EOF
